x,y,maxdist,margin
-50.0,-1000.0,1858.7185,461.9814
-50.0,-990.0,1853.2163,455.0397
-50.0,-980.0,1847.7519,448.1338
-50.0,-970.0,1842.3256,441.2642
-50.0,-960.0,1836.9377,434.4314
-50.0,-950.0,1831.5885,427.6359
-50.0,-940.0,1826.2784,420.8784
-50.0,-930.0,1821.0078,414.1592
-50.0,-920.0,1815.7769,407.479
-50.0,-910.0,1810.5862,400.8384
-50.0,-900.0,1805.4359,394.2378
-50.0,-890.0,1800.3264,387.6779
-50.0,-880.0,1795.2581,381.1593
-50.0,-870.0,1790.2313,374.6825
-50.0,-860.0,1785.2463,368.2481
-50.0,-850.0,1780.3036,361.8568
-50.0,-840.0,1775.4034,355.5091
-50.0,-830.0,1770.5461,349.2056
-50.0,-820.0,1765.7322,342.947
-50.0,-810.0,1760.9618,336.734
-50.0,-800.0,1756.2354,330.567
-50.0,-790.0,1751.5534,324.4469
-50.0,-780.0,1746.9161,318.3742
-50.0,-770.0,1742.3238,312.3496
-50.0,-760.0,1737.7769,306.3738
-50.0,-750.0,1733.2758,300.4474
-50.0,-740.0,1728.8208,294.5711
-50.0,-730.0,1724.4123,288.7456
-50.0,-720.0,1720.0507,282.9716
-50.0,-710.0,1715.7362,277.2499
-50.0,-700.0,1711.4693,271.581
-50.0,-690.0,1707.2503,265.9657
-50.0,-680.0,1703.0796,260.4047
-50.0,-670.0,1698.9575,254.8988
-50.0,-660.0,1694.8843,249.4487
-50.0,-650.0,1690.8605,244.055
-50.0,-640.0,1686.8864,238.7186
-50.0,-630.0,1682.9623,233.4402
-50.0,-620.0,1679.0886,228.2206
-50.0,-610.0,1675.2657,223.0604
-50.0,-600.0,1671.4938,217.9604
-50.0,-590.0,1667.7733,212.9215
-50.0,-580.0,1664.1047,207.9444
-50.0,-570.0,1660.4881,203.0297
-50.0,-560.0,1656.924,198.1784
-50.0,-550.0,1653.4127,193.3911
-50.0,-540.0,1649.9546,188.6687
-50.0,-530.0,1646.5499,184.012
-50.0,-520.0,1643.199,179.4216
-50.0,-510.0,1639.9022,174.8984
-50.0,-500.0,1636.6599,170.4432
-50.0,-490.0,1633.4724,166.0567
-50.0,-480.0,1630.34,161.7397
-50.0,-470.0,1627.2631,157.493
-50.0,-460.0,1624.2418,153.3174
-50.0,-450.0,1621.2766,149.2136
-50.0,-440.0,1618.3678,145.1825
-50.0,-430.0,1615.5156,141.2247
-50.0,-420.0,1612.7204,137.3411
-50.0,-410.0,1609.9825,133.5324
-50.0,-400.0,1607.3021,129.7994
-50.0,-390.0,1604.6796,126.1428
-50.0,-380.0,1602.1151,122.5634
-50.0,-370.0,1599.6091,119.0619
-50.0,-360.0,1597.1618,115.6391
-50.0,-350.0,1594.7734,112.2956
-50.0,-340.0,1592.4442,109.0322
-50.0,-330.0,1590.1745,105.8496
-50.0,-320.0,1587.9646,102.7485
-50.0,-310.0,1585.8146,99.7296
-50.0,-300.0,1583.7248,96.7936
-50.0,-290.0,1581.6955,93.9411
-50.0,-280.0,1579.7269,91.1728
-50.0,-270.0,1577.8193,88.4894
-50.0,-260.0,1575.9727,85.8913
-50.0,-250.0,1574.1876,83.3794
-50.0,-240.0,1572.464,80.9542
-50.0,-230.0,1570.8021,78.6162
-50.0,-220.0,1569.2023,76.366
-50.0,-210.0,1567.6646,74.2043
-50.0,-200.0,1566.1892,72.1314
-50.0,-190.0,1564.7764,70.148
-50.0,-180.0,1563.4262,68.2545
-50.0,-170.0,1562.1389,66.4514
-50.0,-160.0,1560.9146,64.7392
-50.0,-150.0,1559.7534,63.1183
-50.0,-140.0,1558.6556,61.5891
-50.0,-130.0,1557.6211,60.1521
-50.0,-120.0,1556.6503,58.8075
-50.0,-110.0,1555.7431,57.5558
-50.0,-100.0,1554.8996,56.3973
-50.0,-90.0,1554.1201,55.3323
-50.0,-80.0,1553.4046,54.361
-50.0,-70.0,1552.7531,53.4838
-50.0,-60.0,1552.1658,52.7008
-50.0,-50.0,1551.6427,52.0124
-50.0,-40.0,1551.1839,51.4185
-50.0,-30.0,1550.7894,50.9196
-50.0,-20.0,1550.4594,50.5155
-50.0,-10.0,1550.1938,50.2066
-50.0,0.0,1550.0,50.0
-50.0,10.0,1550.1938,50.2066
-50.0,20.0,1550.4594,50.5155
-50.0,30.0,1550.7894,50.9196
-50.0,40.0,1551.1839,51.4185
-50.0,50.0,1551.6427,52.0124
-50.0,60.0,1552.1658,52.7008
-50.0,70.0,1552.7531,53.4838
-50.0,80.0,1553.4046,54.361
-50.0,90.0,1554.1201,55.3323
-50.0,100.0,1554.8996,56.3973
-50.0,110.0,1555.7431,57.5558
-50.0,120.0,1556.6503,58.8075
-50.0,130.0,1557.6211,60.1521
-50.0,140.0,1558.6556,61.5891
-50.0,150.0,1559.7534,63.1183
-50.0,160.0,1560.9146,64.7392
-50.0,170.0,1562.1389,66.4514
-50.0,180.0,1563.4262,68.2545
-50.0,190.0,1564.7764,70.148
-50.0,200.0,1566.1892,72.1314
-50.0,210.0,1567.6646,74.2043
-50.0,220.0,1569.2023,76.366
-50.0,230.0,1570.8021,78.6162
-50.0,240.0,1572.464,80.9542
-50.0,250.0,1574.1876,83.3794
-50.0,260.0,1575.9727,85.8913
-50.0,270.0,1577.8193,88.4894
-50.0,280.0,1579.7269,91.1728
-50.0,290.0,1581.6955,93.9411
-50.0,300.0,1583.7248,96.7936
-50.0,310.0,1585.8146,99.7296
-50.0,320.0,1587.9646,102.7485
-50.0,330.0,1590.1745,105.8496
-50.0,340.0,1592.4442,109.0322
-50.0,350.0,1594.7734,112.2956
-50.0,360.0,1597.1618,115.6391
-50.0,370.0,1599.6091,119.0619
-50.0,380.0,1602.1151,122.5634
-50.0,390.0,1604.6796,126.1428
-50.0,400.0,1607.3021,129.7994
-50.0,410.0,1609.9825,133.5324
-50.0,420.0,1612.7204,137.3411
-50.0,430.0,1615.5156,141.2247
-50.0,440.0,1618.3678,145.1825
-50.0,450.0,1621.2766,149.2136
-50.0,460.0,1624.2418,153.3174
-50.0,470.0,1627.2631,157.493
-50.0,480.0,1630.34,161.7397
-50.0,490.0,1633.4724,166.0567
-50.0,500.0,1636.6599,170.4432
-50.0,510.0,1639.9022,174.8984
-50.0,520.0,1643.199,179.4216
-50.0,530.0,1646.5499,184.012
-50.0,540.0,1649.9546,188.6687
-50.0,550.0,1653.4127,193.3911
-50.0,560.0,1656.924,198.1784
-50.0,570.0,1660.4881,203.0297
-50.0,580.0,1664.1047,207.9444
-50.0,590.0,1667.7733,212.9215
-50.0,600.0,1671.4938,217.9604
-50.0,610.0,1675.2657,223.0604
-50.0,620.0,1679.0886,228.2206
-50.0,630.0,1682.9623,233.4402
-50.0,640.0,1686.8864,238.7186
-50.0,650.0,1690.8605,244.055
-50.0,660.0,1694.8843,249.4487
-50.0,670.0,1698.9575,254.8988
-50.0,680.0,1703.0796,260.4047
-50.0,690.0,1707.2503,265.9657
-50.0,700.0,1711.4693,271.581
-50.0,710.0,1715.7362,277.2499
-50.0,720.0,1720.0507,282.9716
-50.0,730.0,1724.4123,288.7456
-50.0,740.0,1728.8208,294.5711
-50.0,750.0,1733.2758,300.4474
-50.0,760.0,1737.7769,306.3738
-50.0,770.0,1742.3238,312.3496
-50.0,780.0,1746.9161,318.3742
-50.0,790.0,1751.5534,324.4469
-50.0,800.0,1756.2354,330.567
-50.0,810.0,1760.9618,336.734
-50.0,820.0,1765.7322,342.947
-50.0,830.0,1770.5461,349.2056
-50.0,840.0,1775.4034,355.5091
-50.0,850.0,1780.3036,361.8568
-50.0,860.0,1785.2463,368.2481
-50.0,870.0,1790.2313,374.6825
-50.0,880.0,1795.2581,381.1593
-50.0,890.0,1800.3264,387.6779
-50.0,900.0,1805.4359,394.2378
-50.0,910.0,1810.5862,400.8384
-50.0,920.0,1815.7769,407.479
-50.0,930.0,1821.0078,414.1592
-50.0,940.0,1826.2784,420.8784
-50.0,950.0,1831.5885,427.6359
-50.0,960.0,1836.9377,434.4314
-50.0,970.0,1842.3256,441.2642
-50.0,980.0,1847.7519,448.1338
-50.0,990.0,1853.2163,455.0397
-50.0,1000.0,1858.7185,461.9814
-40.0,-1000.0,1850.3889,454.817
-40.0,-990.0,1844.8619,447.841
-40.0,-980.0,1839.3727,440.9006
-40.0,-970.0,1833.9215,433.9963
-40.0,-960.0,1828.5089,427.1287
-40.0,-950.0,1823.135,420.2983
-40.0,-940.0,1817.8002,413.5057
-40.0,-930.0,1812.5049,406.7513
-40.0,-920.0,1807.2494,400.0358
-40.0,-910.0,1802.0341,393.3597
-40.0,-900.0,1796.8593,386.7235
-40.0,-890.0,1791.7253,380.1279
-40.0,-880.0,1786.6326,373.5735
-40.0,-870.0,1781.5815,367.0607
-40.0,-860.0,1776.5722,360.5903
-40.0,-850.0,1771.6053,354.1628
-40.0,-840.0,1766.681,347.7789
-40.0,-830.0,1761.7997,341.4391
-40.0,-820.0,1756.9618,335.1441
-40.0,-810.0,1752.1675,328.8945
-40.0,-800.0,1747.4174,322.6911
-40.0,-790.0,1742.7117,316.5343
-40.0,-780.0,1738.0507,310.425
-40.0,-770.0,1733.435,304.3636
-40.0,-760.0,1728.8647,298.3511
-40.0,-750.0,1724.3403,292.3879
-40.0,-740.0,1719.8622,286.4748
-40.0,-730.0,1715.4307,280.6125
-40.0,-720.0,1711.0461,274.8017
-40.0,-710.0,1706.7089,269.043
-40.0,-700.0,1702.4194,263.3373
-40.0,-690.0,1698.1779,257.6852
-40.0,-680.0,1693.9848,252.0875
-40.0,-670.0,1689.8405,246.5448
-40.0,-660.0,1685.7454,241.058
-40.0,-650.0,1681.6997,235.6278
-40.0,-640.0,1677.7039,230.2548
-40.0,-630.0,1673.7583,224.9399
-40.0,-620.0,1669.8632,219.6839
-40.0,-610.0,1666.0191,214.4874
-40.0,-600.0,1662.2262,209.3514
-40.0,-590.0,1658.485,204.2764
-40.0,-580.0,1654.7957,199.2634
-40.0,-570.0,1651.1588,194.313
-40.0,-560.0,1647.5745,189.4261
-40.0,-550.0,1644.0432,184.6035
-40.0,-540.0,1640.5653,179.8459
-40.0,-530.0,1637.1411,175.1542
-40.0,-520.0,1633.7709,170.5291
-40.0,-510.0,1630.4551,165.9714
-40.0,-500.0,1627.194,161.4819
-40.0,-490.0,1623.9879,157.0614
-40.0,-480.0,1620.8372,152.7108
-40.0,-470.0,1617.7421,148.4307
-40.0,-460.0,1614.7031,144.222
-40.0,-450.0,1611.7203,140.0855
-40.0,-440.0,1608.7942,136.022
-40.0,-430.0,1605.9251,132.0322
-40.0,-420.0,1603.1131,128.1169
-40.0,-410.0,1600.3588,124.277
-40.0,-400.0,1597.6622,120.5132
-40.0,-390.0,1595.0238,116.8262
-40.0,-380.0,1592.4439,113.2168
-40.0,-370.0,1589.9226,109.6858
-40.0,-360.0,1587.4603,106.2339
-40.0,-350.0,1585.0573,102.862
-40.0,-340.0,1582.7139,99.5706
-40.0,-330.0,1580.4302,96.3605
-40.0,-320.0,1578.2066,93.2325
-40.0,-310.0,1576.0433,90.1873
-40.0,-300.0,1573.9406,87.2255
-40.0,-290.0,1571.8986,84.3478
-40.0,-280.0,1569.9178,81.555
-40.0,-270.0,1567.9981,78.8476
-40.0,-260.0,1566.14,76.2263
-40.0,-250.0,1564.3436,73.6918
-40.0,-240.0,1562.6092,71.2446
-40.0,-230.0,1560.9369,68.8854
-40.0,-220.0,1559.3269,66.6147
-40.0,-210.0,1557.7794,64.4331
-40.0,-200.0,1556.2947,62.3412
-40.0,-190.0,1554.8729,60.3394
-40.0,-180.0,1553.5141,58.4284
-40.0,-170.0,1552.2186,56.6086
-40.0,-160.0,1550.9864,54.8804
-40.0,-150.0,1549.8178,53.2443
-40.0,-140.0,1548.7129,51.7008
-40.0,-130.0,1547.6719,50.2502
-40.0,-120.0,1546.6947,48.8929
-40.0,-110.0,1545.7817,47.6294
-40.0,-100.0,1544.9328,46.4599
-40.0,-90.0,1544.1483,45.3847
-40.0,-80.0,1543.4281,44.4042
-40.0,-70.0,1542.7724,43.5186
-40.0,-60.0,1542.1813,42.7282
-40.0,-50.0,1541.6548,42.0331
-40.0,-40.0,1541.193,41.4336
-40.0,-30.0,1540.796,40.9299
-40.0,-20.0,1540.4638,40.5219
-40.0,-10.0,1540.1965,40.21
-40.0,0.0,1540.0,40.0
-40.0,10.0,1540.1965,40.21
-40.0,20.0,1540.4638,40.5219
-40.0,30.0,1540.796,40.9299
-40.0,40.0,1541.193,41.4336
-40.0,50.0,1541.6548,42.0331
-40.0,60.0,1542.1813,42.7282
-40.0,70.0,1542.7724,43.5186
-40.0,80.0,1543.4281,44.4042
-40.0,90.0,1544.1483,45.3847
-40.0,100.0,1544.9328,46.4599
-40.0,110.0,1545.7817,47.6294
-40.0,120.0,1546.6947,48.8929
-40.0,130.0,1547.6719,50.2502
-40.0,140.0,1548.7129,51.7008
-40.0,150.0,1549.8178,53.2443
-40.0,160.0,1550.9864,54.8804
-40.0,170.0,1552.2186,56.6086
-40.0,180.0,1553.5141,58.4284
-40.0,190.0,1554.8729,60.3394
-40.0,200.0,1556.2947,62.3412
-40.0,210.0,1557.7794,64.4331
-40.0,220.0,1559.3269,66.6147
-40.0,230.0,1560.9369,68.8854
-40.0,240.0,1562.6092,71.2446
-40.0,250.0,1564.3436,73.6918
-40.0,260.0,1566.14,76.2263
-40.0,270.0,1567.9981,78.8476
-40.0,280.0,1569.9178,81.555
-40.0,290.0,1571.8986,84.3478
-40.0,300.0,1573.9406,87.2255
-40.0,310.0,1576.0433,90.1873
-40.0,320.0,1578.2066,93.2325
-40.0,330.0,1580.4302,96.3605
-40.0,340.0,1582.7139,99.5706
-40.0,350.0,1585.0573,102.862
-40.0,360.0,1587.4603,106.2339
-40.0,370.0,1589.9226,109.6858
-40.0,380.0,1592.4439,113.2168
-40.0,390.0,1595.0238,116.8262
-40.0,400.0,1597.6622,120.5132
-40.0,410.0,1600.3588,124.277
-40.0,420.0,1603.1131,128.1169
-40.0,430.0,1605.9251,132.0322
-40.0,440.0,1608.7942,136.022
-40.0,450.0,1611.7203,140.0855
-40.0,460.0,1614.7031,144.222
-40.0,470.0,1617.7421,148.4307
-40.0,480.0,1620.8372,152.7108
-40.0,490.0,1623.9879,157.0614
-40.0,500.0,1627.194,161.4819
-40.0,510.0,1630.4551,165.9714
-40.0,520.0,1633.7709,170.5291
-40.0,530.0,1637.1411,175.1542
-40.0,540.0,1640.5653,179.8459
-40.0,550.0,1644.0432,184.6035
-40.0,560.0,1647.5745,189.4261
-40.0,570.0,1651.1588,194.313
-40.0,580.0,1654.7957,199.2634
-40.0,590.0,1658.485,204.2764
-40.0,600.0,1662.2262,209.3514
-40.0,610.0,1666.0191,214.4874
-40.0,620.0,1669.8632,219.6839
-40.0,630.0,1673.7583,224.9399
-40.0,640.0,1677.7039,230.2548
-40.0,650.0,1681.6997,235.6278
-40.0,660.0,1685.7454,241.058
-40.0,670.0,1689.8405,246.5448
-40.0,680.0,1693.9848,252.0875
-40.0,690.0,1698.1779,257.6852
-40.0,700.0,1702.4194,263.3373
-40.0,710.0,1706.7089,269.043
-40.0,720.0,1711.0461,274.8017
-40.0,730.0,1715.4307,280.6125
-40.0,740.0,1719.8622,286.4748
-40.0,750.0,1724.3403,292.3879
-40.0,760.0,1728.8647,298.3511
-40.0,770.0,1733.435,304.3636
-40.0,780.0,1738.0507,310.425
-40.0,790.0,1742.7117,316.5343
-40.0,800.0,1747.4174,322.6911
-40.0,810.0,1752.1675,328.8945
-40.0,820.0,1756.9618,335.1441
-40.0,830.0,1761.7997,341.4391
-40.0,840.0,1766.681,347.7789
-40.0,850.0,1771.6053,354.1628
-40.0,860.0,1776.5722,360.5903
-40.0,870.0,1781.5815,367.0607
-40.0,880.0,1786.6326,373.5735
-40.0,890.0,1791.7253,380.1279
-40.0,900.0,1796.8593,386.7235
-40.0,910.0,1802.0341,393.3597
-40.0,920.0,1807.2494,400.0358
-40.0,930.0,1812.5049,406.7513
-40.0,940.0,1817.8002,413.5057
-40.0,950.0,1823.135,420.2983
-40.0,960.0,1828.5089,427.1287
-40.0,970.0,1833.9215,433.9963
-40.0,980.0,1839.3727,440.9006
-40.0,990.0,1844.8619,447.841
-40.0,1000.0,1850.3889,454.817
-30.0,-1000.0,1842.0759,447.6863
-30.0,-990.0,1836.5239,440.6758
-30.0,-980.0,1831.0097,433.7007
-30.0,-970.0,1825.5336,426.7616
-30.0,-960.0,1820.0959,419.859
-30.0,-950.0,1814.6971,412.9934
-30.0,-940.0,1809.3375,406.1655
-30.0,-930.0,1804.0173,399.3757
-30.0,-920.0,1798.737,392.6246
-30.0,-910.0,1793.497,385.9128
-30.0,-900.0,1788.2975,379.2408
-30.0,-890.0,1783.1389,372.6092
-30.0,-880.0,1778.0216,366.0187
-30.0,-870.0,1772.9459,359.4698
-30.0,-860.0,1767.9122,352.963
-30.0,-850.0,1762.9209,346.4991
-30.0,-840.0,1757.9722,340.0787
-30.0,-830.0,1753.0667,333.7023
-30.0,-820.0,1748.2046,327.3706
-30.0,-810.0,1743.3863,321.0843
-30.0,-800.0,1738.6121,314.844
-30.0,-790.0,1733.8825,308.6503
-30.0,-780.0,1729.1978,302.504
-30.0,-770.0,1724.5583,296.4056
-30.0,-760.0,1719.9645,290.356
-30.0,-750.0,1715.4166,284.3557
-30.0,-740.0,1710.9151,278.4054
-30.0,-730.0,1706.4604,272.5059
-30.0,-720.0,1702.0527,266.6579
-30.0,-710.0,1697.6925,260.8621
-30.0,-700.0,1693.3802,255.1192
-30.0,-690.0,1689.116,249.4299
-30.0,-680.0,1684.9004,243.7951
-30.0,-670.0,1680.7337,238.2153
-30.0,-660.0,1676.6163,232.6914
-30.0,-650.0,1672.5485,227.2241
-30.0,-640.0,1668.5308,221.8142
-30.0,-630.0,1664.5634,216.4625
-30.0,-620.0,1660.6468,211.1696
-30.0,-610.0,1656.7813,205.9365
-30.0,-600.0,1652.9672,200.7638
-30.0,-590.0,1649.205,195.6524
-30.0,-580.0,1645.4949,190.6031
-30.0,-570.0,1641.8374,185.6166
-30.0,-560.0,1638.2327,180.6937
-30.0,-550.0,1634.6812,175.8352
-30.0,-540.0,1631.1834,171.042
-30.0,-530.0,1627.7394,166.3149
-30.0,-520.0,1624.3497,161.6546
-30.0,-510.0,1621.0146,157.0619
-30.0,-500.0,1617.7345,152.5378
-30.0,-490.0,1614.5096,148.0828
-30.0,-480.0,1611.3404,143.698
-30.0,-470.0,1608.227,139.3841
-30.0,-460.0,1605.17,135.1419
-30.0,-450.0,1602.1695,130.9722
-30.0,-440.0,1599.2259,126.8758
-30.0,-430.0,1596.3395,122.8535
-30.0,-420.0,1593.5107,118.9061
-30.0,-410.0,1590.7397,115.0345
-30.0,-400.0,1588.0268,111.2393
-30.0,-390.0,1585.3724,107.5214
-30.0,-380.0,1582.7767,103.8816
-30.0,-370.0,1580.24,100.3207
-30.0,-360.0,1577.7626,96.8394
-30.0,-350.0,1575.3448,93.4384
-30.0,-340.0,1572.9869,90.1186
-30.0,-330.0,1570.6891,86.8806
-30.0,-320.0,1568.4517,83.7252
-30.0,-310.0,1566.2749,80.6532
-30.0,-300.0,1564.159,77.6652
-30.0,-290.0,1562.1043,74.762
-30.0,-280.0,1560.111,71.9441
-30.0,-270.0,1558.1793,69.2124
-30.0,-260.0,1556.3095,66.5674
-30.0,-250.0,1554.5017,64.0099
-30.0,-240.0,1552.7563,61.5404
-30.0,-230.0,1551.0733,59.1596
-30.0,-220.0,1549.4531,56.868
-30.0,-210.0,1547.8958,54.6662
-30.0,-200.0,1546.4015,52.5549
-30.0,-190.0,1544.9706,50.5345
-30.0,-180.0,1543.6031,48.6056
-30.0,-170.0,1542.2993,46.7687
-30.0,-160.0,1541.0592,45.0242
-30.0,-150.0,1539.8831,43.3727
-30.0,-140.0,1538.771,41.8145
-30.0,-130.0,1537.7232,40.3502
-30.0,-120.0,1536.7398,38.98
-30.0,-110.0,1535.8208,37.7044
-30.0,-100.0,1534.9665,36.5237
-30.0,-90.0,1534.1768,35.4382
-30.0,-80.0,1533.4519,34.4483
-30.0,-70.0,1532.792,33.5542
-30.0,-60.0,1532.197,32.7561
-30.0,-50.0,1531.6671,32.0543
-30.0,-40.0,1531.2023,31.449
-30.0,-30.0,1530.8027,30.9404
-30.0,-20.0,1530.4684,30.5285
-30.0,-10.0,1530.1993,30.2135
-30.0,0.0,1530.0,30.0
-30.0,10.0,1530.1993,30.2135
-30.0,20.0,1530.4684,30.5285
-30.0,30.0,1530.8027,30.9404
-30.0,40.0,1531.2023,31.449
-30.0,50.0,1531.6671,32.0543
-30.0,60.0,1532.197,32.7561
-30.0,70.0,1532.792,33.5542
-30.0,80.0,1533.4519,34.4483
-30.0,90.0,1534.1768,35.4382
-30.0,100.0,1534.9665,36.5237
-30.0,110.0,1535.8208,37.7044
-30.0,120.0,1536.7398,38.98
-30.0,130.0,1537.7232,40.3502
-30.0,140.0,1538.771,41.8145
-30.0,150.0,1539.8831,43.3727
-30.0,160.0,1541.0592,45.0242
-30.0,170.0,1542.2993,46.7687
-30.0,180.0,1543.6031,48.6056
-30.0,190.0,1544.9706,50.5345
-30.0,200.0,1546.4015,52.5549
-30.0,210.0,1547.8958,54.6662
-30.0,220.0,1549.4531,56.868
-30.0,230.0,1551.0733,59.1596
-30.0,240.0,1552.7563,61.5404
-30.0,250.0,1554.5017,64.0099
-30.0,260.0,1556.3095,66.5674
-30.0,270.0,1558.1793,69.2124
-30.0,280.0,1560.111,71.9441
-30.0,290.0,1562.1043,74.762
-30.0,300.0,1564.159,77.6652
-30.0,310.0,1566.2749,80.6532
-30.0,320.0,1568.4517,83.7252
-30.0,330.0,1570.6891,86.8806
-30.0,340.0,1572.9869,90.1186
-30.0,350.0,1575.3448,93.4384
-30.0,360.0,1577.7626,96.8394
-30.0,370.0,1580.24,100.3207
-30.0,380.0,1582.7767,103.8816
-30.0,390.0,1585.3724,107.5214
-30.0,400.0,1588.0268,111.2393
-30.0,410.0,1590.7397,115.0345
-30.0,420.0,1593.5107,118.9061
-30.0,430.0,1596.3395,122.8535
-30.0,440.0,1599.2259,126.8758
-30.0,450.0,1602.1695,130.9722
-30.0,460.0,1605.17,135.1419
-30.0,470.0,1608.227,139.3841
-30.0,480.0,1611.3404,143.698
-30.0,490.0,1614.5096,148.0828
-30.0,500.0,1617.7345,152.5378
-30.0,510.0,1621.0146,157.0619
-30.0,520.0,1624.3497,161.6546
-30.0,530.0,1627.7394,166.3149
-30.0,540.0,1631.1834,171.042
-30.0,550.0,1634.6812,175.8352
-30.0,560.0,1638.2327,180.6937
-30.0,570.0,1641.8374,185.6166
-30.0,580.0,1645.4949,190.6031
-30.0,590.0,1649.205,195.6524
-30.0,600.0,1652.9672,200.7638
-30.0,610.0,1656.7813,205.9365
-30.0,620.0,1660.6468,211.1696
-30.0,630.0,1664.5634,216.4625
-30.0,640.0,1668.5308,221.8142
-30.0,650.0,1672.5485,227.2241
-30.0,660.0,1676.6163,232.6914
-30.0,670.0,1680.7337,238.2153
-30.0,680.0,1684.9004,243.7951
-30.0,690.0,1689.116,249.4299
-30.0,700.0,1693.3802,255.1192
-30.0,710.0,1697.6925,260.8621
-30.0,720.0,1702.0527,266.6579
-30.0,730.0,1706.4604,272.5059
-30.0,740.0,1710.9151,278.4054
-30.0,750.0,1715.4166,284.3557
-30.0,760.0,1719.9645,290.356
-30.0,770.0,1724.5583,296.4056
-30.0,780.0,1729.1978,302.504
-30.0,790.0,1733.8825,308.6503
-30.0,800.0,1738.6121,314.844
-30.0,810.0,1743.3863,321.0843
-30.0,820.0,1748.2046,327.3706
-30.0,830.0,1753.0667,333.7023
-30.0,840.0,1757.9722,340.0787
-30.0,850.0,1762.9209,346.4991
-30.0,860.0,1767.9122,352.963
-30.0,870.0,1772.9459,359.4698
-30.0,880.0,1778.0216,366.0187
-30.0,890.0,1783.1389,372.6092
-30.0,900.0,1788.2975,379.2408
-30.0,910.0,1793.497,385.9128
-30.0,920.0,1798.737,392.6246
-30.0,930.0,1804.0173,399.3757
-30.0,940.0,1809.3375,406.1655
-30.0,950.0,1814.6971,412.9934
-30.0,960.0,1820.0959,419.859
-30.0,970.0,1825.5336,426.7616
-30.0,980.0,1831.0097,433.7007
-30.0,990.0,1836.5239,440.6758
-30.0,1000.0,1842.0759,447.6863
-20.0,-1000.0,1833.7797,440.5897
-20.0,-990.0,1828.2025,433.5444
-20.0,-980.0,1822.6631,426.5345
-20.0,-970.0,1817.1619,419.5603
-20.0,-960.0,1811.6991,412.6226
-20.0,-950.0,1806.2752,405.7217
-20.0,-940.0,1800.8905,398.8583
-20.0,-930.0,1795.5453,392.0328
-20.0,-920.0,1790.2401,385.2459
-20.0,-910.0,1784.9751,378.4982
-20.0,-900.0,1779.7506,371.7902
-20.0,-890.0,1774.5672,365.1224
-20.0,-880.0,1769.4251,358.4955
-20.0,-870.0,1764.3247,351.9102
-20.0,-860.0,1759.2663,345.3669
-20.0,-850.0,1754.2504,338.8663
-20.0,-840.0,1749.2773,332.4091
-20.0,-830.0,1744.3473,325.9958
-20.0,-820.0,1739.4608,319.6272
-20.0,-810.0,1734.6182,313.3038
-20.0,-800.0,1729.8198,307.0263
-20.0,-790.0,1725.0661,300.7954
-20.0,-780.0,1720.3574,294.6118
-20.0,-770.0,1715.694,288.4761
-20.0,-760.0,1711.0764,282.389
-20.0,-750.0,1706.5048,276.3513
-20.0,-740.0,1701.9798,270.3635
-20.0,-730.0,1697.5016,264.4265
-20.0,-720.0,1693.0706,258.541
-20.0,-710.0,1688.6872,252.7076
-20.0,-700.0,1684.3518,246.9271
-20.0,-690.0,1680.0647,241.2003
-20.0,-680.0,1675.8263,235.5279
-20.0,-670.0,1671.637,229.9106
-20.0,-660.0,1667.4971,224.3492
-20.0,-650.0,1663.4071,218.8445
-20.0,-640.0,1659.3672,213.3973
-20.0,-630.0,1655.3779,208.0083
-20.0,-620.0,1651.4395,202.6782
-20.0,-610.0,1647.5524,197.408
-20.0,-600.0,1643.7169,192.1983
-20.0,-590.0,1639.9334,187.05
-20.0,-580.0,1636.2023,181.9639
-20.0,-570.0,1632.524,176.9408
-20.0,-560.0,1628.8987,171.9815
-20.0,-550.0,1625.3268,167.0868
-20.0,-540.0,1621.8088,162.2575
-20.0,-530.0,1618.3449,157.4945
-20.0,-520.0,1614.9355,152.7985
-20.0,-510.0,1611.5809,148.1704
-20.0,-500.0,1608.2815,143.6111
-20.0,-490.0,1605.0377,139.1213
-20.0,-480.0,1601.8497,134.7018
-20.0,-470.0,1598.7178,130.3536
-20.0,-460.0,1595.6426,126.0773
-20.0,-450.0,1592.6241,121.8739
-20.0,-440.0,1589.6629,117.7442
-20.0,-430.0,1586.7591,113.6889
-20.0,-420.0,1583.9132,109.7089
-20.0,-410.0,1581.1253,105.8051
-20.0,-400.0,1578.3959,101.9781
-20.0,-390.0,1575.7253,98.2289
-20.0,-380.0,1573.1137,94.5582
-20.0,-370.0,1570.5614,90.9669
-20.0,-360.0,1568.0687,87.4556
-20.0,-350.0,1565.6359,84.0252
-20.0,-340.0,1563.2634,80.6764
-20.0,-330.0,1560.9512,77.4101
-20.0,-320.0,1558.6998,74.2269
-20.0,-310.0,1556.5094,71.1276
-20.0,-300.0,1554.3803,68.113
-20.0,-290.0,1552.3126,65.1837
-20.0,-280.0,1550.3067,62.3405
-20.0,-270.0,1548.3628,59.584
-20.0,-260.0,1546.4811,56.9149
-20.0,-250.0,1544.6618,54.334
-20.0,-240.0,1542.9052,51.8417
-20.0,-230.0,1541.2115,49.4389
-20.0,-220.0,1539.5809,47.1261
-20.0,-210.0,1538.0136,44.9038
-20.0,-200.0,1536.5098,42.7727
-20.0,-190.0,1535.0696,40.7333
-20.0,-180.0,1533.6933,38.7862
-20.0,-170.0,1532.381,36.9319
-20.0,-160.0,1531.1329,35.1708
-20.0,-150.0,1529.9492,33.5036
-20.0,-140.0,1528.8299,31.9305
-20.0,-130.0,1527.7753,30.4521
-20.0,-120.0,1526.7854,29.0687
-20.0,-110.0,1525.8605,27.7808
-20.0,-100.0,1525.0005,26.5887
-20.0,-90.0,1524.2057,25.4927
-20.0,-80.0,1523.4761,24.4932
-20.0,-70.0,1522.8118,23.5904
-20.0,-60.0,1522.213,22.7845
-20.0,-50.0,1521.6796,22.0759
-20.0,-40.0,1521.2117,21.4647
-20.0,-30.0,1520.8095,20.9511
-20.0,-20.0,1520.473,20.5352
-20.0,-10.0,1520.2021,20.2171
-20.0,0.0,1520.0,20.0
-20.0,10.0,1520.2021,20.2171
-20.0,20.0,1520.473,20.5352
-20.0,30.0,1520.8095,20.9511
-20.0,40.0,1521.2117,21.4647
-20.0,50.0,1521.6796,22.0759
-20.0,60.0,1522.213,22.7845
-20.0,70.0,1522.8118,23.5904
-20.0,80.0,1523.4761,24.4932
-20.0,90.0,1524.2057,25.4927
-20.0,100.0,1525.0005,26.5887
-20.0,110.0,1525.8605,27.7808
-20.0,120.0,1526.7854,29.0687
-20.0,130.0,1527.7753,30.4521
-20.0,140.0,1528.8299,31.9305
-20.0,150.0,1529.9492,33.5036
-20.0,160.0,1531.1329,35.1708
-20.0,170.0,1532.381,36.9319
-20.0,180.0,1533.6933,38.7862
-20.0,190.0,1535.0696,40.7333
-20.0,200.0,1536.5098,42.7727
-20.0,210.0,1538.0136,44.9038
-20.0,220.0,1539.5809,47.1261
-20.0,230.0,1541.2115,49.4389
-20.0,240.0,1542.9052,51.8417
-20.0,250.0,1544.6618,54.334
-20.0,260.0,1546.4811,56.9149
-20.0,270.0,1548.3628,59.584
-20.0,280.0,1550.3067,62.3405
-20.0,290.0,1552.3126,65.1837
-20.0,300.0,1554.3803,68.113
-20.0,310.0,1556.5094,71.1276
-20.0,320.0,1558.6998,74.2269
-20.0,330.0,1560.9512,77.4101
-20.0,340.0,1563.2634,80.6764
-20.0,350.0,1565.6359,84.0252
-20.0,360.0,1568.0687,87.4556
-20.0,370.0,1570.5614,90.9669
-20.0,380.0,1573.1137,94.5582
-20.0,390.0,1575.7253,98.2289
-20.0,400.0,1578.3959,101.9781
-20.0,410.0,1581.1253,105.8051
-20.0,420.0,1583.9132,109.7089
-20.0,430.0,1586.7591,113.6889
-20.0,440.0,1589.6629,117.7442
-20.0,450.0,1592.6241,121.8739
-20.0,460.0,1595.6426,126.0773
-20.0,470.0,1598.7178,130.3536
-20.0,480.0,1601.8497,134.7018
-20.0,490.0,1605.0377,139.1213
-20.0,500.0,1608.2815,143.6111
-20.0,510.0,1611.5809,148.1704
-20.0,520.0,1614.9355,152.7985
-20.0,530.0,1618.3449,157.4945
-20.0,540.0,1621.8088,162.2575
-20.0,550.0,1625.3268,167.0868
-20.0,560.0,1628.8987,171.9815
-20.0,570.0,1632.524,176.9408
-20.0,580.0,1636.2023,181.9639
-20.0,590.0,1639.9334,187.05
-20.0,600.0,1643.7169,192.1983
-20.0,610.0,1647.5524,197.408
-20.0,620.0,1651.4395,202.6782
-20.0,630.0,1655.3779,208.0083
-20.0,640.0,1659.3672,213.3973
-20.0,650.0,1663.4071,218.8445
-20.0,660.0,1667.4971,224.3492
-20.0,670.0,1671.637,229.9106
-20.0,680.0,1675.8263,235.5279
-20.0,690.0,1680.0647,241.2003
-20.0,700.0,1684.3518,246.9271
-20.0,710.0,1688.6872,252.7076
-20.0,720.0,1693.0706,258.541
-20.0,730.0,1697.5016,264.4265
-20.0,740.0,1701.9798,270.3635
-20.0,750.0,1706.5048,276.3513
-20.0,760.0,1711.0764,282.389
-20.0,770.0,1715.694,288.4761
-20.0,780.0,1720.3574,294.6118
-20.0,790.0,1725.0661,300.7954
-20.0,800.0,1729.8198,307.0263
-20.0,810.0,1734.6182,313.3038
-20.0,820.0,1739.4608,319.6272
-20.0,830.0,1744.3473,325.9958
-20.0,840.0,1749.2773,332.4091
-20.0,850.0,1754.2504,338.8663
-20.0,860.0,1759.2663,345.3669
-20.0,870.0,1764.3247,351.9102
-20.0,880.0,1769.4251,358.4955
-20.0,890.0,1774.5672,365.1224
-20.0,900.0,1779.7506,371.7902
-20.0,910.0,1784.9751,378.4982
-20.0,920.0,1790.2401,385.2459
-20.0,930.0,1795.5453,392.0328
-20.0,940.0,1800.8905,398.8583
-20.0,950.0,1806.2752,405.7217
-20.0,960.0,1811.6991,412.6226
-20.0,970.0,1817.1619,419.5603
-20.0,980.0,1822.6631,426.5345
-20.0,990.0,1828.2025,433.5444
-20.0,1000.0,1833.7797,440.5897
-10.0,-1000.0,1825.5007,433.5277
-10.0,-990.0,1819.8981,426.4476
-10.0,-980.0,1814.3334,419.4026
-10.0,-970.0,1808.8068,412.3932
-10.0,-960.0,1803.3187,405.4201
-10.0,-950.0,1797.8695,398.4837
-10.0,-940.0,1792.4595,391.5845
-10.0,-930.0,1787.0892,384.7232
-10.0,-920.0,1781.7587,377.9004
-10.0,-910.0,1776.4685,371.1165
-10.0,-900.0,1771.2191,364.3721
-10.0,-890.0,1766.0106,357.6679
-10.0,-880.0,1760.8435,351.0045
-10.0,-870.0,1755.7181,344.3824
-10.0,-860.0,1750.6349,337.8023
-10.0,-850.0,1745.5942,331.2648
-10.0,-840.0,1740.5963,324.7705
-10.0,-830.0,1735.6416,318.3201
-10.0,-820.0,1730.7306,311.9142
-10.0,-810.0,1725.8635,305.5535
-10.0,-800.0,1721.0407,299.2385
-10.0,-790.0,1716.2627,292.9701
-10.0,-780.0,1711.5297,286.7489
-10.0,-770.0,1706.8423,280.5755
-10.0,-760.0,1702.2006,274.4507
-10.0,-750.0,1697.6052,268.3752
-10.0,-740.0,1693.0563,262.3496
-10.0,-730.0,1688.5545,256.3747
-10.0,-720.0,1684.0999,250.4513
-10.0,-710.0,1679.6931,244.58
-10.0,-700.0,1675.3344,238.7616
-10.0,-690.0,1671.0242,232.9969
-10.0,-680.0,1666.7628,227.2865
-10.0,-670.0,1662.5507,221.6314
-10.0,-660.0,1658.3881,216.0321
-10.0,-650.0,1654.2756,210.4896
-10.0,-640.0,1650.2133,205.0046
-10.0,-630.0,1646.2018,199.5778
-10.0,-620.0,1642.2414,194.2102
-10.0,-610.0,1638.3325,188.9024
-10.0,-600.0,1634.4754,183.6553
-10.0,-590.0,1630.6705,178.4697
-10.0,-580.0,1626.9181,173.3464
-10.0,-570.0,1623.2187,168.2862
-10.0,-560.0,1619.5726,163.29
-10.0,-550.0,1615.9802,158.3586
-10.0,-540.0,1612.4417,153.4928
-10.0,-530.0,1608.9577,148.6934
-10.0,-520.0,1605.5283,143.9613
-10.0,-510.0,1602.1541,139.2973
-10.0,-500.0,1598.8352,134.7023
-10.0,-490.0,1595.5721,130.1771
-10.0,-480.0,1592.3652,125.7226
-10.0,-470.0,1589.2147,121.3395
-10.0,-460.0,1586.121,117.0287
-10.0,-450.0,1583.0844,112.7911
-10.0,-440.0,1580.1053,108.6276
-10.0,-430.0,1577.1839,104.5388
-10.0,-420.0,1574.3206,100.5258
-10.0,-410.0,1571.5158,96.5892
-10.0,-400.0,1568.7697,92.73
-10.0,-390.0,1566.0826,88.949
-10.0,-380.0,1563.4549,85.2469
-10.0,-370.0,1560.8868,81.6246
-10.0,-360.0,1558.3787,78.0829
-10.0,-350.0,1555.9307,74.6226
-10.0,-340.0,1553.5433,71.2444
-10.0,-330.0,1551.2167,67.9492
-10.0,-320.0,1548.9512,64.7378
-10.0,-310.0,1546.747,61.6108
-10.0,-300.0,1544.6043,58.569
-10.0,-290.0,1542.5236,55.6133
-10.0,-280.0,1540.5049,52.7442
-10.0,-270.0,1538.5486,49.9625
-10.0,-260.0,1536.6549,47.2689
-10.0,-250.0,1534.824,44.6641
-10.0,-240.0,1533.0562,42.1488
-10.0,-230.0,1531.3516,39.7236
-10.0,-220.0,1529.7104,37.389
-10.0,-210.0,1528.133,35.1459
-10.0,-200.0,1526.6194,32.9946
-10.0,-190.0,1525.1699,30.9359
-10.0,-180.0,1523.7847,28.9703
-10.0,-170.0,1522.4638,27.0982
-10.0,-160.0,1521.2076,25.3203
-10.0,-150.0,1520.0161,23.637
-10.0,-140.0,1518.8895,22.0487
-10.0,-130.0,1517.828,20.556
-10.0,-120.0,1516.8317,19.1592
-10.0,-110.0,1515.9006,17.8588
-10.0,-100.0,1515.035,16.655
-10.0,-90.0,1514.235,15.5483
-10.0,-80.0,1513.5006,14.539
-10.0,-70.0,1512.8319,13.6273
-10.0,-60.0,1512.2291,12.8135
-10.0,-50.0,1511.6922,12.0979
-10.0,-40.0,1511.2213,11.4807
-10.0,-30.0,1510.8164,10.962
-10.0,-20.0,1510.4776,10.542
-10.0,-10.0,1510.205,10.2208
-10.0,0.0,1510.0,10.0
-10.0,10.0,1510.205,10.2208
-10.0,20.0,1510.4776,10.542
-10.0,30.0,1510.8164,10.962
-10.0,40.0,1511.2213,11.4807
-10.0,50.0,1511.6922,12.0979
-10.0,60.0,1512.2291,12.8135
-10.0,70.0,1512.8319,13.6273
-10.0,80.0,1513.5006,14.539
-10.0,90.0,1514.235,15.5483
-10.0,100.0,1515.035,16.655
-10.0,110.0,1515.9006,17.8588
-10.0,120.0,1516.8317,19.1592
-10.0,130.0,1517.828,20.556
-10.0,140.0,1518.8895,22.0487
-10.0,150.0,1520.0161,23.637
-10.0,160.0,1521.2076,25.3203
-10.0,170.0,1522.4638,27.0982
-10.0,180.0,1523.7847,28.9703
-10.0,190.0,1525.1699,30.9359
-10.0,200.0,1526.6194,32.9946
-10.0,210.0,1528.133,35.1459
-10.0,220.0,1529.7104,37.389
-10.0,230.0,1531.3516,39.7236
-10.0,240.0,1533.0562,42.1488
-10.0,250.0,1534.824,44.6641
-10.0,260.0,1536.6549,47.2689
-10.0,270.0,1538.5486,49.9625
-10.0,280.0,1540.5049,52.7442
-10.0,290.0,1542.5236,55.6133
-10.0,300.0,1544.6043,58.569
-10.0,310.0,1546.747,61.6108
-10.0,320.0,1548.9512,64.7378
-10.0,330.0,1551.2167,67.9492
-10.0,340.0,1553.5433,71.2444
-10.0,350.0,1555.9307,74.6226
-10.0,360.0,1558.3787,78.0829
-10.0,370.0,1560.8868,81.6246
-10.0,380.0,1563.4549,85.2469
-10.0,390.0,1566.0826,88.949
-10.0,400.0,1568.7697,92.73
-10.0,410.0,1571.5158,96.5892
-10.0,420.0,1574.3206,100.5258
-10.0,430.0,1577.1839,104.5388
-10.0,440.0,1580.1053,108.6276
-10.0,450.0,1583.0844,112.7911
-10.0,460.0,1586.121,117.0287
-10.0,470.0,1589.2147,121.3395
-10.0,480.0,1592.3652,125.7226
-10.0,490.0,1595.5721,130.1771
-10.0,500.0,1598.8352,134.7023
-10.0,510.0,1602.1541,139.2973
-10.0,520.0,1605.5283,143.9613
-10.0,530.0,1608.9577,148.6934
-10.0,540.0,1612.4417,153.4928
-10.0,550.0,1615.9802,158.3586
-10.0,560.0,1619.5726,163.29
-10.0,570.0,1623.2187,168.2862
-10.0,580.0,1626.9181,173.3464
-10.0,590.0,1630.6705,178.4697
-10.0,600.0,1634.4754,183.6553
-10.0,610.0,1638.3325,188.9024
-10.0,620.0,1642.2414,194.2102
-10.0,630.0,1646.2018,199.5778
-10.0,640.0,1650.2133,205.0046
-10.0,650.0,1654.2756,210.4896
-10.0,660.0,1658.3881,216.0321
-10.0,670.0,1662.5507,221.6314
-10.0,680.0,1666.7628,227.2865
-10.0,690.0,1671.0242,232.9969
-10.0,700.0,1675.3344,238.7616
-10.0,710.0,1679.6931,244.58
-10.0,720.0,1684.0999,250.4513
-10.0,730.0,1688.5545,256.3747
-10.0,740.0,1693.0563,262.3496
-10.0,750.0,1697.6052,268.3752
-10.0,760.0,1702.2006,274.4507
-10.0,770.0,1706.8423,280.5755
-10.0,780.0,1711.5297,286.7489
-10.0,790.0,1716.2627,292.9701
-10.0,800.0,1721.0407,299.2385
-10.0,810.0,1725.8635,305.5535
-10.0,820.0,1730.7306,311.9142
-10.0,830.0,1735.6416,318.3201
-10.0,840.0,1740.5963,324.7705
-10.0,850.0,1745.5942,331.2648
-10.0,860.0,1750.6349,337.8023
-10.0,870.0,1755.7181,344.3824
-10.0,880.0,1760.8435,351.0045
-10.0,890.0,1766.0106,357.6679
-10.0,900.0,1771.2191,364.3721
-10.0,910.0,1776.4685,371.1165
-10.0,920.0,1781.7587,377.9004
-10.0,930.0,1787.0892,384.7232
-10.0,940.0,1792.4595,391.5845
-10.0,950.0,1797.8695,398.4837
-10.0,960.0,1803.3187,405.4201
-10.0,970.0,1808.8068,412.3932
-10.0,980.0,1814.3334,419.4026
-10.0,990.0,1819.8981,426.4476
-10.0,1000.0,1825.5007,433.5277
0.0,-1000.0,1817.2389,426.5009
0.0,-990.0,1811.6108,419.3857
0.0,-980.0,1806.0205,412.3055
0.0,-970.0,1800.4684,405.2607
0.0,-960.0,1794.9549,398.252
0.0,-950.0,1789.4802,391.2798
0.0,-940.0,1784.0448,384.3448
0.0,-930.0,1778.649,377.4474
0.0,-920.0,1773.2932,370.5884
0.0,-910.0,1767.9777,363.7681
0.0,-900.0,1762.7029,356.9872
0.0,-890.0,1757.4692,350.2464
0.0,-880.0,1752.2769,343.5461
0.0,-870.0,1747.1264,336.8871
0.0,-860.0,1742.0181,330.2699
0.0,-850.0,1736.9524,323.6952
0.0,-840.0,1731.9296,317.1636
0.0,-830.0,1726.9501,310.6758
0.0,-820.0,1722.0142,304.2323
0.0,-810.0,1717.1224,297.8339
0.0,-800.0,1712.275,291.4813
0.0,-790.0,1707.4725,285.175
0.0,-780.0,1702.7151,278.9159
0.0,-770.0,1698.0033,272.7045
0.0,-760.0,1693.3374,266.5416
0.0,-750.0,1688.7178,260.4279
0.0,-740.0,1684.145,254.3642
0.0,-730.0,1679.6192,248.3511
0.0,-720.0,1675.1409,242.3894
0.0,-710.0,1670.7105,236.4798
0.0,-700.0,1666.3283,230.6232
0.0,-690.0,1661.9947,224.8201
0.0,-680.0,1657.7101,219.0715
0.0,-670.0,1653.4749,213.378
0.0,-660.0,1649.2895,207.7405
0.0,-650.0,1645.1542,202.1598
0.0,-640.0,1641.0694,196.6366
0.0,-630.0,1637.0354,191.1717
0.0,-620.0,1633.0528,185.766
0.0,-610.0,1629.1218,180.4202
0.0,-600.0,1625.2429,175.1353
0.0,-590.0,1621.4163,169.9119
0.0,-580.0,1617.6425,164.751
0.0,-570.0,1613.9218,159.6533
0.0,-560.0,1610.2547,154.6197
0.0,-550.0,1606.6414,149.6511
0.0,-540.0,1603.0823,144.7483
0.0,-530.0,1599.5779,139.9121
0.0,-520.0,1596.1284,135.1434
0.0,-510.0,1592.7342,130.443
0.0,-500.0,1589.3957,125.8119
0.0,-490.0,1586.1132,121.2508
0.0,-480.0,1582.8871,116.7606
0.0,-470.0,1579.7177,112.3422
0.0,-460.0,1576.6053,107.9965
0.0,-450.0,1573.5504,103.7242
0.0,-440.0,1570.5531,99.5263
0.0,-430.0,1567.614,95.4036
0.0,-420.0,1564.7332,91.357
0.0,-410.0,1561.9112,87.3872
0.0,-400.0,1559.1481,83.4952
0.0,-390.0,1556.4444,79.6818
0.0,-380.0,1553.8004,75.9479
0.0,-370.0,1551.2164,72.2942
0.0,-360.0,1548.6925,68.7215
0.0,-350.0,1546.2293,65.2308
0.0,-340.0,1543.8269,61.8228
0.0,-330.0,1541.4856,58.4983
0.0,-320.0,1539.2057,55.258
0.0,-310.0,1536.9876,52.1029
0.0,-300.0,1534.8313,49.0336
0.0,-290.0,1532.7373,46.0509
0.0,-280.0,1530.7057,43.1555
0.0,-270.0,1528.7369,40.3482
0.0,-260.0,1526.831,37.6296
0.0,-250.0,1524.9883,35.0006
0.0,-240.0,1523.209,32.4617
0.0,-230.0,1521.4934,30.0136
0.0,-220.0,1519.8416,27.6571
0.0,-210.0,1518.2539,25.3926
0.0,-200.0,1516.7305,23.2209
0.0,-190.0,1515.2716,21.1425
0.0,-180.0,1513.8772,19.1579
0.0,-170.0,1512.5478,17.2678
0.0,-160.0,1511.2833,15.4727
0.0,-150.0,1510.084,13.773
0.0,-140.0,1508.95,12.1693
0.0,-130.0,1507.8814,10.662
0.0,-120.0,1506.8785,9.2515
0.0,-110.0,1505.9413,7.9383
0.0,-100.0,1505.07,6.7226
0.0,-90.0,1504.2647,5.605
0.0,-80.0,1503.5254,4.5857
0.0,-70.0,1502.8523,3.665
0.0,-60.0,1502.2455,2.8431
0.0,-50.0,1501.705,2.1204
0.0,-40.0,1501.2309,1.497
0.0,-30.0,1500.8233,0.9731
0.0,-20.0,1500.4823,0.5489
0.0,-10.0,1500.2078,0.2245
0.0,0.0,1500.0,0.0
0.0,10.0,1500.2078,0.2245
0.0,20.0,1500.4823,0.5489
0.0,30.0,1500.8233,0.9731
0.0,40.0,1501.2309,1.497
0.0,50.0,1501.705,2.1204
0.0,60.0,1502.2455,2.8431
0.0,70.0,1502.8523,3.665
0.0,80.0,1503.5254,4.5857
0.0,90.0,1504.2647,5.605
0.0,100.0,1505.07,6.7226
0.0,110.0,1505.9413,7.9383
0.0,120.0,1506.8785,9.2515
0.0,130.0,1507.8814,10.662
0.0,140.0,1508.95,12.1693
0.0,150.0,1510.084,13.773
0.0,160.0,1511.2833,15.4727
0.0,170.0,1512.5478,17.2678
0.0,180.0,1513.8772,19.1579
0.0,190.0,1515.2716,21.1425
0.0,200.0,1516.7305,23.2209
0.0,210.0,1518.2539,25.3926
0.0,220.0,1519.8416,27.6571
0.0,230.0,1521.4934,30.0136
0.0,240.0,1523.209,32.4617
0.0,250.0,1524.9883,35.0006
0.0,260.0,1526.831,37.6296
0.0,270.0,1528.7369,40.3482
0.0,280.0,1530.7057,43.1555
0.0,290.0,1532.7373,46.0509
0.0,300.0,1534.8313,49.0336
0.0,310.0,1536.9876,52.1029
0.0,320.0,1539.2057,55.258
0.0,330.0,1541.4856,58.4983
0.0,340.0,1543.8269,61.8228
0.0,350.0,1546.2293,65.2308
0.0,360.0,1548.6925,68.7215
0.0,370.0,1551.2164,72.2942
0.0,380.0,1553.8004,75.9479
0.0,390.0,1556.4444,79.6818
0.0,400.0,1559.1481,83.4952
0.0,410.0,1561.9112,87.3872
0.0,420.0,1564.7332,91.357
0.0,430.0,1567.614,95.4036
0.0,440.0,1570.5531,99.5263
0.0,450.0,1573.5504,103.7242
0.0,460.0,1576.6053,107.9965
0.0,470.0,1579.7177,112.3422
0.0,480.0,1582.8871,116.7606
0.0,490.0,1586.1132,121.2508
0.0,500.0,1589.3957,125.8119
0.0,510.0,1592.7342,130.443
0.0,520.0,1596.1284,135.1434
0.0,530.0,1599.5779,139.9121
0.0,540.0,1603.0823,144.7483
0.0,550.0,1606.6414,149.6511
0.0,560.0,1610.2547,154.6197
0.0,570.0,1613.9218,159.6533
0.0,580.0,1617.6425,164.751
0.0,590.0,1621.4163,169.9119
0.0,600.0,1625.2429,175.1353
0.0,610.0,1629.1218,180.4202
0.0,620.0,1633.0528,185.766
0.0,630.0,1637.0354,191.1717
0.0,640.0,1641.0694,196.6366
0.0,650.0,1645.1542,202.1598
0.0,660.0,1649.2895,207.7405
0.0,670.0,1653.4749,213.378
0.0,680.0,1657.7101,219.0715
0.0,690.0,1661.9947,224.8201
0.0,700.0,1666.3283,230.6232
0.0,710.0,1670.7105,236.4798
0.0,720.0,1675.1409,242.3894
0.0,730.0,1679.6192,248.3511
0.0,740.0,1684.145,254.3642
0.0,750.0,1688.7178,260.4279
0.0,760.0,1693.3374,266.5416
0.0,770.0,1698.0033,272.7045
0.0,780.0,1702.7151,278.9159
0.0,790.0,1707.4725,285.175
0.0,800.0,1712.275,291.4813
0.0,810.0,1717.1224,297.8339
0.0,820.0,1722.0142,304.2323
0.0,830.0,1726.9501,310.6758
0.0,840.0,1731.9296,317.1636
0.0,850.0,1736.9524,323.6952
0.0,860.0,1742.0181,330.2699
0.0,870.0,1747.1264,336.8871
0.0,880.0,1752.2769,343.5461
0.0,890.0,1757.4692,350.2464
0.0,900.0,1762.7029,356.9872
0.0,910.0,1767.9777,363.7681
0.0,920.0,1773.2932,370.5884
0.0,930.0,1778.649,377.4474
0.0,940.0,1784.0448,384.3448
0.0,950.0,1789.4802,391.2798
0.0,960.0,1794.9549,398.252
0.0,970.0,1800.4684,405.2607
0.0,980.0,1806.0205,412.3055
0.0,990.0,1811.6108,419.3857
0.0,1000.0,1817.2389,426.5009
10.0,-1000.0,1808.9947,419.5097
10.0,-990.0,1803.3408,412.3593
10.0,-980.0,1797.7249,405.2437
10.0,-970.0,1792.1471,398.1633
10.0,-960.0,1786.6078,391.1189
10.0,-950.0,1781.1075,384.1108
10.0,-940.0,1775.6465,377.1396
10.0,-930.0,1770.2251,370.206
10.0,-920.0,1764.8437,363.3105
10.0,-910.0,1759.5027,356.4536
10.0,-900.0,1754.2024,349.636
10.0,-890.0,1748.9433,342.8583
10.0,-880.0,1743.7256,336.121
10.0,-870.0,1738.5498,329.4248
10.0,-860.0,1733.4162,322.7703
10.0,-850.0,1728.3253,316.1581
10.0,-840.0,1723.2773,309.5889
10.0,-830.0,1718.2727,303.0633
10.0,-820.0,1713.3118,296.582
10.0,-810.0,1708.3951,290.1457
10.0,-800.0,1703.5229,283.755
10.0,-790.0,1698.6956,277.4106
10.0,-780.0,1693.9136,271.1132
10.0,-770.0,1689.1772,264.8635
10.0,-760.0,1684.4869,258.6623
10.0,-750.0,1679.843,252.5101
10.0,-740.0,1675.2459,246.4079
10.0,-730.0,1670.6961,240.3562
10.0,-720.0,1666.1938,234.3559
10.0,-710.0,1661.7395,228.4077
10.0,-700.0,1657.3336,222.5123
10.0,-690.0,1652.9764,216.6706
10.0,-680.0,1648.6684,210.8833
10.0,-670.0,1644.4099,205.1511
10.0,-660.0,1640.2013,199.475
10.0,-650.0,1636.043,193.8556
10.0,-640.0,1631.9354,188.2938
10.0,-630.0,1627.8789,182.7904
10.0,-620.0,1623.8738,177.3462
10.0,-610.0,1619.9205,171.962
10.0,-600.0,1616.0195,166.6387
10.0,-590.0,1612.171,161.3772
10.0,-580.0,1608.3755,156.1781
10.0,-570.0,1604.6333,151.0425
10.0,-560.0,1600.9449,145.9711
10.0,-550.0,1597.3106,140.9648
10.0,-540.0,1593.7307,136.0245
10.0,-530.0,1590.2056,131.151
10.0,-520.0,1586.7357,126.3452
10.0,-510.0,1583.3214,121.608
10.0,-500.0,1579.963,116.9402
10.0,-490.0,1576.6609,112.3428
10.0,-480.0,1573.4154,107.8165
10.0,-470.0,1570.2269,103.3623
10.0,-460.0,1567.0957,98.981
10.0,-450.0,1564.0222,94.6736
10.0,-440.0,1561.0066,90.4408
10.0,-430.0,1558.0495,86.2836
10.0,-420.0,1555.151,82.2029
10.0,-410.0,1552.3115,78.1994
10.0,-400.0,1549.5314,74.2742
10.0,-390.0,1546.8109,70.4279
10.0,-380.0,1544.1504,66.6616
10.0,-370.0,1541.5501,62.9759
10.0,-360.0,1539.0105,59.3719
10.0,-350.0,1536.5317,55.8502
10.0,-340.0,1534.1141,52.4118
10.0,-330.0,1531.758,49.0575
10.0,-320.0,1529.4636,45.788
10.0,-310.0,1527.2313,42.6042
10.0,-300.0,1525.0612,39.5068
10.0,-290.0,1522.9538,36.4967
10.0,-280.0,1520.9091,33.5746
10.0,-270.0,1518.9276,30.7412
10.0,-260.0,1517.0094,27.9972
10.0,-250.0,1515.1547,25.3435
10.0,-240.0,1513.3639,22.7806
10.0,-230.0,1511.6371,20.3093
10.0,-220.0,1509.9746,17.9303
10.0,-210.0,1508.3765,15.6442
10.0,-200.0,1506.8431,13.4515
10.0,-190.0,1505.3745,11.353
10.0,-180.0,1503.971,9.3493
10.0,-170.0,1502.6328,7.4407
10.0,-160.0,1501.36,5.6281
10.0,-150.0,1500.1527,3.9117
10.0,-140.0,1499.0112,2.2922
10.0,-130.0,1497.9356,0.77
10.0,-120.0,1496.926,-0.6544
10.0,-110.0,1495.9826,-1.9807
10.0,-100.0,1495.1054,-3.2084
10.0,-90.0,1494.2947,-4.3372
10.0,-80.0,1493.5505,-5.3667
10.0,-70.0,1492.8729,-6.2966
10.0,-60.0,1492.262,-7.1267
10.0,-50.0,1491.7179,-7.8567
10.0,-40.0,1491.2407,-8.4864
10.0,-30.0,1490.8304,-9.0155
10.0,-20.0,1490.4871,-9.444
10.0,-10.0,1490.2108,-9.7717
10.0,0.0,1490.0015,-9.9985
10.0,10.0,1490.2108,-9.7717
10.0,20.0,1490.4871,-9.444
10.0,30.0,1490.8304,-9.0155
10.0,40.0,1491.2407,-8.4864
10.0,50.0,1491.7179,-7.8567
10.0,60.0,1492.262,-7.1267
10.0,70.0,1492.8729,-6.2966
10.0,80.0,1493.5505,-5.3667
10.0,90.0,1494.2947,-4.3372
10.0,100.0,1495.1054,-3.2084
10.0,110.0,1495.9826,-1.9807
10.0,120.0,1496.926,-0.6544
10.0,130.0,1497.9356,0.77
10.0,140.0,1499.0112,2.2922
10.0,150.0,1500.1527,3.9117
10.0,160.0,1501.36,5.6281
10.0,170.0,1502.6328,7.4407
10.0,180.0,1503.971,9.3493
10.0,190.0,1505.3745,11.353
10.0,200.0,1506.8431,13.4515
10.0,210.0,1508.3765,15.6442
10.0,220.0,1509.9746,17.9303
10.0,230.0,1511.6371,20.3093
10.0,240.0,1513.3639,22.7806
10.0,250.0,1515.1547,25.3435
10.0,260.0,1517.0094,27.9972
10.0,270.0,1518.9276,30.7412
10.0,280.0,1520.9091,33.5746
10.0,290.0,1522.9538,36.4967
10.0,300.0,1525.0612,39.5068
10.0,310.0,1527.2313,42.6042
10.0,320.0,1529.4636,45.788
10.0,330.0,1531.758,49.0575
10.0,340.0,1534.1141,52.4118
10.0,350.0,1536.5317,55.8502
10.0,360.0,1539.0105,59.3719
10.0,370.0,1541.5501,62.9759
10.0,380.0,1544.1504,66.6616
10.0,390.0,1546.8109,70.4279
10.0,400.0,1549.5314,74.2742
10.0,410.0,1552.3115,78.1994
10.0,420.0,1555.151,82.2029
10.0,430.0,1558.0495,86.2836
10.0,440.0,1561.0066,90.4408
10.0,450.0,1564.0222,94.6736
10.0,460.0,1567.0957,98.981
10.0,470.0,1570.2269,103.3623
10.0,480.0,1573.4154,107.8165
10.0,490.0,1576.6609,112.3428
10.0,500.0,1579.963,116.9402
10.0,510.0,1583.3214,121.608
10.0,520.0,1586.7357,126.3452
10.0,530.0,1590.2056,131.151
10.0,540.0,1593.7307,136.0245
10.0,550.0,1597.3106,140.9648
10.0,560.0,1600.9449,145.9711
10.0,570.0,1604.6333,151.0425
10.0,580.0,1608.3755,156.1781
10.0,590.0,1612.171,161.3772
10.0,600.0,1616.0195,166.6387
10.0,610.0,1619.9205,171.962
10.0,620.0,1623.8738,177.3462
10.0,630.0,1627.8789,182.7904
10.0,640.0,1631.9354,188.2938
10.0,650.0,1636.043,193.8556
10.0,660.0,1640.2013,199.475
10.0,670.0,1644.4099,205.1511
10.0,680.0,1648.6684,210.8833
10.0,690.0,1652.9764,216.6706
10.0,700.0,1657.3336,222.5123
10.0,710.0,1661.7395,228.4077
10.0,720.0,1666.1938,234.3559
10.0,730.0,1670.6961,240.3562
10.0,740.0,1675.2459,246.4079
10.0,750.0,1679.843,252.5101
10.0,760.0,1684.4869,258.6623
10.0,770.0,1689.1772,264.8635
10.0,780.0,1693.9136,271.1132
10.0,790.0,1698.6956,277.4106
10.0,800.0,1703.5229,283.755
10.0,810.0,1708.3951,290.1457
10.0,820.0,1713.3118,296.582
10.0,830.0,1718.2727,303.0633
10.0,840.0,1723.2773,309.5889
10.0,850.0,1728.3253,316.1581
10.0,860.0,1733.4162,322.7703
10.0,870.0,1738.5498,329.4248
10.0,880.0,1743.7256,336.121
10.0,890.0,1748.9433,342.8583
10.0,900.0,1754.2024,349.636
10.0,910.0,1759.5027,356.4536
10.0,920.0,1764.8437,363.3105
10.0,930.0,1770.2251,370.206
10.0,940.0,1775.6465,377.1396
10.0,950.0,1781.1075,384.1108
10.0,960.0,1786.6078,391.1189
10.0,970.0,1792.1471,398.1633
10.0,980.0,1797.7249,405.2437
10.0,990.0,1803.3408,412.3593
10.0,1000.0,1808.9947,419.5097
20.0,-1000.0,1800.7683,412.5547
20.0,-990.0,1795.0885,405.3689
20.0,-980.0,1789.4466,398.2177
20.0,-970.0,1783.8429,391.1016
20.0,-960.0,1778.2778,384.0212
20.0,-950.0,1772.7517,376.977
20.0,-940.0,1767.2648,369.9696
20.0,-930.0,1761.8176,362.9995
20.0,-920.0,1756.4105,356.0673
20.0,-910.0,1751.0437,349.1736
20.0,-900.0,1745.7178,342.319
20.0,-890.0,1740.433,335.5042
20.0,-880.0,1735.1898,328.7296
20.0,-870.0,1729.9884,321.9959
20.0,-860.0,1724.8294,315.3039
20.0,-850.0,1719.713,308.654
20.0,-840.0,1714.6397,302.0469
20.0,-830.0,1709.6098,295.4833
20.0,-820.0,1704.6237,288.9639
20.0,-810.0,1699.6819,282.4894
20.0,-800.0,1694.7846,276.0603
20.0,-790.0,1689.9323,269.6775
20.0,-780.0,1685.1254,263.3415
20.0,-770.0,1680.3643,257.0532
20.0,-760.0,1675.6493,250.8132
20.0,-750.0,1670.9809,244.6223
20.0,-740.0,1666.3593,238.4812
20.0,-730.0,1661.7852,232.3906
20.0,-720.0,1657.2587,226.3513
20.0,-710.0,1652.7803,220.3641
20.0,-700.0,1648.3504,214.4297
20.0,-690.0,1643.9695,208.5489
20.0,-680.0,1639.6378,202.7225
20.0,-670.0,1635.3558,196.9513
20.0,-660.0,1631.1238,191.236
20.0,-650.0,1626.9423,185.5776
20.0,-640.0,1622.8117,179.9768
20.0,-630.0,1618.7323,174.4344
20.0,-620.0,1614.7045,168.9513
20.0,-610.0,1610.7287,163.5283
20.0,-600.0,1606.8054,158.1662
20.0,-590.0,1602.9348,152.866
20.0,-580.0,1599.1174,147.6284
20.0,-570.0,1595.3535,142.4543
20.0,-560.0,1591.6435,137.3446
20.0,-550.0,1587.9879,132.3002
20.0,-540.0,1584.387,127.3219
20.0,-530.0,1580.8411,122.4106
20.0,-520.0,1577.3506,117.5673
20.0,-510.0,1573.9159,112.7927
20.0,-500.0,1570.5374,108.0878
20.0,-490.0,1567.2154,103.4534
20.0,-480.0,1563.9503,98.8905
20.0,-470.0,1560.7425,94.4
20.0,-460.0,1557.5922,89.9827
20.0,-450.0,1554.4999,85.6396
20.0,-440.0,1551.4659,81.3714
20.0,-430.0,1548.4905,77.1793
20.0,-420.0,1545.5741,73.0639
20.0,-410.0,1542.717,69.0262
20.0,-400.0,1539.9195,65.0671
20.0,-390.0,1537.182,61.1875
20.0,-380.0,1534.5048,57.3883
20.0,-370.0,1531.8882,53.6702
20.0,-360.0,1529.3324,50.0342
20.0,-350.0,1526.838,46.4811
20.0,-340.0,1524.405,43.0119
20.0,-330.0,1522.0338,39.6272
20.0,-320.0,1519.7248,36.328
20.0,-310.0,1517.4781,33.115
20.0,-300.0,1515.2941,29.9891
20.0,-290.0,1513.1731,26.9511
20.0,-280.0,1511.1152,24.0017
20.0,-270.0,1509.1208,21.1417
20.0,-260.0,1507.1901,18.3719
20.0,-250.0,1505.3234,15.693
20.0,-240.0,1503.5208,13.1057
20.0,-230.0,1501.7827,10.6108
20.0,-220.0,1500.1092,8.2089
20.0,-210.0,1498.5006,5.9006
20.0,-200.0,1496.9571,3.6867
20.0,-190.0,1495.4789,1.5678
20.0,-180.0,1494.0661,-0.4556
20.0,-170.0,1492.719,-2.3829
20.0,-160.0,1491.4377,-4.2134
20.0,-150.0,1490.2224,-5.9468
20.0,-140.0,1489.0733,-7.5824
20.0,-130.0,1487.9904,-9.1197
20.0,-120.0,1486.9741,-10.5584
20.0,-110.0,1486.0244,-11.898
20.0,-100.0,1485.1414,-13.138
20.0,-90.0,1484.3252,-14.2782
20.0,-80.0,1483.576,-15.3181
20.0,-70.0,1482.8938,-16.2574
20.0,-60.0,1482.2788,-17.0959
20.0,-50.0,1481.7311,-17.8333
20.0,-40.0,1481.2506,-18.4694
20.0,-30.0,1480.8376,-19.004
20.0,-20.0,1480.4919,-19.4368
20.0,-10.0,1480.2137,-19.7678
20.0,0.0,1480.0031,-19.9969
20.0,10.0,1480.2137,-19.7678
20.0,20.0,1480.4919,-19.4368
20.0,30.0,1480.8376,-19.004
20.0,40.0,1481.2506,-18.4694
20.0,50.0,1481.7311,-17.8333
20.0,60.0,1482.2788,-17.0959
20.0,70.0,1482.8938,-16.2574
20.0,80.0,1483.576,-15.3181
20.0,90.0,1484.3252,-14.2782
20.0,100.0,1485.1414,-13.138
20.0,110.0,1486.0244,-11.898
20.0,120.0,1486.9741,-10.5584
20.0,130.0,1487.9904,-9.1197
20.0,140.0,1489.0733,-7.5824
20.0,150.0,1490.2224,-5.9468
20.0,160.0,1491.4377,-4.2134
20.0,170.0,1492.719,-2.3829
20.0,180.0,1494.0661,-0.4556
20.0,190.0,1495.4789,1.5678
20.0,200.0,1496.9571,3.6867
20.0,210.0,1498.5006,5.9006
20.0,220.0,1500.1092,8.2089
20.0,230.0,1501.7827,10.6108
20.0,240.0,1503.5208,13.1057
20.0,250.0,1505.3234,15.693
20.0,260.0,1507.1901,18.3719
20.0,270.0,1509.1208,21.1417
20.0,280.0,1511.1152,24.0017
20.0,290.0,1513.1731,26.9511
20.0,300.0,1515.2941,29.9891
20.0,310.0,1517.4781,33.115
20.0,320.0,1519.7248,36.328
20.0,330.0,1522.0338,39.6272
20.0,340.0,1524.405,43.0119
20.0,350.0,1526.838,46.4811
20.0,360.0,1529.3324,50.0342
20.0,370.0,1531.8882,53.6702
20.0,380.0,1534.5048,57.3883
20.0,390.0,1537.182,61.1875
20.0,400.0,1539.9195,65.0671
20.0,410.0,1542.717,69.0262
20.0,420.0,1545.5741,73.0639
20.0,430.0,1548.4905,77.1793
20.0,440.0,1551.4659,81.3714
20.0,450.0,1554.4999,85.6396
20.0,460.0,1557.5922,89.9827
20.0,470.0,1560.7425,94.4
20.0,480.0,1563.9503,98.8905
20.0,490.0,1567.2154,103.4534
20.0,500.0,1570.5374,108.0878
20.0,510.0,1573.9159,112.7927
20.0,520.0,1577.3506,117.5673
20.0,530.0,1580.8411,122.4106
20.0,540.0,1584.387,127.3219
20.0,550.0,1587.9879,132.3002
20.0,560.0,1591.6435,137.3446
20.0,570.0,1595.3535,142.4543
20.0,580.0,1599.1174,147.6284
20.0,590.0,1602.9348,152.866
20.0,600.0,1606.8054,158.1662
20.0,610.0,1610.7287,163.5283
20.0,620.0,1614.7045,168.9513
20.0,630.0,1618.7323,174.4344
20.0,640.0,1622.8117,179.9768
20.0,650.0,1626.9423,185.5776
20.0,660.0,1631.1238,191.236
20.0,670.0,1635.3558,196.9513
20.0,680.0,1639.6378,202.7225
20.0,690.0,1643.9695,208.5489
20.0,700.0,1648.3504,214.4297
20.0,710.0,1652.7803,220.3641
20.0,720.0,1657.2587,226.3513
20.0,730.0,1661.7852,232.3906
20.0,740.0,1666.3593,238.4812
20.0,750.0,1670.9809,244.6223
20.0,760.0,1675.6493,250.8132
20.0,770.0,1680.3643,257.0532
20.0,780.0,1685.1254,263.3415
20.0,790.0,1689.9323,269.6775
20.0,800.0,1694.7846,276.0603
20.0,810.0,1699.6819,282.4894
20.0,820.0,1704.6237,288.9639
20.0,830.0,1709.6098,295.4833
20.0,840.0,1714.6397,302.0469
20.0,850.0,1719.713,308.654
20.0,860.0,1724.8294,315.3039
20.0,870.0,1729.9884,321.9959
20.0,880.0,1735.1898,328.7296
20.0,890.0,1740.433,335.5042
20.0,900.0,1745.7178,342.319
20.0,910.0,1751.0437,349.1736
20.0,920.0,1756.4105,356.0673
20.0,930.0,1761.8176,362.9995
20.0,940.0,1767.2648,369.9696
20.0,950.0,1772.7517,376.977
20.0,960.0,1778.2778,384.0212
20.0,970.0,1783.8429,391.1016
20.0,980.0,1789.4466,398.2177
20.0,990.0,1795.0885,405.3689
20.0,1000.0,1800.7683,412.5547
30.0,-1000.0,1792.5599,405.6365
30.0,-990.0,1786.854,398.4151
30.0,-980.0,1781.1861,391.2282
30.0,-970.0,1775.5563,384.0762
30.0,-960.0,1769.9652,376.9596
30.0,-950.0,1764.413,369.8791
30.0,-940.0,1758.9001,362.8352
30.0,-930.0,1753.4269,355.8284
30.0,-920.0,1747.9938,348.8594
30.0,-910.0,1742.6012,341.9287
30.0,-900.0,1737.2493,335.0369
30.0,-890.0,1731.9387,328.1846
30.0,-880.0,1726.6696,321.3725
30.0,-870.0,1721.4426,314.6012
30.0,-860.0,1716.2578,307.8713
30.0,-850.0,1711.1158,301.1834
30.0,-840.0,1706.0169,294.5382
30.0,-830.0,1700.9616,287.9364
30.0,-820.0,1695.9501,281.3786
30.0,-810.0,1690.9829,274.8655
30.0,-800.0,1686.0603,268.3978
30.0,-790.0,1681.1829,261.9762
30.0,-780.0,1676.3509,255.6014
30.0,-770.0,1671.5648,249.2741
30.0,-760.0,1666.8249,242.9951
30.0,-750.0,1662.1316,236.765
30.0,-740.0,1657.4855,230.5847
30.0,-730.0,1652.8867,224.4548
30.0,-720.0,1648.3358,218.3762
30.0,-710.0,1643.8331,212.3496
30.0,-700.0,1639.3791,206.3758
30.0,-690.0,1634.9741,200.4555
30.0,-680.0,1630.6185,194.5896
30.0,-670.0,1626.3127,188.7789
30.0,-660.0,1622.0572,183.0242
30.0,-650.0,1617.8522,177.3263
30.0,-640.0,1613.6983,171.6861
30.0,-630.0,1609.5958,166.1043
30.0,-620.0,1605.5451,160.5818
30.0,-610.0,1601.5466,155.1195
30.0,-600.0,1597.6007,149.7182
30.0,-590.0,1593.7078,144.3789
30.0,-580.0,1589.8682,139.1022
30.0,-570.0,1586.0824,133.8893
30.0,-560.0,1582.3507,128.7408
30.0,-550.0,1578.6736,123.6578
30.0,-540.0,1575.0513,118.641
30.0,-530.0,1571.4843,113.6915
30.0,-520.0,1567.973,108.81
30.0,-510.0,1564.5178,103.9976
30.0,-500.0,1561.1189,99.255
30.0,-490.0,1557.7769,94.5833
30.0,-480.0,1554.4919,89.9832
30.0,-470.0,1551.2645,85.4558
30.0,-460.0,1548.095,81.002
30.0,-450.0,1544.9836,76.6226
30.0,-440.0,1541.9309,72.3186
30.0,-430.0,1538.9371,68.0909
30.0,-420.0,1536.0025,63.9404
30.0,-410.0,1533.1276,59.868
30.0,-400.0,1530.3126,55.8745
30.0,-390.0,1527.5579,51.961
30.0,-380.0,1524.8637,48.1283
30.0,-370.0,1522.2306,44.3773
30.0,-360.0,1519.6586,40.7088
30.0,-350.0,1517.1482,37.1238
30.0,-340.0,1514.6997,33.6231
30.0,-330.0,1512.3133,30.2076
30.0,-320.0,1509.9894,26.8781
30.0,-310.0,1507.7282,23.6355
30.0,-300.0,1505.5301,20.4806
30.0,-290.0,1503.3953,17.4141
30.0,-280.0,1501.324,14.437
30.0,-270.0,1499.3166,11.55
30.0,-260.0,1497.3732,8.7539
30.0,-250.0,1495.4942,6.0494
30.0,-240.0,1493.6798,3.4372
30.0,-230.0,1491.9302,0.9182
30.0,-220.0,1490.2457,-1.507
30.0,-210.0,1488.6265,-3.8378
30.0,-200.0,1487.0727,-6.0734
30.0,-190.0,1485.5846,-8.2132
30.0,-180.0,1484.1624,-10.2566
30.0,-170.0,1482.8063,-12.203
30.0,-160.0,1481.5164,-14.0518
30.0,-150.0,1480.293,-15.8024
30.0,-140.0,1479.1361,-17.4544
30.0,-130.0,1478.0461,-19.0073
30.0,-120.0,1477.0229,-20.4605
30.0,-110.0,1476.0667,-21.8136
30.0,-100.0,1475.1778,-23.0662
30.0,-90.0,1474.3561,-24.218
30.0,-80.0,1473.6018,-25.2685
30.0,-70.0,1472.915,-26.2174
30.0,-60.0,1472.2959,-27.0645
30.0,-50.0,1471.7444,-27.8095
30.0,-40.0,1471.2607,-28.4521
30.0,-30.0,1470.8448,-28.9921
30.0,-20.0,1470.4968,-29.4294
30.0,-10.0,1470.2167,-29.7639
30.0,0.0,1470.0047,-29.9953
30.0,10.0,1470.2167,-29.7639
30.0,20.0,1470.4968,-29.4294
30.0,30.0,1470.8448,-28.9921
30.0,40.0,1471.2607,-28.4521
30.0,50.0,1471.7444,-27.8095
30.0,60.0,1472.2959,-27.0645
30.0,70.0,1472.915,-26.2174
30.0,80.0,1473.6018,-25.2685
30.0,90.0,1474.3561,-24.218
30.0,100.0,1475.1778,-23.0662
30.0,110.0,1476.0667,-21.8136
30.0,120.0,1477.0229,-20.4605
30.0,130.0,1478.0461,-19.0073
30.0,140.0,1479.1361,-17.4544
30.0,150.0,1480.293,-15.8024
30.0,160.0,1481.5164,-14.0518
30.0,170.0,1482.8063,-12.203
30.0,180.0,1484.1624,-10.2566
30.0,190.0,1485.5846,-8.2132
30.0,200.0,1487.0727,-6.0734
30.0,210.0,1488.6265,-3.8378
30.0,220.0,1490.2457,-1.507
30.0,230.0,1491.9302,0.9182
30.0,240.0,1493.6798,3.4372
30.0,250.0,1495.4942,6.0494
30.0,260.0,1497.3732,8.7539
30.0,270.0,1499.3166,11.55
30.0,280.0,1501.324,14.437
30.0,290.0,1503.3953,17.4141
30.0,300.0,1505.5301,20.4806
30.0,310.0,1507.7282,23.6355
30.0,320.0,1509.9894,26.8781
30.0,330.0,1512.3133,30.2076
30.0,340.0,1514.6997,33.6231
30.0,350.0,1517.1482,37.1238
30.0,360.0,1519.6586,40.7088
30.0,370.0,1522.2306,44.3773
30.0,380.0,1524.8637,48.1283
30.0,390.0,1527.5579,51.961
30.0,400.0,1530.3126,55.8745
30.0,410.0,1533.1276,59.868
30.0,420.0,1536.0025,63.9404
30.0,430.0,1538.9371,68.0909
30.0,440.0,1541.9309,72.3186
30.0,450.0,1544.9836,76.6226
30.0,460.0,1548.095,81.002
30.0,470.0,1551.2645,85.4558
30.0,480.0,1554.4919,89.9832
30.0,490.0,1557.7769,94.5833
30.0,500.0,1561.1189,99.255
30.0,510.0,1564.5178,103.9976
30.0,520.0,1567.973,108.81
30.0,530.0,1571.4843,113.6915
30.0,540.0,1575.0513,118.641
30.0,550.0,1578.6736,123.6578
30.0,560.0,1582.3507,128.7408
30.0,570.0,1586.0824,133.8893
30.0,580.0,1589.8682,139.1022
30.0,590.0,1593.7078,144.3789
30.0,600.0,1597.6007,149.7182
30.0,610.0,1601.5466,155.1195
30.0,620.0,1605.5451,160.5818
30.0,630.0,1609.5958,166.1043
30.0,640.0,1613.6983,171.6861
30.0,650.0,1617.8522,177.3263
30.0,660.0,1622.0572,183.0242
30.0,670.0,1626.3127,188.7789
30.0,680.0,1630.6185,194.5896
30.0,690.0,1634.9741,200.4555
30.0,700.0,1639.3791,206.3758
30.0,710.0,1643.8331,212.3496
30.0,720.0,1648.3358,218.3762
30.0,730.0,1652.8867,224.4548
30.0,740.0,1657.4855,230.5847
30.0,750.0,1662.1316,236.765
30.0,760.0,1666.8249,242.9951
30.0,770.0,1671.5648,249.2741
30.0,780.0,1676.3509,255.6014
30.0,790.0,1681.1829,261.9762
30.0,800.0,1686.0603,268.3978
30.0,810.0,1690.9829,274.8655
30.0,820.0,1695.9501,281.3786
30.0,830.0,1700.9616,287.9364
30.0,840.0,1706.0169,294.5382
30.0,850.0,1711.1158,301.1834
30.0,860.0,1716.2578,307.8713
30.0,870.0,1721.4426,314.6012
30.0,880.0,1726.6696,321.3725
30.0,890.0,1731.9387,328.1846
30.0,900.0,1737.2493,335.0369
30.0,910.0,1742.6012,341.9287
30.0,920.0,1747.9938,348.8594
30.0,930.0,1753.4269,355.8284
30.0,940.0,1758.9001,362.8352
30.0,950.0,1764.413,369.8791
30.0,960.0,1769.9652,376.9596
30.0,970.0,1775.5563,384.0762
30.0,980.0,1781.1861,391.2282
30.0,990.0,1786.854,398.4151
30.0,1000.0,1792.5599,405.6365
40.0,-1000.0,1784.3698,398.7555
40.0,-990.0,1778.6377,391.4985
40.0,-980.0,1772.9434,384.2756
40.0,-970.0,1767.2874,377.0875
40.0,-960.0,1761.67,369.9346
40.0,-950.0,1756.0916,362.8176
40.0,-940.0,1750.5525,355.737
40.0,-930.0,1745.0531,348.6933
40.0,-920.0,1739.5939,341.6872
40.0,-910.0,1734.1751,334.7193
40.0,-900.0,1728.7972,327.7901
40.0,-890.0,1723.4605,320.9002
40.0,-880.0,1718.1655,314.0504
40.0,-870.0,1712.9124,307.2411
40.0,-860.0,1707.7018,300.4731
40.0,-850.0,1702.534,293.747
40.0,-840.0,1697.4093,287.0634
40.0,-830.0,1692.3282,280.423
40.0,-820.0,1687.2911,273.8266
40.0,-810.0,1682.2983,267.2747
40.0,-800.0,1677.3503,260.768
40.0,-790.0,1672.4475,254.3074
40.0,-780.0,1667.5901,247.8934
40.0,-770.0,1662.7788,241.5268
40.0,-760.0,1658.0138,235.2084
40.0,-750.0,1653.2956,228.9389
40.0,-740.0,1648.6245,222.719
40.0,-730.0,1644.0009,216.5495
40.0,-720.0,1639.4253,210.4312
40.0,-710.0,1634.8981,204.3648
40.0,-700.0,1630.4197,198.3512
40.0,-690.0,1625.9904,192.3911
40.0,-680.0,1621.6107,186.4853
40.0,-670.0,1617.2809,180.6347
40.0,-660.0,1613.0016,174.8401
40.0,-650.0,1608.773,169.1024
40.0,-640.0,1604.5956,163.4222
40.0,-630.0,1600.4697,157.8006
40.0,-620.0,1596.3959,152.2383
40.0,-610.0,1592.3744,146.7363
40.0,-600.0,1588.4057,141.2953
40.0,-590.0,1584.4902,135.9164
40.0,-580.0,1580.6282,130.6003
40.0,-570.0,1576.8202,125.3479
40.0,-560.0,1573.0665,120.1602
40.0,-550.0,1569.3676,115.038
40.0,-540.0,1565.7239,109.9823
40.0,-530.0,1562.1356,104.994
40.0,-520.0,1558.6032,100.0739
40.0,-510.0,1555.1272,95.2231
40.0,-500.0,1551.7077,90.4424
40.0,-490.0,1548.3453,85.7327
40.0,-480.0,1545.0404,81.095
40.0,-470.0,1541.7932,76.5303
40.0,-460.0,1538.6041,72.0394
40.0,-450.0,1535.4736,67.6232
40.0,-440.0,1532.4019,63.2828
40.0,-430.0,1529.3894,59.019
40.0,-420.0,1526.4365,54.8328
40.0,-410.0,1523.5435,50.7251
40.0,-400.0,1520.7107,46.6968
40.0,-390.0,1517.9386,42.7488
40.0,-380.0,1515.2274,38.8821
40.0,-370.0,1512.5774,35.0976
40.0,-360.0,1509.989,31.3961
40.0,-350.0,1507.4625,27.7786
40.0,-340.0,1504.9982,24.246
40.0,-330.0,1502.5965,20.7991
40.0,-320.0,1500.2575,17.4388
40.0,-310.0,1497.9816,14.166
40.0,-300.0,1495.7692,10.9815
40.0,-290.0,1493.6204,7.8862
40.0,-280.0,1491.5356,4.8809
40.0,-270.0,1489.5149,1.9663
40.0,-260.0,1487.5588,-0.8566
40.0,-250.0,1485.6674,-3.5872
40.0,-240.0,1483.841,-6.2247
40.0,-230.0,1482.0798,-8.7683
40.0,-220.0,1480.384,-11.2173
40.0,-210.0,1478.754,-13.571
40.0,-200.0,1477.1898,-15.8287
40.0,-190.0,1475.6918,-17.9898
40.0,-180.0,1474.26,-20.0535
40.0,-170.0,1472.8948,-22.0194
40.0,-160.0,1471.5962,-23.8868
40.0,-150.0,1470.3645,-25.6551
40.0,-140.0,1469.1999,-27.3239
40.0,-130.0,1468.1024,-28.8925
40.0,-120.0,1467.0723,-30.3605
40.0,-110.0,1466.1097,-31.7275
40.0,-100.0,1465.2147,-32.9929
40.0,-90.0,1464.3874,-34.1565
40.0,-80.0,1463.628,-35.2179
40.0,-70.0,1462.9365,-36.1766
40.0,-60.0,1462.3131,-37.0325
40.0,-50.0,1461.7579,-37.7851
40.0,-40.0,1461.2709,-38.4344
40.0,-30.0,1460.8521,-38.9801
40.0,-20.0,1460.5018,-39.4219
40.0,-10.0,1460.2198,-39.7598
40.0,0.0,1460.0063,-39.9937
40.0,10.0,1460.2198,-39.7598
40.0,20.0,1460.5018,-39.4219
40.0,30.0,1460.8521,-38.9801
40.0,40.0,1461.2709,-38.4344
40.0,50.0,1461.7579,-37.7851
40.0,60.0,1462.3131,-37.0325
40.0,70.0,1462.9365,-36.1766
40.0,80.0,1463.628,-35.2179
40.0,90.0,1464.3874,-34.1565
40.0,100.0,1465.2147,-32.9929
40.0,110.0,1466.1097,-31.7275
40.0,120.0,1467.0723,-30.3605
40.0,130.0,1468.1024,-28.8925
40.0,140.0,1469.1999,-27.3239
40.0,150.0,1470.3645,-25.6551
40.0,160.0,1471.5962,-23.8868
40.0,170.0,1472.8948,-22.0194
40.0,180.0,1474.26,-20.0535
40.0,190.0,1475.6918,-17.9898
40.0,200.0,1477.1898,-15.8287
40.0,210.0,1478.754,-13.571
40.0,220.0,1480.384,-11.2173
40.0,230.0,1482.0798,-8.7683
40.0,240.0,1483.841,-6.2247
40.0,250.0,1485.6674,-3.5872
40.0,260.0,1487.5588,-0.8566
40.0,270.0,1489.5149,1.9663
40.0,280.0,1491.5356,4.8809
40.0,290.0,1493.6204,7.8862
40.0,300.0,1495.7692,10.9815
40.0,310.0,1497.9816,14.166
40.0,320.0,1500.2575,17.4388
40.0,330.0,1502.5965,20.7991
40.0,340.0,1504.9982,24.246
40.0,350.0,1507.4625,27.7786
40.0,360.0,1509.989,31.3961
40.0,370.0,1512.5774,35.0976
40.0,380.0,1515.2274,38.8821
40.0,390.0,1517.9386,42.7488
40.0,400.0,1520.7107,46.6968
40.0,410.0,1523.5435,50.7251
40.0,420.0,1526.4365,54.8328
40.0,430.0,1529.3894,59.019
40.0,440.0,1532.4019,63.2828
40.0,450.0,1535.4736,67.6232
40.0,460.0,1538.6041,72.0394
40.0,470.0,1541.7932,76.5303
40.0,480.0,1545.0404,81.095
40.0,490.0,1548.3453,85.7327
40.0,500.0,1551.7077,90.4424
40.0,510.0,1555.1272,95.2231
40.0,520.0,1558.6032,100.0739
40.0,530.0,1562.1356,104.994
40.0,540.0,1565.7239,109.9823
40.0,550.0,1569.3676,115.038
40.0,560.0,1573.0665,120.1602
40.0,570.0,1576.8202,125.3479
40.0,580.0,1580.6282,130.6003
40.0,590.0,1584.4902,135.9164
40.0,600.0,1588.4057,141.2953
40.0,610.0,1592.3744,146.7363
40.0,620.0,1596.3959,152.2383
40.0,630.0,1600.4697,157.8006
40.0,640.0,1604.5956,163.4222
40.0,650.0,1608.773,169.1024
40.0,660.0,1613.0016,174.8401
40.0,670.0,1617.2809,180.6347
40.0,680.0,1621.6107,186.4853
40.0,690.0,1625.9904,192.3911
40.0,700.0,1630.4197,198.3512
40.0,710.0,1634.8981,204.3648
40.0,720.0,1639.4253,210.4312
40.0,730.0,1644.0009,216.5495
40.0,740.0,1648.6245,222.719
40.0,750.0,1653.2956,228.9389
40.0,760.0,1658.0138,235.2084
40.0,770.0,1662.7788,241.5268
40.0,780.0,1667.5901,247.8934
40.0,790.0,1672.4475,254.3074
40.0,800.0,1677.3503,260.768
40.0,810.0,1682.2983,267.2747
40.0,820.0,1687.2911,273.8266
40.0,830.0,1692.3282,280.423
40.0,840.0,1697.4093,287.0634
40.0,850.0,1702.534,293.747
40.0,860.0,1707.7018,300.4731
40.0,870.0,1712.9124,307.2411
40.0,880.0,1718.1655,314.0504
40.0,890.0,1723.4605,320.9002
40.0,900.0,1728.7972,327.7901
40.0,910.0,1734.1751,334.7193
40.0,920.0,1739.5939,341.6872
40.0,930.0,1745.0531,348.6933
40.0,940.0,1750.5525,355.737
40.0,950.0,1756.0916,362.8176
40.0,960.0,1761.67,369.9346
40.0,970.0,1767.2874,377.0875
40.0,980.0,1772.9434,384.2756
40.0,990.0,1778.6377,391.4985
40.0,1000.0,1784.3698,398.7555
50.0,-1000.0,1776.1982,391.9124
50.0,-990.0,1770.4396,384.6194
50.0,-980.0,1764.7189,377.3605
50.0,-970.0,1759.0365,370.1361
50.0,-960.0,1753.3926,362.9468
50.0,-950.0,1747.7878,355.7931
50.0,-940.0,1742.2223,348.6756
50.0,-930.0,1736.6966,341.5948
50.0,-920.0,1731.211,334.5515
50.0,-910.0,1725.7659,327.5461
50.0,-900.0,1720.3617,320.5793
50.0,-890.0,1714.9988,313.6516
50.0,-880.0,1709.6775,306.7637
50.0,-870.0,1704.3983,299.9163
50.0,-860.0,1699.1616,293.11
50.0,-850.0,1693.9677,286.3453
50.0,-840.0,1688.817,279.6231
50.0,-830.0,1683.71,272.9439
50.0,-820.0,1678.647,266.3085
50.0,-810.0,1673.6285,259.7175
50.0,-800.0,1668.6547,253.1716
50.0,-790.0,1663.7263,246.6716
50.0,-780.0,1658.8434,240.2181
50.0,-770.0,1654.0066,233.812
50.0,-760.0,1649.2163,227.4538
50.0,-750.0,1644.4728,221.1445
50.0,-740.0,1639.7766,214.8847
50.0,-730.0,1635.128,208.6752
50.0,-720.0,1630.5275,202.5168
50.0,-710.0,1625.9755,196.4103
50.0,-700.0,1621.4724,190.3565
50.0,-690.0,1617.0187,184.3562
50.0,-680.0,1612.6146,178.4102
50.0,-670.0,1608.2606,172.5193
50.0,-660.0,1603.9572,166.6844
50.0,-650.0,1599.7047,160.9063
50.0,-640.0,1595.5035,155.1858
50.0,-630.0,1591.3541,149.5239
50.0,-620.0,1587.2569,143.9214
50.0,-610.0,1583.2122,138.3792
50.0,-600.0,1579.2204,132.8981
50.0,-590.0,1575.2821,127.4791
50.0,-580.0,1571.3975,122.123
50.0,-570.0,1567.5671,116.8308
50.0,-560.0,1563.7912,111.6033
50.0,-550.0,1560.0703,106.4415
50.0,-540.0,1556.4047,101.3464
50.0,-530.0,1552.795,96.3187
50.0,-520.0,1549.2413,91.3596
50.0,-510.0,1545.7442,86.4698
50.0,-500.0,1542.3039,81.6504
50.0,-490.0,1538.921,76.9023
50.0,-480.0,1535.5958,72.2264
50.0,-470.0,1532.3285,67.6238
50.0,-460.0,1529.1197,63.0952
50.0,-450.0,1525.9697,58.6418
50.0,-440.0,1522.8789,54.2644
50.0,-430.0,1519.8475,49.964
50.0,-420.0,1516.876,45.7415
50.0,-410.0,1513.9648,41.5979
50.0,-400.0,1511.1141,37.5342
50.0,-390.0,1508.3243,33.5512
50.0,-380.0,1505.5958,29.65
50.0,-370.0,1502.9288,25.8314
50.0,-360.0,1500.3238,22.0964
50.0,-350.0,1497.781,18.4458
50.0,-340.0,1495.3007,14.8807
50.0,-330.0,1492.8834,11.4019
50.0,-320.0,1490.5292,8.0103
50.0,-310.0,1488.2384,4.7068
50.0,-300.0,1486.0114,1.4922
50.0,-290.0,1483.8485,-1.6325
50.0,-280.0,1481.7499,-4.6666
50.0,-270.0,1479.716,-7.6092
50.0,-260.0,1477.7468,-10.4595
50.0,-250.0,1475.8429,-13.2166
50.0,-240.0,1474.0043,-15.8799
50.0,-230.0,1472.2313,-18.4485
50.0,-220.0,1470.5242,-20.9217
50.0,-210.0,1468.8832,-23.2988
50.0,-200.0,1467.3085,-25.579
50.0,-190.0,1465.8004,-27.7618
50.0,-180.0,1464.359,-29.8464
50.0,-170.0,1462.9845,-31.8321
50.0,-160.0,1461.6771,-33.7185
50.0,-150.0,1460.4371,-35.5048
50.0,-140.0,1459.2645,-37.1906
50.0,-130.0,1458.1596,-38.7753
50.0,-120.0,1457.1224,-40.2585
50.0,-110.0,1456.1532,-41.6395
50.0,-100.0,1455.2521,-42.9181
50.0,-90.0,1454.4191,-44.0938
50.0,-80.0,1453.6545,-45.1662
50.0,-70.0,1452.9583,-46.1349
50.0,-60.0,1452.3306,-46.9997
50.0,-50.0,1451.7716,-47.7603
50.0,-40.0,1451.2812,-48.4164
50.0,-30.0,1450.8596,-48.9677
50.0,-20.0,1450.5068,-49.4142
50.0,-10.0,1450.2229,-49.7557
50.0,0.0,1450.0079,-49.992
50.0,10.0,1450.2229,-49.7557
50.0,20.0,1450.5068,-49.4142
50.0,30.0,1450.8596,-48.9677
50.0,40.0,1451.2812,-48.4164
50.0,50.0,1451.7716,-47.7603
50.0,60.0,1452.3306,-46.9997
50.0,70.0,1452.9583,-46.1349
50.0,80.0,1453.6545,-45.1662
50.0,90.0,1454.4191,-44.0938
50.0,100.0,1455.2521,-42.9181
50.0,110.0,1456.1532,-41.6395
50.0,120.0,1457.1224,-40.2585
50.0,130.0,1458.1596,-38.7753
50.0,140.0,1459.2645,-37.1906
50.0,150.0,1460.4371,-35.5048
50.0,160.0,1461.6771,-33.7185
50.0,170.0,1462.9845,-31.8321
50.0,180.0,1464.359,-29.8464
50.0,190.0,1465.8004,-27.7618
50.0,200.0,1467.3085,-25.579
50.0,210.0,1468.8832,-23.2988
50.0,220.0,1470.5242,-20.9217
50.0,230.0,1472.2313,-18.4485
50.0,240.0,1474.0043,-15.8799
50.0,250.0,1475.8429,-13.2166
50.0,260.0,1477.7468,-10.4595
50.0,270.0,1479.716,-7.6092
50.0,280.0,1481.7499,-4.6666
50.0,290.0,1483.8485,-1.6325
50.0,300.0,1486.0114,1.4922
50.0,310.0,1488.2384,4.7068
50.0,320.0,1490.5292,8.0103
50.0,330.0,1492.8834,11.4019
50.0,340.0,1495.3007,14.8807
50.0,350.0,1497.781,18.4458
50.0,360.0,1500.3238,22.0964
50.0,370.0,1502.9288,25.8314
50.0,380.0,1505.5958,29.65
50.0,390.0,1508.3243,33.5512
50.0,400.0,1511.1141,37.5342
50.0,410.0,1513.9648,41.5979
50.0,420.0,1516.876,45.7415
50.0,430.0,1519.8475,49.964
50.0,440.0,1522.8789,54.2644
50.0,450.0,1525.9697,58.6418
50.0,460.0,1529.1197,63.0952
50.0,470.0,1532.3285,67.6238
50.0,480.0,1535.5958,72.2264
50.0,490.0,1538.921,76.9023
50.0,500.0,1542.3039,81.6504
50.0,510.0,1545.7442,86.4698
50.0,520.0,1549.2413,91.3596
50.0,530.0,1552.795,96.3187
50.0,540.0,1556.4047,101.3464
50.0,550.0,1560.0703,106.4415
50.0,560.0,1563.7912,111.6033
50.0,570.0,1567.5671,116.8308
50.0,580.0,1571.3975,122.123
50.0,590.0,1575.2821,127.4791
50.0,600.0,1579.2204,132.8981
50.0,610.0,1583.2122,138.3792
50.0,620.0,1587.2569,143.9214
50.0,630.0,1591.3541,149.5239
50.0,640.0,1595.5035,155.1858
50.0,650.0,1599.7047,160.9063
50.0,660.0,1603.9572,166.6844
50.0,670.0,1608.2606,172.5193
50.0,680.0,1612.6146,178.4102
50.0,690.0,1617.0187,184.3562
50.0,700.0,1621.4724,190.3565
50.0,710.0,1625.9755,196.4103
50.0,720.0,1630.5275,202.5168
50.0,730.0,1635.128,208.6752
50.0,740.0,1639.7766,214.8847
50.0,750.0,1644.4728,221.1445
50.0,760.0,1649.2163,227.4538
50.0,770.0,1654.0066,233.812
50.0,780.0,1658.8434,240.2181
50.0,790.0,1663.7263,246.6716
50.0,800.0,1668.6547,253.1716
50.0,810.0,1673.6285,259.7175
50.0,820.0,1678.647,266.3085
50.0,830.0,1683.71,272.9439
50.0,840.0,1688.817,279.6231
50.0,850.0,1693.9677,286.3453
50.0,860.0,1699.1616,293.11
50.0,870.0,1704.3983,299.9163
50.0,880.0,1709.6775,306.7637
50.0,890.0,1714.9988,313.6516
50.0,900.0,1720.3617,320.5793
50.0,910.0,1725.7659,327.5461
50.0,920.0,1731.211,334.5515
50.0,930.0,1736.6966,341.5948
50.0,940.0,1742.2223,348.6756
50.0,950.0,1747.7878,355.7931
50.0,960.0,1753.3926,362.9468
50.0,970.0,1759.0365,370.1361
50.0,980.0,1764.7189,377.3605
50.0,990.0,1770.4396,384.6194
50.0,1000.0,1776.1982,391.9124
60.0,-1000.0,1768.0454,385.1076
60.0,-990.0,1762.2602,377.7787
60.0,-980.0,1756.5129,370.4835
60.0,-970.0,1750.8038,363.2226
60.0,-960.0,1745.1333,355.9966
60.0,-950.0,1739.5019,348.8061
60.0,-940.0,1733.9098,341.6515
60.0,-930.0,1728.3575,334.5335
60.0,-920.0,1722.8453,327.4527
60.0,-910.0,1717.3737,320.4097
60.0,-900.0,1711.943,313.405
60.0,-890.0,1706.5536,306.4393
60.0,-880.0,1701.206,299.5132
60.0,-870.0,1695.9004,292.6273
60.0,-860.0,1690.6373,285.7824
60.0,-850.0,1685.4172,278.979
60.0,-840.0,1680.2403,272.2179
60.0,-830.0,1675.1071,265.4996
60.0,-820.0,1670.0181,258.8249
60.0,-810.0,1664.9735,252.1945
60.0,-800.0,1659.9739,245.6091
60.0,-790.0,1655.0195,239.0694
60.0,-780.0,1650.1109,232.5762
60.0,-770.0,1645.2485,226.1301
60.0,-760.0,1640.4325,219.7319
60.0,-750.0,1635.6636,213.3824
60.0,-740.0,1630.942,207.0824
60.0,-730.0,1626.2682,200.8325
60.0,-720.0,1621.6426,194.6337
60.0,-710.0,1617.0656,188.4867
60.0,-700.0,1612.5376,182.3923
60.0,-690.0,1608.059,176.3514
60.0,-680.0,1603.6304,170.3647
60.0,-670.0,1599.2519,164.4331
60.0,-660.0,1594.9242,158.5575
60.0,-650.0,1590.6475,152.7387
60.0,-640.0,1586.4224,146.9775
60.0,-630.0,1582.2492,141.2749
60.0,-620.0,1578.1283,135.6317
60.0,-610.0,1574.0601,130.0488
60.0,-600.0,1570.0451,124.5271
60.0,-590.0,1566.0837,119.0675
60.0,-580.0,1562.1762,113.671
60.0,-570.0,1558.3231,108.3384
60.0,-560.0,1554.5248,103.0707
60.0,-550.0,1550.7817,97.8688
60.0,-540.0,1547.0942,92.7337
60.0,-530.0,1543.4626,87.6662
60.0,-520.0,1539.8874,82.6674
60.0,-510.0,1536.369,77.7382
60.0,-500.0,1532.9077,72.8796
60.0,-490.0,1529.504,68.0925
60.0,-480.0,1526.1582,63.3779
60.0,-470.0,1522.8707,58.7368
60.0,-460.0,1519.642,54.17
60.0,-450.0,1516.4723,49.6787
60.0,-440.0,1513.362,45.2638
60.0,-430.0,1510.3116,40.9262
60.0,-420.0,1507.3213,36.6669
60.0,-410.0,1504.3915,32.4869
60.0,-400.0,1501.5227,28.3872
60.0,-390.0,1498.715,24.3687
60.0,-380.0,1495.969,20.4323
60.0,-370.0,1493.2848,16.5791
60.0,-360.0,1490.6629,12.81
60.0,-350.0,1488.1036,9.1258
60.0,-340.0,1485.6072,5.5277
60.0,-330.0,1483.1741,2.0164
60.0,-320.0,1480.8044,-1.4071
60.0,-310.0,1478.4986,-4.7419
60.0,-300.0,1476.2569,-7.987
60.0,-290.0,1474.0797,-11.1417
60.0,-280.0,1471.9672,-14.2051
60.0,-270.0,1469.9197,-17.1762
60.0,-260.0,1467.9374,-20.0543
60.0,-250.0,1466.0207,-22.8386
60.0,-240.0,1464.1698,-25.5281
60.0,-230.0,1462.3849,-28.1222
60.0,-220.0,1460.6663,-30.6201
60.0,-210.0,1459.0142,-33.0211
60.0,-200.0,1457.4289,-35.3243
60.0,-190.0,1455.9105,-37.5291
60.0,-180.0,1454.4593,-39.6349
60.0,-170.0,1453.0754,-41.6409
60.0,-160.0,1451.7591,-43.5466
60.0,-150.0,1450.5106,-45.3514
60.0,-140.0,1449.33,-47.0546
60.0,-130.0,1448.2175,-48.6557
60.0,-120.0,1447.1732,-50.1543
60.0,-110.0,1446.1973,-51.5498
60.0,-100.0,1445.29,-52.8417
60.0,-90.0,1444.4513,-54.0298
60.0,-80.0,1443.6814,-55.1134
60.0,-70.0,1442.9804,-56.0924
60.0,-60.0,1442.3484,-56.9663
60.0,-50.0,1441.7854,-57.7349
60.0,-40.0,1441.2917,-58.3979
60.0,-30.0,1440.8671,-58.9551
60.0,-20.0,1440.5119,-59.4064
60.0,-10.0,1440.226,-59.7515
60.0,0.0,1440.0095,-59.9903
60.0,10.0,1440.226,-59.7515
60.0,20.0,1440.5119,-59.4064
60.0,30.0,1440.8671,-58.9551
60.0,40.0,1441.2917,-58.3979
60.0,50.0,1441.7854,-57.7349
60.0,60.0,1442.3484,-56.9663
60.0,70.0,1442.9804,-56.0924
60.0,80.0,1443.6814,-55.1134
60.0,90.0,1444.4513,-54.0298
60.0,100.0,1445.29,-52.8417
60.0,110.0,1446.1973,-51.5498
60.0,120.0,1447.1732,-50.1543
60.0,130.0,1448.2175,-48.6557
60.0,140.0,1449.33,-47.0546
60.0,150.0,1450.5106,-45.3514
60.0,160.0,1451.7591,-43.5466
60.0,170.0,1453.0754,-41.6409
60.0,180.0,1454.4593,-39.6349
60.0,190.0,1455.9105,-37.5291
60.0,200.0,1457.4289,-35.3243
60.0,210.0,1459.0142,-33.0211
60.0,220.0,1460.6663,-30.6201
60.0,230.0,1462.3849,-28.1222
60.0,240.0,1464.1698,-25.5281
60.0,250.0,1466.0207,-22.8386
60.0,260.0,1467.9374,-20.0543
60.0,270.0,1469.9197,-17.1762
60.0,280.0,1471.9672,-14.2051
60.0,290.0,1474.0797,-11.1417
60.0,300.0,1476.2569,-7.987
60.0,310.0,1478.4986,-4.7419
60.0,320.0,1480.8044,-1.4071
60.0,330.0,1483.1741,2.0164
60.0,340.0,1485.6072,5.5277
60.0,350.0,1488.1036,9.1258
60.0,360.0,1490.6629,12.81
60.0,370.0,1493.2848,16.5791
60.0,380.0,1495.969,20.4323
60.0,390.0,1498.715,24.3687
60.0,400.0,1501.5227,28.3872
60.0,410.0,1504.3915,32.4869
60.0,420.0,1507.3213,36.6669
60.0,430.0,1510.3116,40.9262
60.0,440.0,1513.362,45.2638
60.0,450.0,1516.4723,49.6787
60.0,460.0,1519.642,54.17
60.0,470.0,1522.8707,58.7368
60.0,480.0,1526.1582,63.3779
60.0,490.0,1529.504,68.0925
60.0,500.0,1532.9077,72.8796
60.0,510.0,1536.369,77.7382
60.0,520.0,1539.8874,82.6674
60.0,530.0,1543.4626,87.6662
60.0,540.0,1547.0942,92.7337
60.0,550.0,1550.7817,97.8688
60.0,560.0,1554.5248,103.0707
60.0,570.0,1558.3231,108.3384
60.0,580.0,1562.1762,113.671
60.0,590.0,1566.0837,119.0675
60.0,600.0,1570.0451,124.5271
60.0,610.0,1574.0601,130.0488
60.0,620.0,1578.1283,135.6317
60.0,630.0,1582.2492,141.2749
60.0,640.0,1586.4224,146.9775
60.0,650.0,1590.6475,152.7387
60.0,660.0,1594.9242,158.5575
60.0,670.0,1599.2519,164.4331
60.0,680.0,1603.6304,170.3647
60.0,690.0,1608.059,176.3514
60.0,700.0,1612.5376,182.3923
60.0,710.0,1617.0656,188.4867
60.0,720.0,1621.6426,194.6337
60.0,730.0,1626.2682,200.8325
60.0,740.0,1630.942,207.0824
60.0,750.0,1635.6636,213.3824
60.0,760.0,1640.4325,219.7319
60.0,770.0,1645.2485,226.1301
60.0,780.0,1650.1109,232.5762
60.0,790.0,1655.0195,239.0694
60.0,800.0,1659.9739,245.6091
60.0,810.0,1664.9735,252.1945
60.0,820.0,1670.0181,258.8249
60.0,830.0,1675.1071,265.4996
60.0,840.0,1680.2403,272.2179
60.0,850.0,1685.4172,278.979
60.0,860.0,1690.6373,285.7824
60.0,870.0,1695.9004,292.6273
60.0,880.0,1701.206,299.5132
60.0,890.0,1706.5536,306.4393
60.0,900.0,1711.943,313.405
60.0,910.0,1717.3737,320.4097
60.0,920.0,1722.8453,327.4527
60.0,930.0,1728.3575,334.5335
60.0,940.0,1733.9098,341.6515
60.0,950.0,1739.5019,348.8061
60.0,960.0,1745.1333,355.9966
60.0,970.0,1750.8038,363.2226
60.0,980.0,1756.5129,370.4835
60.0,990.0,1762.2602,377.7787
60.0,1000.0,1768.0454,385.1076
70.0,-1000.0,1759.9117,378.3418
70.0,-990.0,1754.0997,370.9767
70.0,-980.0,1748.3255,363.6451
70.0,-970.0,1742.5896,356.3477
70.0,-960.0,1736.8923,349.0849
70.0,-950.0,1731.2341,341.8573
70.0,-940.0,1725.6152,334.6654
70.0,-930.0,1720.0361,327.51
70.0,-920.0,1714.4972,320.3915
70.0,-910.0,1708.9988,313.3106
70.0,-900.0,1703.5415,306.2678
70.0,-890.0,1698.1254,299.2639
70.0,-880.0,1692.7511,292.2993
70.0,-870.0,1687.419,285.3749
70.0,-860.0,1682.1294,278.4911
70.0,-850.0,1676.8827,271.6487
70.0,-840.0,1671.6794,264.8484
70.0,-830.0,1666.5199,258.0907
70.0,-820.0,1661.4045,251.3765
70.0,-810.0,1656.3337,244.7065
70.0,-800.0,1651.3079,238.0812
70.0,-790.0,1646.3275,231.5016
70.0,-780.0,1641.3929,224.9682
70.0,-770.0,1636.5045,218.4819
70.0,-760.0,1631.6628,212.0433
70.0,-750.0,1626.8681,205.6533
70.0,-740.0,1622.1209,199.3127
70.0,-730.0,1617.4216,193.0221
70.0,-720.0,1612.7707,186.7825
70.0,-710.0,1608.1684,180.5947
70.0,-700.0,1603.6153,174.4593
70.0,-690.0,1599.1118,168.3774
70.0,-680.0,1594.6582,162.3496
70.0,-670.0,1590.2551,156.3769
70.0,-660.0,1585.9028,150.4601
70.0,-650.0,1581.6018,144.6001
70.0,-640.0,1577.3524,138.7978
70.0,-630.0,1573.1551,133.054
70.0,-620.0,1569.0103,127.3696
70.0,-610.0,1564.9185,121.7456
70.0,-600.0,1560.88,116.1829
70.0,-590.0,1556.8952,110.6823
70.0,-580.0,1552.9646,105.2448
70.0,-570.0,1549.0886,99.8714
70.0,-560.0,1545.2676,94.5629
70.0,-550.0,1541.502,89.3204
70.0,-540.0,1537.7922,84.1448
70.0,-530.0,1534.1386,79.037
70.0,-520.0,1530.5416,73.9981
70.0,-510.0,1527.0017,69.0289
70.0,-500.0,1523.5191,64.1305
70.0,-490.0,1520.0944,59.3039
70.0,-480.0,1516.7279,54.55
70.0,-470.0,1513.4199,49.8698
70.0,-460.0,1510.171,45.2643
70.0,-450.0,1506.9813,40.7346
70.0,-440.0,1503.8514,36.2815
70.0,-430.0,1500.7817,31.9062
70.0,-420.0,1497.7724,27.6095
70.0,-410.0,1494.8239,23.3925
70.0,-400.0,1491.9366,19.2562
70.0,-390.0,1489.1109,15.2016
70.0,-380.0,1486.3471,11.2295
70.0,-370.0,1483.6456,7.3411
70.0,-360.0,1481.0066,3.5373
70.0,-350.0,1478.4306,-0.181
70.0,-340.0,1475.9178,-3.8128
70.0,-330.0,1473.4687,-7.3571
70.0,-320.0,1471.0834,-10.813
70.0,-310.0,1468.7623,-14.1796
70.0,-300.0,1466.5058,-17.456
70.0,-290.0,1464.314,-20.6412
70.0,-280.0,1462.1874,-23.7343
70.0,-270.0,1460.1262,-26.7346
70.0,-260.0,1458.1306,-29.641
70.0,-250.0,1456.201,-32.4528
70.0,-240.0,1454.3376,-35.1692
70.0,-230.0,1452.5406,-37.7893
70.0,-220.0,1450.8103,-40.3124
70.0,-210.0,1449.147,-42.7376
70.0,-200.0,1447.5508,-45.0643
70.0,-190.0,1446.0221,-47.2916
70.0,-180.0,1444.5609,-49.419
70.0,-170.0,1443.1676,-51.4458
70.0,-160.0,1441.8423,-53.3712
70.0,-150.0,1440.5851,-55.1947
70.0,-140.0,1439.3964,-56.9157
70.0,-130.0,1438.2762,-58.5336
70.0,-120.0,1437.2247,-60.0479
70.0,-110.0,1436.2421,-61.4581
70.0,-100.0,1435.3284,-62.7637
70.0,-90.0,1434.4839,-63.9643
70.0,-80.0,1433.7087,-65.0595
70.0,-70.0,1433.0028,-66.0489
70.0,-60.0,1432.3664,-66.9322
70.0,-50.0,1431.7995,-67.709
70.0,-40.0,1431.3023,-68.3791
70.0,-30.0,1430.8748,-68.9423
70.0,-20.0,1430.5171,-69.3984
70.0,-10.0,1430.2292,-69.7471
70.0,0.0,1430.0112,-69.9885
70.0,10.0,1430.2292,-69.7471
70.0,20.0,1430.5171,-69.3984
70.0,30.0,1430.8748,-68.9423
70.0,40.0,1431.3023,-68.3791
70.0,50.0,1431.7995,-67.709
70.0,60.0,1432.3664,-66.9322
70.0,70.0,1433.0028,-66.0489
70.0,80.0,1433.7087,-65.0595
70.0,90.0,1434.4839,-63.9643
70.0,100.0,1435.3284,-62.7637
70.0,110.0,1436.2421,-61.4581
70.0,120.0,1437.2247,-60.0479
70.0,130.0,1438.2762,-58.5336
70.0,140.0,1439.3964,-56.9157
70.0,150.0,1440.5851,-55.1947
70.0,160.0,1441.8423,-53.3712
70.0,170.0,1443.1676,-51.4458
70.0,180.0,1444.5609,-49.419
70.0,190.0,1446.0221,-47.2916
70.0,200.0,1447.5508,-45.0643
70.0,210.0,1449.147,-42.7376
70.0,220.0,1450.8103,-40.3124
70.0,230.0,1452.5406,-37.7893
70.0,240.0,1454.3376,-35.1692
70.0,250.0,1456.201,-32.4528
70.0,260.0,1458.1306,-29.641
70.0,270.0,1460.1262,-26.7346
70.0,280.0,1462.1874,-23.7343
70.0,290.0,1464.314,-20.6412
70.0,300.0,1466.5058,-17.456
70.0,310.0,1468.7623,-14.1796
70.0,320.0,1471.0834,-10.813
70.0,330.0,1473.4687,-7.3571
70.0,340.0,1475.9178,-3.8128
70.0,350.0,1478.4306,-0.181
70.0,360.0,1481.0066,3.5373
70.0,370.0,1483.6456,7.3411
70.0,380.0,1486.3471,11.2295
70.0,390.0,1489.1109,15.2016
70.0,400.0,1491.9366,19.2562
70.0,410.0,1494.8239,23.3925
70.0,420.0,1497.7724,27.6095
70.0,430.0,1500.7817,31.9062
70.0,440.0,1503.8514,36.2815
70.0,450.0,1506.9813,40.7346
70.0,460.0,1510.171,45.2643
70.0,470.0,1513.4199,49.8698
70.0,480.0,1516.7279,54.55
70.0,490.0,1520.0944,59.3039
70.0,500.0,1523.5191,64.1305
70.0,510.0,1527.0017,69.0289
70.0,520.0,1530.5416,73.9981
70.0,530.0,1534.1386,79.037
70.0,540.0,1537.7922,84.1448
70.0,550.0,1541.502,89.3204
70.0,560.0,1545.2676,94.5629
70.0,570.0,1549.0886,99.8714
70.0,580.0,1552.9646,105.2448
70.0,590.0,1556.8952,110.6823
70.0,600.0,1560.88,116.1829
70.0,610.0,1564.9185,121.7456
70.0,620.0,1569.0103,127.3696
70.0,630.0,1573.1551,133.054
70.0,640.0,1577.3524,138.7978
70.0,650.0,1581.6018,144.6001
70.0,660.0,1585.9028,150.4601
70.0,670.0,1590.2551,156.3769
70.0,680.0,1594.6582,162.3496
70.0,690.0,1599.1118,168.3774
70.0,700.0,1603.6153,174.4593
70.0,710.0,1608.1684,180.5947
70.0,720.0,1612.7707,186.7825
70.0,730.0,1617.4216,193.0221
70.0,740.0,1622.1209,199.3127
70.0,750.0,1626.8681,205.6533
70.0,760.0,1631.6628,212.0433
70.0,770.0,1636.5045,218.4819
70.0,780.0,1641.3929,224.9682
70.0,790.0,1646.3275,231.5016
70.0,800.0,1651.3079,238.0812
70.0,810.0,1656.3337,244.7065
70.0,820.0,1661.4045,251.3765
70.0,830.0,1666.5199,258.0907
70.0,840.0,1671.6794,264.8484
70.0,850.0,1676.8827,271.6487
70.0,860.0,1682.1294,278.4911
70.0,870.0,1687.419,285.3749
70.0,880.0,1692.7511,292.2993
70.0,890.0,1698.1254,299.2639
70.0,900.0,1703.5415,306.2678
70.0,910.0,1708.9988,313.3106
70.0,920.0,1714.4972,320.3915
70.0,930.0,1720.0361,327.51
70.0,940.0,1725.6152,334.6654
70.0,950.0,1731.2341,341.8573
70.0,960.0,1736.8923,349.0849
70.0,970.0,1742.5896,356.3477
70.0,980.0,1748.3255,363.6451
70.0,990.0,1754.0997,370.9767
70.0,1000.0,1759.9117,378.3418
80.0,-1000.0,1751.7973,371.6155
80.0,-990.0,1745.9582,364.2141
80.0,-980.0,1740.1571,356.846
80.0,-970.0,1734.3941,349.5118
80.0,-960.0,1728.6699,342.212
80.0,-950.0,1722.9846,334.9472
80.0,-940.0,1717.3387,327.7179
80.0,-930.0,1711.7327,320.5248
80.0,-920.0,1706.1668,313.3685
80.0,-910.0,1700.6415,306.2495
80.0,-900.0,1695.1572,299.1685
80.0,-890.0,1689.7143,292.126
80.0,-880.0,1684.3132,285.1228
80.0,-870.0,1678.9542,278.1594
80.0,-860.0,1673.6379,271.2366
80.0,-850.0,1668.3645,264.355
80.0,-840.0,1663.1346,257.5152
80.0,-830.0,1657.9484,250.7179
80.0,-820.0,1652.8065,243.964
80.0,-810.0,1647.7093,237.2539
80.0,-800.0,1642.6571,230.5886
80.0,-790.0,1637.6504,223.9686
80.0,-780.0,1632.6896,217.3948
80.0,-770.0,1627.775,210.8679
80.0,-760.0,1622.9073,204.3887
80.0,-750.0,1618.0867,197.9578
80.0,-740.0,1613.3136,191.5762
80.0,-730.0,1608.5886,185.2447
80.0,-720.0,1603.912,178.9639
80.0,-710.0,1599.2843,172.7347
80.0,-700.0,1594.7058,166.5581
80.0,-690.0,1590.177,160.4347
80.0,-680.0,1585.6984,154.3655
80.0,-670.0,1581.2703,148.3513
80.0,-660.0,1576.8932,142.3929
80.0,-650.0,1572.5676,136.4913
80.0,-640.0,1568.2937,130.6474
80.0,-630.0,1564.0721,124.8619
80.0,-620.0,1559.9032,119.136
80.0,-610.0,1555.7874,113.4704
80.0,-600.0,1551.7251,107.8661
80.0,-590.0,1547.7168,102.324
80.0,-580.0,1543.7629,96.8451
80.0,-570.0,1539.8637,91.4303
80.0,-560.0,1536.0197,86.0806
80.0,-550.0,1532.2314,80.7969
80.0,-540.0,1528.4991,75.5803
80.0,-530.0,1524.8232,70.4317
80.0,-520.0,1521.2042,65.352
80.0,-510.0,1517.6425,60.3423
80.0,-500.0,1514.1384,55.4036
80.0,-490.0,1510.6924,50.5369
80.0,-480.0,1507.3049,45.7431
80.0,-470.0,1503.9762,41.0234
80.0,-460.0,1500.7068,36.3786
80.0,-450.0,1497.497,31.8098
80.0,-440.0,1494.3473,27.3181
80.0,-430.0,1491.2579,22.9044
80.0,-420.0,1488.2293,18.5698
80.0,-410.0,1485.2619,14.3152
80.0,-400.0,1482.356,10.1417
80.0,-390.0,1479.512,6.0503
80.0,-380.0,1476.7303,2.042
80.0,-370.0,1474.0111,-1.8822
80.0,-360.0,1471.3549,-5.7213
80.0,-350.0,1468.7619,-9.4744
80.0,-340.0,1466.2326,-13.1403
80.0,-330.0,1463.7672,-16.7183
80.0,-320.0,1461.3661,-20.2072
80.0,-310.0,1459.0296,-23.6062
80.0,-300.0,1456.7579,-26.9143
80.0,-290.0,1454.5515,-30.1305
80.0,-280.0,1452.4106,-33.2541
80.0,-270.0,1450.3355,-36.2839
80.0,-260.0,1448.3264,-39.2193
80.0,-250.0,1446.3837,-42.0592
80.0,-240.0,1444.5076,-44.8029
80.0,-230.0,1442.6984,-47.4495
80.0,-220.0,1440.9563,-49.9982
80.0,-210.0,1439.2816,-52.4482
80.0,-200.0,1437.6745,-54.7988
80.0,-190.0,1436.1352,-57.0492
80.0,-180.0,1434.664,-59.1986
80.0,-170.0,1433.2611,-61.2465
80.0,-160.0,1431.9266,-63.192
80.0,-150.0,1430.6607,-65.0347
80.0,-140.0,1429.4637,-66.7739
80.0,-130.0,1428.3357,-68.4089
80.0,-120.0,1427.2769,-69.9393
80.0,-110.0,1426.2874,-71.3645
80.0,-100.0,1425.3674,-72.6841
80.0,-90.0,1424.517,-73.8975
80.0,-80.0,1423.7363,-75.0045
80.0,-70.0,1423.0255,-76.0045
80.0,-60.0,1422.3846,-76.8973
80.0,-50.0,1421.8138,-77.6825
80.0,-40.0,1421.3131,-78.3599
80.0,-30.0,1420.8826,-78.9291
80.0,-20.0,1420.5223,-79.3902
80.0,-10.0,1420.2324,-79.7427
80.0,0.0,1420.0129,-79.9868
80.0,10.0,1420.2324,-79.7427
80.0,20.0,1420.5223,-79.3902
80.0,30.0,1420.8826,-78.9291
80.0,40.0,1421.3131,-78.3599
80.0,50.0,1421.8138,-77.6825
80.0,60.0,1422.3846,-76.8973
80.0,70.0,1423.0255,-76.0045
80.0,80.0,1423.7363,-75.0045
80.0,90.0,1424.517,-73.8975
80.0,100.0,1425.3674,-72.6841
80.0,110.0,1426.2874,-71.3645
80.0,120.0,1427.2769,-69.9393
80.0,130.0,1428.3357,-68.4089
80.0,140.0,1429.4637,-66.7739
80.0,150.0,1430.6607,-65.0347
80.0,160.0,1431.9266,-63.192
80.0,170.0,1433.2611,-61.2465
80.0,180.0,1434.664,-59.1986
80.0,190.0,1436.1352,-57.0492
80.0,200.0,1437.6745,-54.7988
80.0,210.0,1439.2816,-52.4482
80.0,220.0,1440.9563,-49.9982
80.0,230.0,1442.6984,-47.4495
80.0,240.0,1444.5076,-44.8029
80.0,250.0,1446.3837,-42.0592
80.0,260.0,1448.3264,-39.2193
80.0,270.0,1450.3355,-36.2839
80.0,280.0,1452.4106,-33.2541
80.0,290.0,1454.5515,-30.1305
80.0,300.0,1456.7579,-26.9143
80.0,310.0,1459.0296,-23.6062
80.0,320.0,1461.3661,-20.2072
80.0,330.0,1463.7672,-16.7183
80.0,340.0,1466.2326,-13.1403
80.0,350.0,1468.7619,-9.4744
80.0,360.0,1471.3549,-5.7213
80.0,370.0,1474.0111,-1.8822
80.0,380.0,1476.7303,2.042
80.0,390.0,1479.512,6.0503
80.0,400.0,1482.356,10.1417
80.0,410.0,1485.2619,14.3152
80.0,420.0,1488.2293,18.5698
80.0,430.0,1491.2579,22.9044
80.0,440.0,1494.3473,27.3181
80.0,450.0,1497.497,31.8098
80.0,460.0,1500.7068,36.3786
80.0,470.0,1503.9762,41.0234
80.0,480.0,1507.3049,45.7431
80.0,490.0,1510.6924,50.5369
80.0,500.0,1514.1384,55.4036
80.0,510.0,1517.6425,60.3423
80.0,520.0,1521.2042,65.352
80.0,530.0,1524.8232,70.4317
80.0,540.0,1528.4991,75.5803
80.0,550.0,1532.2314,80.7969
80.0,560.0,1536.0197,86.0806
80.0,570.0,1539.8637,91.4303
80.0,580.0,1543.7629,96.8451
80.0,590.0,1547.7168,102.324
80.0,600.0,1551.7251,107.8661
80.0,610.0,1555.7874,113.4704
80.0,620.0,1559.9032,119.136
80.0,630.0,1564.0721,124.8619
80.0,640.0,1568.2937,130.6474
80.0,650.0,1572.5676,136.4913
80.0,660.0,1576.8932,142.3929
80.0,670.0,1581.2703,148.3513
80.0,680.0,1585.6984,154.3655
80.0,690.0,1590.177,160.4347
80.0,700.0,1594.7058,166.5581
80.0,710.0,1599.2843,172.7347
80.0,720.0,1603.912,178.9639
80.0,730.0,1608.5886,185.2447
80.0,740.0,1613.3136,191.5762
80.0,750.0,1618.0867,197.9578
80.0,760.0,1622.9073,204.3887
80.0,770.0,1627.775,210.8679
80.0,780.0,1632.6896,217.3948
80.0,790.0,1637.6504,223.9686
80.0,800.0,1642.6571,230.5886
80.0,810.0,1647.7093,237.2539
80.0,820.0,1652.8065,243.964
80.0,830.0,1657.9484,250.7179
80.0,840.0,1663.1346,257.5152
80.0,850.0,1668.3645,264.355
80.0,860.0,1673.6379,271.2366
80.0,870.0,1678.9542,278.1594
80.0,880.0,1684.3132,285.1228
80.0,890.0,1689.7143,292.126
80.0,900.0,1695.1572,299.1685
80.0,910.0,1700.6415,306.2495
80.0,920.0,1706.1668,313.3685
80.0,930.0,1711.7327,320.5248
80.0,940.0,1717.3387,327.7179
80.0,950.0,1722.9846,334.9472
80.0,960.0,1728.6699,342.212
80.0,970.0,1734.3941,349.5118
80.0,980.0,1740.1571,356.846
80.0,990.0,1745.9582,364.2141
80.0,1000.0,1751.7973,371.6155
90.0,-1000.0,1743.7025,364.9294
90.0,-990.0,1737.8362,357.4915
90.0,-980.0,1732.0079,350.0867
90.0,-970.0,1726.2177,342.7156
90.0,-960.0,1720.4662,335.3786
90.0,-950.0,1714.7538,328.0764
90.0,-940.0,1709.0807,320.8096
90.0,-930.0,1703.4475,313.5787
90.0,-920.0,1697.8545,306.3843
90.0,-910.0,1692.302,299.227
90.0,-900.0,1686.7906,292.1075
90.0,-890.0,1681.3206,285.0263
90.0,-880.0,1675.8924,277.9842
90.0,-870.0,1670.5065,270.9817
90.0,-860.0,1665.1632,264.0196
90.0,-850.0,1659.8629,257.0984
90.0,-840.0,1654.6061,250.219
90.0,-830.0,1649.3931,243.3818
90.0,-820.0,1644.2245,236.5878
90.0,-810.0,1639.1005,229.8375
90.0,-800.0,1634.0217,223.1317
90.0,-790.0,1628.9884,216.4712
90.0,-780.0,1624.0012,209.8567
90.0,-770.0,1619.0603,203.2889
90.0,-760.0,1614.1662,196.7686
90.0,-750.0,1609.3194,190.2966
90.0,-740.0,1604.5203,183.8737
90.0,-730.0,1599.7693,177.5007
90.0,-720.0,1595.0669,171.1784
90.0,-710.0,1590.4134,164.9076
90.0,-700.0,1585.8093,158.6893
90.0,-690.0,1581.2551,152.5241
90.0,-680.0,1576.7511,146.413
90.0,-670.0,1572.2978,140.3568
90.0,-660.0,1567.8957,134.3565
90.0,-650.0,1563.5451,128.4128
90.0,-640.0,1559.2465,122.5268
90.0,-630.0,1555.0004,116.6994
90.0,-620.0,1550.8071,110.9313
90.0,-610.0,1546.6671,105.2237
90.0,-600.0,1542.5808,99.5773
90.0,-590.0,1538.5486,93.9933
90.0,-580.0,1534.5711,88.4724
90.0,-570.0,1530.6485,83.0158
90.0,-560.0,1526.7813,77.6243
90.0,-550.0,1522.97,72.299
90.0,-540.0,1519.2149,67.0408
90.0,-530.0,1515.5166,61.8507
90.0,-520.0,1511.8753,56.7298
90.0,-510.0,1508.2915,51.6791
90.0,-500.0,1504.7657,46.6995
90.0,-490.0,1501.2982,41.7921
90.0,-480.0,1497.8894,36.9579
90.0,-470.0,1494.5397,32.198
90.0,-460.0,1491.2496,27.5133
90.0,-450.0,1488.0194,22.905
90.0,-440.0,1484.8496,18.374
90.0,-430.0,1481.7404,13.9213
90.0,-420.0,1478.6924,9.5481
90.0,-410.0,1475.7058,5.2554
90.0,-400.0,1472.781,1.0441
90.0,-390.0,1469.9185,-3.0846
90.0,-380.0,1467.1186,-7.1298
90.0,-370.0,1464.3815,-11.0904
90.0,-360.0,1461.7078,-14.9654
90.0,-350.0,1459.0977,-18.7538
90.0,-340.0,1456.5516,-22.4546
90.0,-330.0,1454.0698,-26.0667
90.0,-320.0,1451.6527,-29.5893
90.0,-310.0,1449.3005,-33.0212
90.0,-300.0,1447.0136,-36.3617
90.0,-290.0,1444.7923,-39.6096
90.0,-280.0,1442.6369,-42.764
90.0,-270.0,1440.5477,-45.8241
90.0,-260.0,1438.5249,-48.7888
90.0,-250.0,1436.569,-51.6574
90.0,-240.0,1434.6801,-54.429
90.0,-230.0,1432.8584,-57.1026
90.0,-220.0,1431.1044,-59.6775
90.0,-210.0,1429.4181,-62.1528
90.0,-200.0,1427.7999,-64.5277
90.0,-190.0,1426.25,-66.8016
90.0,-180.0,1424.7686,-68.9735
90.0,-170.0,1423.3558,-71.0429
90.0,-160.0,1422.0121,-73.0091
90.0,-150.0,1420.7374,-74.8713
90.0,-140.0,1419.532,-76.629
90.0,-130.0,1418.3961,-78.2815
90.0,-120.0,1417.3299,-79.8283
90.0,-110.0,1416.3334,-81.2688
90.0,-100.0,1415.407,-82.6027
90.0,-90.0,1414.5506,-83.8292
90.0,-80.0,1413.7644,-84.9482
90.0,-70.0,1413.0485,-85.9591
90.0,-60.0,1412.4031,-86.8616
90.0,-50.0,1411.8282,-87.6554
90.0,-40.0,1411.324,-88.3402
90.0,-30.0,1410.8904,-88.9157
90.0,-20.0,1410.5277,-89.3818
90.0,-10.0,1410.2357,-89.7382
90.0,0.0,1410.0146,-89.9849
90.0,10.0,1410.2357,-89.7382
90.0,20.0,1410.5277,-89.3818
90.0,30.0,1410.8904,-88.9157
90.0,40.0,1411.324,-88.3402
90.0,50.0,1411.8282,-87.6554
90.0,60.0,1412.4031,-86.8616
90.0,70.0,1413.0485,-85.9591
90.0,80.0,1413.7644,-84.9482
90.0,90.0,1414.5506,-83.8292
90.0,100.0,1415.407,-82.6027
90.0,110.0,1416.3334,-81.2688
90.0,120.0,1417.3299,-79.8283
90.0,130.0,1418.3961,-78.2815
90.0,140.0,1419.532,-76.629
90.0,150.0,1420.7374,-74.8713
90.0,160.0,1422.0121,-73.0091
90.0,170.0,1423.3558,-71.0429
90.0,180.0,1424.7686,-68.9735
90.0,190.0,1426.25,-66.8016
90.0,200.0,1427.7999,-64.5277
90.0,210.0,1429.4181,-62.1528
90.0,220.0,1431.1044,-59.6775
90.0,230.0,1432.8584,-57.1026
90.0,240.0,1434.6801,-54.429
90.0,250.0,1436.569,-51.6574
90.0,260.0,1438.5249,-48.7888
90.0,270.0,1440.5477,-45.8241
90.0,280.0,1442.6369,-42.764
90.0,290.0,1444.7923,-39.6096
90.0,300.0,1447.0136,-36.3617
90.0,310.0,1449.3005,-33.0212
90.0,320.0,1451.6527,-29.5893
90.0,330.0,1454.0698,-26.0667
90.0,340.0,1456.5516,-22.4546
90.0,350.0,1459.0977,-18.7538
90.0,360.0,1461.7078,-14.9654
90.0,370.0,1464.3815,-11.0904
90.0,380.0,1467.1186,-7.1298
90.0,390.0,1469.9185,-3.0846
90.0,400.0,1472.781,1.0441
90.0,410.0,1475.7058,5.2554
90.0,420.0,1478.6924,9.5481
90.0,430.0,1481.7404,13.9213
90.0,440.0,1484.8496,18.374
90.0,450.0,1488.0194,22.905
90.0,460.0,1491.2496,27.5133
90.0,470.0,1494.5397,32.198
90.0,480.0,1497.8894,36.9579
90.0,490.0,1501.2982,41.7921
90.0,500.0,1504.7657,46.6995
90.0,510.0,1508.2915,51.6791
90.0,520.0,1511.8753,56.7298
90.0,530.0,1515.5166,61.8507
90.0,540.0,1519.2149,67.0408
90.0,550.0,1522.97,72.299
90.0,560.0,1526.7813,77.6243
90.0,570.0,1530.6485,83.0158
90.0,580.0,1534.5711,88.4724
90.0,590.0,1538.5486,93.9933
90.0,600.0,1542.5808,99.5773
90.0,610.0,1546.6671,105.2237
90.0,620.0,1550.8071,110.9313
90.0,630.0,1555.0004,116.6994
90.0,640.0,1559.2465,122.5268
90.0,650.0,1563.5451,128.4128
90.0,660.0,1567.8957,134.3565
90.0,670.0,1572.2978,140.3568
90.0,680.0,1576.7511,146.413
90.0,690.0,1581.2551,152.5241
90.0,700.0,1585.8093,158.6893
90.0,710.0,1590.4134,164.9076
90.0,720.0,1595.0669,171.1784
90.0,730.0,1599.7693,177.5007
90.0,740.0,1604.5203,183.8737
90.0,750.0,1609.3194,190.2966
90.0,760.0,1614.1662,196.7686
90.0,770.0,1619.0603,203.2889
90.0,780.0,1624.0012,209.8567
90.0,790.0,1628.9884,216.4712
90.0,800.0,1634.0217,223.1317
90.0,810.0,1639.1005,229.8375
90.0,820.0,1644.2245,236.5878
90.0,830.0,1649.3931,243.3818
90.0,840.0,1654.6061,250.219
90.0,850.0,1659.8629,257.0984
90.0,860.0,1665.1632,264.0196
90.0,870.0,1670.5065,270.9817
90.0,880.0,1675.8924,277.9842
90.0,890.0,1681.3206,285.0263
90.0,900.0,1686.7906,292.1075
90.0,910.0,1692.302,299.227
90.0,920.0,1697.8545,306.3843
90.0,930.0,1703.4475,313.5787
90.0,940.0,1709.0807,320.8096
90.0,950.0,1714.7538,328.0764
90.0,960.0,1720.4662,335.3786
90.0,970.0,1726.2177,342.7156
90.0,980.0,1732.0079,350.0867
90.0,990.0,1737.8362,357.4915
90.0,1000.0,1743.7025,364.9294
100.0,-1000.0,1735.6275,358.2839
100.0,-990.0,1729.7339,350.8095
100.0,-980.0,1723.8781,343.3678
100.0,-970.0,1718.0606,335.9596
100.0,-960.0,1712.2817,328.5854
100.0,-950.0,1706.5418,321.2456
100.0,-940.0,1700.8414,313.941
100.0,-930.0,1695.1808,306.6721
100.0,-920.0,1689.5604,299.4395
100.0,-910.0,1683.9806,292.2437
100.0,-900.0,1678.4419,285.0855
100.0,-890.0,1672.9446,277.9655
100.0,-880.0,1667.4891,270.8842
100.0,-870.0,1662.076,263.8424
100.0,-860.0,1656.7054,256.8407
100.0,-850.0,1651.378,249.8798
100.0,-840.0,1646.0941,242.9604
100.0,-830.0,1640.8541,236.0831
100.0,-820.0,1635.6585,229.2487
100.0,-810.0,1630.5076,222.4579
100.0,-800.0,1625.4019,215.7114
100.0,-790.0,1620.3419,209.01
100.0,-780.0,1615.3279,202.3544
100.0,-770.0,1610.3604,195.7454
100.0,-760.0,1605.4399,189.1838
100.0,-750.0,1600.5667,182.6703
100.0,-740.0,1595.7412,176.2058
100.0,-730.0,1590.964,169.791
100.0,-720.0,1586.2354,163.4268
100.0,-710.0,1581.556,157.114
100.0,-700.0,1576.926,150.8535
100.0,-690.0,1572.3461,144.6461
100.0,-680.0,1567.8165,138.4927
100.0,-670.0,1563.3378,132.3942
100.0,-660.0,1558.9103,126.3515
100.0,-650.0,1554.5346,120.3654
100.0,-640.0,1550.2111,114.4369
100.0,-630.0,1545.9401,108.5669
100.0,-620.0,1541.7221,102.7563
100.0,-610.0,1537.5577,97.0061
100.0,-600.0,1533.4471,91.3173
100.0,-590.0,1529.3909,85.6907
100.0,-580.0,1525.3894,80.1274
100.0,-570.0,1521.4432,74.6284
100.0,-560.0,1517.5525,69.1946
100.0,-550.0,1513.718,63.8271
100.0,-540.0,1509.9399,58.5268
100.0,-530.0,1506.2188,53.2948
100.0,-520.0,1502.555,48.1321
100.0,-510.0,1498.9489,43.0397
100.0,-500.0,1495.4011,38.0187
100.0,-490.0,1491.9118,33.0701
100.0,-480.0,1488.4815,28.1949
100.0,-470.0,1485.1106,23.3942
100.0,-460.0,1481.7996,18.6691
100.0,-450.0,1478.5488,14.0205
100.0,-440.0,1475.3586,9.4496
100.0,-430.0,1472.2294,4.9575
100.0,-420.0,1469.1616,0.5451
100.0,-410.0,1466.1556,-3.7865
100.0,-400.0,1463.2117,-8.0361
100.0,-390.0,1460.3304,-12.2028
100.0,-380.0,1457.5121,-16.2855
100.0,-370.0,1454.757,-20.2831
100.0,-360.0,1452.0655,-24.1946
100.0,-350.0,1449.4381,-28.019
100.0,-340.0,1446.875,-31.7551
100.0,-330.0,1444.3765,-35.4021
100.0,-320.0,1441.9431,-38.9589
100.0,-310.0,1439.5751,-42.4244
100.0,-300.0,1437.2727,-45.7978
100.0,-290.0,1435.0363,-49.0779
100.0,-280.0,1432.8663,-52.2639
100.0,-270.0,1430.7628,-55.3547
100.0,-260.0,1428.7262,-58.3495
100.0,-250.0,1426.7568,-61.2473
100.0,-240.0,1424.8549,-64.0472
100.0,-230.0,1423.0207,-66.7484
100.0,-220.0,1421.2545,-69.3499
100.0,-210.0,1419.5565,-71.8511
100.0,-200.0,1417.9271,-74.2509
100.0,-190.0,1416.3663,-76.5487
100.0,-180.0,1414.8745,-78.7436
100.0,-170.0,1413.452,-80.835
100.0,-160.0,1412.0987,-82.8221
100.0,-150.0,1410.8151,-84.7043
100.0,-140.0,1409.6013,-86.4809
100.0,-130.0,1408.4574,-88.1513
100.0,-120.0,1407.3836,-89.7149
100.0,-110.0,1406.3801,-91.1711
100.0,-100.0,1405.4471,-92.5195
100.0,-90.0,1404.5846,-93.7595
100.0,-80.0,1403.7928,-94.8907
100.0,-70.0,1403.0719,-95.9127
100.0,-60.0,1402.4219,-96.8252
100.0,-50.0,1401.8429,-97.6277
100.0,-40.0,1401.3351,-98.3201
100.0,-30.0,1400.8984,-98.902
100.0,-20.0,1400.5331,-99.3732
100.0,-10.0,1400.239,-99.7336
100.0,0.0,1400.0163,-99.9831
100.0,10.0,1400.239,-99.7336
100.0,20.0,1400.5331,-99.3732
100.0,30.0,1400.8984,-98.902
100.0,40.0,1401.3351,-98.3201
100.0,50.0,1401.8429,-97.6277
100.0,60.0,1402.4219,-96.8252
100.0,70.0,1403.0719,-95.9127
100.0,80.0,1403.7928,-94.8907
100.0,90.0,1404.5846,-93.7595
100.0,100.0,1405.4471,-92.5195
100.0,110.0,1406.3801,-91.1711
100.0,120.0,1407.3836,-89.7149
100.0,130.0,1408.4574,-88.1513
100.0,140.0,1409.6013,-86.4809
100.0,150.0,1410.8151,-84.7043
100.0,160.0,1412.0987,-82.8221
100.0,170.0,1413.452,-80.835
100.0,180.0,1414.8745,-78.7436
100.0,190.0,1416.3663,-76.5487
100.0,200.0,1417.9271,-74.2509
100.0,210.0,1419.5565,-71.8511
100.0,220.0,1421.2545,-69.3499
100.0,230.0,1423.0207,-66.7484
100.0,240.0,1424.8549,-64.0472
100.0,250.0,1426.7568,-61.2473
100.0,260.0,1428.7262,-58.3495
100.0,270.0,1430.7628,-55.3547
100.0,280.0,1432.8663,-52.2639
100.0,290.0,1435.0363,-49.0779
100.0,300.0,1437.2727,-45.7978
100.0,310.0,1439.5751,-42.4244
100.0,320.0,1441.9431,-38.9589
100.0,330.0,1444.3765,-35.4021
100.0,340.0,1446.875,-31.7551
100.0,350.0,1449.4381,-28.019
100.0,360.0,1452.0655,-24.1946
100.0,370.0,1454.757,-20.2831
100.0,380.0,1457.5121,-16.2855
100.0,390.0,1460.3304,-12.2028
100.0,400.0,1463.2117,-8.0361
100.0,410.0,1466.1556,-3.7865
100.0,420.0,1469.1616,0.5451
100.0,430.0,1472.2294,4.9575
100.0,440.0,1475.3586,9.4496
100.0,450.0,1478.5488,14.0205
100.0,460.0,1481.7996,18.6691
100.0,470.0,1485.1106,23.3942
100.0,480.0,1488.4815,28.1949
100.0,490.0,1491.9118,33.0701
100.0,500.0,1495.4011,38.0187
100.0,510.0,1498.9489,43.0397
100.0,520.0,1502.555,48.1321
100.0,530.0,1506.2188,53.2948
100.0,540.0,1509.9399,58.5268
100.0,550.0,1513.718,63.8271
100.0,560.0,1517.5525,69.1946
100.0,570.0,1521.4432,74.6284
100.0,580.0,1525.3894,80.1274
100.0,590.0,1529.3909,85.6907
100.0,600.0,1533.4471,91.3173
100.0,610.0,1537.5577,97.0061
100.0,620.0,1541.7221,102.7563
100.0,630.0,1545.9401,108.5669
100.0,640.0,1550.2111,114.4369
100.0,650.0,1554.5346,120.3654
100.0,660.0,1558.9103,126.3515
100.0,670.0,1563.3378,132.3942
100.0,680.0,1567.8165,138.4927
100.0,690.0,1572.3461,144.6461
100.0,700.0,1576.926,150.8535
100.0,710.0,1581.556,157.114
100.0,720.0,1586.2354,163.4268
100.0,730.0,1590.964,169.791
100.0,740.0,1595.7412,176.2058
100.0,750.0,1600.5667,182.6703
100.0,760.0,1605.4399,189.1838
100.0,770.0,1610.3604,195.7454
100.0,780.0,1615.3279,202.3544
100.0,790.0,1620.3419,209.01
100.0,800.0,1625.4019,215.7114
100.0,810.0,1630.5076,222.4579
100.0,820.0,1635.6585,229.2487
100.0,830.0,1640.8541,236.0831
100.0,840.0,1646.0941,242.9604
100.0,850.0,1651.378,249.8798
100.0,860.0,1656.7054,256.8407
100.0,870.0,1662.076,263.8424
100.0,880.0,1667.4891,270.8842
100.0,890.0,1672.9446,277.9655
100.0,900.0,1678.4419,285.0855
100.0,910.0,1683.9806,292.2437
100.0,920.0,1689.5604,299.4395
100.0,930.0,1695.1808,306.6721
100.0,940.0,1700.8414,313.941
100.0,950.0,1706.5418,321.2456
100.0,960.0,1712.2817,328.5854
100.0,970.0,1718.0606,335.9596
100.0,980.0,1723.8781,343.3678
100.0,990.0,1729.7339,350.8095
100.0,1000.0,1735.6275,358.2839
110.0,-1000.0,1727.5727,351.6798
110.0,-990.0,1721.6515,344.1686
110.0,-980.0,1715.7681,336.69
110.0,-970.0,1709.923,329.2446
110.0,-960.0,1704.1165,321.8329
110.0,-950.0,1698.3491,314.4554
110.0,-940.0,1692.6211,307.1129
110.0,-930.0,1686.9329,299.8057
110.0,-920.0,1681.2849,292.5347
110.0,-910.0,1675.6776,285.3003
110.0,-900.0,1670.1113,278.1032
110.0,-890.0,1664.5865,270.9441
110.0,-880.0,1659.1036,263.8235
110.0,-870.0,1653.6629,256.7421
110.0,-860.0,1648.265,249.7006
110.0,-850.0,1642.9102,242.6997
110.0,-840.0,1637.599,235.7401
110.0,-830.0,1632.3317,228.8224
110.0,-820.0,1627.1088,221.9474
110.0,-810.0,1621.9308,215.1158
110.0,-800.0,1616.7981,208.3283
110.0,-790.0,1611.711,201.5857
110.0,-780.0,1606.6701,194.8888
110.0,-770.0,1601.6758,188.2383
110.0,-760.0,1596.7285,181.635
110.0,-750.0,1591.8286,175.0796
110.0,-740.0,1586.9766,168.5731
110.0,-730.0,1582.1729,162.1162
110.0,-720.0,1577.418,155.7097
110.0,-710.0,1572.7123,149.3546
110.0,-700.0,1568.0562,143.0516
110.0,-690.0,1563.4503,136.8016
110.0,-680.0,1558.8949,130.6055
110.0,-670.0,1554.3904,124.4642
110.0,-660.0,1549.9374,118.3786
110.0,-650.0,1545.5363,112.3496
110.0,-640.0,1541.1875,106.3781
110.0,-630.0,1536.8914,100.4651
110.0,-620.0,1532.6486,94.6116
110.0,-610.0,1528.4594,88.8184
110.0,-600.0,1524.3243,83.0865
110.0,-590.0,1520.2437,77.417
110.0,-580.0,1516.2181,71.8108
110.0,-570.0,1512.248,66.2688
110.0,-560.0,1508.3336,60.7923
110.0,-550.0,1504.4756,55.382
110.0,-540.0,1500.6742,50.0391
110.0,-530.0,1496.9301,44.7646
110.0,-520.0,1493.2435,39.5595
110.0,-510.0,1489.6149,34.4249
110.0,-500.0,1486.0447,29.3619
110.0,-490.0,1482.5334,24.3714
110.0,-480.0,1479.0814,19.4547
110.0,-470.0,1475.689,14.6126
110.0,-460.0,1472.3568,9.8464
110.0,-450.0,1469.0851,5.157
110.0,-440.0,1465.8743,0.5457
110.0,-430.0,1462.7248,-3.9867
110.0,-420.0,1459.637,-8.4388
110.0,-410.0,1456.6114,-12.8098
110.0,-400.0,1453.6482,-17.0985
110.0,-390.0,1450.7479,-21.3037
110.0,-380.0,1447.9109,-25.4245
110.0,-370.0,1445.1375,-29.4598
110.0,-360.0,1442.4281,-33.4084
110.0,-350.0,1439.7831,-37.2694
110.0,-340.0,1437.2027,-41.0416
110.0,-330.0,1434.6875,-44.7241
110.0,-320.0,1432.2376,-48.3157
110.0,-310.0,1429.8535,-51.8154
110.0,-300.0,1427.5354,-55.2223
110.0,-290.0,1425.2838,-58.5352
110.0,-280.0,1423.0988,-61.7533
110.0,-270.0,1420.9809,-64.8755
110.0,-260.0,1418.9303,-67.9009
110.0,-250.0,1416.9473,-70.8285
110.0,-240.0,1415.0322,-73.6574
110.0,-230.0,1413.1852,-76.3867
110.0,-220.0,1411.4067,-79.0154
110.0,-210.0,1409.6969,-81.5429
110.0,-200.0,1408.056,-83.9681
110.0,-190.0,1406.4843,-86.2903
110.0,-180.0,1404.982,-88.5087
110.0,-170.0,1403.5494,-90.6226
110.0,-160.0,1402.1867,-92.6311
110.0,-150.0,1400.8939,-94.5337
110.0,-140.0,1399.6715,-96.3296
110.0,-130.0,1398.5195,-98.0182
110.0,-120.0,1397.4381,-99.5989
110.0,-110.0,1396.4274,-101.0712
110.0,-100.0,1395.4877,-102.4344
110.0,-90.0,1394.6191,-103.6881
110.0,-80.0,1393.8217,-104.8319
110.0,-70.0,1393.0956,-105.8653
110.0,-60.0,1392.4409,-106.7879
110.0,-50.0,1391.8578,-107.5994
110.0,-40.0,1391.3463,-108.2995
110.0,-30.0,1390.9065,-108.888
110.0,-20.0,1390.5385,-109.3645
110.0,-10.0,1390.2424,-109.7289
110.0,0.0,1390.0181,-109.9812
110.0,10.0,1390.2424,-109.7289
110.0,20.0,1390.5385,-109.3645
110.0,30.0,1390.9065,-108.888
110.0,40.0,1391.3463,-108.2995
110.0,50.0,1391.8578,-107.5994
110.0,60.0,1392.4409,-106.7879
110.0,70.0,1393.0956,-105.8653
110.0,80.0,1393.8217,-104.8319
110.0,90.0,1394.6191,-103.6881
110.0,100.0,1395.4877,-102.4344
110.0,110.0,1396.4274,-101.0712
110.0,120.0,1397.4381,-99.5989
110.0,130.0,1398.5195,-98.0182
110.0,140.0,1399.6715,-96.3296
110.0,150.0,1400.8939,-94.5337
110.0,160.0,1402.1867,-92.6311
110.0,170.0,1403.5494,-90.6226
110.0,180.0,1404.982,-88.5087
110.0,190.0,1406.4843,-86.2903
110.0,200.0,1408.056,-83.9681
110.0,210.0,1409.6969,-81.5429
110.0,220.0,1411.4067,-79.0154
110.0,230.0,1413.1852,-76.3867
110.0,240.0,1415.0322,-73.6574
110.0,250.0,1416.9473,-70.8285
110.0,260.0,1418.9303,-67.9009
110.0,270.0,1420.9809,-64.8755
110.0,280.0,1423.0988,-61.7533
110.0,290.0,1425.2838,-58.5352
110.0,300.0,1427.5354,-55.2223
110.0,310.0,1429.8535,-51.8154
110.0,320.0,1432.2376,-48.3157
110.0,330.0,1434.6875,-44.7241
110.0,340.0,1437.2027,-41.0416
110.0,350.0,1439.7831,-37.2694
110.0,360.0,1442.4281,-33.4084
110.0,370.0,1445.1375,-29.4598
110.0,380.0,1447.9109,-25.4245
110.0,390.0,1450.7479,-21.3037
110.0,400.0,1453.6482,-17.0985
110.0,410.0,1456.6114,-12.8098
110.0,420.0,1459.637,-8.4388
110.0,430.0,1462.7248,-3.9867
110.0,440.0,1465.8743,0.5457
110.0,450.0,1469.0851,5.157
110.0,460.0,1472.3568,9.8464
110.0,470.0,1475.689,14.6126
110.0,480.0,1479.0814,19.4547
110.0,490.0,1482.5334,24.3714
110.0,500.0,1486.0447,29.3619
110.0,510.0,1489.6149,34.4249
110.0,520.0,1493.2435,39.5595
110.0,530.0,1496.9301,44.7646
110.0,540.0,1500.6742,50.0391
110.0,550.0,1504.4756,55.382
110.0,560.0,1508.3336,60.7923
110.0,570.0,1512.248,66.2688
110.0,580.0,1516.2181,71.8108
110.0,590.0,1520.2437,77.417
110.0,600.0,1524.3243,83.0865
110.0,610.0,1528.4594,88.8184
110.0,620.0,1532.6486,94.6116
110.0,630.0,1536.8914,100.4651
110.0,640.0,1541.1875,106.3781
110.0,650.0,1545.5363,112.3496
110.0,660.0,1549.9374,118.3786
110.0,670.0,1554.3904,124.4642
110.0,680.0,1558.8949,130.6055
110.0,690.0,1563.4503,136.8016
110.0,700.0,1568.0562,143.0516
110.0,710.0,1572.7123,149.3546
110.0,720.0,1577.418,155.7097
110.0,730.0,1582.1729,162.1162
110.0,740.0,1586.9766,168.5731
110.0,750.0,1591.8286,175.0796
110.0,760.0,1596.7285,181.635
110.0,770.0,1601.6758,188.2383
110.0,780.0,1606.6701,194.8888
110.0,790.0,1611.711,201.5857
110.0,800.0,1616.7981,208.3283
110.0,810.0,1621.9308,215.1158
110.0,820.0,1627.1088,221.9474
110.0,830.0,1632.3317,228.8224
110.0,840.0,1637.599,235.7401
110.0,850.0,1642.9102,242.6997
110.0,860.0,1648.265,249.7006
110.0,870.0,1653.6629,256.7421
110.0,880.0,1659.1036,263.8235
110.0,890.0,1664.5865,270.9441
110.0,900.0,1670.1113,278.1032
110.0,910.0,1675.6776,285.3003
110.0,920.0,1681.2849,292.5347
110.0,930.0,1686.9329,299.8057
110.0,940.0,1692.6211,307.1129
110.0,950.0,1698.3491,314.4554
110.0,960.0,1704.1165,321.8329
110.0,970.0,1709.923,329.2446
110.0,980.0,1715.7681,336.69
110.0,990.0,1721.6515,344.1686
110.0,1000.0,1727.5727,351.6798
120.0,-1000.0,1719.5383,345.1176
120.0,-990.0,1713.5894,337.5696
120.0,-980.0,1707.6782,330.0539
120.0,-970.0,1701.8053,322.5711
120.0,-960.0,1695.971,315.1217
120.0,-950.0,1690.1758,307.7064
120.0,-940.0,1684.42,300.3258
120.0,-930.0,1678.704,292.9803
120.0,-920.0,1673.0282,285.6706
120.0,-910.0,1667.3931,278.3974
120.0,-900.0,1661.7991,271.1612
120.0,-890.0,1656.2466,263.9628
120.0,-880.0,1650.736,256.8026
120.0,-870.0,1645.2676,249.6815
120.0,-860.0,1639.8421,242.6
120.0,-850.0,1634.4597,235.5588
120.0,-840.0,1629.1209,228.5587
120.0,-830.0,1623.8261,221.6004
120.0,-820.0,1618.5758,214.6845
120.0,-810.0,1613.3704,207.8118
120.0,-800.0,1608.2104,200.9831
120.0,-790.0,1603.0961,194.199
120.0,-780.0,1598.028,187.4604
120.0,-770.0,1593.0066,180.7681
120.0,-760.0,1588.0322,174.1227
120.0,-750.0,1583.1054,167.5252
120.0,-740.0,1578.2266,160.9764
120.0,-730.0,1573.3962,154.477
120.0,-720.0,1568.6147,148.0279
120.0,-710.0,1563.8825,141.63
120.0,-700.0,1559.2001,135.2841
120.0,-690.0,1554.5679,128.9911
120.0,-680.0,1549.9864,122.7519
120.0,-670.0,1545.456,116.5674
120.0,-660.0,1540.9772,110.4385
120.0,-650.0,1536.5504,104.3662
120.0,-640.0,1532.1761,98.3513
120.0,-630.0,1527.8547,92.3949
120.0,-620.0,1523.5867,86.4978
120.0,-610.0,1519.3725,80.6611
120.0,-600.0,1515.2126,74.8858
120.0,-590.0,1511.1074,69.1728
120.0,-580.0,1507.0574,63.5231
120.0,-570.0,1503.063,57.9378
120.0,-560.0,1499.1247,52.4178
120.0,-550.0,1495.2429,46.9643
120.0,-540.0,1491.418,41.5782
120.0,-530.0,1487.6505,36.2606
120.0,-520.0,1483.9409,31.0126
120.0,-510.0,1480.2895,25.8353
120.0,-500.0,1476.6968,20.7296
120.0,-490.0,1473.1632,15.6968
120.0,-480.0,1469.6892,10.7378
120.0,-470.0,1466.2751,5.8538
120.0,-460.0,1462.9214,1.0458
120.0,-450.0,1459.6286,-3.6849
120.0,-440.0,1456.3969,-8.3374
120.0,-430.0,1453.2269,-12.9105
120.0,-420.0,1450.1189,-17.4031
120.0,-410.0,1447.0734,-21.8142
120.0,-400.0,1444.0906,-26.1425
120.0,-390.0,1441.1711,-30.387
120.0,-380.0,1438.3152,-34.5465
120.0,-370.0,1435.5232,-38.6201
120.0,-360.0,1432.7957,-42.6065
120.0,-350.0,1430.1328,-46.5047
120.0,-340.0,1427.535,-50.3136
120.0,-330.0,1425.0027,-54.0322
120.0,-320.0,1422.5362,-57.6592
120.0,-310.0,1420.1358,-61.1938
120.0,-300.0,1417.8018,-64.6348
120.0,-290.0,1415.5347,-67.9813
120.0,-280.0,1413.3347,-71.2321
120.0,-270.0,1411.2021,-74.3862
120.0,-260.0,1409.1372,-77.4428
120.0,-250.0,1407.1404,-80.4008
120.0,-240.0,1405.2119,-83.2592
120.0,-230.0,1403.3521,-86.0171
120.0,-220.0,1401.5611,-88.6737
120.0,-210.0,1399.8392,-91.228
120.0,-200.0,1398.1868,-93.6791
120.0,-190.0,1396.604,-96.0263
120.0,-180.0,1395.0911,-98.2687
120.0,-170.0,1393.6483,-100.4054
120.0,-160.0,1392.2758,-102.4359
120.0,-150.0,1390.9739,-104.3593
120.0,-140.0,1389.7427,-106.1749
120.0,-130.0,1388.5825,-107.8822
120.0,-120.0,1387.4933,-109.4804
120.0,-110.0,1386.4754,-110.969
120.0,-100.0,1385.529,-112.3475
120.0,-90.0,1384.6541,-113.6152
120.0,-80.0,1383.8509,-114.7718
120.0,-70.0,1383.1196,-115.8168
120.0,-60.0,1382.4602,-116.7498
120.0,-50.0,1381.8729,-117.5705
120.0,-40.0,1381.3577,-118.2785
120.0,-30.0,1380.9147,-118.8736
120.0,-20.0,1380.5441,-119.3555
120.0,-10.0,1380.2458,-119.7241
120.0,0.0,1380.0199,-119.9792
120.0,10.0,1380.2458,-119.7241
120.0,20.0,1380.5441,-119.3555
120.0,30.0,1380.9147,-118.8736
120.0,40.0,1381.3577,-118.2785
120.0,50.0,1381.8729,-117.5705
120.0,60.0,1382.4602,-116.7498
120.0,70.0,1383.1196,-115.8168
120.0,80.0,1383.8509,-114.7718
120.0,90.0,1384.6541,-113.6152
120.0,100.0,1385.529,-112.3475
120.0,110.0,1386.4754,-110.969
120.0,120.0,1387.4933,-109.4804
120.0,130.0,1388.5825,-107.8822
120.0,140.0,1389.7427,-106.1749
120.0,150.0,1390.9739,-104.3593
120.0,160.0,1392.2758,-102.4359
120.0,170.0,1393.6483,-100.4054
120.0,180.0,1395.0911,-98.2687
120.0,190.0,1396.604,-96.0263
120.0,200.0,1398.1868,-93.6791
120.0,210.0,1399.8392,-91.228
120.0,220.0,1401.5611,-88.6737
120.0,230.0,1403.3521,-86.0171
120.0,240.0,1405.2119,-83.2592
120.0,250.0,1407.1404,-80.4008
120.0,260.0,1409.1372,-77.4428
120.0,270.0,1411.2021,-74.3862
120.0,280.0,1413.3347,-71.2321
120.0,290.0,1415.5347,-67.9813
120.0,300.0,1417.8018,-64.6348
120.0,310.0,1420.1358,-61.1938
120.0,320.0,1422.5362,-57.6592
120.0,330.0,1425.0027,-54.0322
120.0,340.0,1427.535,-50.3136
120.0,350.0,1430.1328,-46.5047
120.0,360.0,1432.7957,-42.6065
120.0,370.0,1435.5232,-38.6201
120.0,380.0,1438.3152,-34.5465
120.0,390.0,1441.1711,-30.387
120.0,400.0,1444.0906,-26.1425
120.0,410.0,1447.0734,-21.8142
120.0,420.0,1450.1189,-17.4031
120.0,430.0,1453.2269,-12.9105
120.0,440.0,1456.3969,-8.3374
120.0,450.0,1459.6286,-3.6849
120.0,460.0,1462.9214,1.0458
120.0,470.0,1466.2751,5.8538
120.0,480.0,1469.6892,10.7378
120.0,490.0,1473.1632,15.6968
120.0,500.0,1476.6968,20.7296
120.0,510.0,1480.2895,25.8353
120.0,520.0,1483.9409,31.0126
120.0,530.0,1487.6505,36.2606
120.0,540.0,1491.418,41.5782
120.0,550.0,1495.2429,46.9643
120.0,560.0,1499.1247,52.4178
120.0,570.0,1503.063,57.9378
120.0,580.0,1507.0574,63.5231
120.0,590.0,1511.1074,69.1728
120.0,600.0,1515.2126,74.8858
120.0,610.0,1519.3725,80.6611
120.0,620.0,1523.5867,86.4978
120.0,630.0,1527.8547,92.3949
120.0,640.0,1532.1761,98.3513
120.0,650.0,1536.5504,104.3662
120.0,660.0,1540.9772,110.4385
120.0,670.0,1545.456,116.5674
120.0,680.0,1549.9864,122.7519
120.0,690.0,1554.5679,128.9911
120.0,700.0,1559.2001,135.2841
120.0,710.0,1563.8825,141.63
120.0,720.0,1568.6147,148.0279
120.0,730.0,1573.3962,154.477
120.0,740.0,1578.2266,160.9764
120.0,750.0,1583.1054,167.5252
120.0,760.0,1588.0322,174.1227
120.0,770.0,1593.0066,180.7681
120.0,780.0,1598.028,187.4604
120.0,790.0,1603.0961,194.199
120.0,800.0,1608.2104,200.9831
120.0,810.0,1613.3704,207.8118
120.0,820.0,1618.5758,214.6845
120.0,830.0,1623.8261,221.6004
120.0,840.0,1629.1209,228.5587
120.0,850.0,1634.4597,235.5588
120.0,860.0,1639.8421,242.6
120.0,870.0,1645.2676,249.6815
120.0,880.0,1650.736,256.8026
120.0,890.0,1656.2466,263.9628
120.0,900.0,1661.7991,271.1612
120.0,910.0,1667.3931,278.3974
120.0,920.0,1673.0282,285.6706
120.0,930.0,1678.704,292.9803
120.0,940.0,1684.42,300.3258
120.0,950.0,1690.1758,307.7064
120.0,960.0,1695.971,315.1217
120.0,970.0,1701.8053,322.5711
120.0,980.0,1707.6782,330.0539
120.0,990.0,1713.5894,337.5696
120.0,1000.0,1719.5383,345.1176
130.0,-1000.0,1711.5246,338.5979
130.0,-990.0,1705.5477,331.0129
130.0,-980.0,1699.6086,323.46
130.0,-970.0,1693.7077,315.9397
130.0,-960.0,1687.8455,308.4526
130.0,-950.0,1682.0222,300.9993
130.0,-940.0,1676.2384,293.5804
130.0,-930.0,1670.4944,286.1964
130.0,-920.0,1664.7907,278.8479
130.0,-910.0,1659.1276,271.5357
130.0,-900.0,1653.5056,264.2602
130.0,-890.0,1647.9252,257.0222
130.0,-880.0,1642.3866,249.8223
130.0,-870.0,1636.8904,242.6612
130.0,-860.0,1631.437,235.5395
130.0,-850.0,1626.0268,228.4579
130.0,-840.0,1620.6602,221.4171
130.0,-830.0,1615.3377,214.4178
130.0,-820.0,1610.0597,207.4608
130.0,-810.0,1604.8267,200.5467
130.0,-800.0,1599.6391,193.6764
130.0,-790.0,1594.4973,186.8506
130.0,-780.0,1589.4018,180.0701
130.0,-770.0,1584.353,173.3355
130.0,-760.0,1579.3514,166.6479
130.0,-750.0,1574.3974,160.0078
130.0,-740.0,1569.4916,153.4163
130.0,-730.0,1564.6342,146.8741
130.0,-720.0,1559.8258,140.382
130.0,-710.0,1555.0669,133.9409
130.0,-700.0,1550.3578,127.5518
130.0,-690.0,1545.6992,121.2154
130.0,-680.0,1541.0913,114.9327
130.0,-670.0,1536.5347,108.7046
130.0,-660.0,1532.0298,102.532
130.0,-650.0,1527.577,96.4159
130.0,-640.0,1523.1769,90.3571
130.0,-630.0,1518.83,84.3568
130.0,-620.0,1514.5365,78.4158
130.0,-610.0,1510.2971,72.5351
130.0,-600.0,1506.1121,66.7157
130.0,-590.0,1501.9821,60.9587
130.0,-580.0,1497.9074,55.2651
130.0,-570.0,1493.8886,49.6358
130.0,-560.0,1489.926,44.072
130.0,-550.0,1486.0201,38.5746
130.0,-540.0,1482.1715,33.1448
130.0,-530.0,1478.3804,27.7836
130.0,-520.0,1474.6475,22.4921
130.0,-510.0,1470.973,17.2714
130.0,-500.0,1467.3575,12.1225
130.0,-490.0,1463.8014,7.0467
130.0,-480.0,1460.3051,2.0449
130.0,-470.0,1456.869,-2.8817
130.0,-460.0,1453.4936,-7.732
130.0,-450.0,1450.1794,-12.5048
130.0,-440.0,1446.9266,-17.199
130.0,-430.0,1443.7358,-21.8136
130.0,-420.0,1440.6073,-26.3473
130.0,-410.0,1437.5416,-30.799
130.0,-400.0,1434.5391,-35.1676
130.0,-390.0,1431.6001,-39.452
130.0,-380.0,1428.725,-43.651
130.0,-370.0,1425.9143,-47.7635
130.0,-360.0,1423.1683,-51.7884
130.0,-350.0,1420.4874,-55.7245
130.0,-340.0,1417.8719,-59.5707
130.0,-330.0,1415.3223,-63.326
130.0,-320.0,1412.8389,-66.9892
130.0,-310.0,1410.422,-70.5593
130.0,-300.0,1408.0719,-74.0351
130.0,-290.0,1405.7891,-77.4156
130.0,-280.0,1403.5738,-80.6998
130.0,-270.0,1401.4264,-83.8865
130.0,-260.0,1399.3471,-86.9749
130.0,-250.0,1397.3363,-89.9638
130.0,-240.0,1395.3943,-92.8524
130.0,-230.0,1393.5213,-95.6396
130.0,-220.0,1391.7176,-98.3245
130.0,-210.0,1389.9836,-100.9062
130.0,-200.0,1388.3194,-103.3838
130.0,-190.0,1386.7254,-105.7565
130.0,-180.0,1385.2017,-108.0233
130.0,-170.0,1383.7486,-110.1835
130.0,-160.0,1382.3663,-112.2363
130.0,-150.0,1381.055,-114.181
130.0,-140.0,1379.815,-116.0168
130.0,-130.0,1378.6464,-117.7431
130.0,-120.0,1377.5494,-119.3592
130.0,-110.0,1376.5241,-120.8646
130.0,-100.0,1375.5708,-122.2585
130.0,-90.0,1374.6896,-123.5406
130.0,-80.0,1373.8806,-124.7103
130.0,-70.0,1373.144,-125.7672
130.0,-60.0,1372.4798,-126.7109
130.0,-50.0,1371.8882,-127.5409
130.0,-40.0,1371.3693,-128.257
130.0,-30.0,1370.9231,-128.8589
130.0,-20.0,1370.5497,-129.3464
130.0,-10.0,1370.2492,-129.7192
130.0,0.0,1370.0217,-129.9772
130.0,10.0,1370.2492,-129.7192
130.0,20.0,1370.5497,-129.3464
130.0,30.0,1370.9231,-128.8589
130.0,40.0,1371.3693,-128.257
130.0,50.0,1371.8882,-127.5409
130.0,60.0,1372.4798,-126.7109
130.0,70.0,1373.144,-125.7672
130.0,80.0,1373.8806,-124.7103
130.0,90.0,1374.6896,-123.5406
130.0,100.0,1375.5708,-122.2585
130.0,110.0,1376.5241,-120.8646
130.0,120.0,1377.5494,-119.3592
130.0,130.0,1378.6464,-117.7431
130.0,140.0,1379.815,-116.0168
130.0,150.0,1381.055,-114.181
130.0,160.0,1382.3663,-112.2363
130.0,170.0,1383.7486,-110.1835
130.0,180.0,1385.2017,-108.0233
130.0,190.0,1386.7254,-105.7565
130.0,200.0,1388.3194,-103.3838
130.0,210.0,1389.9836,-100.9062
130.0,220.0,1391.7176,-98.3245
130.0,230.0,1393.5213,-95.6396
130.0,240.0,1395.3943,-92.8524
130.0,250.0,1397.3363,-89.9638
130.0,260.0,1399.3471,-86.9749
130.0,270.0,1401.4264,-83.8865
130.0,280.0,1403.5738,-80.6998
130.0,290.0,1405.7891,-77.4156
130.0,300.0,1408.0719,-74.0351
130.0,310.0,1410.422,-70.5593
130.0,320.0,1412.8389,-66.9892
130.0,330.0,1415.3223,-63.326
130.0,340.0,1417.8719,-59.5707
130.0,350.0,1420.4874,-55.7245
130.0,360.0,1423.1683,-51.7884
130.0,370.0,1425.9143,-47.7635
130.0,380.0,1428.725,-43.651
130.0,390.0,1431.6001,-39.452
130.0,400.0,1434.5391,-35.1676
130.0,410.0,1437.5416,-30.799
130.0,420.0,1440.6073,-26.3473
130.0,430.0,1443.7358,-21.8136
130.0,440.0,1446.9266,-17.199
130.0,450.0,1450.1794,-12.5048
130.0,460.0,1453.4936,-7.732
130.0,470.0,1456.869,-2.8817
130.0,480.0,1460.3051,2.0449
130.0,490.0,1463.8014,7.0467
130.0,500.0,1467.3575,12.1225
130.0,510.0,1470.973,17.2714
130.0,520.0,1474.6475,22.4921
130.0,530.0,1478.3804,27.7836
130.0,540.0,1482.1715,33.1448
130.0,550.0,1486.0201,38.5746
130.0,560.0,1489.926,44.072
130.0,570.0,1493.8886,49.6358
130.0,580.0,1497.9074,55.2651
130.0,590.0,1501.9821,60.9587
130.0,600.0,1506.1121,66.7157
130.0,610.0,1510.2971,72.5351
130.0,620.0,1514.5365,78.4158
130.0,630.0,1518.83,84.3568
130.0,640.0,1523.1769,90.3571
130.0,650.0,1527.577,96.4159
130.0,660.0,1532.0298,102.532
130.0,670.0,1536.5347,108.7046
130.0,680.0,1541.0913,114.9327
130.0,690.0,1545.6992,121.2154
130.0,700.0,1550.3578,127.5518
130.0,710.0,1555.0669,133.9409
130.0,720.0,1559.8258,140.382
130.0,730.0,1564.6342,146.8741
130.0,740.0,1569.4916,153.4163
130.0,750.0,1574.3974,160.0078
130.0,760.0,1579.3514,166.6479
130.0,770.0,1584.353,173.3355
130.0,780.0,1589.4018,180.0701
130.0,790.0,1594.4973,186.8506
130.0,800.0,1599.6391,193.6764
130.0,810.0,1604.8267,200.5467
130.0,820.0,1610.0597,207.4608
130.0,830.0,1615.3377,214.4178
130.0,840.0,1620.6602,221.4171
130.0,850.0,1626.0268,228.4579
130.0,860.0,1631.437,235.5395
130.0,870.0,1636.8904,242.6612
130.0,880.0,1642.3866,249.8223
130.0,890.0,1647.9252,257.0222
130.0,900.0,1653.5056,264.2602
130.0,910.0,1659.1276,271.5357
130.0,920.0,1664.7907,278.8479
130.0,930.0,1670.4944,286.1964
130.0,940.0,1676.2384,293.5804
130.0,950.0,1682.0222,300.9993
130.0,960.0,1687.8455,308.4526
130.0,970.0,1693.7077,315.9397
130.0,980.0,1699.6086,323.46
130.0,990.0,1705.5477,331.0129
130.0,1000.0,1711.5246,338.5979
140.0,-1000.0,1703.532,332.1214
140.0,-990.0,1697.5269,324.4993
140.0,-980.0,1691.5596,316.909
140.0,-970.0,1685.6306,309.3511
140.0,-960.0,1679.7401,301.8261
140.0,-950.0,1673.8887,294.3347
140.0,-940.0,1668.0767,286.8773
140.0,-930.0,1662.3045,279.4546
140.0,-920.0,1656.5725,272.0672
140.0,-910.0,1650.8813,264.7158
140.0,-900.0,1645.2311,257.4009
140.0,-890.0,1639.6225,250.1232
140.0,-880.0,1634.0558,242.8833
140.0,-870.0,1628.5315,235.6819
140.0,-860.0,1623.05,228.5198
140.0,-850.0,1617.6117,221.3975
140.0,-840.0,1612.2171,214.3157
140.0,-830.0,1606.8667,207.2753
140.0,-820.0,1601.5608,200.2769
140.0,-810.0,1596.2999,193.3212
140.0,-800.0,1591.0845,186.4091
140.0,-790.0,1585.9149,179.5412
140.0,-780.0,1580.7918,172.7184
140.0,-770.0,1575.7154,165.9414
140.0,-760.0,1570.6863,159.2111
140.0,-750.0,1565.7049,152.5282
140.0,-740.0,1560.7717,145.8936
140.0,-730.0,1555.8871,139.3082
140.0,-720.0,1551.0516,132.7728
140.0,-710.0,1546.2657,126.2882
140.0,-700.0,1541.5298,119.8554
140.0,-690.0,1536.8443,113.4752
140.0,-680.0,1532.2098,107.1486
140.0,-670.0,1527.6267,100.8764
140.0,-660.0,1523.0954,94.6597
140.0,-650.0,1518.6165,88.4993
140.0,-640.0,1514.1904,82.3963
140.0,-630.0,1509.8175,76.3516
140.0,-620.0,1505.4984,70.3661
140.0,-610.0,1501.2335,64.441
140.0,-600.0,1497.0231,58.5771
140.0,-590.0,1492.868,52.7756
140.0,-580.0,1488.7683,47.0375
140.0,-570.0,1484.7247,41.3637
140.0,-560.0,1480.7377,35.7554
140.0,-550.0,1476.8075,30.2137
140.0,-540.0,1472.9348,24.7396
140.0,-530.0,1469.1199,19.3342
140.0,-520.0,1465.3633,13.9986
140.0,-510.0,1461.6655,8.7339
140.0,-500.0,1458.0269,3.5413
140.0,-490.0,1454.448,-1.5782
140.0,-480.0,1450.9292,-6.6235
140.0,-470.0,1447.4708,-11.5932
140.0,-460.0,1444.0735,-16.4865
140.0,-450.0,1440.7376,-21.302
140.0,-440.0,1437.4634,-26.0386
140.0,-430.0,1434.2516,-30.6952
140.0,-420.0,1431.1024,-35.2707
140.0,-410.0,1428.0163,-39.7638
140.0,-400.0,1424.9936,-44.1734
140.0,-390.0,1422.0349,-48.4983
140.0,-380.0,1419.1405,-52.7374
140.0,-370.0,1416.3107,-56.8895
140.0,-360.0,1413.5461,-60.9535
140.0,-350.0,1410.8469,-64.9282
140.0,-340.0,1408.2136,-68.8124
140.0,-330.0,1405.6464,-72.6051
140.0,-320.0,1403.1459,-76.3051
140.0,-310.0,1400.7122,-79.9113
140.0,-300.0,1398.3459,-83.4226
140.0,-290.0,1396.0471,-86.8379
140.0,-280.0,1393.8163,-90.1561
140.0,-270.0,1391.6538,-93.3761
140.0,-260.0,1389.5599,-96.4969
140.0,-250.0,1387.535,-99.5174
140.0,-240.0,1385.5792,-102.4367
140.0,-230.0,1383.6929,-105.2538
140.0,-220.0,1381.8765,-107.9677
140.0,-210.0,1380.1301,-110.5773
140.0,-200.0,1378.454,-113.082
140.0,-190.0,1376.8485,-115.4806
140.0,-180.0,1375.3139,-117.7724
140.0,-170.0,1373.8503,-119.9566
140.0,-160.0,1372.4581,-122.0322
140.0,-150.0,1371.1373,-123.9986
140.0,-140.0,1369.8883,-125.8551
140.0,-130.0,1368.7112,-127.6009
140.0,-120.0,1367.6062,-129.2353
140.0,-110.0,1366.5735,-130.7577
140.0,-100.0,1365.6133,-132.1676
140.0,-90.0,1364.7257,-133.4643
140.0,-80.0,1363.9108,-134.6475
140.0,-70.0,1363.1687,-135.7165
140.0,-60.0,1362.4997,-136.671
140.0,-50.0,1361.9038,-137.5106
140.0,-40.0,1361.381,-138.235
140.0,-30.0,1360.9316,-138.8439
140.0,-20.0,1360.5554,-139.337
140.0,-10.0,1360.2527,-139.7142
140.0,0.0,1360.0235,-139.9752
140.0,10.0,1360.2527,-139.7142
140.0,20.0,1360.5554,-139.337
140.0,30.0,1360.9316,-138.8439
140.0,40.0,1361.381,-138.235
140.0,50.0,1361.9038,-137.5106
140.0,60.0,1362.4997,-136.671
140.0,70.0,1363.1687,-135.7165
140.0,80.0,1363.9108,-134.6475
140.0,90.0,1364.7257,-133.4643
140.0,100.0,1365.6133,-132.1676
140.0,110.0,1366.5735,-130.7577
140.0,120.0,1367.6062,-129.2353
140.0,130.0,1368.7112,-127.6009
140.0,140.0,1369.8883,-125.8551
140.0,150.0,1371.1373,-123.9986
140.0,160.0,1372.4581,-122.0322
140.0,170.0,1373.8503,-119.9566
140.0,180.0,1375.3139,-117.7724
140.0,190.0,1376.8485,-115.4806
140.0,200.0,1378.454,-113.082
140.0,210.0,1380.1301,-110.5773
140.0,220.0,1381.8765,-107.9677
140.0,230.0,1383.6929,-105.2538
140.0,240.0,1385.5792,-102.4367
140.0,250.0,1387.535,-99.5174
140.0,260.0,1389.5599,-96.4969
140.0,270.0,1391.6538,-93.3761
140.0,280.0,1393.8163,-90.1561
140.0,290.0,1396.0471,-86.8379
140.0,300.0,1398.3459,-83.4226
140.0,310.0,1400.7122,-79.9113
140.0,320.0,1403.1459,-76.3051
140.0,330.0,1405.6464,-72.6051
140.0,340.0,1408.2136,-68.8124
140.0,350.0,1410.8469,-64.9282
140.0,360.0,1413.5461,-60.9535
140.0,370.0,1416.3107,-56.8895
140.0,380.0,1419.1405,-52.7374
140.0,390.0,1422.0349,-48.4983
140.0,400.0,1424.9936,-44.1734
140.0,410.0,1428.0163,-39.7638
140.0,420.0,1431.1024,-35.2707
140.0,430.0,1434.2516,-30.6952
140.0,440.0,1437.4634,-26.0386
140.0,450.0,1440.7376,-21.302
140.0,460.0,1444.0735,-16.4865
140.0,470.0,1447.4708,-11.5932
140.0,480.0,1450.9292,-6.6235
140.0,490.0,1454.448,-1.5782
140.0,500.0,1458.0269,3.5413
140.0,510.0,1461.6655,8.7339
140.0,520.0,1465.3633,13.9986
140.0,530.0,1469.1199,19.3342
140.0,540.0,1472.9348,24.7396
140.0,550.0,1476.8075,30.2137
140.0,560.0,1480.7377,35.7554
140.0,570.0,1484.7247,41.3637
140.0,580.0,1488.7683,47.0375
140.0,590.0,1492.868,52.7756
140.0,600.0,1497.0231,58.5771
140.0,610.0,1501.2335,64.441
140.0,620.0,1505.4984,70.3661
140.0,630.0,1509.8175,76.3516
140.0,640.0,1514.1904,82.3963
140.0,650.0,1518.6165,88.4993
140.0,660.0,1523.0954,94.6597
140.0,670.0,1527.6267,100.8764
140.0,680.0,1532.2098,107.1486
140.0,690.0,1536.8443,113.4752
140.0,700.0,1541.5298,119.8554
140.0,710.0,1546.2657,126.2882
140.0,720.0,1551.0516,132.7728
140.0,730.0,1555.8871,139.3082
140.0,740.0,1560.7717,145.8936
140.0,750.0,1565.7049,152.5282
140.0,760.0,1570.6863,159.2111
140.0,770.0,1575.7154,165.9414
140.0,780.0,1580.7918,172.7184
140.0,790.0,1585.9149,179.5412
140.0,800.0,1591.0845,186.4091
140.0,810.0,1596.2999,193.3212
140.0,820.0,1601.5608,200.2769
140.0,830.0,1606.8667,207.2753
140.0,840.0,1612.2171,214.3157
140.0,850.0,1617.6117,221.3975
140.0,860.0,1623.05,228.5198
140.0,870.0,1628.5315,235.6819
140.0,880.0,1634.0558,242.8833
140.0,890.0,1639.6225,250.1232
140.0,900.0,1645.2311,257.4009
140.0,910.0,1650.8813,264.7158
140.0,920.0,1656.5725,272.0672
140.0,930.0,1662.3045,279.4546
140.0,940.0,1668.0767,286.8773
140.0,950.0,1673.8887,294.3347
140.0,960.0,1679.7401,301.8261
140.0,970.0,1685.6306,309.3511
140.0,980.0,1691.5596,316.909
140.0,990.0,1697.5269,324.4993
140.0,1000.0,1703.532,332.1214
150.0,-1000.0,1695.5606,325.6887
150.0,-990.0,1689.5272,318.0294
150.0,-980.0,1683.5316,310.4016
150.0,-970.0,1677.5742,302.806
150.0,-960.0,1671.6553,295.243
150.0,-950.0,1665.7755,287.7132
150.0,-940.0,1659.935,280.2173
150.0,-930.0,1654.1344,272.7557
150.0,-920.0,1648.3741,265.3293
150.0,-910.0,1642.6544,257.9384
150.0,-900.0,1636.9759,250.5839
150.0,-890.0,1631.3389,243.2663
150.0,-880.0,1625.7438,235.9862
150.0,-870.0,1620.1911,228.7444
150.0,-860.0,1614.6813,221.5416
150.0,-850.0,1609.2148,214.3784
150.0,-840.0,1603.7919,207.2555
150.0,-830.0,1598.4133,200.1736
150.0,-820.0,1593.0792,193.1335
150.0,-810.0,1587.7903,186.136
150.0,-800.0,1582.5468,179.1817
150.0,-790.0,1577.3493,172.2715
150.0,-780.0,1572.1982,165.4061
150.0,-770.0,1567.094,158.5864
150.0,-760.0,1562.0371,151.8131
150.0,-750.0,1557.0281,145.087
150.0,-740.0,1552.0673,138.4091
150.0,-730.0,1547.1552,131.7801
150.0,-720.0,1542.2924,125.2009
150.0,-710.0,1537.4792,118.6725
150.0,-700.0,1532.7161,112.1956
150.0,-690.0,1528.0036,105.7712
150.0,-680.0,1523.3422,99.4003
150.0,-670.0,1518.7323,93.0837
150.0,-660.0,1514.1745,86.8224
150.0,-650.0,1509.6691,80.6173
150.0,-640.0,1505.2166,74.4695
150.0,-630.0,1500.8176,68.38
150.0,-620.0,1496.4725,62.3496
150.0,-610.0,1492.1818,56.3795
150.0,-600.0,1487.9459,50.4706
150.0,-590.0,1483.7652,44.6241
150.0,-580.0,1479.6404,38.8409
150.0,-570.0,1475.5718,33.1222
150.0,-560.0,1471.5599,27.4689
150.0,-550.0,1467.6052,21.8823
150.0,-540.0,1463.7081,16.3633
150.0,-530.0,1459.8691,10.9131
150.0,-520.0,1456.0887,5.5328
150.0,-510.0,1452.3673,0.2235
150.0,-500.0,1448.7053,-5.0135
150.0,-490.0,1445.1033,-10.1773
150.0,-480.0,1441.5617,-15.2665
150.0,-470.0,1438.0808,-20.2802
150.0,-460.0,1434.6612,-25.217
150.0,-450.0,1431.3034,-30.0758
150.0,-440.0,1428.0076,-34.8556
150.0,-430.0,1424.7744,-39.5549
150.0,-420.0,1421.6042,-44.1728
150.0,-410.0,1418.4974,-48.7079
150.0,-400.0,1415.4545,-53.1591
150.0,-390.0,1412.4758,-57.5253
150.0,-380.0,1409.5617,-61.8052
150.0,-370.0,1406.7127,-65.9976
150.0,-360.0,1403.9292,-70.1014
150.0,-350.0,1401.2115,-74.1154
150.0,-340.0,1398.56,-78.0383
150.0,-330.0,1395.9751,-81.8691
150.0,-320.0,1393.4572,-85.6066
150.0,-310.0,1391.0066,-89.2497
150.0,-300.0,1388.6237,-92.7971
150.0,-290.0,1386.3088,-96.2478
150.0,-280.0,1384.0623,-99.6006
150.0,-270.0,1381.8846,-102.8545
150.0,-260.0,1379.7759,-106.0084
150.0,-250.0,1377.7365,-109.0612
150.0,-240.0,1375.7668,-112.0119
150.0,-230.0,1373.8671,-114.8594
150.0,-220.0,1372.0376,-117.6028
150.0,-210.0,1370.2786,-120.2411
150.0,-200.0,1368.5905,-122.7733
150.0,-190.0,1366.9734,-125.1985
150.0,-180.0,1365.4277,-127.5159
150.0,-170.0,1363.9535,-129.7245
150.0,-160.0,1362.5512,-131.8235
150.0,-150.0,1361.2208,-133.8121
150.0,-140.0,1359.9627,-135.6897
150.0,-130.0,1358.777,-137.4553
150.0,-120.0,1357.664,-139.1084
150.0,-110.0,1356.6237,-140.6484
150.0,-100.0,1355.6564,-142.0745
150.0,-90.0,1354.7622,-143.3862
150.0,-80.0,1353.9413,-144.5831
150.0,-70.0,1353.1938,-145.6646
150.0,-60.0,1352.5199,-146.6302
150.0,-50.0,1351.9195,-147.4797
150.0,-40.0,1351.3929,-148.2125
150.0,-30.0,1350.9401,-148.8286
150.0,-20.0,1350.5612,-149.3274
150.0,-10.0,1350.2563,-149.709
150.0,0.0,1350.0254,-149.9731
150.0,10.0,1350.2563,-149.709
150.0,20.0,1350.5612,-149.3274
150.0,30.0,1350.9401,-148.8286
150.0,40.0,1351.3929,-148.2125
150.0,50.0,1351.9195,-147.4797
150.0,60.0,1352.5199,-146.6302
150.0,70.0,1353.1938,-145.6646
150.0,80.0,1353.9413,-144.5831
150.0,90.0,1354.7622,-143.3862
150.0,100.0,1355.6564,-142.0745
150.0,110.0,1356.6237,-140.6484
150.0,120.0,1357.664,-139.1084
150.0,130.0,1358.777,-137.4553
150.0,140.0,1359.9627,-135.6897
150.0,150.0,1361.2208,-133.8121
150.0,160.0,1362.5512,-131.8235
150.0,170.0,1363.9535,-129.7245
150.0,180.0,1365.4277,-127.5159
150.0,190.0,1366.9734,-125.1985
150.0,200.0,1368.5905,-122.7733
150.0,210.0,1370.2786,-120.2411
150.0,220.0,1372.0376,-117.6028
150.0,230.0,1373.8671,-114.8594
150.0,240.0,1375.7668,-112.0119
150.0,250.0,1377.7365,-109.0612
150.0,260.0,1379.7759,-106.0084
150.0,270.0,1381.8846,-102.8545
150.0,280.0,1384.0623,-99.6006
150.0,290.0,1386.3088,-96.2478
150.0,300.0,1388.6237,-92.7971
150.0,310.0,1391.0066,-89.2497
150.0,320.0,1393.4572,-85.6066
150.0,330.0,1395.9751,-81.8691
150.0,340.0,1398.56,-78.0383
150.0,350.0,1401.2115,-74.1154
150.0,360.0,1403.9292,-70.1014
150.0,370.0,1406.7127,-65.9976
150.0,380.0,1409.5617,-61.8052
150.0,390.0,1412.4758,-57.5253
150.0,400.0,1415.4545,-53.1591
150.0,410.0,1418.4974,-48.7079
150.0,420.0,1421.6042,-44.1728
150.0,430.0,1424.7744,-39.5549
150.0,440.0,1428.0076,-34.8556
150.0,450.0,1431.3034,-30.0758
150.0,460.0,1434.6612,-25.217
150.0,470.0,1438.0808,-20.2802
150.0,480.0,1441.5617,-15.2665
150.0,490.0,1445.1033,-10.1773
150.0,500.0,1448.7053,-5.0135
150.0,510.0,1452.3673,0.2235
150.0,520.0,1456.0887,5.5328
150.0,530.0,1459.8691,10.9131
150.0,540.0,1463.7081,16.3633
150.0,550.0,1467.6052,21.8823
150.0,560.0,1471.5599,27.4689
150.0,570.0,1475.5718,33.1222
150.0,580.0,1479.6404,38.8409
150.0,590.0,1483.7652,44.6241
150.0,600.0,1487.9459,50.4706
150.0,610.0,1492.1818,56.3795
150.0,620.0,1496.4725,62.3496
150.0,630.0,1500.8176,68.38
150.0,640.0,1505.2166,74.4695
150.0,650.0,1509.6691,80.6173
150.0,660.0,1514.1745,86.8224
150.0,670.0,1518.7323,93.0837
150.0,680.0,1523.3422,99.4003
150.0,690.0,1528.0036,105.7712
150.0,700.0,1532.7161,112.1956
150.0,710.0,1537.4792,118.6725
150.0,720.0,1542.2924,125.2009
150.0,730.0,1547.1552,131.7801
150.0,740.0,1552.0673,138.4091
150.0,750.0,1557.0281,145.087
150.0,760.0,1562.0371,151.8131
150.0,770.0,1567.094,158.5864
150.0,780.0,1572.1982,165.4061
150.0,790.0,1577.3493,172.2715
150.0,800.0,1582.5468,179.1817
150.0,810.0,1587.7903,186.136
150.0,820.0,1593.0792,193.1335
150.0,830.0,1598.4133,200.1736
150.0,840.0,1603.7919,207.2555
150.0,850.0,1609.2148,214.3784
150.0,860.0,1614.6813,221.5416
150.0,870.0,1620.1911,228.7444
150.0,880.0,1625.7438,235.9862
150.0,890.0,1631.3389,243.2663
150.0,900.0,1636.9759,250.5839
150.0,910.0,1642.6544,257.9384
150.0,920.0,1648.3741,265.3293
150.0,930.0,1654.1344,272.7557
150.0,940.0,1659.935,280.2173
150.0,950.0,1665.7755,287.7132
150.0,960.0,1671.6553,295.243
150.0,970.0,1677.5742,302.806
150.0,980.0,1683.5316,310.4016
150.0,990.0,1689.5272,318.0294
150.0,1000.0,1695.5606,325.6887
160.0,-1000.0,1687.6108,319.3004
160.0,-990.0,1681.5489,311.6038
160.0,-980.0,1675.5247,303.9384
160.0,-970.0,1669.5387,296.3049
160.0,-960.0,1663.5913,288.7038
160.0,-950.0,1657.6829,281.1356
160.0,-940.0,1651.8138,273.6009
160.0,-930.0,1645.9846,266.1004
160.0,-920.0,1640.1956,258.6346
160.0,-910.0,1634.4474,251.2043
160.0,-900.0,1628.7402,243.8099
160.0,-890.0,1623.0746,236.4522
160.0,-880.0,1617.4509,229.1318
160.0,-870.0,1611.8697,221.8494
160.0,-860.0,1606.3313,214.6056
160.0,-850.0,1600.8363,207.4013
160.0,-840.0,1595.385,200.237
160.0,-830.0,1589.9779,193.1135
160.0,-820.0,1584.6154,186.0315
160.0,-810.0,1579.2981,178.9918
160.0,-800.0,1574.0263,171.9951
160.0,-790.0,1568.8006,165.0423
160.0,-780.0,1563.6214,158.1341
160.0,-770.0,1558.4891,151.2712
160.0,-760.0,1553.4042,144.4546
160.0,-750.0,1548.3672,137.6851
160.0,-740.0,1543.3786,130.9634
160.0,-730.0,1538.4388,124.2906
160.0,-720.0,1533.5483,117.6673
160.0,-710.0,1528.7075,111.0946
160.0,-700.0,1523.917,104.5733
160.0,-690.0,1519.1773,98.1043
160.0,-680.0,1514.4887,91.6886
160.0,-670.0,1509.8518,85.3271
160.0,-660.0,1505.267,79.0208
160.0,-650.0,1500.7349,72.7706
160.0,-640.0,1496.2559,66.5776
160.0,-630.0,1491.8305,60.4427
160.0,-620.0,1487.4591,54.367
160.0,-610.0,1483.1423,48.3514
160.0,-600.0,1478.8805,42.3971
160.0,-590.0,1474.6742,36.505
160.0,-580.0,1470.5238,30.6762
160.0,-570.0,1466.4299,24.9119
160.0,-560.0,1462.393,19.2131
160.0,-550.0,1458.4134,13.581
160.0,-540.0,1454.4917,8.0165
160.0,-530.0,1450.6283,2.521
160.0,-520.0,1446.8237,-2.9046
160.0,-510.0,1443.0784,-8.259
160.0,-500.0,1439.3928,-13.5411
160.0,-490.0,1435.7674,-18.7497
160.0,-480.0,1432.2027,-23.8837
160.0,-470.0,1428.6991,-28.9418
160.0,-460.0,1425.257,-33.9229
160.0,-450.0,1421.8769,-38.8258
160.0,-440.0,1418.5592,-43.6492
160.0,-430.0,1415.3045,-48.392
160.0,-420.0,1412.113,-53.0529
160.0,-410.0,1408.9853,-57.6308
160.0,-400.0,1405.9218,-62.1244
160.0,-390.0,1402.9228,-66.5325
160.0,-380.0,1399.9889,-70.8539
160.0,-370.0,1397.1204,-75.0873
160.0,-360.0,1394.3176,-79.2316
160.0,-350.0,1391.5812,-83.2855
160.0,-340.0,1388.9113,-87.2479
160.0,-330.0,1386.3084,-91.1175
160.0,-320.0,1383.7729,-94.8932
160.0,-310.0,1381.3051,-98.5738
160.0,-300.0,1378.9055,-102.158
160.0,-290.0,1376.5743,-105.6449
160.0,-280.0,1374.3119,-109.0331
160.0,-270.0,1372.1186,-112.3215
160.0,-260.0,1369.9949,-115.5092
160.0,-250.0,1367.9409,-118.5949
160.0,-240.0,1365.9571,-121.5776
160.0,-230.0,1364.0437,-124.4563
160.0,-220.0,1362.201,-127.2298
160.0,-210.0,1360.4294,-129.8973
160.0,-200.0,1358.729,-132.4577
160.0,-190.0,1357.1002,-134.91
160.0,-180.0,1355.5432,-137.2535
160.0,-170.0,1354.0583,-139.487
160.0,-160.0,1352.6457,-141.6099
160.0,-150.0,1351.3055,-143.6213
160.0,-140.0,1350.0382,-145.5204
160.0,-130.0,1348.8438,-147.3064
160.0,-120.0,1347.7225,-148.9787
160.0,-110.0,1346.6746,-150.5365
160.0,-100.0,1345.7001,-151.9792
160.0,-90.0,1344.7993,-153.3063
160.0,-80.0,1343.9724,-154.5172
160.0,-70.0,1343.2193,-155.6114
160.0,-60.0,1342.5403,-156.5885
160.0,-50.0,1341.9355,-157.4479
160.0,-40.0,1341.405,-158.1895
160.0,-30.0,1340.9489,-158.8128
160.0,-20.0,1340.5671,-159.3176
160.0,-10.0,1340.2599,-159.7038
160.0,0.0,1340.0273,-159.971
160.0,10.0,1340.2599,-159.7038
160.0,20.0,1340.5671,-159.3176
160.0,30.0,1340.9489,-158.8128
160.0,40.0,1341.405,-158.1895
160.0,50.0,1341.9355,-157.4479
160.0,60.0,1342.5403,-156.5885
160.0,70.0,1343.2193,-155.6114
160.0,80.0,1343.9724,-154.5172
160.0,90.0,1344.7993,-153.3063
160.0,100.0,1345.7001,-151.9792
160.0,110.0,1346.6746,-150.5365
160.0,120.0,1347.7225,-148.9787
160.0,130.0,1348.8438,-147.3064
160.0,140.0,1350.0382,-145.5204
160.0,150.0,1351.3055,-143.6213
160.0,160.0,1352.6457,-141.6099
160.0,170.0,1354.0583,-139.487
160.0,180.0,1355.5432,-137.2535
160.0,190.0,1357.1002,-134.91
160.0,200.0,1358.729,-132.4577
160.0,210.0,1360.4294,-129.8973
160.0,220.0,1362.201,-127.2298
160.0,230.0,1364.0437,-124.4563
160.0,240.0,1365.9571,-121.5776
160.0,250.0,1367.9409,-118.5949
160.0,260.0,1369.9949,-115.5092
160.0,270.0,1372.1186,-112.3215
160.0,280.0,1374.3119,-109.0331
160.0,290.0,1376.5743,-105.6449
160.0,300.0,1378.9055,-102.158
160.0,310.0,1381.3051,-98.5738
160.0,320.0,1383.7729,-94.8932
160.0,330.0,1386.3084,-91.1175
160.0,340.0,1388.9113,-87.2479
160.0,350.0,1391.5812,-83.2855
160.0,360.0,1394.3176,-79.2316
160.0,370.0,1397.1204,-75.0873
160.0,380.0,1399.9889,-70.8539
160.0,390.0,1402.9228,-66.5325
160.0,400.0,1405.9218,-62.1244
160.0,410.0,1408.9853,-57.6308
160.0,420.0,1412.113,-53.0529
160.0,430.0,1415.3045,-48.392
160.0,440.0,1418.5592,-43.6492
160.0,450.0,1421.8769,-38.8258
160.0,460.0,1425.257,-33.9229
160.0,470.0,1428.6991,-28.9418
160.0,480.0,1432.2027,-23.8837
160.0,490.0,1435.7674,-18.7497
160.0,500.0,1439.3928,-13.5411
160.0,510.0,1443.0784,-8.259
160.0,520.0,1446.8237,-2.9046
160.0,530.0,1450.6283,2.521
160.0,540.0,1454.4917,8.0165
160.0,550.0,1458.4134,13.581
160.0,560.0,1462.393,19.2131
160.0,570.0,1466.4299,24.9119
160.0,580.0,1470.5238,30.6762
160.0,590.0,1474.6742,36.505
160.0,600.0,1478.8805,42.3971
160.0,610.0,1483.1423,48.3514
160.0,620.0,1487.4591,54.367
160.0,630.0,1491.8305,60.4427
160.0,640.0,1496.2559,66.5776
160.0,650.0,1500.7349,72.7706
160.0,660.0,1505.267,79.0208
160.0,670.0,1509.8518,85.3271
160.0,680.0,1514.4887,91.6886
160.0,690.0,1519.1773,98.1043
160.0,700.0,1523.917,104.5733
160.0,710.0,1528.7075,111.0946
160.0,720.0,1533.5483,117.6673
160.0,730.0,1538.4388,124.2906
160.0,740.0,1543.3786,130.9634
160.0,750.0,1548.3672,137.6851
160.0,760.0,1553.4042,144.4546
160.0,770.0,1558.4891,151.2712
160.0,780.0,1563.6214,158.1341
160.0,790.0,1568.8006,165.0423
160.0,800.0,1574.0263,171.9951
160.0,810.0,1579.2981,178.9918
160.0,820.0,1584.6154,186.0315
160.0,830.0,1589.9779,193.1135
160.0,840.0,1595.385,200.237
160.0,850.0,1600.8363,207.4013
160.0,860.0,1606.3313,214.6056
160.0,870.0,1611.8697,221.8494
160.0,880.0,1617.4509,229.1318
160.0,890.0,1623.0746,236.4522
160.0,900.0,1628.7402,243.8099
160.0,910.0,1634.4474,251.2043
160.0,920.0,1640.1956,258.6346
160.0,930.0,1645.9846,266.1004
160.0,940.0,1651.8138,273.6009
160.0,950.0,1657.6829,281.1356
160.0,960.0,1663.5913,288.7038
160.0,970.0,1669.5387,296.3049
160.0,980.0,1675.5247,303.9384
160.0,990.0,1681.5489,311.6038
160.0,1000.0,1687.6108,319.3004
170.0,-1000.0,1679.683,312.9572
170.0,-990.0,1673.5923,305.2232
170.0,-980.0,1667.5394,297.5201
170.0,-970.0,1661.5247,289.8486
170.0,-960.0,1655.5484,282.2092
170.0,-950.0,1649.6112,274.6024
170.0,-940.0,1643.7133,267.0289
170.0,-930.0,1637.8553,259.4893
170.0,-920.0,1632.0375,251.9841
170.0,-910.0,1626.2604,244.514
170.0,-900.0,1620.5244,237.0797
170.0,-890.0,1614.8299,229.6817
170.0,-880.0,1609.1774,222.3208
170.0,-870.0,1603.5674,214.9975
170.0,-860.0,1598.0003,207.7127
170.0,-850.0,1592.4765,200.4669
170.0,-840.0,1586.9965,193.261
170.0,-830.0,1581.5607,186.0956
170.0,-820.0,1576.1696,178.9715
170.0,-810.0,1570.8237,171.8894
170.0,-800.0,1565.5234,164.85
170.0,-790.0,1560.2692,157.8543
170.0,-780.0,1555.0615,150.9029
170.0,-770.0,1549.9009,143.9967
170.0,-760.0,1544.7877,137.1365
170.0,-750.0,1539.7226,130.3231
170.0,-740.0,1534.7058,123.5575
170.0,-730.0,1529.738,116.8403
170.0,-720.0,1524.8196,110.1726
170.0,-710.0,1519.9511,103.5553
170.0,-700.0,1515.1329,96.9891
170.0,-690.0,1510.3656,90.4752
170.0,-680.0,1505.6496,84.0143
170.0,-670.0,1500.9853,77.6075
170.0,-660.0,1496.3734,71.2558
170.0,-650.0,1491.8143,64.9601
170.0,-640.0,1487.3084,58.7213
170.0,-630.0,1482.8563,52.5406
170.0,-620.0,1478.4584,46.419
170.0,-610.0,1474.1152,40.3575
170.0,-600.0,1469.8272,34.3571
170.0,-590.0,1465.5949,28.419
170.0,-580.0,1461.4188,22.5442
170.0,-570.0,1457.2993,16.7338
170.0,-560.0,1453.237,10.9889
170.0,-550.0,1449.2323,5.3106
170.0,-540.0,1445.2856,-0.2999
170.0,-530.0,1441.3976,-5.8414
170.0,-520.0,1437.5686,-11.3128
170.0,-510.0,1433.7991,-16.713
170.0,-500.0,1430.0896,-22.0408
170.0,-490.0,1426.4406,-27.2949
170.0,-480.0,1422.8525,-32.4742
170.0,-470.0,1419.3257,-37.5775
170.0,-460.0,1415.8609,-42.6035
170.0,-450.0,1412.4583,-47.5511
170.0,-440.0,1409.1185,-52.4189
170.0,-430.0,1405.8418,-57.2058
170.0,-420.0,1402.6289,-61.9106
170.0,-410.0,1399.48,-66.5319
170.0,-400.0,1396.3956,-71.0685
170.0,-390.0,1393.3761,-75.5192
170.0,-380.0,1390.422,-79.8828
170.0,-370.0,1387.5337,-84.158
170.0,-360.0,1384.7116,-88.3435
170.0,-350.0,1381.9561,-92.4382
170.0,-340.0,1379.2676,-96.4407
170.0,-330.0,1376.6465,-100.3499
170.0,-320.0,1374.0932,-104.1645
170.0,-310.0,1371.608,-107.8833
170.0,-300.0,1369.1913,-111.5051
170.0,-290.0,1366.8435,-115.0287
170.0,-280.0,1364.565,-118.453
170.0,-270.0,1362.3561,-121.7767
170.0,-260.0,1360.2171,-124.9988
170.0,-250.0,1358.1484,-128.1181
170.0,-240.0,1356.1502,-131.1335
170.0,-230.0,1354.223,-134.0439
170.0,-220.0,1352.3669,-136.8483
170.0,-210.0,1350.5824,-139.5456
170.0,-200.0,1348.8696,-142.1348
170.0,-190.0,1347.2288,-144.6149
170.0,-180.0,1345.6604,-146.985
170.0,-170.0,1344.1646,-149.2441
170.0,-160.0,1342.7415,-151.3914
170.0,-150.0,1341.3915,-153.426
170.0,-140.0,1340.1148,-155.3471
170.0,-130.0,1338.9115,-157.154
170.0,-120.0,1337.7819,-158.8458
170.0,-110.0,1336.7262,-160.4219
170.0,-100.0,1335.7445,-161.8817
170.0,-90.0,1334.837,-163.2245
170.0,-80.0,1334.0038,-164.4498
170.0,-70.0,1333.2452,-165.557
170.0,-60.0,1332.5611,-166.5457
170.0,-50.0,1331.9518,-167.4155
170.0,-40.0,1331.4173,-168.1659
170.0,-30.0,1330.9577,-168.7967
170.0,-20.0,1330.5731,-169.3076
170.0,-10.0,1330.2636,-169.6983
170.0,0.0,1330.0292,-169.9688
170.0,10.0,1330.2636,-169.6983
170.0,20.0,1330.5731,-169.3076
170.0,30.0,1330.9577,-168.7967
170.0,40.0,1331.4173,-168.1659
170.0,50.0,1331.9518,-167.4155
170.0,60.0,1332.5611,-166.5457
170.0,70.0,1333.2452,-165.557
170.0,80.0,1334.0038,-164.4498
170.0,90.0,1334.837,-163.2245
170.0,100.0,1335.7445,-161.8817
170.0,110.0,1336.7262,-160.4219
170.0,120.0,1337.7819,-158.8458
170.0,130.0,1338.9115,-157.154
170.0,140.0,1340.1148,-155.3471
170.0,150.0,1341.3915,-153.426
170.0,160.0,1342.7415,-151.3914
170.0,170.0,1344.1646,-149.2441
170.0,180.0,1345.6604,-146.985
170.0,190.0,1347.2288,-144.6149
170.0,200.0,1348.8696,-142.1348
170.0,210.0,1350.5824,-139.5456
170.0,220.0,1352.3669,-136.8483
170.0,230.0,1354.223,-134.0439
170.0,240.0,1356.1502,-131.1335
170.0,250.0,1358.1484,-128.1181
170.0,260.0,1360.2171,-124.9988
170.0,270.0,1362.3561,-121.7767
170.0,280.0,1364.565,-118.453
170.0,290.0,1366.8435,-115.0287
170.0,300.0,1369.1913,-111.5051
170.0,310.0,1371.608,-107.8833
170.0,320.0,1374.0932,-104.1645
170.0,330.0,1376.6465,-100.3499
170.0,340.0,1379.2676,-96.4407
170.0,350.0,1381.9561,-92.4382
170.0,360.0,1384.7116,-88.3435
170.0,370.0,1387.5337,-84.158
170.0,380.0,1390.422,-79.8828
170.0,390.0,1393.3761,-75.5192
170.0,400.0,1396.3956,-71.0685
170.0,410.0,1399.48,-66.5319
170.0,420.0,1402.6289,-61.9106
170.0,430.0,1405.8418,-57.2058
170.0,440.0,1409.1185,-52.4189
170.0,450.0,1412.4583,-47.5511
170.0,460.0,1415.8609,-42.6035
170.0,470.0,1419.3257,-37.5775
170.0,480.0,1422.8525,-32.4742
170.0,490.0,1426.4406,-27.2949
170.0,500.0,1430.0896,-22.0408
170.0,510.0,1433.7991,-16.713
170.0,520.0,1437.5686,-11.3128
170.0,530.0,1441.3976,-5.8414
170.0,540.0,1445.2856,-0.2999
170.0,550.0,1449.2323,5.3106
170.0,560.0,1453.237,10.9889
170.0,570.0,1457.2993,16.7338
170.0,580.0,1461.4188,22.5442
170.0,590.0,1465.5949,28.419
170.0,600.0,1469.8272,34.3571
170.0,610.0,1474.1152,40.3575
170.0,620.0,1478.4584,46.419
170.0,630.0,1482.8563,52.5406
170.0,640.0,1487.3084,58.7213
170.0,650.0,1491.8143,64.9601
170.0,660.0,1496.3734,71.2558
170.0,670.0,1500.9853,77.6075
170.0,680.0,1505.6496,84.0143
170.0,690.0,1510.3656,90.4752
170.0,700.0,1515.1329,96.9891
170.0,710.0,1519.9511,103.5553
170.0,720.0,1524.8196,110.1726
170.0,730.0,1529.738,116.8403
170.0,740.0,1534.7058,123.5575
170.0,750.0,1539.7226,130.3231
170.0,760.0,1544.7877,137.1365
170.0,770.0,1549.9009,143.9967
170.0,780.0,1555.0615,150.9029
170.0,790.0,1560.2692,157.8543
170.0,800.0,1565.5234,164.85
170.0,810.0,1570.8237,171.8894
170.0,820.0,1576.1696,178.9715
170.0,830.0,1581.5607,186.0956
170.0,840.0,1586.9965,193.261
170.0,850.0,1592.4765,200.4669
170.0,860.0,1598.0003,207.7127
170.0,870.0,1603.5674,214.9975
170.0,880.0,1609.1774,222.3208
170.0,890.0,1614.8299,229.6817
170.0,900.0,1620.5244,237.0797
170.0,910.0,1626.2604,244.514
170.0,920.0,1632.0375,251.9841
170.0,930.0,1637.8553,259.4893
170.0,940.0,1643.7133,267.0289
170.0,950.0,1649.6112,274.6024
170.0,960.0,1655.5484,282.2092
170.0,970.0,1661.5247,289.8486
170.0,980.0,1667.5394,297.5201
170.0,990.0,1673.5923,305.2232
170.0,1000.0,1679.683,312.9572
180.0,-1000.0,1671.7773,306.6597
180.0,-990.0,1665.6578,298.8882
180.0,-980.0,1659.5759,291.1474
180.0,-970.0,1653.5322,283.4378
180.0,-960.0,1647.527,275.76
180.0,-950.0,1641.5607,268.1145
180.0,-940.0,1635.6338,260.502
180.0,-930.0,1629.7467,252.9231
180.0,-920.0,1623.8999,245.3784
180.0,-910.0,1618.0937,237.8684
180.0,-900.0,1612.3287,230.3939
180.0,-890.0,1606.6052,222.9555
180.0,-880.0,1600.9237,215.5538
180.0,-870.0,1595.2846,208.1896
180.0,-860.0,1589.6885,200.8634
180.0,-850.0,1584.1357,193.5761
180.0,-840.0,1578.6267,186.3283
180.0,-830.0,1573.162,179.1208
180.0,-820.0,1567.7421,171.9543
180.0,-810.0,1562.3673,164.8295
180.0,-800.0,1557.0382,157.7472
180.0,-790.0,1551.7553,150.7083
180.0,-780.0,1546.519,143.7135
180.0,-770.0,1541.3297,136.7636
180.0,-760.0,1536.1881,129.8595
180.0,-750.0,1531.0944,123.002
180.0,-740.0,1526.0493,116.1919
180.0,-730.0,1521.0533,109.4302
180.0,-720.0,1516.1067,102.7177
180.0,-710.0,1511.2101,96.0553
180.0,-700.0,1506.3639,89.444
180.0,-690.0,1501.5688,82.8846
180.0,-680.0,1496.825,76.3782
180.0,-670.0,1492.1332,69.9257
180.0,-660.0,1487.4939,63.5281
180.0,-650.0,1482.9074,57.1863
180.0,-640.0,1478.3744,50.9015
180.0,-630.0,1473.8953,44.6745
180.0,-620.0,1469.4706,38.5065
180.0,-610.0,1465.1007,32.3985
180.0,-600.0,1460.7863,26.3517
180.0,-590.0,1456.5277,20.3669
180.0,-580.0,1452.3255,14.4455
180.0,-570.0,1448.1802,8.5884
180.0,-560.0,1444.0922,2.7969
180.0,-550.0,1440.0621,-2.928
180.0,-540.0,1436.0902,-8.5851
180.0,-530.0,1432.1772,-14.1733
180.0,-520.0,1428.3235,-19.6912
180.0,-510.0,1424.5295,-25.1378
180.0,-500.0,1420.7959,-30.5119
180.0,-490.0,1417.1229,-35.8122
180.0,-480.0,1413.5111,-41.0375
180.0,-470.0,1409.961,-46.1866
180.0,-460.0,1406.4731,-51.2582
180.0,-450.0,1403.0478,-56.2511
180.0,-440.0,1399.6855,-61.164
180.0,-430.0,1396.3867,-65.9958
180.0,-420.0,1393.1519,-70.745
180.0,-410.0,1389.9815,-75.4105
180.0,-400.0,1386.876,-79.9909
180.0,-390.0,1383.8358,-84.485
180.0,-380.0,1380.8613,-88.8915
180.0,-370.0,1377.953,-93.2092
180.0,-360.0,1375.1112,-97.4367
180.0,-350.0,1372.3364,-101.5728
180.0,-340.0,1369.629,-105.6162
180.0,-330.0,1366.9894,-109.5656
180.0,-320.0,1364.418,-113.4198
180.0,-310.0,1361.9152,-117.1776
180.0,-300.0,1359.4813,-120.8377
180.0,-290.0,1357.1167,-124.3989
180.0,-280.0,1354.8219,-127.86
180.0,-270.0,1352.597,-131.2197
180.0,-260.0,1350.4426,-134.477
180.0,-250.0,1348.3588,-137.6306
180.0,-240.0,1346.3462,-140.6793
180.0,-230.0,1344.4049,-143.6222
180.0,-220.0,1342.5352,-146.458
180.0,-210.0,1340.7376,-149.1858
180.0,-200.0,1339.0122,-151.8044
180.0,-190.0,1337.3594,-154.3129
180.0,-180.0,1335.7794,-156.7102
180.0,-170.0,1334.2725,-158.9955
180.0,-160.0,1332.8388,-161.1677
180.0,-150.0,1331.4788,-163.2261
180.0,-140.0,1330.1926,-165.1698
180.0,-130.0,1328.9803,-166.9979
180.0,-120.0,1327.8423,-168.7098
180.0,-110.0,1326.7786,-170.3047
180.0,-100.0,1325.7896,-171.7818
180.0,-90.0,1324.8752,-173.1407
180.0,-80.0,1324.0358,-174.3807
180.0,-70.0,1323.2714,-175.5013
180.0,-60.0,1322.5822,-176.5019
180.0,-50.0,1321.9683,-177.3822
180.0,-40.0,1321.4297,-178.1417
180.0,-30.0,1320.9667,-178.7802
180.0,-20.0,1320.5792,-179.2973
180.0,-10.0,1320.2673,-179.6928
180.0,0.0,1320.0312,-179.9666
180.0,10.0,1320.2673,-179.6928
180.0,20.0,1320.5792,-179.2973
180.0,30.0,1320.9667,-178.7802
180.0,40.0,1321.4297,-178.1417
180.0,50.0,1321.9683,-177.3822
180.0,60.0,1322.5822,-176.5019
180.0,70.0,1323.2714,-175.5013
180.0,80.0,1324.0358,-174.3807
180.0,90.0,1324.8752,-173.1407
180.0,100.0,1325.7896,-171.7818
180.0,110.0,1326.7786,-170.3047
180.0,120.0,1327.8423,-168.7098
180.0,130.0,1328.9803,-166.9979
180.0,140.0,1330.1926,-165.1698
180.0,150.0,1331.4788,-163.2261
180.0,160.0,1332.8388,-161.1677
180.0,170.0,1334.2725,-158.9955
180.0,180.0,1335.7794,-156.7102
180.0,190.0,1337.3594,-154.3129
180.0,200.0,1339.0122,-151.8044
180.0,210.0,1340.7376,-149.1858
180.0,220.0,1342.5352,-146.458
180.0,230.0,1344.4049,-143.6222
180.0,240.0,1346.3462,-140.6793
180.0,250.0,1348.3588,-137.6306
180.0,260.0,1350.4426,-134.477
180.0,270.0,1352.597,-131.2197
180.0,280.0,1354.8219,-127.86
180.0,290.0,1357.1167,-124.3989
180.0,300.0,1359.4813,-120.8377
180.0,310.0,1361.9152,-117.1776
180.0,320.0,1364.418,-113.4198
180.0,330.0,1366.9894,-109.5656
180.0,340.0,1369.629,-105.6162
180.0,350.0,1372.3364,-101.5728
180.0,360.0,1375.1112,-97.4367
180.0,370.0,1377.953,-93.2092
180.0,380.0,1380.8613,-88.8915
180.0,390.0,1383.8358,-84.485
180.0,400.0,1386.876,-79.9909
180.0,410.0,1389.9815,-75.4105
180.0,420.0,1393.1519,-70.745
180.0,430.0,1396.3867,-65.9958
180.0,440.0,1399.6855,-61.164
180.0,450.0,1403.0478,-56.2511
180.0,460.0,1406.4731,-51.2582
180.0,470.0,1409.961,-46.1866
180.0,480.0,1413.5111,-41.0375
180.0,490.0,1417.1229,-35.8122
180.0,500.0,1420.7959,-30.5119
180.0,510.0,1424.5295,-25.1378
180.0,520.0,1428.3235,-19.6912
180.0,530.0,1432.1772,-14.1733
180.0,540.0,1436.0902,-8.5851
180.0,550.0,1440.0621,-2.928
180.0,560.0,1444.0922,2.7969
180.0,570.0,1448.1802,8.5884
180.0,580.0,1452.3255,14.4455
180.0,590.0,1456.5277,20.3669
180.0,600.0,1460.7863,26.3517
180.0,610.0,1465.1007,32.3985
180.0,620.0,1469.4706,38.5065
180.0,630.0,1473.8953,44.6745
180.0,640.0,1478.3744,50.9015
180.0,650.0,1482.9074,57.1863
180.0,660.0,1487.4939,63.5281
180.0,670.0,1492.1332,69.9257
180.0,680.0,1496.825,76.3782
180.0,690.0,1501.5688,82.8846
180.0,700.0,1506.3639,89.444
180.0,710.0,1511.2101,96.0553
180.0,720.0,1516.1067,102.7177
180.0,730.0,1521.0533,109.4302
180.0,740.0,1526.0493,116.1919
180.0,750.0,1531.0944,123.002
180.0,760.0,1536.1881,129.8595
180.0,770.0,1541.3297,136.7636
180.0,780.0,1546.519,143.7135
180.0,790.0,1551.7553,150.7083
180.0,800.0,1557.0382,157.7472
180.0,810.0,1562.3673,164.8295
180.0,820.0,1567.7421,171.9543
180.0,830.0,1573.162,179.1208
180.0,840.0,1578.6267,186.3283
180.0,850.0,1584.1357,193.5761
180.0,860.0,1589.6885,200.8634
180.0,870.0,1595.2846,208.1896
180.0,880.0,1600.9237,215.5538
180.0,890.0,1606.6052,222.9555
180.0,900.0,1612.3287,230.3939
180.0,910.0,1618.0937,237.8684
180.0,920.0,1623.8999,245.3784
180.0,930.0,1629.7467,252.9231
180.0,940.0,1635.6338,260.502
180.0,950.0,1641.5607,268.1145
180.0,960.0,1647.527,275.76
180.0,970.0,1653.5322,283.4378
180.0,980.0,1659.5759,291.1474
180.0,990.0,1665.6578,298.8882
180.0,1000.0,1671.7773,306.6597
190.0,-1000.0,1663.8942,300.4087
190.0,-990.0,1657.7456,292.5996
190.0,-980.0,1651.6346,284.8208
190.0,-970.0,1645.5617,277.073
190.0,-960.0,1639.5273,269.3567
190.0,-950.0,1633.5318,261.6725
190.0,-940.0,1627.5757,254.0209
190.0,-930.0,1621.6593,246.4026
190.0,-920.0,1615.7832,238.8181
190.0,-910.0,1609.9478,231.2681
190.0,-900.0,1604.1535,223.7533
190.0,-890.0,1598.4007,216.2743
190.0,-880.0,1592.6899,208.8317
190.0,-870.0,1587.0216,201.4263
190.0,-860.0,1581.3962,194.0586
190.0,-850.0,1575.8142,186.7295
190.0,-840.0,1570.2761,179.4397
190.0,-830.0,1564.7822,172.1898
190.0,-820.0,1559.3331,164.9806
190.0,-810.0,1553.9293,157.8129
190.0,-800.0,1548.5711,150.6875
190.0,-790.0,1543.2592,143.6051
190.0,-780.0,1537.994,136.5666
190.0,-770.0,1532.7759,129.5727
190.0,-760.0,1527.6054,122.6244
190.0,-750.0,1522.4831,115.7224
190.0,-740.0,1517.4094,108.8676
190.0,-730.0,1512.3847,102.061
190.0,-720.0,1507.4097,95.3033
190.0,-710.0,1502.4848,88.5956
190.0,-700.0,1497.6104,81.9387
190.0,-690.0,1492.7871,75.3335
190.0,-680.0,1488.0154,68.7812
190.0,-670.0,1483.2957,62.2825
190.0,-660.0,1478.6286,55.8386
190.0,-650.0,1474.0146,49.4503
190.0,-640.0,1469.4541,43.1189
190.0,-630.0,1464.9477,36.8452
190.0,-620.0,1460.4959,30.6303
190.0,-610.0,1456.0991,24.4754
190.0,-600.0,1451.7579,18.3814
190.0,-590.0,1447.4728,12.3496
190.0,-580.0,1443.2443,6.381
190.0,-570.0,1439.0728,0.4767
190.0,-560.0,1434.9588,-5.3621
190.0,-550.0,1430.903,-11.1342
190.0,-540.0,1426.9056,-16.8385
190.0,-530.0,1422.9674,-22.4738
190.0,-520.0,1419.0886,-28.0389
190.0,-510.0,1415.2699,-33.5326
190.0,-500.0,1411.5118,-38.9535
190.0,-490.0,1407.8146,-44.3007
190.0,-480.0,1404.1789,-49.5726
190.0,-470.0,1400.6051,-54.7682
190.0,-460.0,1397.0938,-59.8861
190.0,-450.0,1393.6454,-64.9251
190.0,-440.0,1390.2604,-69.8839
190.0,-430.0,1386.9392,-74.7611
190.0,-420.0,1383.6824,-79.5556
190.0,-410.0,1380.4902,-84.266
190.0,-400.0,1377.3633,-88.8909
190.0,-390.0,1374.3021,-93.4291
190.0,-380.0,1371.3069,-97.8793
190.0,-370.0,1368.3782,-102.2402
190.0,-360.0,1365.5165,-106.5104
190.0,-350.0,1362.7222,-110.6887
190.0,-340.0,1359.9957,-114.7738
190.0,-330.0,1357.3374,-118.7642
190.0,-320.0,1354.7476,-122.6589
190.0,-310.0,1352.2269,-126.4564
190.0,-300.0,1349.7755,-130.1556
190.0,-290.0,1347.3939,-133.7551
190.0,-280.0,1345.0825,-137.2537
190.0,-270.0,1342.8415,-140.6501
190.0,-260.0,1340.6714,-143.9433
190.0,-250.0,1338.5724,-147.1319
190.0,-240.0,1336.545,-150.2147
190.0,-230.0,1334.5894,-153.1907
190.0,-220.0,1332.706,-156.0587
190.0,-210.0,1330.8951,-158.8176
190.0,-200.0,1329.157,-161.4663
190.0,-190.0,1327.4919,-164.0037
190.0,-180.0,1325.9001,-166.4289
190.0,-170.0,1324.3819,-168.7409
190.0,-160.0,1322.9376,-170.9387
190.0,-150.0,1321.5674,-173.0214
190.0,-140.0,1320.2715,-174.9882
190.0,-130.0,1319.0501,-176.8381
190.0,-120.0,1317.9035,-178.5705
190.0,-110.0,1316.8318,-180.1845
190.0,-100.0,1315.8353,-181.6796
190.0,-90.0,1314.9141,-183.0549
190.0,-80.0,1314.0683,-184.3099
190.0,-70.0,1313.2981,-185.4442
190.0,-60.0,1312.6036,-186.457
190.0,-50.0,1311.985,-187.3481
190.0,-40.0,1311.4424,-188.117
190.0,-30.0,1310.9758,-188.7633
190.0,-20.0,1310.5853,-189.2868
190.0,-10.0,1310.2711,-189.6871
190.0,0.0,1310.0331,-189.9643
190.0,10.0,1310.2711,-189.6871
190.0,20.0,1310.5853,-189.2868
190.0,30.0,1310.9758,-188.7633
190.0,40.0,1311.4424,-188.117
190.0,50.0,1311.985,-187.3481
190.0,60.0,1312.6036,-186.457
190.0,70.0,1313.2981,-185.4442
190.0,80.0,1314.0683,-184.3099
190.0,90.0,1314.9141,-183.0549
190.0,100.0,1315.8353,-181.6796
190.0,110.0,1316.8318,-180.1845
190.0,120.0,1317.9035,-178.5705
190.0,130.0,1319.0501,-176.8381
190.0,140.0,1320.2715,-174.9882
190.0,150.0,1321.5674,-173.0214
190.0,160.0,1322.9376,-170.9387
190.0,170.0,1324.3819,-168.7409
190.0,180.0,1325.9001,-166.4289
190.0,190.0,1327.4919,-164.0037
190.0,200.0,1329.157,-161.4663
190.0,210.0,1330.8951,-158.8176
190.0,220.0,1332.706,-156.0587
190.0,230.0,1334.5894,-153.1907
190.0,240.0,1336.545,-150.2147
190.0,250.0,1338.5724,-147.1319
190.0,260.0,1340.6714,-143.9433
190.0,270.0,1342.8415,-140.6501
190.0,280.0,1345.0825,-137.2537
190.0,290.0,1347.3939,-133.7551
190.0,300.0,1349.7755,-130.1556
190.0,310.0,1352.2269,-126.4564
190.0,320.0,1354.7476,-122.6589
190.0,330.0,1357.3374,-118.7642
190.0,340.0,1359.9957,-114.7738
190.0,350.0,1362.7222,-110.6887
190.0,360.0,1365.5165,-106.5104
190.0,370.0,1368.3782,-102.2402
190.0,380.0,1371.3069,-97.8793
190.0,390.0,1374.3021,-93.4291
190.0,400.0,1377.3633,-88.8909
190.0,410.0,1380.4902,-84.266
190.0,420.0,1383.6824,-79.5556
190.0,430.0,1386.9392,-74.7611
190.0,440.0,1390.2604,-69.8839
190.0,450.0,1393.6454,-64.9251
190.0,460.0,1397.0938,-59.8861
190.0,470.0,1400.6051,-54.7682
190.0,480.0,1404.1789,-49.5726
190.0,490.0,1407.8146,-44.3007
190.0,500.0,1411.5118,-38.9535
190.0,510.0,1415.2699,-33.5326
190.0,520.0,1419.0886,-28.0389
190.0,530.0,1422.9674,-22.4738
190.0,540.0,1426.9056,-16.8385
190.0,550.0,1430.903,-11.1342
190.0,560.0,1434.9588,-5.3621
190.0,570.0,1439.0728,0.4767
190.0,580.0,1443.2443,6.381
190.0,590.0,1447.4728,12.3496
190.0,600.0,1451.7579,18.3814
190.0,610.0,1456.0991,24.4754
190.0,620.0,1460.4959,30.6303
190.0,630.0,1464.9477,36.8452
190.0,640.0,1469.4541,43.1189
190.0,650.0,1474.0146,49.4503
190.0,660.0,1478.6286,55.8386
190.0,670.0,1483.2957,62.2825
190.0,680.0,1488.0154,68.7812
190.0,690.0,1492.7871,75.3335
190.0,700.0,1497.6104,81.9387
190.0,710.0,1502.4848,88.5956
190.0,720.0,1507.4097,95.3033
190.0,730.0,1512.3847,102.061
190.0,740.0,1517.4094,108.8676
190.0,750.0,1522.4831,115.7224
190.0,760.0,1527.6054,122.6244
190.0,770.0,1532.7759,129.5727
190.0,780.0,1537.994,136.5666
190.0,790.0,1543.2592,143.6051
190.0,800.0,1548.5711,150.6875
190.0,810.0,1553.9293,157.8129
190.0,820.0,1559.3331,164.9806
190.0,830.0,1564.7822,172.1898
190.0,840.0,1570.2761,179.4397
190.0,850.0,1575.8142,186.7295
190.0,860.0,1581.3962,194.0586
190.0,870.0,1587.0216,201.4263
190.0,880.0,1592.6899,208.8317
190.0,890.0,1598.4007,216.2743
190.0,900.0,1604.1535,223.7533
190.0,910.0,1609.9478,231.2681
190.0,920.0,1615.7832,238.8181
190.0,930.0,1621.6593,246.4026
190.0,940.0,1627.5757,254.0209
190.0,950.0,1633.5318,261.6725
190.0,960.0,1639.5273,269.3567
190.0,970.0,1645.5617,277.073
190.0,980.0,1651.6346,284.8208
190.0,990.0,1657.7456,292.5996
190.0,1000.0,1663.8942,300.4087
200.0,-1000.0,1656.034,294.2047
200.0,-990.0,1649.8561,286.3579
200.0,-980.0,1643.7157,278.5412
200.0,-970.0,1637.6135,270.7551
200.0,-960.0,1631.5497,263.0002
200.0,-950.0,1625.5248,255.2771
200.0,-940.0,1619.5392,247.5862
200.0,-930.0,1613.5934,239.9284
200.0,-920.0,1607.6878,232.3041
200.0,-910.0,1601.8229,224.714
200.0,-900.0,1595.999,217.1587
200.0,-890.0,1590.2167,209.6389
200.0,-880.0,1584.4765,202.1552
200.0,-870.0,1578.7787,194.7084
200.0,-860.0,1573.1238,187.2991
200.0,-850.0,1567.5124,179.928
200.0,-840.0,1561.9448,172.5958
200.0,-830.0,1556.4215,165.3034
200.0,-820.0,1550.943,158.0513
200.0,-810.0,1545.5099,150.8405
200.0,-800.0,1540.1224,143.6716
200.0,-790.0,1534.7813,136.5455
200.0,-780.0,1529.4868,129.463
200.0,-770.0,1524.2396,122.4249
200.0,-760.0,1519.0401,115.432
200.0,-750.0,1513.8888,108.4852
200.0,-740.0,1508.7862,101.5854
200.0,-730.0,1503.7327,94.7335
200.0,-720.0,1498.729,87.9303
200.0,-710.0,1493.7754,81.1768
200.0,-700.0,1488.8725,74.474
200.0,-690.0,1484.0208,67.8227
200.0,-680.0,1479.2208,61.2239
200.0,-670.0,1474.473,54.6787
200.0,-660.0,1469.7779,48.188
200.0,-650.0,1465.136,41.7529
200.0,-640.0,1460.5478,35.3743
200.0,-630.0,1456.0139,29.0534
200.0,-620.0,1451.5347,22.7912
200.0,-610.0,1447.1107,16.5888
200.0,-600.0,1442.7424,10.4473
200.0,-590.0,1438.4304,4.3678
200.0,-580.0,1434.1752,-1.6485
200.0,-570.0,1429.9773,-7.6006
200.0,-560.0,1425.8371,-13.4871
200.0,-550.0,1421.7552,-19.3071
200.0,-540.0,1417.7321,-25.0592
200.0,-530.0,1413.7683,-30.7423
200.0,-520.0,1409.8642,-36.3551
200.0,-510.0,1406.0205,-41.8965
200.0,-500.0,1402.2375,-47.3651
200.0,-490.0,1398.5158,-52.7597
200.0,-480.0,1394.8559,-58.079
200.0,-470.0,1391.2582,-63.3217
200.0,-460.0,1387.7232,-68.4866
200.0,-450.0,1384.2515,-73.5724
200.0,-440.0,1380.8434,-78.5777
200.0,-430.0,1377.4995,-83.5012
200.0,-420.0,1374.2203,-88.3417
200.0,-410.0,1371.0061,-93.0976
200.0,-400.0,1367.8575,-97.7679
200.0,-390.0,1364.775,-102.351
200.0,-380.0,1361.7588,-106.8456
200.0,-370.0,1358.8096,-111.2505
200.0,-360.0,1355.9277,-115.5642
200.0,-350.0,1353.1136,-119.7855
200.0,-340.0,1350.3677,-123.9129
200.0,-330.0,1347.6903,-127.9452
200.0,-320.0,1345.082,-131.8811
200.0,-310.0,1342.5432,-135.7191
200.0,-300.0,1340.0741,-139.4581
200.0,-290.0,1337.6752,-143.0967
200.0,-280.0,1335.3469,-146.6336
200.0,-270.0,1333.0896,-150.0675
200.0,-260.0,1330.9036,-153.3973
200.0,-250.0,1328.7892,-156.6216
200.0,-240.0,1326.7468,-159.7393
200.0,-230.0,1324.7768,-162.7491
200.0,-220.0,1322.8794,-165.65
200.0,-210.0,1321.055,-168.4407
200.0,-200.0,1319.3039,-171.1201
200.0,-190.0,1317.6264,-173.6872
200.0,-180.0,1316.0227,-176.1409
200.0,-170.0,1314.4931,-178.4802
200.0,-160.0,1313.0379,-180.7041
200.0,-150.0,1311.6573,-182.8117
200.0,-140.0,1310.3516,-184.8021
200.0,-130.0,1309.121,-186.6744
200.0,-120.0,1307.9657,-188.4278
200.0,-110.0,1306.8859,-190.0615
200.0,-100.0,1305.8817,-191.5747
200.0,-90.0,1304.9535,-192.9669
200.0,-80.0,1304.1012,-194.2374
200.0,-70.0,1303.3251,-195.3856
200.0,-60.0,1302.6254,-196.411
200.0,-50.0,1302.002,-197.3132
200.0,-40.0,1301.4552,-198.0916
200.0,-30.0,1300.985,-198.7459
200.0,-20.0,1300.5916,-199.2759
200.0,-10.0,1300.275,-199.6813
200.0,0.0,1300.0351,-199.9619
200.0,10.0,1300.275,-199.6813
200.0,20.0,1300.5916,-199.2759
200.0,30.0,1300.985,-198.7459
200.0,40.0,1301.4552,-198.0916
200.0,50.0,1302.002,-197.3132
200.0,60.0,1302.6254,-196.411
200.0,70.0,1303.3251,-195.3856
200.0,80.0,1304.1012,-194.2374
200.0,90.0,1304.9535,-192.9669
200.0,100.0,1305.8817,-191.5747
200.0,110.0,1306.8859,-190.0615
200.0,120.0,1307.9657,-188.4278
200.0,130.0,1309.121,-186.6744
200.0,140.0,1310.3516,-184.8021
200.0,150.0,1311.6573,-182.8117
200.0,160.0,1313.0379,-180.7041
200.0,170.0,1314.4931,-178.4802
200.0,180.0,1316.0227,-176.1409
200.0,190.0,1317.6264,-173.6872
200.0,200.0,1319.3039,-171.1201
200.0,210.0,1321.055,-168.4407
200.0,220.0,1322.8794,-165.65
200.0,230.0,1324.7768,-162.7491
200.0,240.0,1326.7468,-159.7393
200.0,250.0,1328.7892,-156.6216
200.0,260.0,1330.9036,-153.3973
200.0,270.0,1333.0896,-150.0675
200.0,280.0,1335.3469,-146.6336
200.0,290.0,1337.6752,-143.0967
200.0,300.0,1340.0741,-139.4581
200.0,310.0,1342.5432,-135.7191
200.0,320.0,1345.082,-131.8811
200.0,330.0,1347.6903,-127.9452
200.0,340.0,1350.3677,-123.9129
200.0,350.0,1353.1136,-119.7855
200.0,360.0,1355.9277,-115.5642
200.0,370.0,1358.8096,-111.2505
200.0,380.0,1361.7588,-106.8456
200.0,390.0,1364.775,-102.351
200.0,400.0,1367.8575,-97.7679
200.0,410.0,1371.0061,-93.0976
200.0,420.0,1374.2203,-88.3417
200.0,430.0,1377.4995,-83.5012
200.0,440.0,1380.8434,-78.5777
200.0,450.0,1384.2515,-73.5724
200.0,460.0,1387.7232,-68.4866
200.0,470.0,1391.2582,-63.3217
200.0,480.0,1394.8559,-58.079
200.0,490.0,1398.5158,-52.7597
200.0,500.0,1402.2375,-47.3651
200.0,510.0,1406.0205,-41.8965
200.0,520.0,1409.8642,-36.3551
200.0,530.0,1413.7683,-30.7423
200.0,540.0,1417.7321,-25.0592
200.0,550.0,1421.7552,-19.3071
200.0,560.0,1425.8371,-13.4871
200.0,570.0,1429.9773,-7.6006
200.0,580.0,1434.1752,-1.6485
200.0,590.0,1438.4304,4.3678
200.0,600.0,1442.7424,10.4473
200.0,610.0,1447.1107,16.5888
200.0,620.0,1451.5347,22.7912
200.0,630.0,1456.0139,29.0534
200.0,640.0,1460.5478,35.3743
200.0,650.0,1465.136,41.7529
200.0,660.0,1469.7779,48.188
200.0,670.0,1474.473,54.6787
200.0,680.0,1479.2208,61.2239
200.0,690.0,1484.0208,67.8227
200.0,700.0,1488.8725,74.474
200.0,710.0,1493.7754,81.1768
200.0,720.0,1498.729,87.9303
200.0,730.0,1503.7327,94.7335
200.0,740.0,1508.7862,101.5854
200.0,750.0,1513.8888,108.4852
200.0,760.0,1519.0401,115.432
200.0,770.0,1524.2396,122.4249
200.0,780.0,1529.4868,129.463
200.0,790.0,1534.7813,136.5455
200.0,800.0,1540.1224,143.6716
200.0,810.0,1545.5099,150.8405
200.0,820.0,1550.943,158.0513
200.0,830.0,1556.4215,165.3034
200.0,840.0,1561.9448,172.5958
200.0,850.0,1567.5124,179.928
200.0,860.0,1573.1238,187.2991
200.0,870.0,1578.7787,194.7084
200.0,880.0,1584.4765,202.1552
200.0,890.0,1590.2167,209.6389
200.0,900.0,1595.999,217.1587
200.0,910.0,1601.8229,224.714
200.0,920.0,1607.6878,232.3041
200.0,930.0,1613.5934,239.9284
200.0,940.0,1619.5392,247.5862
200.0,950.0,1625.5248,255.2771
200.0,960.0,1631.5497,263.0002
200.0,970.0,1637.6135,270.7551
200.0,980.0,1643.7157,278.5412
200.0,990.0,1649.8561,286.3579
200.0,1000.0,1656.034,294.2047
210.0,-1000.0,1648.1969,288.0484
210.0,-990.0,1641.9895,280.1639
210.0,-980.0,1635.8197,272.3092
210.0,-970.0,1629.6878,264.4847
210.0,-960.0,1623.5944,256.6911
210.0,-950.0,1617.5399,248.929
210.0,-940.0,1611.5247,241.1988
210.0,-930.0,1605.5492,233.5013
210.0,-920.0,1599.6139,225.837
210.0,-910.0,1593.7192,218.2066
210.0,-900.0,1587.8657,210.6107
210.0,-890.0,1582.0537,203.05
210.0,-880.0,1576.2837,195.5251
210.0,-870.0,1570.5562,188.0367
210.0,-860.0,1564.8716,180.5855
210.0,-850.0,1559.2304,173.1722
210.0,-840.0,1553.6332,165.7976
210.0,-830.0,1548.0802,158.4623
210.0,-820.0,1542.5722,151.1672
210.0,-810.0,1537.1094,143.913
210.0,-800.0,1531.6924,136.7004
210.0,-790.0,1526.3218,129.5303
210.0,-780.0,1520.9979,122.4035
210.0,-770.0,1515.7213,115.3209
210.0,-760.0,1510.4924,108.2832
210.0,-750.0,1505.3119,101.2913
210.0,-740.0,1500.1801,94.3462
210.0,-730.0,1495.0976,87.4486
210.0,-720.0,1490.0648,80.5996
210.0,-710.0,1485.0823,73.8
210.0,-700.0,1480.1507,67.0508
210.0,-690.0,1475.2703,60.3529
210.0,-680.0,1470.4417,53.7074
210.0,-670.0,1465.6655,47.1152
210.0,-660.0,1460.9421,40.5773
210.0,-650.0,1456.272,34.0948
210.0,-640.0,1451.6558,27.6687
210.0,-630.0,1447.094,21.3002
210.0,-620.0,1442.5871,14.9901
210.0,-610.0,1438.1355,8.7398
210.0,-600.0,1433.74,2.5502
210.0,-590.0,1429.4008,-3.5775
210.0,-580.0,1425.1186,-9.6421
210.0,-570.0,1420.8939,-15.6425
210.0,-560.0,1416.7272,-21.5775
210.0,-550.0,1412.619,-27.4458
210.0,-540.0,1408.5698,-33.2464
210.0,-530.0,1404.5801,-38.9779
210.0,-520.0,1400.6505,-44.6391
210.0,-510.0,1396.7813,-50.2288
210.0,-500.0,1392.9733,-55.7456
210.0,-490.0,1389.2268,-61.1883
210.0,-480.0,1385.5423,-66.5557
210.0,-470.0,1381.9203,-71.8463
210.0,-460.0,1378.3614,-77.0589
210.0,-450.0,1374.8661,-82.1922
210.0,-440.0,1371.4347,-87.2448
210.0,-430.0,1368.0678,-92.2153
210.0,-420.0,1364.7659,-97.1024
210.0,-410.0,1361.5294,-101.9048
210.0,-400.0,1358.3589,-106.6211
210.0,-390.0,1355.2547,-111.2498
210.0,-380.0,1352.2173,-115.7897
210.0,-370.0,1349.2472,-120.2394
210.0,-360.0,1346.3449,-124.5974
210.0,-350.0,1343.5107,-128.8624
210.0,-340.0,1340.7451,-133.0331
210.0,-330.0,1338.0485,-137.108
210.0,-320.0,1335.4214,-141.0859
210.0,-310.0,1332.8641,-144.9652
210.0,-300.0,1330.3771,-148.7448
210.0,-290.0,1327.9607,-152.4232
210.0,-280.0,1325.6153,-155.9992
210.0,-270.0,1323.3414,-159.4714
210.0,-260.0,1321.1392,-162.8386
210.0,-250.0,1319.0092,-166.0994
210.0,-240.0,1316.9517,-169.2527
210.0,-230.0,1314.967,-172.2971
210.0,-220.0,1313.0554,-175.2315
210.0,-210.0,1311.2174,-178.0548
210.0,-200.0,1309.4531,-180.7656
210.0,-190.0,1307.7629,-183.3631
210.0,-180.0,1306.1471,-185.8459
210.0,-170.0,1304.6059,-188.2132
210.0,-160.0,1303.1397,-190.4639
210.0,-150.0,1301.7486,-192.5969
210.0,-140.0,1300.433,-194.6115
210.0,-130.0,1299.193,-196.5066
210.0,-120.0,1298.0288,-198.2815
210.0,-110.0,1296.9407,-199.9353
210.0,-100.0,1295.9289,-201.4673
210.0,-90.0,1294.9935,-202.8768
210.0,-80.0,1294.1347,-204.1631
210.0,-70.0,1293.3526,-205.3257
210.0,-60.0,1292.6474,-206.3639
210.0,-50.0,1292.0193,-207.2773
210.0,-40.0,1291.4683,-208.0656
210.0,-30.0,1290.9944,-208.7282
210.0,-20.0,1290.598,-209.2649
210.0,-10.0,1290.2789,-209.6754
210.0,0.0,1290.0372,-209.9595
210.0,10.0,1290.2789,-209.6754
210.0,20.0,1290.598,-209.2649
210.0,30.0,1290.9944,-208.7282
210.0,40.0,1291.4683,-208.0656
210.0,50.0,1292.0193,-207.2773
210.0,60.0,1292.6474,-206.3639
210.0,70.0,1293.3526,-205.3257
210.0,80.0,1294.1347,-204.1631
210.0,90.0,1294.9935,-202.8768
210.0,100.0,1295.9289,-201.4673
210.0,110.0,1296.9407,-199.9353
210.0,120.0,1298.0288,-198.2815
210.0,130.0,1299.193,-196.5066
210.0,140.0,1300.433,-194.6115
210.0,150.0,1301.7486,-192.5969
210.0,160.0,1303.1397,-190.4639
210.0,170.0,1304.6059,-188.2132
210.0,180.0,1306.1471,-185.8459
210.0,190.0,1307.7629,-183.3631
210.0,200.0,1309.4531,-180.7656
210.0,210.0,1311.2174,-178.0548
210.0,220.0,1313.0554,-175.2315
210.0,230.0,1314.967,-172.2971
210.0,240.0,1316.9517,-169.2527
210.0,250.0,1319.0092,-166.0994
210.0,260.0,1321.1392,-162.8386
210.0,270.0,1323.3414,-159.4714
210.0,280.0,1325.6153,-155.9992
210.0,290.0,1327.9607,-152.4232
210.0,300.0,1330.3771,-148.7448
210.0,310.0,1332.8641,-144.9652
210.0,320.0,1335.4214,-141.0859
210.0,330.0,1338.0485,-137.108
210.0,340.0,1340.7451,-133.0331
210.0,350.0,1343.5107,-128.8624
210.0,360.0,1346.3449,-124.5974
210.0,370.0,1349.2472,-120.2394
210.0,380.0,1352.2173,-115.7897
210.0,390.0,1355.2547,-111.2498
210.0,400.0,1358.3589,-106.6211
210.0,410.0,1361.5294,-101.9048
210.0,420.0,1364.7659,-97.1024
210.0,430.0,1368.0678,-92.2153
210.0,440.0,1371.4347,-87.2448
210.0,450.0,1374.8661,-82.1922
210.0,460.0,1378.3614,-77.0589
210.0,470.0,1381.9203,-71.8463
210.0,480.0,1385.5423,-66.5557
210.0,490.0,1389.2268,-61.1883
210.0,500.0,1392.9733,-55.7456
210.0,510.0,1396.7813,-50.2288
210.0,520.0,1400.6505,-44.6391
210.0,530.0,1404.5801,-38.9779
210.0,540.0,1408.5698,-33.2464
210.0,550.0,1412.619,-27.4458
210.0,560.0,1416.7272,-21.5775
210.0,570.0,1420.8939,-15.6425
210.0,580.0,1425.1186,-9.6421
210.0,590.0,1429.4008,-3.5775
210.0,600.0,1433.74,2.5502
210.0,610.0,1438.1355,8.7398
210.0,620.0,1442.5871,14.9901
210.0,630.0,1447.094,21.3002
210.0,640.0,1451.6558,27.6687
210.0,650.0,1456.272,34.0948
210.0,660.0,1460.9421,40.5773
210.0,670.0,1465.6655,47.1152
210.0,680.0,1470.4417,53.7074
210.0,690.0,1475.2703,60.3529
210.0,700.0,1480.1507,67.0508
210.0,710.0,1485.0823,73.8
210.0,720.0,1490.0648,80.5996
210.0,730.0,1495.0976,87.4486
210.0,740.0,1500.1801,94.3462
210.0,750.0,1505.3119,101.2913
210.0,760.0,1510.4924,108.2832
210.0,770.0,1515.7213,115.3209
210.0,780.0,1520.9979,122.4035
210.0,790.0,1526.3218,129.5303
210.0,800.0,1531.6924,136.7004
210.0,810.0,1537.1094,143.913
210.0,820.0,1542.5722,151.1672
210.0,830.0,1548.0802,158.4623
210.0,840.0,1553.6332,165.7976
210.0,850.0,1559.2304,173.1722
210.0,860.0,1564.8716,180.5855
210.0,870.0,1570.5562,188.0367
210.0,880.0,1576.2837,195.5251
210.0,890.0,1582.0537,203.05
210.0,900.0,1587.8657,210.6107
210.0,910.0,1593.7192,218.2066
210.0,920.0,1599.6139,225.837
210.0,930.0,1605.5492,233.5013
210.0,940.0,1611.5247,241.1988
210.0,950.0,1617.5399,248.929
210.0,960.0,1623.5944,256.6911
210.0,970.0,1629.6878,264.4847
210.0,980.0,1635.8197,272.3092
210.0,990.0,1641.9895,280.1639
210.0,1000.0,1648.1969,288.0484
220.0,-1000.0,1640.3834,281.9406
220.0,-990.0,1634.1463,274.0184
220.0,-980.0,1627.9467,266.1255
220.0,-970.0,1621.7851,258.2626
220.0,-960.0,1615.6619,250.4302
220.0,-950.0,1609.5775,242.6289
220.0,-940.0,1603.5324,234.8593
220.0,-930.0,1597.5271,227.122
220.0,-920.0,1591.5619,219.4177
220.0,-910.0,1585.6373,211.7468
220.0,-900.0,1579.7538,204.1102
220.0,-890.0,1573.9118,196.5084
220.0,-880.0,1568.1119,188.9421
220.0,-870.0,1562.3544,181.412
220.0,-860.0,1556.6399,173.9187
220.0,-850.0,1550.9688,166.4631
220.0,-840.0,1545.3416,159.0458
220.0,-830.0,1539.7588,151.6675
220.0,-820.0,1534.2208,144.329
220.0,-810.0,1528.7282,137.0312
220.0,-800.0,1523.2814,129.7747
220.0,-790.0,1517.881,122.5604
220.0,-780.0,1512.5274,115.3891
220.0,-770.0,1507.2211,108.2616
220.0,-760.0,1501.9627,101.1788
220.0,-750.0,1496.7526,94.1415
220.0,-740.0,1491.5914,87.1507
220.0,-730.0,1486.4795,80.2072
220.0,-720.0,1481.4175,73.3119
220.0,-710.0,1476.4058,66.4659
220.0,-700.0,1471.4451,59.6699
220.0,-690.0,1466.5357,52.9251
220.0,-680.0,1461.6783,46.2324
220.0,-670.0,1456.8733,39.5928
220.0,-660.0,1452.1213,33.0074
220.0,-650.0,1447.4228,26.4771
220.0,-640.0,1442.7783,20.003
220.0,-630.0,1438.1883,13.5862
220.0,-620.0,1433.6534,7.2279
220.0,-610.0,1429.174,0.929
220.0,-600.0,1424.7508,-5.3091
220.0,-590.0,1420.3842,-11.4855
220.0,-580.0,1416.0748,-17.599
220.0,-570.0,1411.823,-23.6482
220.0,-560.0,1407.6294,-29.6322
220.0,-550.0,1403.4946,-35.5496
220.0,-540.0,1399.419,-41.3991
220.0,-530.0,1395.4031,-47.1797
220.0,-520.0,1391.4475,-52.8899
220.0,-510.0,1387.5528,-58.5286
220.0,-500.0,1383.7193,-64.0943
220.0,-490.0,1379.9477,-69.5859
220.0,-480.0,1376.2383,-75.002
220.0,-470.0,1372.5919,-80.3412
220.0,-460.0,1369.0087,-85.6023
220.0,-450.0,1365.4894,-90.7838
220.0,-440.0,1362.0344,-95.8843
220.0,-430.0,1358.6442,-100.9026
220.0,-420.0,1355.3194,-105.8372
220.0,-410.0,1352.0603,-110.6868
220.0,-400.0,1348.8675,-115.4499
220.0,-390.0,1345.7414,-120.1251
220.0,-380.0,1342.6825,-124.711
220.0,-370.0,1339.6913,-129.2062
220.0,-360.0,1336.7682,-133.6094
220.0,-350.0,1333.9136,-137.919
220.0,-340.0,1331.1281,-142.1337
220.0,-330.0,1328.412,-146.252
220.0,-320.0,1325.7658,-150.2727
220.0,-310.0,1323.1898,-154.1942
220.0,-300.0,1320.6846,-158.0152
220.0,-290.0,1318.2504,-161.7343
220.0,-280.0,1315.8877,-165.3502
220.0,-270.0,1313.597,-168.8614
220.0,-260.0,1311.3784,-172.2668
220.0,-250.0,1309.2325,-175.5649
220.0,-240.0,1307.1596,-178.7545
220.0,-230.0,1305.16,-181.8343
220.0,-220.0,1303.2341,-184.803
220.0,-210.0,1301.3822,-187.6595
220.0,-200.0,1299.6045,-190.4026
220.0,-190.0,1297.9015,-193.031
220.0,-180.0,1296.2734,-195.5437
220.0,-170.0,1294.7205,-197.9396
220.0,-160.0,1293.2431,-200.2177
220.0,-150.0,1291.8414,-202.3768
220.0,-140.0,1290.5156,-204.4161
220.0,-130.0,1289.2661,-206.3347
220.0,-120.0,1288.0929,-208.1316
220.0,-110.0,1286.9964,-209.806
220.0,-100.0,1285.9768,-211.3572
220.0,-90.0,1285.0341,-212.7844
220.0,-80.0,1284.1686,-214.0869
220.0,-70.0,1283.3805,-215.2642
220.0,-60.0,1282.6699,-216.3156
220.0,-50.0,1282.0368,-217.2406
220.0,-40.0,1281.4815,-218.0389
220.0,-30.0,1281.004,-218.7099
220.0,-20.0,1280.6044,-219.2535
220.0,-10.0,1280.2828,-219.6693
220.0,0.0,1280.0393,-219.957
220.0,10.0,1280.2828,-219.6693
220.0,20.0,1280.6044,-219.2535
220.0,30.0,1281.004,-218.7099
220.0,40.0,1281.4815,-218.0389
220.0,50.0,1282.0368,-217.2406
220.0,60.0,1282.6699,-216.3156
220.0,70.0,1283.3805,-215.2642
220.0,80.0,1284.1686,-214.0869
220.0,90.0,1285.0341,-212.7844
220.0,100.0,1285.9768,-211.3572
220.0,110.0,1286.9964,-209.806
220.0,120.0,1288.0929,-208.1316
220.0,130.0,1289.2661,-206.3347
220.0,140.0,1290.5156,-204.4161
220.0,150.0,1291.8414,-202.3768
220.0,160.0,1293.2431,-200.2177
220.0,170.0,1294.7205,-197.9396
220.0,180.0,1296.2734,-195.5437
220.0,190.0,1297.9015,-193.031
220.0,200.0,1299.6045,-190.4026
220.0,210.0,1301.3822,-187.6595
220.0,220.0,1303.2341,-184.803
220.0,230.0,1305.16,-181.8343
220.0,240.0,1307.1596,-178.7545
220.0,250.0,1309.2325,-175.5649
220.0,260.0,1311.3784,-172.2668
220.0,270.0,1313.597,-168.8614
220.0,280.0,1315.8877,-165.3502
220.0,290.0,1318.2504,-161.7343
220.0,300.0,1320.6846,-158.0152
220.0,310.0,1323.1898,-154.1942
220.0,320.0,1325.7658,-150.2727
220.0,330.0,1328.412,-146.252
220.0,340.0,1331.1281,-142.1337
220.0,350.0,1333.9136,-137.919
220.0,360.0,1336.7682,-133.6094
220.0,370.0,1339.6913,-129.2062
220.0,380.0,1342.6825,-124.711
220.0,390.0,1345.7414,-120.1251
220.0,400.0,1348.8675,-115.4499
220.0,410.0,1352.0603,-110.6868
220.0,420.0,1355.3194,-105.8372
220.0,430.0,1358.6442,-100.9026
220.0,440.0,1362.0344,-95.8843
220.0,450.0,1365.4894,-90.7838
220.0,460.0,1369.0087,-85.6023
220.0,470.0,1372.5919,-80.3412
220.0,480.0,1376.2383,-75.002
220.0,490.0,1379.9477,-69.5859
220.0,500.0,1383.7193,-64.0943
220.0,510.0,1387.5528,-58.5286
220.0,520.0,1391.4475,-52.8899
220.0,530.0,1395.4031,-47.1797
220.0,540.0,1399.419,-41.3991
220.0,550.0,1403.4946,-35.5496
220.0,560.0,1407.6294,-29.6322
220.0,570.0,1411.823,-23.6482
220.0,580.0,1416.0748,-17.599
220.0,590.0,1420.3842,-11.4855
220.0,600.0,1424.7508,-5.3091
220.0,610.0,1429.174,0.929
220.0,620.0,1433.6534,7.2279
220.0,630.0,1438.1883,13.5862
220.0,640.0,1442.7783,20.003
220.0,650.0,1447.4228,26.4771
220.0,660.0,1452.1213,33.0074
220.0,670.0,1456.8733,39.5928
220.0,680.0,1461.6783,46.2324
220.0,690.0,1466.5357,52.9251
220.0,700.0,1471.4451,59.6699
220.0,710.0,1476.4058,66.4659
220.0,720.0,1481.4175,73.3119
220.0,730.0,1486.4795,80.2072
220.0,740.0,1491.5914,87.1507
220.0,750.0,1496.7526,94.1415
220.0,760.0,1501.9627,101.1788
220.0,770.0,1507.2211,108.2616
220.0,780.0,1512.5274,115.3891
220.0,790.0,1517.881,122.5604
220.0,800.0,1523.2814,129.7747
220.0,810.0,1528.7282,137.0312
220.0,820.0,1534.2208,144.329
220.0,830.0,1539.7588,151.6675
220.0,840.0,1545.3416,159.0458
220.0,850.0,1550.9688,166.4631
220.0,860.0,1556.6399,173.9187
220.0,870.0,1562.3544,181.412
220.0,880.0,1568.1119,188.9421
220.0,890.0,1573.9118,196.5084
220.0,900.0,1579.7538,204.1102
220.0,910.0,1585.6373,211.7468
220.0,920.0,1591.5619,219.4177
220.0,930.0,1597.5271,227.122
220.0,940.0,1603.5324,234.8593
220.0,950.0,1609.5775,242.6289
220.0,960.0,1615.6619,250.4302
220.0,970.0,1621.7851,258.2626
220.0,980.0,1627.9467,266.1255
220.0,990.0,1634.1463,274.0184
220.0,1000.0,1640.3834,281.9406
230.0,-1000.0,1632.5937,275.882
230.0,-990.0,1626.3268,267.9219
230.0,-980.0,1620.0973,259.9908
230.0,-970.0,1613.9057,252.0893
230.0,-960.0,1607.7525,244.2181
230.0,-950.0,1601.6381,236.3776
230.0,-940.0,1595.5629,228.5685
230.0,-930.0,1589.5274,220.7914
230.0,-920.0,1583.532,213.0468
230.0,-910.0,1577.5773,205.3354
230.0,-900.0,1571.6636,197.6579
230.0,-890.0,1565.7915,190.0149
230.0,-880.0,1559.9614,182.407
230.0,-870.0,1554.1737,174.835
230.0,-860.0,1548.429,167.2995
230.0,-850.0,1542.7277,159.8013
230.0,-840.0,1537.0703,152.3411
230.0,-830.0,1531.4573,144.9197
230.0,-820.0,1525.8893,137.5377
230.0,-810.0,1520.3665,130.196
230.0,-800.0,1514.8897,122.8953
230.0,-790.0,1509.4593,115.6365
230.0,-780.0,1504.0757,108.4204
230.0,-770.0,1498.7395,101.2478
230.0,-760.0,1493.4512,94.1196
230.0,-750.0,1488.2113,87.0366
230.0,-740.0,1483.0204,79.9998
230.0,-730.0,1477.8788,73.0101
230.0,-720.0,1472.7873,66.0683
230.0,-710.0,1467.7461,59.1754
230.0,-700.0,1462.756,52.3324
230.0,-690.0,1457.8174,45.5402
230.0,-680.0,1452.9308,38.7999
230.0,-670.0,1448.0968,32.1125
230.0,-660.0,1443.3159,25.479
230.0,-650.0,1438.5886,18.9005
230.0,-640.0,1433.9155,12.378
230.0,-630.0,1429.2971,5.9126
230.0,-620.0,1424.7339,-0.4946
230.0,-610.0,1420.2264,-6.8424
230.0,-600.0,1415.7752,-13.1297
230.0,-590.0,1411.3808,-19.3554
230.0,-580.0,1407.0438,-25.5182
230.0,-570.0,1402.7647,-31.6169
230.0,-560.0,1398.5439,-37.6504
230.0,-550.0,1394.3821,-43.6174
230.0,-540.0,1390.2798,-49.5166
230.0,-530.0,1386.2375,-55.3468
230.0,-520.0,1382.2557,-61.1067
230.0,-510.0,1378.335,-66.795
230.0,-500.0,1374.4758,-72.4104
230.0,-490.0,1370.6787,-77.9515
230.0,-480.0,1366.9442,-83.417
230.0,-470.0,1363.2729,-88.8056
230.0,-460.0,1359.6652,-94.1158
230.0,-450.0,1356.1216,-99.3462
230.0,-440.0,1352.6427,-104.4956
230.0,-430.0,1349.2289,-109.5624
230.0,-420.0,1345.8808,-114.5453
230.0,-410.0,1342.5988,-119.4428
230.0,-400.0,1339.3834,-124.2535
230.0,-390.0,1336.2352,-128.9759
230.0,-380.0,1333.1545,-133.6087
230.0,-370.0,1330.1418,-138.1503
230.0,-360.0,1327.1977,-142.5994
230.0,-350.0,1324.3225,-146.9544
230.0,-340.0,1321.5168,-151.214
230.0,-330.0,1318.7809,-155.3766
230.0,-320.0,1316.1153,-159.4409
230.0,-310.0,1313.5204,-163.4054
230.0,-300.0,1310.9967,-167.2686
230.0,-290.0,1308.5445,-171.0293
230.0,-280.0,1306.1643,-174.6859
230.0,-270.0,1303.8564,-178.237
230.0,-260.0,1301.6213,-181.6814
230.0,-250.0,1299.4593,-185.0176
230.0,-240.0,1297.3707,-188.2444
230.0,-230.0,1295.356,-191.3603
230.0,-220.0,1293.4155,-194.3642
230.0,-210.0,1291.5495,-197.2547
230.0,-200.0,1289.7583,-200.0306
230.0,-190.0,1288.0423,-202.6908
230.0,-180.0,1286.4017,-205.234
230.0,-170.0,1284.8369,-207.6592
230.0,-160.0,1283.3481,-209.9653
230.0,-150.0,1281.9355,-212.1512
230.0,-140.0,1280.5995,-214.2158
230.0,-130.0,1279.3403,-216.1584
230.0,-120.0,1278.158,-217.9779
230.0,-110.0,1277.053,-219.6734
230.0,-100.0,1276.0254,-221.2442
230.0,-90.0,1275.0754,-222.6896
230.0,-80.0,1274.2032,-224.0087
230.0,-70.0,1273.4088,-225.2011
230.0,-60.0,1272.6926,-226.266
230.0,-50.0,1272.0546,-227.2029
230.0,-40.0,1271.4949,-228.0115
230.0,-30.0,1271.0137,-228.6912
230.0,-20.0,1270.611,-229.2418
230.0,-10.0,1270.2868,-229.663
230.0,0.0,1270.0414,-229.9545
230.0,10.0,1270.2868,-229.663
230.0,20.0,1270.611,-229.2418
230.0,30.0,1271.0137,-228.6912
230.0,40.0,1271.4949,-228.0115
230.0,50.0,1272.0546,-227.2029
230.0,60.0,1272.6926,-226.266
230.0,70.0,1273.4088,-225.2011
230.0,80.0,1274.2032,-224.0087
230.0,90.0,1275.0754,-222.6896
230.0,100.0,1276.0254,-221.2442
230.0,110.0,1277.053,-219.6734
230.0,120.0,1278.158,-217.9779
230.0,130.0,1279.3403,-216.1584
230.0,140.0,1280.5995,-214.2158
230.0,150.0,1281.9355,-212.1512
230.0,160.0,1283.3481,-209.9653
230.0,170.0,1284.8369,-207.6592
230.0,180.0,1286.4017,-205.234
230.0,190.0,1288.0423,-202.6908
230.0,200.0,1289.7583,-200.0306
230.0,210.0,1291.5495,-197.2547
230.0,220.0,1293.4155,-194.3642
230.0,230.0,1295.356,-191.3603
230.0,240.0,1297.3707,-188.2444
230.0,250.0,1299.4593,-185.0176
230.0,260.0,1301.6213,-181.6814
230.0,270.0,1303.8564,-178.237
230.0,280.0,1306.1643,-174.6859
230.0,290.0,1308.5445,-171.0293
230.0,300.0,1310.9967,-167.2686
230.0,310.0,1313.5204,-163.4054
230.0,320.0,1316.1153,-159.4409
230.0,330.0,1318.7809,-155.3766
230.0,340.0,1321.5168,-151.214
230.0,350.0,1324.3225,-146.9544
230.0,360.0,1327.1977,-142.5994
230.0,370.0,1330.1418,-138.1503
230.0,380.0,1333.1545,-133.6087
230.0,390.0,1336.2352,-128.9759
230.0,400.0,1339.3834,-124.2535
230.0,410.0,1342.5988,-119.4428
230.0,420.0,1345.8808,-114.5453
230.0,430.0,1349.2289,-109.5624
230.0,440.0,1352.6427,-104.4956
230.0,450.0,1356.1216,-99.3462
230.0,460.0,1359.6652,-94.1158
230.0,470.0,1363.2729,-88.8056
230.0,480.0,1366.9442,-83.417
230.0,490.0,1370.6787,-77.9515
230.0,500.0,1374.4758,-72.4104
230.0,510.0,1378.335,-66.795
230.0,520.0,1382.2557,-61.1067
230.0,530.0,1386.2375,-55.3468
230.0,540.0,1390.2798,-49.5166
230.0,550.0,1394.3821,-43.6174
230.0,560.0,1398.5439,-37.6504
230.0,570.0,1402.7647,-31.6169
230.0,580.0,1407.0438,-25.5182
230.0,590.0,1411.3808,-19.3554
230.0,600.0,1415.7752,-13.1297
230.0,610.0,1420.2264,-6.8424
230.0,620.0,1424.7339,-0.4946
230.0,630.0,1429.2971,5.9126
230.0,640.0,1433.9155,12.378
230.0,650.0,1438.5886,18.9005
230.0,660.0,1443.3159,25.479
230.0,670.0,1448.0968,32.1125
230.0,680.0,1452.9308,38.7999
230.0,690.0,1457.8174,45.5402
230.0,700.0,1462.756,52.3324
230.0,710.0,1467.7461,59.1754
230.0,720.0,1472.7873,66.0683
230.0,730.0,1477.8788,73.0101
230.0,740.0,1483.0204,79.9998
230.0,750.0,1488.2113,87.0366
230.0,760.0,1493.4512,94.1196
230.0,770.0,1498.7395,101.2478
230.0,780.0,1504.0757,108.4204
230.0,790.0,1509.4593,115.6365
230.0,800.0,1514.8897,122.8953
230.0,810.0,1520.3665,130.196
230.0,820.0,1525.8893,137.5377
230.0,830.0,1531.4573,144.9197
230.0,840.0,1537.0703,152.3411
230.0,850.0,1542.7277,159.8013
230.0,860.0,1548.429,167.2995
230.0,870.0,1554.1737,174.835
230.0,880.0,1559.9614,182.407
230.0,890.0,1565.7915,190.0149
230.0,900.0,1571.6636,197.6579
230.0,910.0,1577.5773,205.3354
230.0,920.0,1583.532,213.0468
230.0,930.0,1589.5274,220.7914
230.0,940.0,1595.5629,228.5685
230.0,950.0,1601.6381,236.3776
230.0,960.0,1607.7525,244.2181
230.0,970.0,1613.9057,252.0893
230.0,980.0,1620.0973,259.9908
230.0,990.0,1626.3268,267.9219
230.0,1000.0,1632.5937,275.882
240.0,-1000.0,1624.8283,269.8732
240.0,-990.0,1618.5312,261.8751
240.0,-980.0,1612.2716,253.9058
240.0,-970.0,1606.0499,245.9658
240.0,-960.0,1599.8664,238.0556
240.0,-950.0,1593.7218,230.1759
240.0,-940.0,1587.6163,222.3271
240.0,-930.0,1581.5505,214.51
240.0,-920.0,1575.5248,206.7251
240.0,-910.0,1569.5397,198.9731
240.0,-900.0,1563.5956,191.2546
240.0,-890.0,1557.693,183.5702
240.0,-880.0,1551.8325,175.9206
240.0,-870.0,1546.0144,168.3066
240.0,-860.0,1540.2392,160.7288
240.0,-850.0,1534.5075,153.1878
240.0,-840.0,1528.8197,145.6846
240.0,-830.0,1523.1763,138.2197
240.0,-820.0,1517.5779,130.794
240.0,-810.0,1512.0248,123.4082
240.0,-800.0,1506.5177,116.0632
240.0,-790.0,1501.0569,108.7596
240.0,-780.0,1495.6431,101.4985
240.0,-770.0,1490.2767,94.2805
240.0,-760.0,1484.9583,87.1066
240.0,-750.0,1479.6883,79.9776
240.0,-740.0,1474.4674,72.8945
240.0,-730.0,1469.2959,65.8582
240.0,-720.0,1464.1745,58.8695
240.0,-710.0,1459.1036,51.9294
240.0,-700.0,1454.0838,45.039
240.0,-690.0,1449.1156,38.1991
240.0,-680.0,1444.1996,31.4109
240.0,-670.0,1439.3363,24.6752
240.0,-660.0,1434.5262,17.9933
240.0,-650.0,1429.7699,11.366
240.0,-640.0,1425.0678,4.7946
240.0,-630.0,1420.4206,-1.7199
240.0,-620.0,1415.8288,-8.1764
240.0,-610.0,1411.2929,-14.5737
240.0,-600.0,1406.8134,-20.9106
240.0,-590.0,1402.391,-27.1861
240.0,-580.0,1398.0261,-33.3988
240.0,-570.0,1393.7192,-39.5476
240.0,-560.0,1389.471,-45.6312
240.0,-550.0,1385.282,-51.6484
240.0,-540.0,1381.1526,-57.5979
240.0,-530.0,1377.0835,-63.4784
240.0,-520.0,1373.0752,-69.2887
240.0,-510.0,1369.1281,-75.0273
240.0,-500.0,1365.2429,-80.6929
240.0,-490.0,1361.4201,-86.2843
240.0,-480.0,1357.6602,-91.7999
240.0,-470.0,1353.9636,-97.2385
240.0,-460.0,1350.3311,-102.5986
240.0,-450.0,1346.7629,-107.8788
240.0,-440.0,1343.2598,-113.0777
240.0,-430.0,1339.8221,-118.1938
240.0,-420.0,1336.4504,-123.2257
240.0,-410.0,1333.1452,-128.172
240.0,-400.0,1329.907,-133.0311
240.0,-390.0,1326.7362,-137.8017
240.0,-380.0,1323.6334,-142.4821
240.0,-370.0,1320.599,-147.071
240.0,-360.0,1317.6336,-151.5668
240.0,-350.0,1314.7375,-155.9681
240.0,-340.0,1311.9112,-160.2734
240.0,-330.0,1309.1553,-164.4812
240.0,-320.0,1306.47,-168.59
240.0,-310.0,1303.856,-172.5983
240.0,-300.0,1301.3135,-176.5047
240.0,-290.0,1298.843,-180.3077
240.0,-280.0,1296.445,-184.0058
240.0,-270.0,1294.1198,-187.5978
240.0,-260.0,1291.8678,-191.082
240.0,-250.0,1289.6895,-194.4571
240.0,-240.0,1287.5851,-197.7218
240.0,-230.0,1285.5551,-200.8747
240.0,-220.0,1283.5997,-203.9145
240.0,-210.0,1281.7194,-206.8398
240.0,-200.0,1279.9145,-209.6494
240.0,-190.0,1278.1852,-212.3421
240.0,-180.0,1276.532,-214.9166
240.0,-170.0,1274.9551,-217.3718
240.0,-160.0,1273.4547,-219.7065
240.0,-150.0,1272.0311,-221.9198
240.0,-140.0,1270.6847,-224.0105
240.0,-130.0,1269.4157,-225.9776
240.0,-120.0,1268.2242,-227.8202
240.0,-110.0,1267.1105,-229.5374
240.0,-100.0,1266.0748,-231.1284
240.0,-90.0,1265.1173,-232.5923
240.0,-80.0,1264.2382,-233.9285
240.0,-70.0,1263.4376,-235.1363
240.0,-60.0,1262.7158,-236.2151
240.0,-50.0,1262.0727,-237.1643
240.0,-40.0,1261.5086,-237.9834
240.0,-30.0,1261.0235,-238.672
240.0,-20.0,1260.6176,-239.2299
240.0,-10.0,1260.2909,-239.6566
240.0,0.0,1260.0435,-239.9519
240.0,10.0,1260.2909,-239.6566
240.0,20.0,1260.6176,-239.2299
240.0,30.0,1261.0235,-238.672
240.0,40.0,1261.5086,-237.9834
240.0,50.0,1262.0727,-237.1643
240.0,60.0,1262.7158,-236.2151
240.0,70.0,1263.4376,-235.1363
240.0,80.0,1264.2382,-233.9285
240.0,90.0,1265.1173,-232.5923
240.0,100.0,1266.0748,-231.1284
240.0,110.0,1267.1105,-229.5374
240.0,120.0,1268.2242,-227.8202
240.0,130.0,1269.4157,-225.9776
240.0,140.0,1270.6847,-224.0105
240.0,150.0,1272.0311,-221.9198
240.0,160.0,1273.4547,-219.7065
240.0,170.0,1274.9551,-217.3718
240.0,180.0,1276.532,-214.9166
240.0,190.0,1278.1852,-212.3421
240.0,200.0,1279.9145,-209.6494
240.0,210.0,1281.7194,-206.8398
240.0,220.0,1283.5997,-203.9145
240.0,230.0,1285.5551,-200.8747
240.0,240.0,1287.5851,-197.7218
240.0,250.0,1289.6895,-194.4571
240.0,260.0,1291.8678,-191.082
240.0,270.0,1294.1198,-187.5978
240.0,280.0,1296.445,-184.0058
240.0,290.0,1298.843,-180.3077
240.0,300.0,1301.3135,-176.5047
240.0,310.0,1303.856,-172.5983
240.0,320.0,1306.47,-168.59
240.0,330.0,1309.1553,-164.4812
240.0,340.0,1311.9112,-160.2734
240.0,350.0,1314.7375,-155.9681
240.0,360.0,1317.6336,-151.5668
240.0,370.0,1320.599,-147.071
240.0,380.0,1323.6334,-142.4821
240.0,390.0,1326.7362,-137.8017
240.0,400.0,1329.907,-133.0311
240.0,410.0,1333.1452,-128.172
240.0,420.0,1336.4504,-123.2257
240.0,430.0,1339.8221,-118.1938
240.0,440.0,1343.2598,-113.0777
240.0,450.0,1346.7629,-107.8788
240.0,460.0,1350.3311,-102.5986
240.0,470.0,1353.9636,-97.2385
240.0,480.0,1357.6602,-91.7999
240.0,490.0,1361.4201,-86.2843
240.0,500.0,1365.2429,-80.6929
240.0,510.0,1369.1281,-75.0273
240.0,520.0,1373.0752,-69.2887
240.0,530.0,1377.0835,-63.4784
240.0,540.0,1381.1526,-57.5979
240.0,550.0,1385.282,-51.6484
240.0,560.0,1389.471,-45.6312
240.0,570.0,1393.7192,-39.5476
240.0,580.0,1398.0261,-33.3988
240.0,590.0,1402.391,-27.1861
240.0,600.0,1406.8134,-20.9106
240.0,610.0,1411.2929,-14.5737
240.0,620.0,1415.8288,-8.1764
240.0,630.0,1420.4206,-1.7199
240.0,640.0,1425.0678,4.7946
240.0,650.0,1429.7699,11.366
240.0,660.0,1434.5262,17.9933
240.0,670.0,1439.3363,24.6752
240.0,680.0,1444.1996,31.4109
240.0,690.0,1449.1156,38.1991
240.0,700.0,1454.0838,45.039
240.0,710.0,1459.1036,51.9294
240.0,720.0,1464.1745,58.8695
240.0,730.0,1469.2959,65.8582
240.0,740.0,1474.4674,72.8945
240.0,750.0,1479.6883,79.9776
240.0,760.0,1484.9583,87.1066
240.0,770.0,1490.2767,94.2805
240.0,780.0,1495.6431,101.4985
240.0,790.0,1501.0569,108.7596
240.0,800.0,1506.5177,116.0632
240.0,810.0,1512.0248,123.4082
240.0,820.0,1517.5779,130.794
240.0,830.0,1523.1763,138.2197
240.0,840.0,1528.8197,145.6846
240.0,850.0,1534.5075,153.1878
240.0,860.0,1540.2392,160.7288
240.0,870.0,1546.0144,168.3066
240.0,880.0,1551.8325,175.9206
240.0,890.0,1557.693,183.5702
240.0,900.0,1563.5956,191.2546
240.0,910.0,1569.5397,198.9731
240.0,920.0,1575.5248,206.7251
240.0,930.0,1581.5505,214.51
240.0,940.0,1587.6163,222.3271
240.0,950.0,1593.7218,230.1759
240.0,960.0,1599.8664,238.0556
240.0,970.0,1606.0499,245.9658
240.0,980.0,1612.2716,253.9058
240.0,990.0,1618.5312,261.8751
240.0,1000.0,1624.8283,269.8732
250.0,-1000.0,1617.0873,263.9149
250.0,-990.0,1610.76,255.8789
250.0,-980.0,1604.4701,247.8713
250.0,-970.0,1598.218,239.8927
250.0,-960.0,1592.0041,231.9435
250.0,-950.0,1585.829,224.0244
250.0,-940.0,1579.693,216.136
250.0,-930.0,1573.5967,208.2788
250.0,-920.0,1567.5404,200.4535
250.0,-910.0,1561.5247,192.6607
250.0,-900.0,1555.55,184.901
250.0,-890.0,1549.6168,177.1752
250.0,-880.0,1543.7256,169.4838
250.0,-870.0,1537.8768,161.8276
250.0,-860.0,1532.071,154.2072
250.0,-850.0,1526.3086,146.6234
250.0,-840.0,1520.5901,139.0769
250.0,-830.0,1514.9161,131.5684
250.0,-820.0,1509.287,124.0988
250.0,-810.0,1503.7033,116.6687
250.0,-800.0,1498.1655,109.279
250.0,-790.0,1492.6743,101.9306
250.0,-780.0,1487.2299,94.6241
250.0,-770.0,1481.8331,87.3605
250.0,-760.0,1476.4842,80.1406
250.0,-750.0,1471.1839,72.9654
250.0,-740.0,1465.9327,65.8357
250.0,-730.0,1460.731,58.7524
250.0,-720.0,1455.5794,51.7165
250.0,-710.0,1450.4785,44.7289
250.0,-700.0,1445.4288,37.7907
250.0,-690.0,1440.4307,30.9027
250.0,-680.0,1435.485,24.0661
250.0,-670.0,1430.592,17.2819
250.0,-660.0,1425.7524,10.551
250.0,-650.0,1420.9667,3.8746
250.0,-640.0,1416.2354,-2.7462
250.0,-630.0,1411.5592,-9.3102
250.0,-620.0,1406.9384,-15.8165
250.0,-610.0,1402.3737,-22.2638
250.0,-600.0,1397.8657,-28.6509
250.0,-590.0,1393.4149,-34.9767
250.0,-580.0,1389.0217,-41.2399
250.0,-570.0,1384.6869,-47.4393
250.0,-560.0,1380.4109,-53.5736
250.0,-550.0,1376.1943,-59.6417
250.0,-540.0,1372.0376,-65.6421
250.0,-530.0,1367.9414,-71.5735
250.0,-520.0,1363.9061,-77.4347
250.0,-510.0,1359.9325,-83.2243
250.0,-500.0,1356.021,-88.941
250.0,-490.0,1352.1721,-94.5832
250.0,-480.0,1348.3863,-100.1498
250.0,-470.0,1344.6643,-105.6391
250.0,-460.0,1341.0065,-111.0499
250.0,-450.0,1337.4135,-116.3806
250.0,-440.0,1333.8858,-121.6298
250.0,-430.0,1330.4239,-126.796
250.0,-420.0,1327.0284,-131.8778
250.0,-410.0,1323.6996,-136.8736
250.0,-400.0,1320.4382,-141.782
250.0,-390.0,1317.2447,-146.6015
250.0,-380.0,1314.1195,-151.3305
250.0,-370.0,1311.0631,-155.9675
250.0,-360.0,1308.076,-160.5109
250.0,-350.0,1305.1587,-164.9594
250.0,-340.0,1302.3117,-169.3113
250.0,-330.0,1299.5353,-173.565
250.0,-320.0,1296.8302,-177.7192
250.0,-310.0,1294.1966,-181.7723
250.0,-300.0,1291.6352,-185.7227
250.0,-290.0,1289.1462,-189.5689
250.0,-280.0,1286.7301,-193.3095
250.0,-270.0,1284.3873,-196.9431
250.0,-260.0,1282.1182,-200.468
250.0,-250.0,1279.9233,-203.883
250.0,-240.0,1277.8028,-207.1865
250.0,-230.0,1275.7572,-210.3771
250.0,-220.0,1273.7868,-213.4536
250.0,-210.0,1271.892,-216.4145
250.0,-200.0,1270.0731,-219.2586
250.0,-190.0,1268.3304,-221.9845
250.0,-180.0,1266.6643,-224.5911
250.0,-170.0,1265.0751,-227.077
250.0,-160.0,1263.563,-229.4412
250.0,-150.0,1262.1283,-231.6824
250.0,-140.0,1260.7713,-233.7997
250.0,-130.0,1259.4922,-235.7921
250.0,-120.0,1258.2913,-237.6584
250.0,-110.0,1257.1689,-239.3978
250.0,-100.0,1256.125,-241.0095
250.0,-90.0,1255.1599,-242.4925
250.0,-80.0,1254.2738,-243.8462
250.0,-70.0,1253.4669,-245.0699
250.0,-60.0,1252.7393,-246.1629
250.0,-50.0,1252.0911,-247.1246
250.0,-40.0,1251.5225,-247.9546
250.0,-30.0,1251.0336,-248.6523
250.0,-20.0,1250.6244,-249.2176
250.0,-10.0,1250.2951,-249.6499
250.0,0.0,1250.0457,-249.9492
250.0,10.0,1250.2951,-249.6499
250.0,20.0,1250.6244,-249.2176
250.0,30.0,1251.0336,-248.6523
250.0,40.0,1251.5225,-247.9546
250.0,50.0,1252.0911,-247.1246
250.0,60.0,1252.7393,-246.1629
250.0,70.0,1253.4669,-245.0699
250.0,80.0,1254.2738,-243.8462
250.0,90.0,1255.1599,-242.4925
250.0,100.0,1256.125,-241.0095
250.0,110.0,1257.1689,-239.3978
250.0,120.0,1258.2913,-237.6584
250.0,130.0,1259.4922,-235.7921
250.0,140.0,1260.7713,-233.7997
250.0,150.0,1262.1283,-231.6824
250.0,160.0,1263.563,-229.4412
250.0,170.0,1265.0751,-227.077
250.0,180.0,1266.6643,-224.5911
250.0,190.0,1268.3304,-221.9845
250.0,200.0,1270.0731,-219.2586
250.0,210.0,1271.892,-216.4145
250.0,220.0,1273.7868,-213.4536
250.0,230.0,1275.7572,-210.3771
250.0,240.0,1277.8028,-207.1865
250.0,250.0,1279.9233,-203.883
250.0,260.0,1282.1182,-200.468
250.0,270.0,1284.3873,-196.9431
250.0,280.0,1286.7301,-193.3095
250.0,290.0,1289.1462,-189.5689
250.0,300.0,1291.6352,-185.7227
250.0,310.0,1294.1966,-181.7723
250.0,320.0,1296.8302,-177.7192
250.0,330.0,1299.5353,-173.565
250.0,340.0,1302.3117,-169.3113
250.0,350.0,1305.1587,-164.9594
250.0,360.0,1308.076,-160.5109
250.0,370.0,1311.0631,-155.9675
250.0,380.0,1314.1195,-151.3305
250.0,390.0,1317.2447,-146.6015
250.0,400.0,1320.4382,-141.782
250.0,410.0,1323.6996,-136.8736
250.0,420.0,1327.0284,-131.8778
250.0,430.0,1330.4239,-126.796
250.0,440.0,1333.8858,-121.6298
250.0,450.0,1337.4135,-116.3806
250.0,460.0,1341.0065,-111.0499
250.0,470.0,1344.6643,-105.6391
250.0,480.0,1348.3863,-100.1498
250.0,490.0,1352.1721,-94.5832
250.0,500.0,1356.021,-88.941
250.0,510.0,1359.9325,-83.2243
250.0,520.0,1363.9061,-77.4347
250.0,530.0,1367.9414,-71.5735
250.0,540.0,1372.0376,-65.6421
250.0,550.0,1376.1943,-59.6417
250.0,560.0,1380.4109,-53.5736
250.0,570.0,1384.6869,-47.4393
250.0,580.0,1389.0217,-41.2399
250.0,590.0,1393.4149,-34.9767
250.0,600.0,1397.8657,-28.6509
250.0,610.0,1402.3737,-22.2638
250.0,620.0,1406.9384,-15.8165
250.0,630.0,1411.5592,-9.3102
250.0,640.0,1416.2354,-2.7462
250.0,650.0,1420.9667,3.8746
250.0,660.0,1425.7524,10.551
250.0,670.0,1430.592,17.2819
250.0,680.0,1435.485,24.0661
250.0,690.0,1440.4307,30.9027
250.0,700.0,1445.4288,37.7907
250.0,710.0,1450.4785,44.7289
250.0,720.0,1455.5794,51.7165
250.0,730.0,1460.731,58.7524
250.0,740.0,1465.9327,65.8357
250.0,750.0,1471.1839,72.9654
250.0,760.0,1476.4842,80.1406
250.0,770.0,1481.8331,87.3605
250.0,780.0,1487.2299,94.6241
250.0,790.0,1492.6743,101.9306
250.0,800.0,1498.1655,109.279
250.0,810.0,1503.7033,116.6687
250.0,820.0,1509.287,124.0988
250.0,830.0,1514.9161,131.5684
250.0,840.0,1520.5901,139.0769
250.0,850.0,1526.3086,146.6234
250.0,860.0,1532.071,154.2072
250.0,870.0,1537.8768,161.8276
250.0,880.0,1543.7256,169.4838
250.0,890.0,1549.6168,177.1752
250.0,900.0,1555.55,184.901
250.0,910.0,1561.5247,192.6607
250.0,920.0,1567.5404,200.4535
250.0,930.0,1573.5967,208.2788
250.0,940.0,1579.693,216.136
250.0,950.0,1585.829,224.0244
250.0,960.0,1592.0041,231.9435
250.0,970.0,1598.218,239.8927
250.0,980.0,1604.4701,247.8713
250.0,990.0,1610.76,255.8789
250.0,1000.0,1617.0873,263.9149
260.0,-1000.0,1609.3713,258.008
260.0,-990.0,1603.0136,249.934
260.0,-980.0,1596.6931,241.888
260.0,-970.0,1590.4104,233.8707
260.0,-960.0,1584.1659,225.8825
260.0,-950.0,1577.9601,217.924
260.0,-940.0,1571.7934,209.9958
260.0,-930.0,1565.6663,202.0984
260.0,-920.0,1559.5793,194.2327
260.0,-910.0,1553.5327,186.399
260.0,-900.0,1547.5272,178.5981
260.0,-890.0,1541.5631,170.8307
260.0,-880.0,1535.641,163.0973
260.0,-870.0,1529.7613,155.3988
260.0,-860.0,1523.9245,147.7357
260.0,-850.0,1518.1312,140.1089
260.0,-840.0,1512.3819,132.519
260.0,-830.0,1506.6769,124.9668
260.0,-820.0,1501.0169,117.453
260.0,-810.0,1495.4023,109.9784
260.0,-800.0,1489.8337,102.5439
260.0,-790.0,1484.3116,95.1502
260.0,-780.0,1478.8365,87.7982
260.0,-770.0,1473.4089,80.4887
260.0,-760.0,1468.0294,73.2226
260.0,-750.0,1462.6984,66.0008
260.0,-740.0,1457.4166,58.8242
260.0,-730.0,1452.1844,51.6937
260.0,-720.0,1447.0024,44.6103
260.0,-710.0,1441.8712,37.5749
260.0,-700.0,1436.7912,30.5885
260.0,-690.0,1431.763,23.652
260.0,-680.0,1426.7872,16.7667
260.0,-670.0,1421.8643,9.9334
260.0,-660.0,1416.9949,3.1532
260.0,-650.0,1412.1795,-3.5727
260.0,-640.0,1407.4187,-10.2433
260.0,-630.0,1402.713,-16.8575
260.0,-620.0,1398.063,-23.414
260.0,-610.0,1393.4693,-29.9118
260.0,-600.0,1388.9324,-36.3496
260.0,-590.0,1384.4528,-42.7262
260.0,-580.0,1380.0312,-49.0405
260.0,-570.0,1375.668,-55.2911
260.0,-560.0,1371.3639,-61.4767
260.0,-550.0,1367.1193,-67.5962
260.0,-540.0,1362.935,-73.6481
260.0,-530.0,1358.8113,-79.6312
260.0,-520.0,1354.7489,-85.544
260.0,-510.0,1350.7483,-91.3853
260.0,-500.0,1346.8101,-97.1536
260.0,-490.0,1342.9348,-102.8475
260.0,-480.0,1339.1229,-108.4656
260.0,-470.0,1335.3751,-114.0065
260.0,-460.0,1331.6918,-119.4687
260.0,-450.0,1328.0736,-124.8507
260.0,-440.0,1324.521,-130.151
260.0,-430.0,1321.0346,-135.3681
260.0,-420.0,1317.6148,-140.5006
260.0,-410.0,1314.2622,-145.5469
260.0,-400.0,1310.9774,-150.5054
260.0,-390.0,1307.7607,-155.3746
260.0,-380.0,1304.6128,-160.153
260.0,-370.0,1301.5341,-164.839
260.0,-360.0,1298.5251,-169.431
260.0,-350.0,1295.5863,-173.9274
260.0,-340.0,1292.7182,-178.3268
260.0,-330.0,1289.9212,-182.6275
260.0,-320.0,1287.1958,-186.828
260.0,-310.0,1284.5425,-190.9266
260.0,-300.0,1281.9618,-194.922
260.0,-290.0,1279.4539,-198.8124
260.0,-280.0,1277.0195,-202.5964
260.0,-270.0,1274.6589,-206.2724
260.0,-260.0,1272.3725,-209.839
260.0,-250.0,1270.1607,-213.2946
260.0,-240.0,1268.0239,-216.6378
260.0,-230.0,1265.9625,-219.8671
260.0,-220.0,1263.9768,-222.9812
260.0,-210.0,1262.0673,-225.9785
260.0,-200.0,1260.2342,-228.8579
260.0,-190.0,1258.4779,-231.6179
260.0,-180.0,1256.7987,-234.2572
260.0,-170.0,1255.197,-236.7746
260.0,-160.0,1253.673,-239.1689
260.0,-150.0,1252.227,-241.4389
260.0,-140.0,1250.8592,-243.5835
260.0,-130.0,1249.57,-245.6017
260.0,-120.0,1248.3596,-247.4923
260.0,-110.0,1247.2282,-249.2546
260.0,-100.0,1246.176,-250.8874
260.0,-90.0,1245.2032,-252.3901
260.0,-80.0,1244.31,-253.7617
260.0,-70.0,1243.4966,-255.0017
260.0,-60.0,1242.7631,-256.1092
260.0,-50.0,1242.1098,-257.0838
260.0,-40.0,1241.5366,-257.9249
260.0,-30.0,1241.0437,-258.6321
260.0,-20.0,1240.6313,-259.205
260.0,-10.0,1240.2993,-259.6432
260.0,0.0,1240.0479,-259.9465
260.0,10.0,1240.2993,-259.6432
260.0,20.0,1240.6313,-259.205
260.0,30.0,1241.0437,-258.6321
260.0,40.0,1241.5366,-257.9249
260.0,50.0,1242.1098,-257.0838
260.0,60.0,1242.7631,-256.1092
260.0,70.0,1243.4966,-255.0017
260.0,80.0,1244.31,-253.7617
260.0,90.0,1245.2032,-252.3901
260.0,100.0,1246.176,-250.8874
260.0,110.0,1247.2282,-249.2546
260.0,120.0,1248.3596,-247.4923
260.0,130.0,1249.57,-245.6017
260.0,140.0,1250.8592,-243.5835
260.0,150.0,1252.227,-241.4389
260.0,160.0,1253.673,-239.1689
260.0,170.0,1255.197,-236.7746
260.0,180.0,1256.7987,-234.2572
260.0,190.0,1258.4779,-231.6179
260.0,200.0,1260.2342,-228.8579
260.0,210.0,1262.0673,-225.9785
260.0,220.0,1263.9768,-222.9812
260.0,230.0,1265.9625,-219.8671
260.0,240.0,1268.0239,-216.6378
260.0,250.0,1270.1607,-213.2946
260.0,260.0,1272.3725,-209.839
260.0,270.0,1274.6589,-206.2724
260.0,280.0,1277.0195,-202.5964
260.0,290.0,1279.4539,-198.8124
260.0,300.0,1281.9618,-194.922
260.0,310.0,1284.5425,-190.9266
260.0,320.0,1287.1958,-186.828
260.0,330.0,1289.9212,-182.6275
260.0,340.0,1292.7182,-178.3268
260.0,350.0,1295.5863,-173.9274
260.0,360.0,1298.5251,-169.431
260.0,370.0,1301.5341,-164.839
260.0,380.0,1304.6128,-160.153
260.0,390.0,1307.7607,-155.3746
260.0,400.0,1310.9774,-150.5054
260.0,410.0,1314.2622,-145.5469
260.0,420.0,1317.6148,-140.5006
260.0,430.0,1321.0346,-135.3681
260.0,440.0,1324.521,-130.151
260.0,450.0,1328.0736,-124.8507
260.0,460.0,1331.6918,-119.4687
260.0,470.0,1335.3751,-114.0065
260.0,480.0,1339.1229,-108.4656
260.0,490.0,1342.9348,-102.8475
260.0,500.0,1346.8101,-97.1536
260.0,510.0,1350.7483,-91.3853
260.0,520.0,1354.7489,-85.544
260.0,530.0,1358.8113,-79.6312
260.0,540.0,1362.935,-73.6481
260.0,550.0,1367.1193,-67.5962
260.0,560.0,1371.3639,-61.4767
260.0,570.0,1375.668,-55.2911
260.0,580.0,1380.0312,-49.0405
260.0,590.0,1384.4528,-42.7262
260.0,600.0,1388.9324,-36.3496
260.0,610.0,1393.4693,-29.9118
260.0,620.0,1398.063,-23.414
260.0,630.0,1402.713,-16.8575
260.0,640.0,1407.4187,-10.2433
260.0,650.0,1412.1795,-3.5727
260.0,660.0,1416.9949,3.1532
260.0,670.0,1421.8643,9.9334
260.0,680.0,1426.7872,16.7667
260.0,690.0,1431.763,23.652
260.0,700.0,1436.7912,30.5885
260.0,710.0,1441.8712,37.5749
260.0,720.0,1447.0024,44.6103
260.0,730.0,1452.1844,51.6937
260.0,740.0,1457.4166,58.8242
260.0,750.0,1462.6984,66.0008
260.0,760.0,1468.0294,73.2226
260.0,770.0,1473.4089,80.4887
260.0,780.0,1478.8365,87.7982
260.0,790.0,1484.3116,95.1502
260.0,800.0,1489.8337,102.5439
260.0,810.0,1495.4023,109.9784
260.0,820.0,1501.0169,117.453
260.0,830.0,1506.6769,124.9668
260.0,840.0,1512.3819,132.519
260.0,850.0,1518.1312,140.1089
260.0,860.0,1523.9245,147.7357
260.0,870.0,1529.7613,155.3988
260.0,880.0,1535.641,163.0973
260.0,890.0,1541.5631,170.8307
260.0,900.0,1547.5272,178.5981
260.0,910.0,1553.5327,186.399
260.0,920.0,1559.5793,194.2327
260.0,930.0,1565.6663,202.0984
260.0,940.0,1571.7934,209.9958
260.0,950.0,1577.9601,217.924
260.0,960.0,1584.1659,225.8825
260.0,970.0,1590.4104,233.8707
260.0,980.0,1596.6931,241.888
260.0,990.0,1603.0136,249.934
260.0,1000.0,1609.3713,258.008
270.0,-1000.0,1601.6806,252.153
270.0,-990.0,1595.2921,244.041
270.0,-980.0,1588.941,235.9567
270.0,-970.0,1582.6275,227.9006
270.0,-960.0,1576.3522,219.8733
270.0,-950.0,1570.1155,211.8753
270.0,-940.0,1563.9179,203.9073
270.0,-930.0,1557.7598,195.9698
270.0,-920.0,1551.6417,188.0634
270.0,-910.0,1545.5641,180.1888
270.0,-900.0,1539.5275,172.3466
270.0,-890.0,1533.5323,164.5375
270.0,-880.0,1527.579,156.7621
270.0,-870.0,1521.6682,149.0211
270.0,-860.0,1515.8003,141.3152
270.0,-850.0,1509.9758,133.6452
270.0,-840.0,1504.1953,126.0117
270.0,-830.0,1498.4592,118.4155
270.0,-820.0,1492.768,110.8574
270.0,-810.0,1487.1223,103.3382
270.0,-800.0,1481.5226,95.8586
270.0,-790.0,1475.9694,88.4195
270.0,-780.0,1470.4632,81.0217
270.0,-770.0,1465.0046,73.6661
270.0,-760.0,1459.5941,66.3536
270.0,-750.0,1454.2322,59.0849
270.0,-740.0,1448.9195,51.8611
270.0,-730.0,1443.6565,44.6831
270.0,-720.0,1438.4438,37.5518
270.0,-710.0,1433.2819,30.4682
270.0,-700.0,1428.1714,23.4332
270.0,-690.0,1423.1127,16.448
270.0,-680.0,1418.1066,9.5135
270.0,-670.0,1413.1535,2.6308
270.0,-660.0,1408.2539,-4.1991
270.0,-650.0,1403.4086,-10.975
270.0,-640.0,1398.6179,-17.6959
270.0,-630.0,1393.8825,-24.3606
270.0,-620.0,1389.203,-30.9679
270.0,-610.0,1384.5798,-37.5167
270.0,-600.0,1380.0137,-44.0057
270.0,-590.0,1375.505,-50.4337
270.0,-580.0,1371.0545,-56.7996
270.0,-570.0,1366.6627,-63.1019
270.0,-560.0,1362.3301,-69.3395
270.0,-550.0,1358.0574,-75.511
270.0,-540.0,1353.845,-81.6151
270.0,-530.0,1349.6936,-87.6504
270.0,-520.0,1345.6036,-93.6156
270.0,-510.0,1341.5758,-99.5092
270.0,-500.0,1337.6105,-105.3299
270.0,-490.0,1333.7085,-111.0762
270.0,-480.0,1329.8702,-116.7466
270.0,-470.0,1326.0962,-122.3398
270.0,-460.0,1322.3871,-127.8541
270.0,-450.0,1318.7434,-133.2882
270.0,-440.0,1315.1656,-138.6404
270.0,-430.0,1311.6543,-143.9093
270.0,-420.0,1308.21,-149.0933
270.0,-410.0,1304.8333,-154.1908
270.0,-400.0,1301.5246,-159.2003
270.0,-390.0,1298.2845,-164.1202
270.0,-380.0,1295.1136,-168.9488
270.0,-370.0,1292.0122,-173.6847
270.0,-360.0,1288.981,-178.3261
270.0,-350.0,1286.0204,-182.8715
270.0,-340.0,1283.1309,-187.3193
270.0,-330.0,1280.3129,-191.6679
270.0,-320.0,1277.5671,-195.9156
270.0,-310.0,1274.8938,-200.0608
270.0,-300.0,1272.2934,-204.102
270.0,-290.0,1269.7665,-208.0375
270.0,-280.0,1267.3135,-211.8658
270.0,-270.0,1264.9347,-215.5852
270.0,-260.0,1262.6307,-219.1943
270.0,-250.0,1260.4018,-222.6915
270.0,-240.0,1258.2484,-226.0753
270.0,-230.0,1256.171,-229.3442
270.0,-220.0,1254.1698,-232.4967
270.0,-210.0,1252.2453,-235.5314
270.0,-200.0,1250.3979,-238.4468
270.0,-190.0,1248.6277,-241.2417
270.0,-180.0,1246.9353,-243.9146
270.0,-170.0,1245.3209,-246.4643
270.0,-160.0,1243.7848,-248.8895
270.0,-150.0,1242.3272,-251.189
270.0,-140.0,1240.9486,-253.3616
270.0,-130.0,1239.6491,-255.4062
270.0,-120.0,1238.4289,-257.3219
270.0,-110.0,1237.2884,-259.1074
270.0,-100.0,1236.2278,-260.7621
270.0,-90.0,1235.2471,-262.2848
270.0,-80.0,1234.3468,-263.6749
270.0,-70.0,1233.5268,-264.9316
270.0,-60.0,1232.7874,-266.0541
270.0,-50.0,1232.1287,-267.042
270.0,-40.0,1231.5509,-267.8945
270.0,-30.0,1231.0541,-268.6113
270.0,-20.0,1230.6383,-269.192
270.0,-10.0,1230.3036,-269.6362
270.0,0.0,1230.0501,-269.9437
270.0,10.0,1230.3036,-269.6362
270.0,20.0,1230.6383,-269.192
270.0,30.0,1231.0541,-268.6113
270.0,40.0,1231.5509,-267.8945
270.0,50.0,1232.1287,-267.042
270.0,60.0,1232.7874,-266.0541
270.0,70.0,1233.5268,-264.9316
270.0,80.0,1234.3468,-263.6749
270.0,90.0,1235.2471,-262.2848
270.0,100.0,1236.2278,-260.7621
270.0,110.0,1237.2884,-259.1074
270.0,120.0,1238.4289,-257.3219
270.0,130.0,1239.6491,-255.4062
270.0,140.0,1240.9486,-253.3616
270.0,150.0,1242.3272,-251.189
270.0,160.0,1243.7848,-248.8895
270.0,170.0,1245.3209,-246.4643
270.0,180.0,1246.9353,-243.9146
270.0,190.0,1248.6277,-241.2417
270.0,200.0,1250.3979,-238.4468
270.0,210.0,1252.2453,-235.5314
270.0,220.0,1254.1698,-232.4967
270.0,230.0,1256.171,-229.3442
270.0,240.0,1258.2484,-226.0753
270.0,250.0,1260.4018,-222.6915
270.0,260.0,1262.6307,-219.1943
270.0,270.0,1264.9347,-215.5852
270.0,280.0,1267.3135,-211.8658
270.0,290.0,1269.7665,-208.0375
270.0,300.0,1272.2934,-204.102
270.0,310.0,1274.8938,-200.0608
270.0,320.0,1277.5671,-195.9156
270.0,330.0,1280.3129,-191.6679
270.0,340.0,1283.1309,-187.3193
270.0,350.0,1286.0204,-182.8715
270.0,360.0,1288.981,-178.3261
270.0,370.0,1292.0122,-173.6847
270.0,380.0,1295.1136,-168.9488
270.0,390.0,1298.2845,-164.1202
270.0,400.0,1301.5246,-159.2003
270.0,410.0,1304.8333,-154.1908
270.0,420.0,1308.21,-149.0933
270.0,430.0,1311.6543,-143.9093
270.0,440.0,1315.1656,-138.6404
270.0,450.0,1318.7434,-133.2882
270.0,460.0,1322.3871,-127.8541
270.0,470.0,1326.0962,-122.3398
270.0,480.0,1329.8702,-116.7466
270.0,490.0,1333.7085,-111.0762
270.0,500.0,1337.6105,-105.3299
270.0,510.0,1341.5758,-99.5092
270.0,520.0,1345.6036,-93.6156
270.0,530.0,1349.6936,-87.6504
270.0,540.0,1353.845,-81.6151
270.0,550.0,1358.0574,-75.511
270.0,560.0,1362.3301,-69.3395
270.0,570.0,1366.6627,-63.1019
270.0,580.0,1371.0545,-56.7996
270.0,590.0,1375.505,-50.4337
270.0,600.0,1380.0137,-44.0057
270.0,610.0,1384.5798,-37.5167
270.0,620.0,1389.203,-30.9679
270.0,630.0,1393.8825,-24.3606
270.0,640.0,1398.6179,-17.6959
270.0,650.0,1403.4086,-10.975
270.0,660.0,1408.2539,-4.1991
270.0,670.0,1413.1535,2.6308
270.0,680.0,1418.1066,9.5135
270.0,690.0,1423.1127,16.448
270.0,700.0,1428.1714,23.4332
270.0,710.0,1433.2819,30.4682
270.0,720.0,1438.4438,37.5518
270.0,730.0,1443.6565,44.6831
270.0,740.0,1448.9195,51.8611
270.0,750.0,1454.2322,59.0849
270.0,760.0,1459.5941,66.3536
270.0,770.0,1465.0046,73.6661
270.0,780.0,1470.4632,81.0217
270.0,790.0,1475.9694,88.4195
270.0,800.0,1481.5226,95.8586
270.0,810.0,1487.1223,103.3382
270.0,820.0,1492.768,110.8574
270.0,830.0,1498.4592,118.4155
270.0,840.0,1504.1953,126.0117
270.0,850.0,1509.9758,133.6452
270.0,860.0,1515.8003,141.3152
270.0,870.0,1521.6682,149.0211
270.0,880.0,1527.579,156.7621
270.0,890.0,1533.5323,164.5375
270.0,900.0,1539.5275,172.3466
270.0,910.0,1545.5641,180.1888
270.0,920.0,1551.6417,188.0634
270.0,930.0,1557.7598,195.9698
270.0,940.0,1563.9179,203.9073
270.0,950.0,1570.1155,211.8753
270.0,960.0,1576.3522,219.8733
270.0,970.0,1582.6275,227.9006
270.0,980.0,1588.941,235.9567
270.0,990.0,1595.2921,244.041
270.0,1000.0,1601.6806,252.153
280.0,-1000.0,1594.0154,246.3507
280.0,-990.0,1587.5962,238.2007
280.0,-980.0,1581.2141,230.078
280.0,-970.0,1574.8697,221.9832
280.0,-960.0,1568.5633,213.9168
280.0,-950.0,1562.2955,205.8793
280.0,-940.0,1556.0667,197.8714
280.0,-930.0,1549.8775,189.8936
280.0,-920.0,1543.7281,181.9466
280.0,-910.0,1537.6193,174.0309
280.0,-900.0,1531.5513,166.1473
280.0,-890.0,1525.5248,158.2964
280.0,-880.0,1519.5402,150.4788
280.0,-870.0,1513.5979,142.6953
280.0,-860.0,1507.6986,134.9464
280.0,-850.0,1501.8427,127.2331
280.0,-840.0,1496.0307,119.5559
280.0,-830.0,1490.2632,111.9156
280.0,-820.0,1484.5406,104.313
280.0,-810.0,1478.8635,96.7489
280.0,-800.0,1473.2324,89.2241
280.0,-790.0,1467.6478,81.7394
280.0,-780.0,1462.1103,74.2956
280.0,-770.0,1456.6204,66.8936
280.0,-760.0,1451.1786,59.5343
280.0,-750.0,1445.7855,52.2186
280.0,-740.0,1440.4417,44.9473
280.0,-730.0,1435.1476,37.7214
280.0,-720.0,1429.9039,30.542
280.0,-710.0,1424.711,23.4098
280.0,-700.0,1419.5696,16.3261
280.0,-690.0,1414.4803,9.2916
280.0,-680.0,1409.4435,2.3076
280.0,-670.0,1404.4598,-4.6249
280.0,-660.0,1399.5298,-11.5049
280.0,-650.0,1394.6541,-18.3313
280.0,-640.0,1389.8333,-25.1029
280.0,-630.0,1385.0679,-31.8185
280.0,-620.0,1380.3584,-38.4771
280.0,-610.0,1375.7056,-45.0774
280.0,-600.0,1371.1099,-51.6181
280.0,-590.0,1366.5719,-58.0981
280.0,-580.0,1362.0922,-64.5161
280.0,-570.0,1357.6714,-70.8708
280.0,-560.0,1353.31,-77.1609
280.0,-550.0,1349.0087,-83.3851
280.0,-540.0,1344.7679,-89.5419
280.0,-530.0,1340.5884,-95.6301
280.0,-520.0,1336.4706,-101.6483
280.0,-510.0,1332.4151,-107.595
280.0,-500.0,1328.4226,-113.4687
280.0,-490.0,1324.4935,-119.2681
280.0,-480.0,1320.6284,-124.9917
280.0,-470.0,1316.8279,-130.6378
280.0,-460.0,1313.0926,-136.2052
280.0,-450.0,1309.423,-141.6921
280.0,-440.0,1305.8197,-147.0971
280.0,-430.0,1302.2832,-152.4185
280.0,-420.0,1298.8141,-157.6549
280.0,-410.0,1295.4128,-162.8045
280.0,-400.0,1292.08,-167.8659
280.0,-390.0,1288.8162,-172.8373
280.0,-380.0,1285.6219,-177.7171
280.0,-370.0,1282.4976,-182.5038
280.0,-360.0,1279.4438,-187.1956
280.0,-350.0,1276.4611,-191.7909
280.0,-340.0,1273.5499,-196.288
280.0,-330.0,1270.7108,-200.6854
280.0,-320.0,1267.9441,-204.9812
280.0,-310.0,1265.2504,-209.174
280.0,-300.0,1262.6302,-213.262
280.0,-290.0,1260.0839,-217.2435
280.0,-280.0,1257.612,-221.1171
280.0,-270.0,1255.2149,-224.8809
280.0,-260.0,1252.893,-228.5335
280.0,-250.0,1250.6467,-232.0732
280.0,-240.0,1248.4765,-235.4986
280.0,-230.0,1246.3828,-238.8079
280.0,-220.0,1244.3659,-241.9998
280.0,-210.0,1242.4262,-245.0727
280.0,-200.0,1240.5641,-248.0251
280.0,-190.0,1238.78,-250.8557
280.0,-180.0,1237.0741,-253.563
280.0,-170.0,1235.4467,-256.1458
280.0,-160.0,1233.8983,-258.6026
280.0,-150.0,1232.4291,-260.9323
280.0,-140.0,1231.0394,-263.1337
280.0,-130.0,1229.7294,-265.2055
280.0,-120.0,1228.4994,-267.1468
280.0,-110.0,1227.3497,-268.9563
280.0,-100.0,1226.2804,-270.6333
280.0,-90.0,1225.2918,-272.1767
280.0,-80.0,1224.3841,-273.5857
280.0,-70.0,1223.5575,-274.8596
280.0,-60.0,1222.8121,-275.9975
280.0,-50.0,1222.148,-276.9989
280.0,-40.0,1221.5655,-277.8633
280.0,-30.0,1221.0646,-278.59
280.0,-20.0,1220.6454,-279.1787
280.0,-10.0,1220.308,-279.629
280.0,0.0,1220.0524,-279.9408
280.0,10.0,1220.308,-279.629
280.0,20.0,1220.6454,-279.1787
280.0,30.0,1221.0646,-278.59
280.0,40.0,1221.5655,-277.8633
280.0,50.0,1222.148,-276.9989
280.0,60.0,1222.8121,-275.9975
280.0,70.0,1223.5575,-274.8596
280.0,80.0,1224.3841,-273.5857
280.0,90.0,1225.2918,-272.1767
280.0,100.0,1226.2804,-270.6333
280.0,110.0,1227.3497,-268.9563
280.0,120.0,1228.4994,-267.1468
280.0,130.0,1229.7294,-265.2055
280.0,140.0,1231.0394,-263.1337
280.0,150.0,1232.4291,-260.9323
280.0,160.0,1233.8983,-258.6026
280.0,170.0,1235.4467,-256.1458
280.0,180.0,1237.0741,-253.563
280.0,190.0,1238.78,-250.8557
280.0,200.0,1240.5641,-248.0251
280.0,210.0,1242.4262,-245.0727
280.0,220.0,1244.3659,-241.9998
280.0,230.0,1246.3828,-238.8079
280.0,240.0,1248.4765,-235.4986
280.0,250.0,1250.6467,-232.0732
280.0,260.0,1252.893,-228.5335
280.0,270.0,1255.2149,-224.8809
280.0,280.0,1257.612,-221.1171
280.0,290.0,1260.0839,-217.2435
280.0,300.0,1262.6302,-213.262
280.0,310.0,1265.2504,-209.174
280.0,320.0,1267.9441,-204.9812
280.0,330.0,1270.7108,-200.6854
280.0,340.0,1273.5499,-196.288
280.0,350.0,1276.4611,-191.7909
280.0,360.0,1279.4438,-187.1956
280.0,370.0,1282.4976,-182.5038
280.0,380.0,1285.6219,-177.7171
280.0,390.0,1288.8162,-172.8373
280.0,400.0,1292.08,-167.8659
280.0,410.0,1295.4128,-162.8045
280.0,420.0,1298.8141,-157.6549
280.0,430.0,1302.2832,-152.4185
280.0,440.0,1305.8197,-147.0971
280.0,450.0,1309.423,-141.6921
280.0,460.0,1313.0926,-136.2052
280.0,470.0,1316.8279,-130.6378
280.0,480.0,1320.6284,-124.9917
280.0,490.0,1324.4935,-119.2681
280.0,500.0,1328.4226,-113.4687
280.0,510.0,1332.4151,-107.595
280.0,520.0,1336.4706,-101.6483
280.0,530.0,1340.5884,-95.6301
280.0,540.0,1344.7679,-89.5419
280.0,550.0,1349.0087,-83.3851
280.0,560.0,1353.31,-77.1609
280.0,570.0,1357.6714,-70.8708
280.0,580.0,1362.0922,-64.5161
280.0,590.0,1366.5719,-58.0981
280.0,600.0,1371.1099,-51.6181
280.0,610.0,1375.7056,-45.0774
280.0,620.0,1380.3584,-38.4771
280.0,630.0,1385.0679,-31.8185
280.0,640.0,1389.8333,-25.1029
280.0,650.0,1394.6541,-18.3313
280.0,660.0,1399.5298,-11.5049
280.0,670.0,1404.4598,-4.6249
280.0,680.0,1409.4435,2.3076
280.0,690.0,1414.4803,9.2916
280.0,700.0,1419.5696,16.3261
280.0,710.0,1424.711,23.4098
280.0,720.0,1429.9039,30.542
280.0,730.0,1435.1476,37.7214
280.0,740.0,1440.4417,44.9473
280.0,750.0,1445.7855,52.2186
280.0,760.0,1451.1786,59.5343
280.0,770.0,1456.6204,66.8936
280.0,780.0,1462.1103,74.2956
280.0,790.0,1467.6478,81.7394
280.0,800.0,1473.2324,89.2241
280.0,810.0,1478.8635,96.7489
280.0,820.0,1484.5406,104.313
280.0,830.0,1490.2632,111.9156
280.0,840.0,1496.0307,119.5559
280.0,850.0,1501.8427,127.2331
280.0,860.0,1507.6986,134.9464
280.0,870.0,1513.5979,142.6953
280.0,880.0,1519.5402,150.4788
280.0,890.0,1525.5248,158.2964
280.0,900.0,1531.5513,166.1473
280.0,910.0,1537.6193,174.0309
280.0,920.0,1543.7281,181.9466
280.0,930.0,1549.8775,189.8936
280.0,940.0,1556.0667,197.8714
280.0,950.0,1562.2955,205.8793
280.0,960.0,1568.5633,213.9168
280.0,970.0,1574.8697,221.9832
280.0,980.0,1581.2141,230.078
280.0,990.0,1587.5962,238.2007
280.0,1000.0,1594.0154,246.3507
290.0,-1000.0,1586.3763,240.6019
290.0,-990.0,1579.926,232.4139
290.0,-980.0,1573.5128,224.2529
290.0,-970.0,1567.1372,216.1192
290.0,-960.0,1560.7996,208.0136
290.0,-950.0,1554.5005,199.9366
290.0,-940.0,1548.2404,191.8888
290.0,-930.0,1542.0197,183.8707
290.0,-920.0,1535.8389,175.883
290.0,-910.0,1529.6985,167.9262
290.0,-900.0,1523.599,160.0012
290.0,-890.0,1517.5409,152.1083
290.0,-880.0,1511.5247,144.2485
290.0,-870.0,1505.5508,136.4222
290.0,-860.0,1499.6199,128.6304
290.0,-850.0,1493.7323,120.8735
290.0,-840.0,1487.8886,113.1525
290.0,-830.0,1482.0894,105.4679
290.0,-820.0,1476.3351,97.8207
290.0,-810.0,1470.6263,90.2116
290.0,-800.0,1464.9636,82.6413
290.0,-790.0,1459.3474,75.1108
290.0,-780.0,1453.7782,67.6208
290.0,-770.0,1448.2567,60.1722
290.0,-760.0,1442.7834,52.7659
290.0,-750.0,1437.3588,45.4028
290.0,-740.0,1431.9835,38.0838
290.0,-730.0,1426.6581,30.8098
290.0,-720.0,1421.383,23.5818
290.0,-710.0,1416.1589,16.4009
290.0,-700.0,1410.9864,9.2679
290.0,-690.0,1405.8659,2.1839
290.0,-680.0,1400.7981,-4.85
290.0,-670.0,1395.7836,-11.8327
290.0,-660.0,1390.8229,-18.7633
290.0,-650.0,1385.9166,-25.6405
290.0,-640.0,1381.0652,-32.4632
290.0,-630.0,1376.2694,-39.2303
290.0,-620.0,1371.5298,-45.9406
290.0,-610.0,1366.8469,-52.5929
290.0,-600.0,1362.2213,-59.1859
290.0,-590.0,1357.6536,-65.7184
290.0,-580.0,1353.1444,-72.1891
290.0,-570.0,1348.6942,-78.5967
290.0,-560.0,1344.3037,-84.9399
290.0,-550.0,1339.9735,-91.2173
290.0,-540.0,1335.7041,-97.4276
290.0,-530.0,1331.4961,-103.5694
290.0,-520.0,1327.3501,-109.6412
290.0,-510.0,1323.2667,-115.6416
290.0,-500.0,1319.2464,-121.5692
290.0,-490.0,1315.2899,-127.4224
290.0,-480.0,1311.3977,-133.1998
290.0,-470.0,1307.5704,-138.8998
290.0,-460.0,1303.8086,-144.5209
290.0,-450.0,1300.1128,-150.0615
290.0,-440.0,1296.4836,-155.52
290.0,-430.0,1292.9215,-160.8949
290.0,-420.0,1289.4272,-166.1845
290.0,-410.0,1286.0012,-171.3871
290.0,-400.0,1282.6439,-176.5012
290.0,-390.0,1279.356,-181.5251
290.0,-380.0,1276.138,-186.457
290.0,-370.0,1272.9904,-191.2954
290.0,-360.0,1269.9138,-196.0385
290.0,-350.0,1266.9087,-200.6847
290.0,-340.0,1263.9755,-205.2321
290.0,-330.0,1261.1147,-209.6792
290.0,-320.0,1258.327,-214.0243
290.0,-310.0,1255.6127,-218.2655
290.0,-300.0,1252.9723,-222.4013
290.0,-290.0,1250.4064,-226.4299
290.0,-280.0,1247.9153,-230.3496
290.0,-270.0,1245.4995,-234.1589
290.0,-260.0,1243.1594,-237.8559
290.0,-250.0,1240.8956,-241.4392
290.0,-240.0,1238.7083,-244.907
290.0,-230.0,1236.598,-248.2577
290.0,-220.0,1234.5651,-251.4899
290.0,-210.0,1232.61,-254.6019
290.0,-200.0,1230.7331,-257.5922
290.0,-190.0,1228.9347,-260.4594
290.0,-180.0,1227.2151,-263.2021
290.0,-170.0,1225.5747,-265.8187
290.0,-160.0,1224.0138,-268.3081
290.0,-150.0,1222.5327,-270.6688
290.0,-140.0,1221.1317,-272.8996
290.0,-130.0,1219.811,-274.9993
290.0,-120.0,1218.571,-276.9669
290.0,-110.0,1217.4119,-278.8011
290.0,-100.0,1216.3339,-280.501
290.0,-90.0,1215.3373,-282.0656
290.0,-80.0,1214.4221,-283.4941
290.0,-70.0,1213.5887,-284.7856
290.0,-60.0,1212.8371,-285.9393
290.0,-50.0,1212.1676,-286.9547
290.0,-40.0,1211.5803,-287.8311
290.0,-30.0,1211.0752,-288.568
290.0,-20.0,1210.6526,-289.165
290.0,-10.0,1210.3124,-289.6217
290.0,0.0,1210.0548,-289.9378
290.0,10.0,1210.3124,-289.6217
290.0,20.0,1210.6526,-289.165
290.0,30.0,1211.0752,-288.568
290.0,40.0,1211.5803,-287.8311
290.0,50.0,1212.1676,-286.9547
290.0,60.0,1212.8371,-285.9393
290.0,70.0,1213.5887,-284.7856
290.0,80.0,1214.4221,-283.4941
290.0,90.0,1215.3373,-282.0656
290.0,100.0,1216.3339,-280.501
290.0,110.0,1217.4119,-278.8011
290.0,120.0,1218.571,-276.9669
290.0,130.0,1219.811,-274.9993
290.0,140.0,1221.1317,-272.8996
290.0,150.0,1222.5327,-270.6688
290.0,160.0,1224.0138,-268.3081
290.0,170.0,1225.5747,-265.8187
290.0,180.0,1227.2151,-263.2021
290.0,190.0,1228.9347,-260.4594
290.0,200.0,1230.7331,-257.5922
290.0,210.0,1232.61,-254.6019
290.0,220.0,1234.5651,-251.4899
290.0,230.0,1236.598,-248.2577
290.0,240.0,1238.7083,-244.907
290.0,250.0,1240.8956,-241.4392
290.0,260.0,1243.1594,-237.8559
290.0,270.0,1245.4995,-234.1589
290.0,280.0,1247.9153,-230.3496
290.0,290.0,1250.4064,-226.4299
290.0,300.0,1252.9723,-222.4013
290.0,310.0,1255.6127,-218.2655
290.0,320.0,1258.327,-214.0243
290.0,330.0,1261.1147,-209.6792
290.0,340.0,1263.9755,-205.2321
290.0,350.0,1266.9087,-200.6847
290.0,360.0,1269.9138,-196.0385
290.0,370.0,1272.9904,-191.2954
290.0,380.0,1276.138,-186.457
290.0,390.0,1279.356,-181.5251
290.0,400.0,1282.6439,-176.5012
290.0,410.0,1286.0012,-171.3871
290.0,420.0,1289.4272,-166.1845
290.0,430.0,1292.9215,-160.8949
290.0,440.0,1296.4836,-155.52
290.0,450.0,1300.1128,-150.0615
290.0,460.0,1303.8086,-144.5209
290.0,470.0,1307.5704,-138.8998
290.0,480.0,1311.3977,-133.1998
290.0,490.0,1315.2899,-127.4224
290.0,500.0,1319.2464,-121.5692
290.0,510.0,1323.2667,-115.6416
290.0,520.0,1327.3501,-109.6412
290.0,530.0,1331.4961,-103.5694
290.0,540.0,1335.7041,-97.4276
290.0,550.0,1339.9735,-91.2173
290.0,560.0,1344.3037,-84.9399
290.0,570.0,1348.6942,-78.5967
290.0,580.0,1353.1444,-72.1891
290.0,590.0,1357.6536,-65.7184
290.0,600.0,1362.2213,-59.1859
290.0,610.0,1366.8469,-52.5929
290.0,620.0,1371.5298,-45.9406
290.0,630.0,1376.2694,-39.2303
290.0,640.0,1381.0652,-32.4632
290.0,650.0,1385.9166,-25.6405
290.0,660.0,1390.8229,-18.7633
290.0,670.0,1395.7836,-11.8327
290.0,680.0,1400.7981,-4.85
290.0,690.0,1405.8659,2.1839
290.0,700.0,1410.9864,9.2679
290.0,710.0,1416.1589,16.4009
290.0,720.0,1421.383,23.5818
290.0,730.0,1426.6581,30.8098
290.0,740.0,1431.9835,38.0838
290.0,750.0,1437.3588,45.4028
290.0,760.0,1442.7834,52.7659
290.0,770.0,1448.2567,60.1722
290.0,780.0,1453.7782,67.6208
290.0,790.0,1459.3474,75.1108
290.0,800.0,1464.9636,82.6413
290.0,810.0,1470.6263,90.2116
290.0,820.0,1476.3351,97.8207
290.0,830.0,1482.0894,105.4679
290.0,840.0,1487.8886,113.1525
290.0,850.0,1493.7323,120.8735
290.0,860.0,1499.6199,128.6304
290.0,870.0,1505.5508,136.4222
290.0,880.0,1511.5247,144.2485
290.0,890.0,1517.5409,152.1083
290.0,900.0,1523.599,160.0012
290.0,910.0,1529.6985,167.9262
290.0,920.0,1535.8389,175.883
290.0,930.0,1542.0197,183.8707
290.0,940.0,1548.2404,191.8888
290.0,950.0,1554.5005,199.9366
290.0,960.0,1560.7996,208.0136
290.0,970.0,1567.1372,216.1192
290.0,980.0,1573.5128,224.2529
290.0,990.0,1579.926,232.4139
290.0,1000.0,1586.3763,240.6019
300.0,-1000.0,1578.7635,234.9074
300.0,-990.0,1572.282,226.6814
300.0,-980.0,1565.8375,218.4819
300.0,-970.0,1559.4305,210.3095
300.0,-960.0,1553.0615,202.1647
300.0,-950.0,1546.7309,194.0481
300.0,-940.0,1540.4392,185.9603
300.0,-930.0,1534.1868,177.9019
300.0,-920.0,1527.9744,169.8734
300.0,-910.0,1521.8023,161.8755
300.0,-900.0,1515.671,153.9089
300.0,-890.0,1509.5811,145.9741
300.0,-880.0,1503.533,138.0719
300.0,-870.0,1497.5272,130.2029
300.0,-860.0,1491.5644,122.3678
300.0,-850.0,1485.6449,114.5674
300.0,-840.0,1479.7693,106.8023
300.0,-830.0,1473.9381,99.0734
300.0,-820.0,1468.1519,91.3814
300.0,-810.0,1462.4112,83.727
300.0,-800.0,1456.7165,76.1112
300.0,-790.0,1451.0683,68.5346
300.0,-780.0,1445.4673,60.9982
300.0,-770.0,1439.9139,53.5028
300.0,-760.0,1434.4088,46.0493
300.0,-750.0,1428.9524,38.6385
300.0,-740.0,1423.5454,31.2715
300.0,-730.0,1418.1882,23.9492
300.0,-720.0,1412.8815,16.6724
300.0,-710.0,1407.6259,9.4423
300.0,-700.0,1402.4219,2.2598
300.0,-690.0,1397.27,-4.874
300.0,-680.0,1392.171,-11.9582
300.0,-670.0,1387.1252,-18.9915
300.0,-660.0,1382.1334,-25.973
300.0,-650.0,1377.1962,-32.9015
300.0,-640.0,1372.314,-39.7758
300.0,-630.0,1367.4875,-46.5948
300.0,-620.0,1362.7173,-53.3573
300.0,-610.0,1358.004,-60.0621
300.0,-600.0,1353.3482,-66.7078
300.0,-590.0,1348.7505,-73.2933
300.0,-580.0,1344.2114,-79.8173
300.0,-570.0,1339.7316,-86.2784
300.0,-560.0,1335.3116,-92.6753
300.0,-550.0,1330.9521,-99.0066
300.0,-540.0,1326.6537,-105.271
300.0,-530.0,1322.4169,-111.467
300.0,-520.0,1318.2423,-117.5931
300.0,-510.0,1314.1306,-123.648
300.0,-500.0,1310.0823,-129.6301
300.0,-490.0,1306.098,-135.5379
300.0,-480.0,1302.1784,-141.3699
300.0,-470.0,1298.3239,-147.1245
300.0,-460.0,1294.5352,-152.8001
300.0,-450.0,1290.8129,-158.3953
300.0,-440.0,1287.1574,-163.9082
300.0,-430.0,1283.5695,-169.3373
300.0,-420.0,1280.0497,-174.681
300.0,-410.0,1276.5984,-179.9376
300.0,-400.0,1273.2164,-185.1053
300.0,-390.0,1269.9041,-190.1826
300.0,-380.0,1266.6621,-195.1676
300.0,-370.0,1263.4909,-200.0586
300.0,-360.0,1260.3911,-204.854
300.0,-350.0,1257.3632,-209.552
300.0,-340.0,1254.4076,-214.1508
300.0,-330.0,1251.5251,-218.6486
300.0,-320.0,1248.7159,-223.0438
300.0,-310.0,1245.9807,-227.3346
300.0,-300.0,1243.3198,-231.5191
300.0,-290.0,1240.7339,-235.5958
300.0,-280.0,1238.2234,-239.5628
300.0,-270.0,1235.7886,-243.4184
300.0,-260.0,1233.4302,-247.161
300.0,-250.0,1231.1484,-250.7887
300.0,-240.0,1228.9438,-254.3
300.0,-230.0,1226.8167,-257.6931
300.0,-220.0,1224.7676,-260.9665
300.0,-210.0,1222.7968,-264.1186
300.0,-200.0,1220.9048,-267.1478
300.0,-190.0,1219.0919,-270.0525
300.0,-180.0,1217.3584,-272.8313
300.0,-170.0,1215.7047,-275.4828
300.0,-160.0,1214.1311,-278.0054
300.0,-150.0,1212.6379,-280.398
300.0,-140.0,1211.2254,-282.659
300.0,-130.0,1209.894,-284.7874
300.0,-120.0,1208.6438,-286.782
300.0,-110.0,1207.4752,-288.6415
300.0,-100.0,1206.3883,-290.365
300.0,-90.0,1205.3834,-291.9514
300.0,-80.0,1204.4607,-293.3999
300.0,-70.0,1203.6204,-294.7095
300.0,-60.0,1202.8626,-295.8795
300.0,-50.0,1202.1876,-296.9092
300.0,-40.0,1201.5953,-297.7981
300.0,-30.0,1201.0861,-298.5454
300.0,-20.0,1200.6599,-299.1509
300.0,-10.0,1200.3169,-299.6141
300.0,0.0,1200.0571,-299.9347
300.0,10.0,1200.3169,-299.6141
300.0,20.0,1200.6599,-299.1509
300.0,30.0,1201.0861,-298.5454
300.0,40.0,1201.5953,-297.7981
300.0,50.0,1202.1876,-296.9092
300.0,60.0,1202.8626,-295.8795
300.0,70.0,1203.6204,-294.7095
300.0,80.0,1204.4607,-293.3999
300.0,90.0,1205.3834,-291.9514
300.0,100.0,1206.3883,-290.365
300.0,110.0,1207.4752,-288.6415
300.0,120.0,1208.6438,-286.782
300.0,130.0,1209.894,-284.7874
300.0,140.0,1211.2254,-282.659
300.0,150.0,1212.6379,-280.398
300.0,160.0,1214.1311,-278.0054
300.0,170.0,1215.7047,-275.4828
300.0,180.0,1217.3584,-272.8313
300.0,190.0,1219.0919,-270.0525
300.0,200.0,1220.9048,-267.1478
300.0,210.0,1222.7968,-264.1186
300.0,220.0,1224.7676,-260.9665
300.0,230.0,1226.8167,-257.6931
300.0,240.0,1228.9438,-254.3
300.0,250.0,1231.1484,-250.7887
300.0,260.0,1233.4302,-247.161
300.0,270.0,1235.7886,-243.4184
300.0,280.0,1238.2234,-239.5628
300.0,290.0,1240.7339,-235.5958
300.0,300.0,1243.3198,-231.5191
300.0,310.0,1245.9807,-227.3346
300.0,320.0,1248.7159,-223.0438
300.0,330.0,1251.5251,-218.6486
300.0,340.0,1254.4076,-214.1508
300.0,350.0,1257.3632,-209.552
300.0,360.0,1260.3911,-204.854
300.0,370.0,1263.4909,-200.0586
300.0,380.0,1266.6621,-195.1676
300.0,390.0,1269.9041,-190.1826
300.0,400.0,1273.2164,-185.1053
300.0,410.0,1276.5984,-179.9376
300.0,420.0,1280.0497,-174.681
300.0,430.0,1283.5695,-169.3373
300.0,440.0,1287.1574,-163.9082
300.0,450.0,1290.8129,-158.3953
300.0,460.0,1294.5352,-152.8001
300.0,470.0,1298.3239,-147.1245
300.0,480.0,1302.1784,-141.3699
300.0,490.0,1306.098,-135.5379
300.0,500.0,1310.0823,-129.6301
300.0,510.0,1314.1306,-123.648
300.0,520.0,1318.2423,-117.5931
300.0,530.0,1322.4169,-111.467
300.0,540.0,1326.6537,-105.271
300.0,550.0,1330.9521,-99.0066
300.0,560.0,1335.3116,-92.6753
300.0,570.0,1339.7316,-86.2784
300.0,580.0,1344.2114,-79.8173
300.0,590.0,1348.7505,-73.2933
300.0,600.0,1353.3482,-66.7078
300.0,610.0,1358.004,-60.0621
300.0,620.0,1362.7173,-53.3573
300.0,630.0,1367.4875,-46.5948
300.0,640.0,1372.314,-39.7758
300.0,650.0,1377.1962,-32.9015
300.0,660.0,1382.1334,-25.973
300.0,670.0,1387.1252,-18.9915
300.0,680.0,1392.171,-11.9582
300.0,690.0,1397.27,-4.874
300.0,700.0,1402.4219,2.2598
300.0,710.0,1407.6259,9.4423
300.0,720.0,1412.8815,16.6724
300.0,730.0,1418.1882,23.9492
300.0,740.0,1423.5454,31.2715
300.0,750.0,1428.9524,38.6385
300.0,760.0,1434.4088,46.0493
300.0,770.0,1439.9139,53.5028
300.0,780.0,1445.4673,60.9982
300.0,790.0,1451.0683,68.5346
300.0,800.0,1456.7165,76.1112
300.0,810.0,1462.4112,83.727
300.0,820.0,1468.1519,91.3814
300.0,830.0,1473.9381,99.0734
300.0,840.0,1479.7693,106.8023
300.0,850.0,1485.6449,114.5674
300.0,860.0,1491.5644,122.3678
300.0,870.0,1497.5272,130.2029
300.0,880.0,1503.533,138.0719
300.0,890.0,1509.5811,145.9741
300.0,900.0,1515.671,153.9089
300.0,910.0,1521.8023,161.8755
300.0,920.0,1527.9744,169.8734
300.0,930.0,1534.1868,177.9019
300.0,940.0,1540.4392,185.9603
300.0,950.0,1546.7309,194.0481
300.0,960.0,1553.0615,202.1647
300.0,970.0,1559.4305,210.3095
300.0,980.0,1565.8375,218.4819
300.0,990.0,1572.282,226.6814
300.0,1000.0,1578.7635,234.9074
310.0,-1000.0,1571.1775,229.2678
310.0,-990.0,1564.6646,221.0038
310.0,-980.0,1558.1886,212.7659
310.0,-970.0,1551.75,204.5547
310.0,-960.0,1545.3493,196.3708
310.0,-950.0,1538.987,188.2146
310.0,-940.0,1532.6635,180.0868
310.0,-930.0,1526.3793,171.988
310.0,-920.0,1520.135,163.9188
310.0,-910.0,1513.9309,155.8797
310.0,-900.0,1507.7676,147.8714
310.0,-890.0,1501.6456,139.8946
310.0,-880.0,1495.5654,131.9499
310.0,-870.0,1489.5276,124.0381
310.0,-860.0,1483.5326,116.1597
310.0,-850.0,1477.5809,108.3156
310.0,-840.0,1471.6731,100.5065
310.0,-830.0,1465.8097,92.733
310.0,-820.0,1459.9913,84.996
310.0,-810.0,1454.2183,77.2963
310.0,-800.0,1448.4914,69.6346
310.0,-790.0,1442.8111,62.0119
310.0,-780.0,1437.1779,54.4288
310.0,-770.0,1431.5924,46.8864
310.0,-760.0,1426.0551,39.3854
310.0,-750.0,1420.5666,31.9269
310.0,-740.0,1415.1276,24.5116
310.0,-730.0,1409.7384,17.1406
310.0,-720.0,1404.3998,9.8148
310.0,-710.0,1399.1123,2.5352
310.0,-700.0,1393.8765,-4.6971
310.0,-690.0,1388.693,-11.8812
310.0,-680.0,1383.5623,-19.016
310.0,-670.0,1378.485,-26.1003
310.0,-660.0,1373.4618,-33.1331
310.0,-650.0,1368.4933,-40.1133
310.0,-640.0,1363.5799,-47.0396
310.0,-630.0,1358.7224,-53.911
310.0,-620.0,1353.9214,-60.7261
310.0,-610.0,1349.1774,-67.4839
310.0,-600.0,1344.491,-74.1829
310.0,-590.0,1339.8628,-80.822
310.0,-580.0,1335.2935,-87.3997
310.0,-570.0,1330.7837,-93.9149
310.0,-560.0,1326.3339,-100.3661
310.0,-550.0,1321.9448,-106.752
310.0,-540.0,1317.617,-113.071
310.0,-530.0,1313.351,-119.3219
310.0,-520.0,1309.1476,-125.503
310.0,-510.0,1305.0072,-131.6131
310.0,-500.0,1300.9305,-137.6504
310.0,-490.0,1296.9181,-143.6135
310.0,-480.0,1292.9707,-149.5009
310.0,-470.0,1289.0886,-155.3109
310.0,-460.0,1285.2727,-161.0419
310.0,-450.0,1281.5235,-166.6924
310.0,-440.0,1277.8415,-172.2606
310.0,-430.0,1274.2273,-177.7449
310.0,-420.0,1270.6816,-183.1436
310.0,-410.0,1267.2048,-188.4549
310.0,-400.0,1263.7977,-193.6773
310.0,-390.0,1260.4606,-198.8088
310.0,-380.0,1257.1943,-203.8478
310.0,-370.0,1253.9991,-208.7926
310.0,-360.0,1250.8758,-213.6412
310.0,-350.0,1247.8248,-218.392
310.0,-340.0,1244.8466,-223.0431
310.0,-330.0,1241.9418,-227.5927
310.0,-320.0,1239.111,-232.0391
310.0,-310.0,1236.3545,-236.3804
310.0,-300.0,1233.6729,-240.6148
310.0,-290.0,1231.0667,-244.7406
310.0,-280.0,1228.5364,-248.7558
310.0,-270.0,1226.0824,-252.6589
310.0,-260.0,1223.7052,-256.4479
310.0,-250.0,1221.4053,-260.1212
310.0,-240.0,1219.1831,-263.677
310.0,-230.0,1217.0389,-267.1136
310.0,-220.0,1214.9733,-270.4292
310.0,-210.0,1212.9867,-273.6224
310.0,-200.0,1211.0793,-276.6914
310.0,-190.0,1209.2516,-279.6346
310.0,-180.0,1207.504,-282.4505
310.0,-170.0,1205.8368,-285.1376
310.0,-160.0,1204.2503,-287.6944
310.0,-150.0,1202.7449,-290.1196
310.0,-140.0,1201.3208,-292.4118
310.0,-130.0,1199.9784,-294.5696
310.0,-120.0,1198.7179,-296.5919
310.0,-110.0,1197.5395,-298.4774
310.0,-100.0,1196.4436,-300.2251
310.0,-90.0,1195.4304,-301.8339
310.0,-80.0,1194.5,-303.3029
310.0,-70.0,1193.6527,-304.6312
310.0,-60.0,1192.8885,-305.818
310.0,-50.0,1192.2078,-306.8624
310.0,-40.0,1191.6106,-307.764
310.0,-30.0,1191.0971,-308.5222
310.0,-20.0,1190.6674,-309.1364
310.0,-10.0,1190.3215,-309.6063
310.0,0.0,1190.0595,-309.9316
310.0,10.0,1190.3215,-309.6063
310.0,20.0,1190.6674,-309.1364
310.0,30.0,1191.0971,-308.5222
310.0,40.0,1191.6106,-307.764
310.0,50.0,1192.2078,-306.8624
310.0,60.0,1192.8885,-305.818
310.0,70.0,1193.6527,-304.6312
310.0,80.0,1194.5,-303.3029
310.0,90.0,1195.4304,-301.8339
310.0,100.0,1196.4436,-300.2251
310.0,110.0,1197.5395,-298.4774
310.0,120.0,1198.7179,-296.5919
310.0,130.0,1199.9784,-294.5696
310.0,140.0,1201.3208,-292.4118
310.0,150.0,1202.7449,-290.1196
310.0,160.0,1204.2503,-287.6944
310.0,170.0,1205.8368,-285.1376
310.0,180.0,1207.504,-282.4505
310.0,190.0,1209.2516,-279.6346
310.0,200.0,1211.0793,-276.6914
310.0,210.0,1212.9867,-273.6224
310.0,220.0,1214.9733,-270.4292
310.0,230.0,1217.0389,-267.1136
310.0,240.0,1219.1831,-263.677
310.0,250.0,1221.4053,-260.1212
310.0,260.0,1223.7052,-256.4479
310.0,270.0,1226.0824,-252.6589
310.0,280.0,1228.5364,-248.7558
310.0,290.0,1231.0667,-244.7406
310.0,300.0,1233.6729,-240.6148
310.0,310.0,1236.3545,-236.3804
310.0,320.0,1239.111,-232.0391
310.0,330.0,1241.9418,-227.5927
310.0,340.0,1244.8466,-223.0431
310.0,350.0,1247.8248,-218.392
310.0,360.0,1250.8758,-213.6412
310.0,370.0,1253.9991,-208.7926
310.0,380.0,1257.1943,-203.8478
310.0,390.0,1260.4606,-198.8088
310.0,400.0,1263.7977,-193.6773
310.0,410.0,1267.2048,-188.4549
310.0,420.0,1270.6816,-183.1436
310.0,430.0,1274.2273,-177.7449
310.0,440.0,1277.8415,-172.2606
310.0,450.0,1281.5235,-166.6924
310.0,460.0,1285.2727,-161.0419
310.0,470.0,1289.0886,-155.3109
310.0,480.0,1292.9707,-149.5009
310.0,490.0,1296.9181,-143.6135
310.0,500.0,1300.9305,-137.6504
310.0,510.0,1305.0072,-131.6131
310.0,520.0,1309.1476,-125.503
310.0,530.0,1313.351,-119.3219
310.0,540.0,1317.617,-113.071
310.0,550.0,1321.9448,-106.752
310.0,560.0,1326.3339,-100.3661
310.0,570.0,1330.7837,-93.9149
310.0,580.0,1335.2935,-87.3997
310.0,590.0,1339.8628,-80.822
310.0,600.0,1344.491,-74.1829
310.0,610.0,1349.1774,-67.4839
310.0,620.0,1353.9214,-60.7261
310.0,630.0,1358.7224,-53.911
310.0,640.0,1363.5799,-47.0396
310.0,650.0,1368.4933,-40.1133
310.0,660.0,1373.4618,-33.1331
310.0,670.0,1378.485,-26.1003
310.0,680.0,1383.5623,-19.016
310.0,690.0,1388.693,-11.8812
310.0,700.0,1393.8765,-4.6971
310.0,710.0,1399.1123,2.5352
310.0,720.0,1404.3998,9.8148
310.0,730.0,1409.7384,17.1406
310.0,740.0,1415.1276,24.5116
310.0,750.0,1420.5666,31.9269
310.0,760.0,1426.0551,39.3854
310.0,770.0,1431.5924,46.8864
310.0,780.0,1437.1779,54.4288
310.0,790.0,1442.8111,62.0119
310.0,800.0,1448.4914,69.6346
310.0,810.0,1454.2183,77.2963
310.0,820.0,1459.9913,84.996
310.0,830.0,1465.8097,92.733
310.0,840.0,1471.6731,100.5065
310.0,850.0,1477.5809,108.3156
310.0,860.0,1483.5326,116.1597
310.0,870.0,1489.5276,124.0381
310.0,880.0,1495.5654,131.9499
310.0,890.0,1501.6456,139.8946
310.0,900.0,1507.7676,147.8714
310.0,910.0,1513.9309,155.8797
310.0,920.0,1520.135,163.9188
310.0,930.0,1526.3793,171.988
310.0,940.0,1532.6635,180.0868
310.0,950.0,1538.987,188.2146
310.0,960.0,1545.3493,196.3708
310.0,970.0,1551.75,204.5547
310.0,980.0,1558.1886,212.7659
310.0,990.0,1564.6646,221.0038
310.0,1000.0,1571.1775,229.2678
320.0,-1000.0,1563.6187,223.6839
320.0,-990.0,1557.0741,215.3819
320.0,-980.0,1550.5664,207.1057
320.0,-970.0,1544.0961,198.8558
320.0,-960.0,1537.6635,190.6326
320.0,-950.0,1531.2693,182.4369
320.0,-940.0,1524.9138,174.2691
320.0,-930.0,1518.5975,166.1299
320.0,-920.0,1512.321,158.0198
320.0,-910.0,1506.0848,149.9395
320.0,-900.0,1499.8892,141.8896
320.0,-890.0,1493.735,133.8707
320.0,-880.0,1487.6225,125.8835
320.0,-870.0,1481.5522,117.9287
320.0,-860.0,1475.5248,110.007
320.0,-850.0,1469.5407,102.1191
320.0,-840.0,1463.6004,94.2657
320.0,-830.0,1457.7046,86.4476
320.0,-820.0,1451.8537,78.6656
320.0,-810.0,1446.0483,70.9203
320.0,-800.0,1440.2889,63.2127
320.0,-790.0,1434.576,55.5436
320.0,-780.0,1428.9104,47.9138
320.0,-770.0,1423.2924,40.3241
320.0,-760.0,1417.7227,32.7755
320.0,-750.0,1412.2019,25.2688
320.0,-740.0,1406.7304,17.805
320.0,-730.0,1401.309,10.3851
320.0,-720.0,1395.9382,3.0099
320.0,-710.0,1390.6185,-4.3194
320.0,-700.0,1385.3506,-11.6019
320.0,-690.0,1380.135,-18.8365
320.0,-680.0,1374.9724,-26.0222
320.0,-670.0,1369.8633,-33.1579
320.0,-660.0,1364.8084,-40.2424
320.0,-650.0,1359.8082,-47.2746
320.0,-640.0,1354.8634,-54.2534
320.0,-630.0,1349.9745,-61.1776
320.0,-620.0,1345.1423,-68.0459
320.0,-610.0,1340.3672,-74.8571
320.0,-600.0,1335.6499,-81.6099
320.0,-590.0,1330.991,-88.3031
320.0,-580.0,1326.3911,-94.9352
320.0,-570.0,1321.8509,-101.505
320.0,-560.0,1317.371,-108.0111
320.0,-550.0,1312.9519,-114.4521
320.0,-540.0,1308.5943,-120.8265
320.0,-530.0,1304.2989,-127.1329
320.0,-520.0,1300.0661,-133.3698
320.0,-510.0,1295.8968,-139.5356
320.0,-500.0,1291.7913,-145.629
320.0,-490.0,1287.7505,-151.6482
320.0,-480.0,1283.7748,-157.5917
320.0,-470.0,1279.8649,-163.4579
320.0,-460.0,1276.0214,-169.2451
320.0,-450.0,1272.2449,-174.9517
320.0,-440.0,1268.5359,-180.5761
320.0,-430.0,1264.8952,-186.1164
320.0,-420.0,1261.3232,-191.571
320.0,-410.0,1257.8206,-196.9381
320.0,-400.0,1254.3879,-202.2159
320.0,-390.0,1251.0258,-207.4028
320.0,-380.0,1247.7347,-212.4968
320.0,-370.0,1244.5153,-217.4962
320.0,-360.0,1241.3681,-222.3991
320.0,-350.0,1238.2937,-227.2037
320.0,-340.0,1235.2925,-231.9081
320.0,-330.0,1232.3652,-236.5106
320.0,-320.0,1229.5123,-241.0092
320.0,-310.0,1226.7343,-245.4021
320.0,-300.0,1224.0316,-249.6875
320.0,-290.0,1221.4048,-253.8634
320.0,-280.0,1218.8545,-257.928
320.0,-270.0,1216.381,-261.8796
320.0,-260.0,1213.9848,-265.7162
320.0,-250.0,1211.6664,-269.4361
320.0,-240.0,1209.4263,-273.0374
320.0,-230.0,1207.2648,-276.5184
320.0,-220.0,1205.1825,-279.8774
320.0,-210.0,1203.1796,-283.1126
320.0,-200.0,1201.2567,-286.2224
320.0,-190.0,1199.4141,-289.2051
320.0,-180.0,1197.6521,-292.0591
320.0,-170.0,1195.9711,-294.7828
320.0,-160.0,1194.3715,-297.3747
320.0,-150.0,1192.8536,-299.8335
320.0,-140.0,1191.4177,-302.1575
320.0,-130.0,1190.0641,-304.3456
320.0,-120.0,1188.7931,-306.3963
320.0,-110.0,1187.6049,-308.3086
320.0,-100.0,1186.4999,-310.0812
320.0,-90.0,1185.4781,-311.7131
320.0,-80.0,1184.5399,-313.2032
320.0,-70.0,1183.6854,-314.5506
320.0,-60.0,1182.9149,-315.7546
320.0,-50.0,1182.2284,-316.8143
320.0,-40.0,1181.6262,-317.729
320.0,-30.0,1181.1083,-318.4983
320.0,-20.0,1180.675,-319.1215
320.0,-10.0,1180.3261,-319.5983
320.0,0.0,1180.062,-319.9283
320.0,10.0,1180.3261,-319.5983
320.0,20.0,1180.675,-319.1215
320.0,30.0,1181.1083,-318.4983
320.0,40.0,1181.6262,-317.729
320.0,50.0,1182.2284,-316.8143
320.0,60.0,1182.9149,-315.7546
320.0,70.0,1183.6854,-314.5506
320.0,80.0,1184.5399,-313.2032
320.0,90.0,1185.4781,-311.7131
320.0,100.0,1186.4999,-310.0812
320.0,110.0,1187.6049,-308.3086
320.0,120.0,1188.7931,-306.3963
320.0,130.0,1190.0641,-304.3456
320.0,140.0,1191.4177,-302.1575
320.0,150.0,1192.8536,-299.8335
320.0,160.0,1194.3715,-297.3747
320.0,170.0,1195.9711,-294.7828
320.0,180.0,1197.6521,-292.0591
320.0,190.0,1199.4141,-289.2051
320.0,200.0,1201.2567,-286.2224
320.0,210.0,1203.1796,-283.1126
320.0,220.0,1205.1825,-279.8774
320.0,230.0,1207.2648,-276.5184
320.0,240.0,1209.4263,-273.0374
320.0,250.0,1211.6664,-269.4361
320.0,260.0,1213.9848,-265.7162
320.0,270.0,1216.381,-261.8796
320.0,280.0,1218.8545,-257.928
320.0,290.0,1221.4048,-253.8634
320.0,300.0,1224.0316,-249.6875
320.0,310.0,1226.7343,-245.4021
320.0,320.0,1229.5123,-241.0092
320.0,330.0,1232.3652,-236.5106
320.0,340.0,1235.2925,-231.9081
320.0,350.0,1238.2937,-227.2037
320.0,360.0,1241.3681,-222.3991
320.0,370.0,1244.5153,-217.4962
320.0,380.0,1247.7347,-212.4968
320.0,390.0,1251.0258,-207.4028
320.0,400.0,1254.3879,-202.2159
320.0,410.0,1257.8206,-196.9381
320.0,420.0,1261.3232,-191.571
320.0,430.0,1264.8952,-186.1164
320.0,440.0,1268.5359,-180.5761
320.0,450.0,1272.2449,-174.9517
320.0,460.0,1276.0214,-169.2451
320.0,470.0,1279.8649,-163.4579
320.0,480.0,1283.7748,-157.5917
320.0,490.0,1287.7505,-151.6482
320.0,500.0,1291.7913,-145.629
320.0,510.0,1295.8968,-139.5356
320.0,520.0,1300.0661,-133.3698
320.0,530.0,1304.2989,-127.1329
320.0,540.0,1308.5943,-120.8265
320.0,550.0,1312.9519,-114.4521
320.0,560.0,1317.371,-108.0111
320.0,570.0,1321.8509,-101.505
320.0,580.0,1326.3911,-94.9352
320.0,590.0,1330.991,-88.3031
320.0,600.0,1335.6499,-81.6099
320.0,610.0,1340.3672,-74.8571
320.0,620.0,1345.1423,-68.0459
320.0,630.0,1349.9745,-61.1776
320.0,640.0,1354.8634,-54.2534
320.0,650.0,1359.8082,-47.2746
320.0,660.0,1364.8084,-40.2424
320.0,670.0,1369.8633,-33.1579
320.0,680.0,1374.9724,-26.0222
320.0,690.0,1380.135,-18.8365
320.0,700.0,1385.3506,-11.6019
320.0,710.0,1390.6185,-4.3194
320.0,720.0,1395.9382,3.0099
320.0,730.0,1401.309,10.3851
320.0,740.0,1406.7304,17.805
320.0,750.0,1412.2019,25.2688
320.0,760.0,1417.7227,32.7755
320.0,770.0,1423.2924,40.3241
320.0,780.0,1428.9104,47.9138
320.0,790.0,1434.576,55.5436
320.0,800.0,1440.2889,63.2127
320.0,810.0,1446.0483,70.9203
320.0,820.0,1451.8537,78.6656
320.0,830.0,1457.7046,86.4476
320.0,840.0,1463.6004,94.2657
320.0,850.0,1469.5407,102.1191
320.0,860.0,1475.5248,110.007
320.0,870.0,1481.5522,117.9287
320.0,880.0,1487.6225,125.8835
320.0,890.0,1493.735,133.8707
320.0,900.0,1499.8892,141.8896
320.0,910.0,1506.0848,149.9395
320.0,920.0,1512.321,158.0198
320.0,930.0,1518.5975,166.1299
320.0,940.0,1524.9138,174.2691
320.0,950.0,1531.2693,182.4369
320.0,960.0,1537.6635,190.6326
320.0,970.0,1544.0961,198.8558
320.0,980.0,1550.5664,207.1057
320.0,990.0,1557.0741,215.3819
320.0,1000.0,1563.6187,223.6839
330.0,-1000.0,1556.0874,218.1565
330.0,-990.0,1549.511,209.8166
330.0,-980.0,1542.9714,201.5021
330.0,-970.0,1536.4691,193.2134
330.0,-960.0,1530.0045,184.9511
330.0,-950.0,1523.5781,176.7158
330.0,-940.0,1517.1904,168.508
330.0,-930.0,1510.8418,160.3284
330.0,-920.0,1504.533,152.1775
330.0,-910.0,1498.2643,144.0559
330.0,-900.0,1492.0363,135.9643
330.0,-890.0,1485.8495,127.9033
330.0,-880.0,1479.7044,119.8735
330.0,-870.0,1473.6016,111.8758
330.0,-860.0,1467.5415,103.9106
330.0,-850.0,1461.5247,95.9788
330.0,-840.0,1455.5517,88.0811
330.0,-830.0,1449.6231,80.2183
330.0,-820.0,1443.7395,72.391
330.0,-810.0,1437.9013,64.6001
330.0,-800.0,1432.1091,56.8464
330.0,-790.0,1426.3636,49.1307
330.0,-780.0,1420.6651,41.4539
330.0,-770.0,1415.0144,33.8168
330.0,-760.0,1409.412,26.2203
330.0,-750.0,1403.8585,18.6654
330.0,-740.0,1398.3544,11.1528
330.0,-730.0,1392.9004,3.6837
330.0,-720.0,1387.497,-3.741
330.0,-710.0,1382.1449,-11.1204
330.0,-700.0,1376.8445,-18.4533
330.0,-690.0,1371.5966,-25.7388
330.0,-680.0,1366.4017,-32.9758
330.0,-670.0,1361.2605,-40.1632
330.0,-660.0,1356.1735,-47.2998
330.0,-650.0,1351.1414,-54.3845
330.0,-640.0,1346.1647,-61.4162
330.0,-630.0,1341.2441,-68.3936
330.0,-620.0,1336.3803,-75.3155
330.0,-610.0,1331.5738,-82.1806
330.0,-600.0,1326.8252,-88.9877
330.0,-590.0,1322.1352,-95.7355
330.0,-580.0,1317.5044,-102.4225
330.0,-570.0,1312.9335,-109.0476
330.0,-560.0,1308.423,-115.6091
330.0,-550.0,1303.9736,-122.1058
330.0,-540.0,1299.586,-128.5362
330.0,-530.0,1295.2606,-134.8988
330.0,-520.0,1290.9983,-141.1921
330.0,-510.0,1286.7995,-147.4145
330.0,-500.0,1282.665,-153.5646
330.0,-490.0,1278.5953,-159.6406
330.0,-480.0,1274.591,-165.6411
330.0,-470.0,1270.6529,-171.5643
330.0,-460.0,1266.7814,-177.4085
330.0,-450.0,1262.9772,-183.1722
330.0,-440.0,1259.241,-188.8535
330.0,-430.0,1255.5733,-194.4508
330.0,-420.0,1251.9748,-199.9622
330.0,-410.0,1248.4459,-205.3859
330.0,-400.0,1244.9874,-210.7203
330.0,-390.0,1241.5998,-215.9634
330.0,-380.0,1238.2837,-221.1134
330.0,-370.0,1235.0397,-226.1684
330.0,-360.0,1231.8682,-231.1266
330.0,-350.0,1228.77,-235.9861
330.0,-340.0,1225.7456,-240.745
330.0,-330.0,1222.7954,-245.4014
330.0,-320.0,1219.9201,-249.9533
330.0,-310.0,1217.1202,-254.3989
330.0,-300.0,1214.3961,-258.7362
330.0,-290.0,1211.7485,-262.9634
330.0,-280.0,1209.1777,-267.0785
330.0,-270.0,1206.6844,-271.0797
330.0,-260.0,1204.2689,-274.965
330.0,-250.0,1201.9318,-278.7326
330.0,-240.0,1199.6735,-282.3805
330.0,-230.0,1197.4944,-285.9071
330.0,-220.0,1195.3951,-289.3105
330.0,-210.0,1193.3758,-292.5889
330.0,-200.0,1191.437,-295.7405
330.0,-190.0,1189.5792,-298.7636
330.0,-180.0,1187.8026,-301.6567
330.0,-170.0,1186.1077,-304.418
330.0,-160.0,1184.4948,-307.046
330.0,-150.0,1182.9642,-309.5391
330.0,-140.0,1181.5163,-311.8959
330.0,-130.0,1180.1514,-314.1151
330.0,-120.0,1178.8696,-316.1951
330.0,-110.0,1177.6715,-318.1349
330.0,-100.0,1176.5571,-319.9331
330.0,-90.0,1175.5267,-321.5887
330.0,-80.0,1174.5805,-323.1005
330.0,-70.0,1173.7188,-324.4677
330.0,-60.0,1172.9417,-325.6894
330.0,-50.0,1172.2494,-326.7647
330.0,-40.0,1171.642,-327.693
330.0,-30.0,1171.1198,-328.4736
330.0,-20.0,1170.6827,-329.1061
330.0,-10.0,1170.3309,-329.59
330.0,0.0,1170.0644,-329.925
330.0,10.0,1170.3309,-329.59
330.0,20.0,1170.6827,-329.1061
330.0,30.0,1171.1198,-328.4736
330.0,40.0,1171.642,-327.693
330.0,50.0,1172.2494,-326.7647
330.0,60.0,1172.9417,-325.6894
330.0,70.0,1173.7188,-324.4677
330.0,80.0,1174.5805,-323.1005
330.0,90.0,1175.5267,-321.5887
330.0,100.0,1176.5571,-319.9331
330.0,110.0,1177.6715,-318.1349
330.0,120.0,1178.8696,-316.1951
330.0,130.0,1180.1514,-314.1151
330.0,140.0,1181.5163,-311.8959
330.0,150.0,1182.9642,-309.5391
330.0,160.0,1184.4948,-307.046
330.0,170.0,1186.1077,-304.418
330.0,180.0,1187.8026,-301.6567
330.0,190.0,1189.5792,-298.7636
330.0,200.0,1191.437,-295.7405
330.0,210.0,1193.3758,-292.5889
330.0,220.0,1195.3951,-289.3105
330.0,230.0,1197.4944,-285.9071
330.0,240.0,1199.6735,-282.3805
330.0,250.0,1201.9318,-278.7326
330.0,260.0,1204.2689,-274.965
330.0,270.0,1206.6844,-271.0797
330.0,280.0,1209.1777,-267.0785
330.0,290.0,1211.7485,-262.9634
330.0,300.0,1214.3961,-258.7362
330.0,310.0,1217.1202,-254.3989
330.0,320.0,1219.9201,-249.9533
330.0,330.0,1222.7954,-245.4014
330.0,340.0,1225.7456,-240.745
330.0,350.0,1228.77,-235.9861
330.0,360.0,1231.8682,-231.1266
330.0,370.0,1235.0397,-226.1684
330.0,380.0,1238.2837,-221.1134
330.0,390.0,1241.5998,-215.9634
330.0,400.0,1244.9874,-210.7203
330.0,410.0,1248.4459,-205.3859
330.0,420.0,1251.9748,-199.9622
330.0,430.0,1255.5733,-194.4508
330.0,440.0,1259.241,-188.8535
330.0,450.0,1262.9772,-183.1722
330.0,460.0,1266.7814,-177.4085
330.0,470.0,1270.6529,-171.5643
330.0,480.0,1274.591,-165.6411
330.0,490.0,1278.5953,-159.6406
330.0,500.0,1282.665,-153.5646
330.0,510.0,1286.7995,-147.4145
330.0,520.0,1290.9983,-141.1921
330.0,530.0,1295.2606,-134.8988
330.0,540.0,1299.586,-128.5362
330.0,550.0,1303.9736,-122.1058
330.0,560.0,1308.423,-115.6091
330.0,570.0,1312.9335,-109.0476
330.0,580.0,1317.5044,-102.4225
330.0,590.0,1322.1352,-95.7355
330.0,600.0,1326.8252,-88.9877
330.0,610.0,1331.5738,-82.1806
330.0,620.0,1336.3803,-75.3155
330.0,630.0,1341.2441,-68.3936
330.0,640.0,1346.1647,-61.4162
330.0,650.0,1351.1414,-54.3845
330.0,660.0,1356.1735,-47.2998
330.0,670.0,1361.2605,-40.1632
330.0,680.0,1366.4017,-32.9758
330.0,690.0,1371.5966,-25.7388
330.0,700.0,1376.8445,-18.4533
330.0,710.0,1382.1449,-11.1204
330.0,720.0,1387.497,-3.741
330.0,730.0,1392.9004,3.6837
330.0,740.0,1398.3544,11.1528
330.0,750.0,1403.8585,18.6654
330.0,760.0,1409.412,26.2203
330.0,770.0,1415.0144,33.8168
330.0,780.0,1420.6651,41.4539
330.0,790.0,1426.3636,49.1307
330.0,800.0,1432.1091,56.8464
330.0,810.0,1437.9013,64.6001
330.0,820.0,1443.7395,72.391
330.0,830.0,1449.6231,80.2183
330.0,840.0,1455.5517,88.0811
330.0,850.0,1461.5247,95.9788
330.0,860.0,1467.5415,103.9106
330.0,870.0,1473.6016,111.8758
330.0,880.0,1479.7044,119.8735
330.0,890.0,1485.8495,127.9033
330.0,900.0,1492.0363,135.9643
330.0,910.0,1498.2643,144.0559
330.0,920.0,1504.533,152.1775
330.0,930.0,1510.8418,160.3284
330.0,940.0,1517.1904,168.508
330.0,950.0,1523.5781,176.7158
330.0,960.0,1530.0045,184.9511
330.0,970.0,1536.4691,193.2134
330.0,980.0,1542.9714,201.5021
330.0,990.0,1549.511,209.8166
330.0,1000.0,1556.0874,218.1565
340.0,-1000.0,1548.5841,212.6864
340.0,-990.0,1541.9757,204.3087
340.0,-980.0,1535.404,195.9558
340.0,-970.0,1528.8695,187.6284
340.0,-960.0,1522.3726,179.327
340.0,-950.0,1515.9138,171.0522
340.0,-940.0,1509.4937,162.8044
340.0,-930.0,1503.1126,154.5844
340.0,-920.0,1496.7712,146.3926
340.0,-910.0,1490.4699,138.2297
340.0,-900.0,1484.2092,130.0964
340.0,-890.0,1477.9896,121.9932
340.0,-880.0,1471.8117,113.9209
340.0,-870.0,1465.676,105.8801
340.0,-860.0,1459.583,97.8714
340.0,-850.0,1453.5333,89.8957
340.0,-840.0,1447.5273,81.9536
340.0,-830.0,1441.5658,74.0459
340.0,-820.0,1435.6491,66.1733
340.0,-810.0,1429.7778,58.3367
340.0,-800.0,1423.9526,50.5367
340.0,-790.0,1418.174,42.7744
340.0,-780.0,1412.4426,35.0504
340.0,-770.0,1406.7588,27.3657
340.0,-760.0,1401.1234,19.7212
340.0,-750.0,1395.5369,12.1177
340.0,-740.0,1389.9999,4.5562
340.0,-730.0,1384.513,-2.9623
340.0,-720.0,1379.0767,-10.4369
340.0,-710.0,1373.6917,-17.8666
340.0,-700.0,1368.3587,-25.2503
340.0,-690.0,1363.0781,-32.587
340.0,-680.0,1357.8506,-39.8756
340.0,-670.0,1352.6769,-47.115
340.0,-660.0,1347.5575,-54.3041
340.0,-650.0,1342.493,-61.4417
340.0,-640.0,1337.4842,-68.5266
340.0,-630.0,1332.5316,-75.5577
340.0,-620.0,1327.6358,-82.5336
340.0,-610.0,1322.7975,-89.4532
340.0,-600.0,1318.0173,-96.3151
340.0,-590.0,1313.2959,-103.118
340.0,-580.0,1308.6338,-109.8605
340.0,-570.0,1304.0318,-116.5413
340.0,-560.0,1299.4904,-123.1589
340.0,-550.0,1295.0104,-129.712
340.0,-540.0,1290.5922,-136.199
340.0,-530.0,1286.2366,-142.6185
340.0,-520.0,1281.9443,-148.9688
340.0,-510.0,1277.7157,-155.2485
340.0,-500.0,1273.5517,-161.456
340.0,-490.0,1269.4528,-167.5897
340.0,-480.0,1265.4196,-173.6478
340.0,-470.0,1261.4528,-179.6288
340.0,-460.0,1257.553,-185.531
340.0,-450.0,1253.7209,-191.3525
340.0,-440.0,1249.957,-197.0917
340.0,-430.0,1246.262,-202.7468
340.0,-420.0,1242.6365,-208.316
340.0,-410.0,1239.081,-213.7974
340.0,-400.0,1235.5963,-219.1892
340.0,-390.0,1232.1829,-224.4896
340.0,-380.0,1228.8414,-229.6966
340.0,-370.0,1225.5723,-234.8083
340.0,-360.0,1222.3764,-239.8228
340.0,-350.0,1219.254,-244.7383
340.0,-340.0,1216.2059,-249.5527
340.0,-330.0,1213.2326,-254.264
340.0,-320.0,1210.3345,-258.8704
340.0,-310.0,1207.5124,-263.3698
340.0,-300.0,1204.7666,-267.7603
340.0,-290.0,1202.0977,-272.0399
340.0,-280.0,1199.5063,-276.2066
340.0,-270.0,1196.9928,-280.2585
340.0,-260.0,1194.5578,-284.1936
340.0,-250.0,1192.2016,-288.01
340.0,-240.0,1189.9248,-291.7058
340.0,-230.0,1187.7279,-295.279
340.0,-220.0,1185.6112,-298.7279
340.0,-210.0,1183.5752,-302.0504
340.0,-200.0,1181.6204,-305.245
340.0,-190.0,1179.7471,-308.3097
340.0,-180.0,1177.9557,-311.2428
340.0,-170.0,1176.2466,-314.0427
340.0,-160.0,1174.6202,-316.7077
340.0,-150.0,1173.0767,-319.2362
340.0,-140.0,1171.6166,-321.6268
340.0,-130.0,1170.2401,-323.8778
340.0,-120.0,1168.9475,-325.988
340.0,-110.0,1167.7391,-327.956
340.0,-100.0,1166.6152,-329.7806
340.0,-90.0,1165.576,-331.4605
340.0,-80.0,1164.6218,-332.9948
340.0,-70.0,1163.7527,-334.3823
340.0,-60.0,1162.969,-335.6222
340.0,-50.0,1162.2707,-336.7136
340.0,-40.0,1161.6581,-337.6559
340.0,-30.0,1161.1314,-338.4483
340.0,-20.0,1160.6905,-339.0903
340.0,-10.0,1160.3357,-339.5815
340.0,0.0,1160.067,-339.9215
340.0,10.0,1160.3357,-339.5815
340.0,20.0,1160.6905,-339.0903
340.0,30.0,1161.1314,-338.4483
340.0,40.0,1161.6581,-337.6559
340.0,50.0,1162.2707,-336.7136
340.0,60.0,1162.969,-335.6222
340.0,70.0,1163.7527,-334.3823
340.0,80.0,1164.6218,-332.9948
340.0,90.0,1165.576,-331.4605
340.0,100.0,1166.6152,-329.7806
340.0,110.0,1167.7391,-327.956
340.0,120.0,1168.9475,-325.988
340.0,130.0,1170.2401,-323.8778
340.0,140.0,1171.6166,-321.6268
340.0,150.0,1173.0767,-319.2362
340.0,160.0,1174.6202,-316.7077
340.0,170.0,1176.2466,-314.0427
340.0,180.0,1177.9557,-311.2428
340.0,190.0,1179.7471,-308.3097
340.0,200.0,1181.6204,-305.245
340.0,210.0,1183.5752,-302.0504
340.0,220.0,1185.6112,-298.7279
340.0,230.0,1187.7279,-295.279
340.0,240.0,1189.9248,-291.7058
340.0,250.0,1192.2016,-288.01
340.0,260.0,1194.5578,-284.1936
340.0,270.0,1196.9928,-280.2585
340.0,280.0,1199.5063,-276.2066
340.0,290.0,1202.0977,-272.0399
340.0,300.0,1204.7666,-267.7603
340.0,310.0,1207.5124,-263.3698
340.0,320.0,1210.3345,-258.8704
340.0,330.0,1213.2326,-254.264
340.0,340.0,1216.2059,-249.5527
340.0,350.0,1219.254,-244.7383
340.0,360.0,1222.3764,-239.8228
340.0,370.0,1225.5723,-234.8083
340.0,380.0,1228.8414,-229.6966
340.0,390.0,1232.1829,-224.4896
340.0,400.0,1235.5963,-219.1892
340.0,410.0,1239.081,-213.7974
340.0,420.0,1242.6365,-208.316
340.0,430.0,1246.262,-202.7468
340.0,440.0,1249.957,-197.0917
340.0,450.0,1253.7209,-191.3525
340.0,460.0,1257.553,-185.531
340.0,470.0,1261.4528,-179.6288
340.0,480.0,1265.4196,-173.6478
340.0,490.0,1269.4528,-167.5897
340.0,500.0,1273.5517,-161.456
340.0,510.0,1277.7157,-155.2485
340.0,520.0,1281.9443,-148.9688
340.0,530.0,1286.2366,-142.6185
340.0,540.0,1290.5922,-136.199
340.0,550.0,1295.0104,-129.712
340.0,560.0,1299.4904,-123.1589
340.0,570.0,1304.0318,-116.5413
340.0,580.0,1308.6338,-109.8605
340.0,590.0,1313.2959,-103.118
340.0,600.0,1318.0173,-96.3151
340.0,610.0,1322.7975,-89.4532
340.0,620.0,1327.6358,-82.5336
340.0,630.0,1332.5316,-75.5577
340.0,640.0,1337.4842,-68.5266
340.0,650.0,1342.493,-61.4417
340.0,660.0,1347.5575,-54.3041
340.0,670.0,1352.6769,-47.115
340.0,680.0,1357.8506,-39.8756
340.0,690.0,1363.0781,-32.587
340.0,700.0,1368.3587,-25.2503
340.0,710.0,1373.6917,-17.8666
340.0,720.0,1379.0767,-10.4369
340.0,730.0,1384.513,-2.9623
340.0,740.0,1389.9999,4.5562
340.0,750.0,1395.5369,12.1177
340.0,760.0,1401.1234,19.7212
340.0,770.0,1406.7588,27.3657
340.0,780.0,1412.4426,35.0504
340.0,790.0,1418.174,42.7744
340.0,800.0,1423.9526,50.5367
340.0,810.0,1429.7778,58.3367
340.0,820.0,1435.6491,66.1733
340.0,830.0,1441.5658,74.0459
340.0,840.0,1447.5273,81.9536
340.0,850.0,1453.5333,89.8957
340.0,860.0,1459.583,97.8714
340.0,870.0,1465.676,105.8801
340.0,880.0,1471.8117,113.9209
340.0,890.0,1477.9896,121.9932
340.0,900.0,1484.2092,130.0964
340.0,910.0,1490.4699,138.2297
340.0,920.0,1496.7712,146.3926
340.0,930.0,1503.1126,154.5844
340.0,940.0,1509.4937,162.8044
340.0,950.0,1515.9138,171.0522
340.0,960.0,1522.3726,179.327
340.0,970.0,1528.8695,187.6284
340.0,980.0,1535.404,195.9558
340.0,990.0,1541.9757,204.3087
340.0,1000.0,1548.5841,212.6864
350.0,-1000.0,1541.1091,207.2744
350.0,-990.0,1534.4685,198.8588
350.0,-980.0,1527.8645,190.4677
350.0,-970.0,1521.2976,182.1016
350.0,-960.0,1514.7682,173.7611
350.0,-950.0,1508.2769,165.4468
350.0,-940.0,1501.8241,157.1591
350.0,-930.0,1495.4104,148.8986
350.0,-920.0,1489.0361,140.6661
350.0,-910.0,1482.7019,132.4619
350.0,-900.0,1476.4083,124.2869
350.0,-890.0,1470.1557,116.1415
350.0,-880.0,1463.9448,108.0266
350.0,-870.0,1457.7759,99.9426
350.0,-860.0,1451.6498,91.8904
350.0,-850.0,1445.5669,83.8707
350.0,-840.0,1439.5277,75.8841
350.0,-830.0,1433.5328,67.9315
350.0,-820.0,1427.5829,60.0135
350.0,-810.0,1421.6783,52.1309
350.0,-800.0,1415.8198,44.2847
350.0,-790.0,1410.0078,36.4755
350.0,-780.0,1404.2431,28.7042
350.0,-770.0,1398.526,20.9718
350.0,-760.0,1392.8573,13.279
350.0,-750.0,1387.2375,5.6268
350.0,-740.0,1381.6672,-1.9839
350.0,-730.0,1376.147,-9.5521
350.0,-720.0,1370.6776,-17.0768
350.0,-710.0,1365.2595,-24.557
350.0,-700.0,1359.8934,-31.9917
350.0,-690.0,1354.5798,-39.3799
350.0,-680.0,1349.3194,-46.7205
350.0,-670.0,1344.1128,-54.0122
350.0,-660.0,1338.9607,-61.2541
350.0,-650.0,1333.8636,-68.445
350.0,-640.0,1328.8222,-75.5836
350.0,-630.0,1323.8372,-82.6687
350.0,-620.0,1318.9092,-89.6992
350.0,-610.0,1314.0387,-96.6736
350.0,-600.0,1309.2266,-103.5908
350.0,-590.0,1304.4733,-110.4493
350.0,-580.0,1299.7796,-117.2478
350.0,-570.0,1295.1461,-123.985
350.0,-560.0,1290.5735,-130.6593
350.0,-550.0,1286.0624,-137.2693
350.0,-540.0,1281.6134,-143.8136
350.0,-530.0,1277.2272,-150.2905
350.0,-520.0,1272.9044,-156.6987
350.0,-510.0,1268.6458,-163.0364
350.0,-500.0,1264.4519,-169.3021
350.0,-490.0,1260.3234,-175.4941
350.0,-480.0,1256.2609,-181.6108
350.0,-470.0,1252.2651,-187.6504
350.0,-460.0,1248.3366,-193.6112
350.0,-450.0,1244.4761,-199.4915
350.0,-440.0,1240.6841,-205.2895
350.0,-430.0,1236.9614,-211.0034
350.0,-420.0,1233.3085,-216.6312
350.0,-410.0,1229.7261,-222.1712
350.0,-400.0,1226.2148,-227.6215
350.0,-390.0,1222.7752,-232.9801
350.0,-380.0,1219.4079,-238.2452
350.0,-370.0,1216.1135,-243.4146
350.0,-360.0,1212.8926,-248.4866
350.0,-350.0,1209.7458,-253.4591
350.0,-340.0,1206.6737,-258.3301
350.0,-330.0,1203.6768,-263.0976
350.0,-320.0,1200.7557,-267.7595
350.0,-310.0,1197.911,-272.3139
350.0,-300.0,1195.1431,-276.7586
350.0,-290.0,1192.4527,-281.0918
350.0,-280.0,1189.8403,-285.3113
350.0,-270.0,1187.3064,-289.4151
350.0,-260.0,1184.8514,-293.4012
350.0,-250.0,1182.4759,-297.2676
350.0,-240.0,1180.1803,-301.0123
350.0,-230.0,1177.9652,-304.6334
350.0,-220.0,1175.831,-308.1289
350.0,-210.0,1173.7781,-311.4968
350.0,-200.0,1171.8069,-314.7354
350.0,-190.0,1169.9179,-317.8427
350.0,-180.0,1168.1114,-320.817
350.0,-170.0,1166.3879,-323.6566
350.0,-160.0,1164.7476,-326.3596
350.0,-150.0,1163.1911,-328.9245
350.0,-140.0,1161.7185,-331.3497
350.0,-130.0,1160.3303,-333.6336
350.0,-120.0,1159.0267,-335.7747
350.0,-110.0,1157.8079,-337.7718
350.0,-100.0,1156.6744,-339.6235
350.0,-90.0,1155.6263,-341.3286
350.0,-80.0,1154.6638,-342.8859
350.0,-70.0,1153.7872,-344.2943
350.0,-60.0,1152.9967,-345.553
350.0,-50.0,1152.2924,-346.661
350.0,-40.0,1151.6745,-347.6176
350.0,-30.0,1151.1432,-348.4221
350.0,-20.0,1150.6985,-349.074
350.0,-10.0,1150.3406,-349.5727
350.0,0.0,1150.0695,-349.918
350.0,10.0,1150.3406,-349.5727
350.0,20.0,1150.6985,-349.074
350.0,30.0,1151.1432,-348.4221
350.0,40.0,1151.6745,-347.6176
350.0,50.0,1152.2924,-346.661
350.0,60.0,1152.9967,-345.553
350.0,70.0,1153.7872,-344.2943
350.0,80.0,1154.6638,-342.8859
350.0,90.0,1155.6263,-341.3286
350.0,100.0,1156.6744,-339.6235
350.0,110.0,1157.8079,-337.7718
350.0,120.0,1159.0267,-335.7747
350.0,130.0,1160.3303,-333.6336
350.0,140.0,1161.7185,-331.3497
350.0,150.0,1163.1911,-328.9245
350.0,160.0,1164.7476,-326.3596
350.0,170.0,1166.3879,-323.6566
350.0,180.0,1168.1114,-320.817
350.0,190.0,1169.9179,-317.8427
350.0,200.0,1171.8069,-314.7354
350.0,210.0,1173.7781,-311.4968
350.0,220.0,1175.831,-308.1289
350.0,230.0,1177.9652,-304.6334
350.0,240.0,1180.1803,-301.0123
350.0,250.0,1182.4759,-297.2676
350.0,260.0,1184.8514,-293.4012
350.0,270.0,1187.3064,-289.4151
350.0,280.0,1189.8403,-285.3113
350.0,290.0,1192.4527,-281.0918
350.0,300.0,1195.1431,-276.7586
350.0,310.0,1197.911,-272.3139
350.0,320.0,1200.7557,-267.7595
350.0,330.0,1203.6768,-263.0976
350.0,340.0,1206.6737,-258.3301
350.0,350.0,1209.7458,-253.4591
350.0,360.0,1212.8926,-248.4866
350.0,370.0,1216.1135,-243.4146
350.0,380.0,1219.4079,-238.2452
350.0,390.0,1222.7752,-232.9801
350.0,400.0,1226.2148,-227.6215
350.0,410.0,1229.7261,-222.1712
350.0,420.0,1233.3085,-216.6312
350.0,430.0,1236.9614,-211.0034
350.0,440.0,1240.6841,-205.2895
350.0,450.0,1244.4761,-199.4915
350.0,460.0,1248.3366,-193.6112
350.0,470.0,1252.2651,-187.6504
350.0,480.0,1256.2609,-181.6108
350.0,490.0,1260.3234,-175.4941
350.0,500.0,1264.4519,-169.3021
350.0,510.0,1268.6458,-163.0364
350.0,520.0,1272.9044,-156.6987
350.0,530.0,1277.2272,-150.2905
350.0,540.0,1281.6134,-143.8136
350.0,550.0,1286.0624,-137.2693
350.0,560.0,1290.5735,-130.6593
350.0,570.0,1295.1461,-123.985
350.0,580.0,1299.7796,-117.2478
350.0,590.0,1304.4733,-110.4493
350.0,600.0,1309.2266,-103.5908
350.0,610.0,1314.0387,-96.6736
350.0,620.0,1318.9092,-89.6992
350.0,630.0,1323.8372,-82.6687
350.0,640.0,1328.8222,-75.5836
350.0,650.0,1333.8636,-68.445
350.0,660.0,1338.9607,-61.2541
350.0,670.0,1344.1128,-54.0122
350.0,680.0,1349.3194,-46.7205
350.0,690.0,1354.5798,-39.3799
350.0,700.0,1359.8934,-31.9917
350.0,710.0,1365.2595,-24.557
350.0,720.0,1370.6776,-17.0768
350.0,730.0,1376.147,-9.5521
350.0,740.0,1381.6672,-1.9839
350.0,750.0,1387.2375,5.6268
350.0,760.0,1392.8573,13.279
350.0,770.0,1398.526,20.9718
350.0,780.0,1404.2431,28.7042
350.0,790.0,1410.0078,36.4755
350.0,800.0,1415.8198,44.2847
350.0,810.0,1421.6783,52.1309
350.0,820.0,1427.5829,60.0135
350.0,830.0,1433.5328,67.9315
350.0,840.0,1439.5277,75.8841
350.0,850.0,1445.5669,83.8707
350.0,860.0,1451.6498,91.8904
350.0,870.0,1457.7759,99.9426
350.0,880.0,1463.9448,108.0266
350.0,890.0,1470.1557,116.1415
350.0,900.0,1476.4083,124.2869
350.0,910.0,1482.7019,132.4619
350.0,920.0,1489.0361,140.6661
350.0,930.0,1495.4104,148.8986
350.0,940.0,1501.8241,157.1591
350.0,950.0,1508.2769,165.4468
350.0,960.0,1514.7682,173.7611
350.0,970.0,1521.2976,182.1016
350.0,980.0,1527.8645,190.4677
350.0,990.0,1534.4685,198.8588
350.0,1000.0,1541.1091,207.2744
360.0,-1000.0,1533.6628,201.9212
360.0,-990.0,1526.9899,193.4678
360.0,-980.0,1520.3534,185.0386
360.0,-970.0,1513.7539,176.6339
360.0,-960.0,1507.1919,168.2544
360.0,-950.0,1500.6678,159.9005
360.0,-940.0,1494.1821,151.5729
360.0,-930.0,1487.7354,143.2721
360.0,-920.0,1481.3282,134.9987
360.0,-910.0,1474.9609,126.7533
360.0,-900.0,1468.6341,118.5365
360.0,-890.0,1462.3483,110.349
360.0,-880.0,1456.104,102.1914
360.0,-870.0,1449.9018,94.0644
360.0,-860.0,1443.7423,85.9686
360.0,-850.0,1437.6259,77.9048
360.0,-840.0,1431.5532,69.8737
360.0,-830.0,1425.5248,61.876
360.0,-820.0,1419.5413,53.9125
360.0,-810.0,1413.6031,45.984
360.0,-800.0,1407.711,38.0913
360.0,-790.0,1401.8654,30.2351
360.0,-780.0,1396.067,22.4165
360.0,-770.0,1390.3163,14.6361
360.0,-760.0,1384.614,6.8949
360.0,-750.0,1378.9606,-0.8062
360.0,-740.0,1373.3568,-8.4662
360.0,-730.0,1367.8031,-16.0843
360.0,-720.0,1362.3001,-23.6593
360.0,-710.0,1356.8486,-31.1904
360.0,-700.0,1351.4491,-38.6764
360.0,-690.0,1346.1021,-46.1164
360.0,-680.0,1340.8085,-53.5091
360.0,-670.0,1335.5687,-60.8536
360.0,-660.0,1330.3835,-68.1487
360.0,-650.0,1325.2534,-75.3932
360.0,-640.0,1320.1792,-82.5858
360.0,-630.0,1315.1614,-89.7255
360.0,-620.0,1310.2007,-96.8108
360.0,-610.0,1305.2978,-103.8406
360.0,-600.0,1300.4533,-110.8135
360.0,-590.0,1295.6679,-117.7282
360.0,-580.0,1290.9422,-124.5833
360.0,-570.0,1286.2768,-131.3773
360.0,-560.0,1281.6726,-138.1088
360.0,-550.0,1277.13,-144.7765
360.0,-540.0,1272.6498,-151.3786
360.0,-530.0,1268.2326,-157.9138
360.0,-520.0,1263.879,-164.3804
360.0,-510.0,1259.5899,-170.7768
360.0,-500.0,1255.3657,-177.1014
360.0,-490.0,1251.2072,-183.3526
360.0,-480.0,1247.1151,-189.5286
360.0,-470.0,1243.0899,-195.6276
360.0,-460.0,1239.1323,-201.648
360.0,-450.0,1235.243,-207.588
360.0,-440.0,1231.4226,-213.4456
360.0,-430.0,1227.6718,-219.2192
360.0,-420.0,1223.9912,-224.9067
360.0,-410.0,1220.3815,-230.5062
360.0,-400.0,1216.8432,-236.016
360.0,-390.0,1213.377,-241.4339
360.0,-380.0,1209.9836,-246.758
360.0,-370.0,1206.6634,-251.9863
360.0,-360.0,1203.4173,-257.1168
360.0,-350.0,1200.2456,-262.1475
360.0,-340.0,1197.1491,-267.0762
360.0,-330.0,1194.1283,-271.9009
360.0,-320.0,1191.1838,-276.6196
360.0,-310.0,1188.3161,-281.2301
360.0,-300.0,1185.5259,-285.7304
360.0,-290.0,1182.8136,-290.1183
360.0,-280.0,1180.1799,-294.3917
360.0,-270.0,1177.6251,-298.5487
360.0,-260.0,1175.1499,-302.587
360.0,-250.0,1172.7548,-306.5046
360.0,-240.0,1170.4402,-310.2995
360.0,-230.0,1168.2066,-313.9696
360.0,-220.0,1166.0545,-317.5128
360.0,-210.0,1163.9843,-320.9273
360.0,-200.0,1161.9965,-324.2111
360.0,-190.0,1160.0915,-327.3622
360.0,-180.0,1158.2697,-330.3788
360.0,-170.0,1156.5315,-333.2591
360.0,-160.0,1154.8773,-336.0012
360.0,-150.0,1153.3074,-338.6035
360.0,-140.0,1151.8223,-341.0642
360.0,-130.0,1150.4221,-343.3819
360.0,-120.0,1149.1072,-345.555
360.0,-110.0,1147.8779,-347.582
360.0,-100.0,1146.7346,-349.4617
360.0,-90.0,1145.6774,-351.1926
360.0,-80.0,1144.7065,-352.7736
360.0,-70.0,1143.8223,-354.2036
360.0,-60.0,1143.0249,-355.4816
360.0,-50.0,1142.3145,-356.6067
360.0,-40.0,1141.6912,-357.5781
360.0,-30.0,1141.1552,-358.3951
360.0,-20.0,1140.7066,-359.0571
360.0,-10.0,1140.3456,-359.5637
360.0,0.0,1140.0721,-359.9143
360.0,10.0,1140.3456,-359.5637
360.0,20.0,1140.7066,-359.0571
360.0,30.0,1141.1552,-358.3951
360.0,40.0,1141.6912,-357.5781
360.0,50.0,1142.3145,-356.6067
360.0,60.0,1143.0249,-355.4816
360.0,70.0,1143.8223,-354.2036
360.0,80.0,1144.7065,-352.7736
360.0,90.0,1145.6774,-351.1926
360.0,100.0,1146.7346,-349.4617
360.0,110.0,1147.8779,-347.582
360.0,120.0,1149.1072,-345.555
360.0,130.0,1150.4221,-343.3819
360.0,140.0,1151.8223,-341.0642
360.0,150.0,1153.3074,-338.6035
360.0,160.0,1154.8773,-336.0012
360.0,170.0,1156.5315,-333.2591
360.0,180.0,1158.2697,-330.3788
360.0,190.0,1160.0915,-327.3622
360.0,200.0,1161.9965,-324.2111
360.0,210.0,1163.9843,-320.9273
360.0,220.0,1166.0545,-317.5128
360.0,230.0,1168.2066,-313.9696
360.0,240.0,1170.4402,-310.2995
360.0,250.0,1172.7548,-306.5046
360.0,260.0,1175.1499,-302.587
360.0,270.0,1177.6251,-298.5487
360.0,280.0,1180.1799,-294.3917
360.0,290.0,1182.8136,-290.1183
360.0,300.0,1185.5259,-285.7304
360.0,310.0,1188.3161,-281.2301
360.0,320.0,1191.1838,-276.6196
360.0,330.0,1194.1283,-271.9009
360.0,340.0,1197.1491,-267.0762
360.0,350.0,1200.2456,-262.1475
360.0,360.0,1203.4173,-257.1168
360.0,370.0,1206.6634,-251.9863
360.0,380.0,1209.9836,-246.758
360.0,390.0,1213.377,-241.4339
360.0,400.0,1216.8432,-236.016
360.0,410.0,1220.3815,-230.5062
360.0,420.0,1223.9912,-224.9067
360.0,430.0,1227.6718,-219.2192
360.0,440.0,1231.4226,-213.4456
360.0,450.0,1235.243,-207.588
360.0,460.0,1239.1323,-201.648
360.0,470.0,1243.0899,-195.6276
360.0,480.0,1247.1151,-189.5286
360.0,490.0,1251.2072,-183.3526
360.0,500.0,1255.3657,-177.1014
360.0,510.0,1259.5899,-170.7768
360.0,520.0,1263.879,-164.3804
360.0,530.0,1268.2326,-157.9138
360.0,540.0,1272.6498,-151.3786
360.0,550.0,1277.13,-144.7765
360.0,560.0,1281.6726,-138.1088
360.0,570.0,1286.2768,-131.3773
360.0,580.0,1290.9422,-124.5833
360.0,590.0,1295.6679,-117.7282
360.0,600.0,1300.4533,-110.8135
360.0,610.0,1305.2978,-103.8406
360.0,620.0,1310.2007,-96.8108
360.0,630.0,1315.1614,-89.7255
360.0,640.0,1320.1792,-82.5858
360.0,650.0,1325.2534,-75.3932
360.0,660.0,1330.3835,-68.1487
360.0,670.0,1335.5687,-60.8536
360.0,680.0,1340.8085,-53.5091
360.0,690.0,1346.1021,-46.1164
360.0,700.0,1351.4491,-38.6764
360.0,710.0,1356.8486,-31.1904
360.0,720.0,1362.3001,-23.6593
360.0,730.0,1367.8031,-16.0843
360.0,740.0,1373.3568,-8.4662
360.0,750.0,1378.9606,-0.8062
360.0,760.0,1384.614,6.8949
360.0,770.0,1390.3163,14.6361
360.0,780.0,1396.067,22.4165
360.0,790.0,1401.8654,30.2351
360.0,800.0,1407.711,38.0913
360.0,810.0,1413.6031,45.984
360.0,820.0,1419.5413,53.9125
360.0,830.0,1425.5248,61.876
360.0,840.0,1431.5532,69.8737
360.0,850.0,1437.6259,77.9048
360.0,860.0,1443.7423,85.9686
360.0,870.0,1449.9018,94.0644
360.0,880.0,1456.104,102.1914
360.0,890.0,1462.3483,110.349
360.0,900.0,1468.6341,118.5365
360.0,910.0,1474.9609,126.7533
360.0,920.0,1481.3282,134.9987
360.0,930.0,1487.7354,143.2721
360.0,940.0,1494.1821,151.5729
360.0,950.0,1500.6678,159.9005
360.0,960.0,1507.1919,168.2544
360.0,970.0,1513.7539,176.6339
360.0,980.0,1520.3534,185.0386
360.0,990.0,1526.9899,193.4678
360.0,1000.0,1533.6628,201.9212
370.0,-1000.0,1526.2458,196.6276
370.0,-990.0,1519.5403,188.1366
370.0,-980.0,1512.8712,179.6692
370.0,-970.0,1506.2389,171.226
370.0,-960.0,1499.644,162.8075
370.0,-950.0,1493.0869,154.4143
370.0,-940.0,1486.5681,146.0468
370.0,-930.0,1480.0883,137.7057
370.0,-920.0,1473.6478,129.3915
370.0,-910.0,1467.2471,121.1049
370.0,-900.0,1460.8869,112.8464
370.0,-890.0,1454.5676,104.6167
370.0,-880.0,1448.2898,96.4164
370.0,-870.0,1442.054,88.2462
370.0,-860.0,1435.8608,80.1069
370.0,-850.0,1429.7107,71.999
370.0,-840.0,1423.6043,63.9233
370.0,-830.0,1417.5421,55.8805
370.0,-820.0,1411.5247,47.8715
370.0,-810.0,1405.5527,39.8969
370.0,-800.0,1399.6267,31.9576
370.0,-790.0,1393.7472,24.0544
370.0,-780.0,1387.9149,16.1882
370.0,-770.0,1382.1303,8.3598
370.0,-760.0,1376.394,0.57
370.0,-750.0,1370.7067,-7.1801
370.0,-740.0,1365.069,-14.8897
370.0,-730.0,1359.4815,-22.5578
370.0,-720.0,1353.9447,-30.1834
370.0,-710.0,1348.4594,-37.7656
370.0,-700.0,1343.0261,-45.3032
370.0,-690.0,1337.6455,-52.7952
370.0,-680.0,1332.3183,-60.2405
370.0,-670.0,1327.045,-67.638
370.0,-660.0,1321.8263,-74.9866
370.0,-650.0,1316.6629,-82.285
370.0,-640.0,1311.5554,-89.5321
370.0,-630.0,1306.5045,-96.7267
370.0,-620.0,1301.5109,-103.8674
370.0,-610.0,1296.5751,-110.953
370.0,-600.0,1291.6979,-117.9821
370.0,-590.0,1286.8799,-124.9534
370.0,-580.0,1282.1218,-131.8655
370.0,-570.0,1277.4242,-138.717
370.0,-560.0,1272.7879,-145.5063
370.0,-550.0,1268.2135,-152.2321
370.0,-540.0,1263.7017,-158.8928
370.0,-530.0,1259.2531,-165.4868
370.0,-520.0,1254.8684,-172.0126
370.0,-510.0,1250.5484,-178.4684
370.0,-500.0,1246.2936,-184.8527
370.0,-490.0,1242.1047,-191.1638
370.0,-480.0,1237.9824,-197.3998
370.0,-470.0,1233.9274,-203.5592
370.0,-460.0,1229.9404,-209.64
370.0,-450.0,1226.0219,-215.6405
370.0,-440.0,1222.1728,-221.5587
370.0,-430.0,1218.3935,-227.3929
370.0,-420.0,1214.6848,-233.141
370.0,-410.0,1211.0473,-238.8012
370.0,-400.0,1207.4817,-244.3714
370.0,-390.0,1203.9885,-249.8496
370.0,-380.0,1200.5685,-255.2339
370.0,-370.0,1197.2223,-260.5222
370.0,-360.0,1193.9504,-265.7123
370.0,-350.0,1190.7536,-270.8022
370.0,-340.0,1187.6323,-275.7898
370.0,-330.0,1184.5872,-280.673
370.0,-320.0,1181.619,-285.4496
370.0,-310.0,1178.728,-290.1175
370.0,-300.0,1175.9151,-294.6744
370.0,-290.0,1173.1806,-299.1183
370.0,-280.0,1170.5251,-303.447
370.0,-270.0,1167.9493,-307.6583
370.0,-260.0,1165.4535,-311.7501
370.0,-250.0,1163.0384,-315.7202
370.0,-240.0,1160.7044,-319.5664
370.0,-230.0,1158.4521,-323.2868
370.0,-220.0,1156.2818,-326.8791
370.0,-210.0,1154.1941,-330.3413
370.0,-200.0,1152.1894,-333.6715
370.0,-190.0,1150.2682,-336.8676
370.0,-180.0,1148.4308,-339.9276
370.0,-170.0,1146.6777,-342.8497
370.0,-160.0,1145.0093,-345.632
370.0,-150.0,1143.4258,-348.2727
370.0,-140.0,1141.9278,-350.7702
370.0,-130.0,1140.5155,-353.1226
370.0,-120.0,1139.1892,-355.3285
370.0,-110.0,1137.9492,-357.3864
370.0,-100.0,1136.7958,-359.2948
370.0,-90.0,1135.7294,-361.0523
370.0,-80.0,1134.75,-362.6578
370.0,-70.0,1133.858,-364.11
370.0,-60.0,1133.0536,-365.408
370.0,-50.0,1132.3369,-366.5508
370.0,-40.0,1131.7082,-367.5374
370.0,-30.0,1131.1674,-368.3673
370.0,-20.0,1130.7149,-369.0398
370.0,-10.0,1130.3507,-369.5543
370.0,0.0,1130.0748,-369.9106
370.0,10.0,1130.3507,-369.5543
370.0,20.0,1130.7149,-369.0398
370.0,30.0,1131.1674,-368.3673
370.0,40.0,1131.7082,-367.5374
370.0,50.0,1132.3369,-366.5508
370.0,60.0,1133.0536,-365.408
370.0,70.0,1133.858,-364.11
370.0,80.0,1134.75,-362.6578
370.0,90.0,1135.7294,-361.0523
370.0,100.0,1136.7958,-359.2948
370.0,110.0,1137.9492,-357.3864
370.0,120.0,1139.1892,-355.3285
370.0,130.0,1140.5155,-353.1226
370.0,140.0,1141.9278,-350.7702
370.0,150.0,1143.4258,-348.2727
370.0,160.0,1145.0093,-345.632
370.0,170.0,1146.6777,-342.8497
370.0,180.0,1148.4308,-339.9276
370.0,190.0,1150.2682,-336.8676
370.0,200.0,1152.1894,-333.6715
370.0,210.0,1154.1941,-330.3413
370.0,220.0,1156.2818,-326.8791
370.0,230.0,1158.4521,-323.2868
370.0,240.0,1160.7044,-319.5664
370.0,250.0,1163.0384,-315.7202
370.0,260.0,1165.4535,-311.7501
370.0,270.0,1167.9493,-307.6583
370.0,280.0,1170.5251,-303.447
370.0,290.0,1173.1806,-299.1183
370.0,300.0,1175.9151,-294.6744
370.0,310.0,1178.728,-290.1175
370.0,320.0,1181.619,-285.4496
370.0,330.0,1184.5872,-280.673
370.0,340.0,1187.6323,-275.7898
370.0,350.0,1190.7536,-270.8022
370.0,360.0,1193.9504,-265.7123
370.0,370.0,1197.2223,-260.5222
370.0,380.0,1200.5685,-255.2339
370.0,390.0,1203.9885,-249.8496
370.0,400.0,1207.4817,-244.3714
370.0,410.0,1211.0473,-238.8012
370.0,420.0,1214.6848,-233.141
370.0,430.0,1218.3935,-227.3929
370.0,440.0,1222.1728,-221.5587
370.0,450.0,1226.0219,-215.6405
370.0,460.0,1229.9404,-209.64
370.0,470.0,1233.9274,-203.5592
370.0,480.0,1237.9824,-197.3998
370.0,490.0,1242.1047,-191.1638
370.0,500.0,1246.2936,-184.8527
370.0,510.0,1250.5484,-178.4684
370.0,520.0,1254.8684,-172.0126
370.0,530.0,1259.2531,-165.4868
370.0,540.0,1263.7017,-158.8928
370.0,550.0,1268.2135,-152.2321
370.0,560.0,1272.7879,-145.5063
370.0,570.0,1277.4242,-138.717
370.0,580.0,1282.1218,-131.8655
370.0,590.0,1286.8799,-124.9534
370.0,600.0,1291.6979,-117.9821
370.0,610.0,1296.5751,-110.953
370.0,620.0,1301.5109,-103.8674
370.0,630.0,1306.5045,-96.7267
370.0,640.0,1311.5554,-89.5321
370.0,650.0,1316.6629,-82.285
370.0,660.0,1321.8263,-74.9866
370.0,670.0,1327.045,-67.638
370.0,680.0,1332.3183,-60.2405
370.0,690.0,1337.6455,-52.7952
370.0,700.0,1343.0261,-45.3032
370.0,710.0,1348.4594,-37.7656
370.0,720.0,1353.9447,-30.1834
370.0,730.0,1359.4815,-22.5578
370.0,740.0,1365.069,-14.8897
370.0,750.0,1370.7067,-7.1801
370.0,760.0,1376.394,0.57
370.0,770.0,1382.1303,8.3598
370.0,780.0,1387.9149,16.1882
370.0,790.0,1393.7472,24.0544
370.0,800.0,1399.6267,31.9576
370.0,810.0,1405.5527,39.8969
370.0,820.0,1411.5247,47.8715
370.0,830.0,1417.5421,55.8805
370.0,840.0,1423.6043,63.9233
370.0,850.0,1429.7107,71.999
370.0,860.0,1435.8608,80.1069
370.0,870.0,1442.054,88.2462
370.0,880.0,1448.2898,96.4164
370.0,890.0,1454.5676,104.6167
370.0,900.0,1460.8869,112.8464
370.0,910.0,1467.2471,121.1049
370.0,920.0,1473.6478,129.3915
370.0,930.0,1480.0883,137.7057
370.0,940.0,1486.5681,146.0468
370.0,950.0,1493.0869,154.4143
370.0,960.0,1499.644,162.8075
370.0,970.0,1506.2389,171.226
370.0,980.0,1512.8712,179.6692
370.0,990.0,1519.5403,188.1366
370.0,1000.0,1526.2458,196.6276
380.0,-1000.0,1518.8584,191.3944
380.0,-990.0,1512.1201,182.8658
380.0,-980.0,1505.4181,174.3605
380.0,-970.0,1498.7529,165.8788
380.0,-960.0,1492.1248,157.4214
380.0,-950.0,1485.5346,148.9888
380.0,-940.0,1478.9826,140.5816
380.0,-930.0,1472.4693,132.2002
380.0,-920.0,1465.9953,123.8453
380.0,-910.0,1459.5611,115.5174
380.0,-900.0,1453.1673,107.2173
380.0,-890.0,1446.8143,98.9454
380.0,-880.0,1440.5027,90.7025
380.0,-870.0,1434.233,82.4892
380.0,-860.0,1428.0059,74.3062
380.0,-850.0,1421.8218,66.1542
380.0,-840.0,1415.6814,58.0339
380.0,-830.0,1409.5851,49.9461
380.0,-820.0,1403.5336,41.8914
380.0,-810.0,1397.5275,33.8707
380.0,-800.0,1391.5672,25.8848
380.0,-790.0,1385.6536,17.9345
380.0,-780.0,1379.787,10.0205
380.0,-770.0,1373.9682,2.1439
380.0,-760.0,1368.1978,-5.6945
380.0,-750.0,1362.4763,-13.4939
380.0,-740.0,1356.8043,-21.2532
380.0,-730.0,1351.1826,-28.9715
380.0,-720.0,1345.6117,-36.6479
380.0,-710.0,1340.0923,-44.2813
380.0,-700.0,1334.6249,-51.8707
380.0,-690.0,1329.2103,-59.415
380.0,-680.0,1323.8491,-66.9132
380.0,-670.0,1318.542,-74.364
380.0,-660.0,1313.2895,-81.7664
380.0,-650.0,1308.0924,-89.1192
380.0,-640.0,1302.9514,-96.4211
380.0,-630.0,1297.867,-103.6709
380.0,-620.0,1292.8399,-110.8674
380.0,-610.0,1287.8709,-118.0092
380.0,-600.0,1282.9606,-125.0951
380.0,-590.0,1278.1097,-132.1235
380.0,-580.0,1273.3188,-139.0932
380.0,-570.0,1268.5887,-146.0026
380.0,-560.0,1263.92,-152.8504
380.0,-550.0,1259.3133,-159.635
380.0,-540.0,1254.7695,-166.3548
380.0,-530.0,1250.2891,-173.0083
380.0,-520.0,1245.8729,-179.5938
380.0,-510.0,1241.5216,-186.1098
380.0,-500.0,1237.2357,-192.5545
380.0,-490.0,1233.0161,-198.9263
380.0,-480.0,1228.8633,-205.2233
380.0,-470.0,1224.7782,-211.4437
380.0,-460.0,1220.7612,-217.5858
380.0,-450.0,1216.8132,-223.6477
380.0,-440.0,1212.9348,-229.6274
380.0,-430.0,1209.1266,-235.5232
380.0,-420.0,1205.3894,-241.3329
380.0,-410.0,1201.7238,-247.0546
380.0,-400.0,1198.1304,-252.6864
380.0,-390.0,1194.61,-258.226
380.0,-380.0,1191.163,-263.6716
380.0,-370.0,1187.7903,-269.0208
380.0,-360.0,1184.4924,-274.2718
380.0,-350.0,1181.2699,-279.4222
380.0,-340.0,1178.1235,-284.4699
380.0,-330.0,1175.0538,-289.4127
380.0,-320.0,1172.0614,-294.2484
380.0,-310.0,1169.1469,-298.9749
380.0,-300.0,1166.3108,-303.5898
380.0,-290.0,1163.5537,-308.0909
380.0,-280.0,1160.8762,-312.4761
380.0,-270.0,1158.2789,-316.7431
380.0,-260.0,1155.7623,-320.8896
380.0,-250.0,1153.3269,-324.9134
380.0,-240.0,1150.9732,-328.8123
380.0,-230.0,1148.7018,-332.5842
380.0,-220.0,1146.5131,-336.2268
380.0,-210.0,1144.4076,-339.7381
380.0,-200.0,1142.3857,-343.1159
380.0,-190.0,1140.4479,-346.3582
380.0,-180.0,1138.5947,-349.4628
380.0,-170.0,1136.8264,-352.4279
380.0,-160.0,1135.1435,-355.2516
380.0,-150.0,1133.5463,-357.9319
380.0,-140.0,1132.0352,-360.467
380.0,-130.0,1130.6105,-362.8553
380.0,-120.0,1129.2726,-365.095
380.0,-110.0,1128.0217,-367.1846
380.0,-100.0,1126.8582,-369.1226
380.0,-90.0,1125.7823,-370.9076
380.0,-80.0,1124.7943,-372.5383
380.0,-70.0,1123.8944,-374.0135
380.0,-60.0,1123.0828,-375.3321
380.0,-50.0,1122.3598,-376.493
380.0,-40.0,1121.7254,-377.4954
380.0,-30.0,1121.1799,-378.3386
380.0,-20.0,1120.7233,-379.0219
380.0,-10.0,1120.3558,-379.5447
380.0,0.0,1120.0775,-379.9067
380.0,10.0,1120.3558,-379.5447
380.0,20.0,1120.7233,-379.0219
380.0,30.0,1121.1799,-378.3386
380.0,40.0,1121.7254,-377.4954
380.0,50.0,1122.3598,-376.493
380.0,60.0,1123.0828,-375.3321
380.0,70.0,1123.8944,-374.0135
380.0,80.0,1124.7943,-372.5383
380.0,90.0,1125.7823,-370.9076
380.0,100.0,1126.8582,-369.1226
380.0,110.0,1128.0217,-367.1846
380.0,120.0,1129.2726,-365.095
380.0,130.0,1130.6105,-362.8553
380.0,140.0,1132.0352,-360.467
380.0,150.0,1133.5463,-357.9319
380.0,160.0,1135.1435,-355.2516
380.0,170.0,1136.8264,-352.4279
380.0,180.0,1138.5947,-349.4628
380.0,190.0,1140.4479,-346.3582
380.0,200.0,1142.3857,-343.1159
380.0,210.0,1144.4076,-339.7381
380.0,220.0,1146.5131,-336.2268
380.0,230.0,1148.7018,-332.5842
380.0,240.0,1150.9732,-328.8123
380.0,250.0,1153.3269,-324.9134
380.0,260.0,1155.7623,-320.8896
380.0,270.0,1158.2789,-316.7431
380.0,280.0,1160.8762,-312.4761
380.0,290.0,1163.5537,-308.0909
380.0,300.0,1166.3108,-303.5898
380.0,310.0,1169.1469,-298.9749
380.0,320.0,1172.0614,-294.2484
380.0,330.0,1175.0538,-289.4127
380.0,340.0,1178.1235,-284.4699
380.0,350.0,1181.2699,-279.4222
380.0,360.0,1184.4924,-274.2718
380.0,370.0,1187.7903,-269.0208
380.0,380.0,1191.163,-263.6716
380.0,390.0,1194.61,-258.226
380.0,400.0,1198.1304,-252.6864
380.0,410.0,1201.7238,-247.0546
380.0,420.0,1205.3894,-241.3329
380.0,430.0,1209.1266,-235.5232
380.0,440.0,1212.9348,-229.6274
380.0,450.0,1216.8132,-223.6477
380.0,460.0,1220.7612,-217.5858
380.0,470.0,1224.7782,-211.4437
380.0,480.0,1228.8633,-205.2233
380.0,490.0,1233.0161,-198.9263
380.0,500.0,1237.2357,-192.5545
380.0,510.0,1241.5216,-186.1098
380.0,520.0,1245.8729,-179.5938
380.0,530.0,1250.2891,-173.0083
380.0,540.0,1254.7695,-166.3548
380.0,550.0,1259.3133,-159.635
380.0,560.0,1263.92,-152.8504
380.0,570.0,1268.5887,-146.0026
380.0,580.0,1273.3188,-139.0932
380.0,590.0,1278.1097,-132.1235
380.0,600.0,1282.9606,-125.0951
380.0,610.0,1287.8709,-118.0092
380.0,620.0,1292.8399,-110.8674
380.0,630.0,1297.867,-103.6709
380.0,640.0,1302.9514,-96.4211
380.0,650.0,1308.0924,-89.1192
380.0,660.0,1313.2895,-81.7664
380.0,670.0,1318.542,-74.364
380.0,680.0,1323.8491,-66.9132
380.0,690.0,1329.2103,-59.415
380.0,700.0,1334.6249,-51.8707
380.0,710.0,1340.0923,-44.2813
380.0,720.0,1345.6117,-36.6479
380.0,730.0,1351.1826,-28.9715
380.0,740.0,1356.8043,-21.2532
380.0,750.0,1362.4763,-13.4939
380.0,760.0,1368.1978,-5.6945
380.0,770.0,1373.9682,2.1439
380.0,780.0,1379.787,10.0205
380.0,790.0,1385.6536,17.9345
380.0,800.0,1391.5672,25.8848
380.0,810.0,1397.5275,33.8707
380.0,820.0,1403.5336,41.8914
380.0,830.0,1409.5851,49.9461
380.0,840.0,1415.6814,58.0339
380.0,850.0,1421.8218,66.1542
380.0,860.0,1428.0059,74.3062
380.0,870.0,1434.233,82.4892
380.0,880.0,1440.5027,90.7025
380.0,890.0,1446.8143,98.9454
380.0,900.0,1453.1673,107.2173
380.0,910.0,1459.5611,115.5174
380.0,920.0,1465.9953,123.8453
380.0,930.0,1472.4693,132.2002
380.0,940.0,1478.9826,140.5816
380.0,950.0,1485.5346,148.9888
380.0,960.0,1492.1248,157.4214
380.0,970.0,1498.7529,165.8788
380.0,980.0,1505.4181,174.3605
380.0,990.0,1512.1201,182.8658
380.0,1000.0,1518.8584,191.3944
390.0,-1000.0,1511.501,186.2224
390.0,-990.0,1504.7298,177.6564
390.0,-980.0,1497.9948,169.1131
390.0,-970.0,1491.2963,160.5932
390.0,-960.0,1484.635,152.097
390.0,-950.0,1478.0114,143.6251
390.0,-940.0,1471.4258,135.1781
390.0,-930.0,1464.879,126.7565
390.0,-920.0,1458.3713,118.361
390.0,-910.0,1451.9033,109.992
390.0,-900.0,1445.4756,101.6502
390.0,-890.0,1439.0886,93.3362
390.0,-880.0,1432.743,85.0507
390.0,-870.0,1426.4393,76.7943
390.0,-860.0,1420.1779,68.5677
390.0,-850.0,1413.9596,60.3716
390.0,-840.0,1407.7849,52.2067
390.0,-830.0,1401.6543,44.0737
390.0,-820.0,1395.5684,35.9733
390.0,-810.0,1389.5278,27.9065
390.0,-800.0,1383.5331,19.8738
390.0,-790.0,1377.585,11.8763
390.0,-780.0,1371.6839,3.9146
390.0,-770.0,1365.8306,-4.0103
390.0,-760.0,1360.0256,-11.8975
390.0,-750.0,1354.2696,-19.7463
390.0,-740.0,1348.5631,-27.5555
390.0,-730.0,1342.9069,-35.3242
390.0,-720.0,1337.3015,-43.0516
390.0,-710.0,1331.7477,-50.7365
390.0,-700.0,1326.2459,-58.3779
390.0,-690.0,1320.797,-65.9748
390.0,-680.0,1315.4015,-73.526
390.0,-670.0,1310.0601,-81.0305
390.0,-660.0,1304.7735,-88.487
390.0,-650.0,1299.5424,-95.8944
390.0,-640.0,1294.3673,-103.2515
390.0,-630.0,1289.2491,-110.557
390.0,-620.0,1284.1883,-117.8097
390.0,-610.0,1279.1857,-125.0082
390.0,-600.0,1274.2419,-132.1511
390.0,-590.0,1269.3577,-139.2372
390.0,-580.0,1264.5337,-146.2649
390.0,-570.0,1259.7705,-153.2329
390.0,-560.0,1255.069,-160.1396
390.0,-550.0,1250.4298,-166.9835
390.0,-540.0,1245.8536,-173.7631
390.0,-530.0,1241.341,-180.4768
390.0,-520.0,1236.8929,-187.1228
390.0,-510.0,1232.5098,-193.6997
390.0,-500.0,1228.1925,-200.2055
390.0,-490.0,1223.9417,-206.6387
390.0,-480.0,1219.758,-212.9974
390.0,-470.0,1215.6423,-219.2798
390.0,-460.0,1211.595,-225.484
390.0,-450.0,1207.6171,-231.6082
390.0,-440.0,1203.709,-237.6504
390.0,-430.0,1199.8716,-243.6087
390.0,-420.0,1196.1054,-249.481
390.0,-410.0,1192.4113,-255.2653
390.0,-400.0,1188.7898,-260.9596
390.0,-390.0,1185.2415,-266.5617
390.0,-380.0,1181.7673,-272.0696
390.0,-370.0,1178.3677,-277.4811
390.0,-360.0,1175.0433,-282.7939
390.0,-350.0,1171.7949,-288.006
390.0,-340.0,1168.623,-293.115
390.0,-330.0,1165.5282,-298.1187
390.0,-320.0,1162.5113,-303.0148
390.0,-310.0,1159.5727,-307.8011
390.0,-300.0,1156.7132,-312.4753
390.0,-290.0,1153.9332,-317.035
390.0,-280.0,1151.2333,-321.478
390.0,-270.0,1148.6142,-325.8019
390.0,-260.0,1146.0764,-330.0044
390.0,-250.0,1143.6203,-334.0833
390.0,-240.0,1141.2467,-338.0363
390.0,-230.0,1138.9558,-341.861
390.0,-220.0,1136.7483,-345.5553
390.0,-210.0,1134.6247,-349.1169
390.0,-200.0,1132.5854,-352.5436
390.0,-190.0,1130.6308,-355.8333
390.0,-180.0,1128.7615,-358.9839
390.0,-170.0,1126.9778,-361.9932
390.0,-160.0,1125.2801,-364.8594
390.0,-150.0,1123.6689,-367.5804
390.0,-140.0,1122.1445,-370.1544
390.0,-130.0,1120.7072,-372.5795
390.0,-120.0,1119.3574,-374.8541
390.0,-110.0,1118.0955,-376.9765
390.0,-100.0,1116.9216,-378.945
390.0,-90.0,1115.8362,-380.7583
390.0,-80.0,1114.8393,-382.415
390.0,-70.0,1113.9314,-383.9139
390.0,-60.0,1113.1126,-385.2536
390.0,-50.0,1112.3831,-386.4333
390.0,-40.0,1111.743,-387.4521
390.0,-30.0,1111.1926,-388.3089
390.0,-20.0,1110.7319,-389.0034
390.0,-10.0,1110.3611,-389.5347
390.0,0.0,1110.0803,-389.9026
390.0,10.0,1110.3611,-389.5347
390.0,20.0,1110.7319,-389.0034
390.0,30.0,1111.1926,-388.3089
390.0,40.0,1111.743,-387.4521
390.0,50.0,1112.3831,-386.4333
390.0,60.0,1113.1126,-385.2536
390.0,70.0,1113.9314,-383.9139
390.0,80.0,1114.8393,-382.415
390.0,90.0,1115.8362,-380.7583
390.0,100.0,1116.9216,-378.945
390.0,110.0,1118.0955,-376.9765
390.0,120.0,1119.3574,-374.8541
390.0,130.0,1120.7072,-372.5795
390.0,140.0,1122.1445,-370.1544
390.0,150.0,1123.6689,-367.5804
390.0,160.0,1125.2801,-364.8594
390.0,170.0,1126.9778,-361.9932
390.0,180.0,1128.7615,-358.9839
390.0,190.0,1130.6308,-355.8333
390.0,200.0,1132.5854,-352.5436
390.0,210.0,1134.6247,-349.1169
390.0,220.0,1136.7483,-345.5553
390.0,230.0,1138.9558,-341.861
390.0,240.0,1141.2467,-338.0363
390.0,250.0,1143.6203,-334.0833
390.0,260.0,1146.0764,-330.0044
390.0,270.0,1148.6142,-325.8019
390.0,280.0,1151.2333,-321.478
390.0,290.0,1153.9332,-317.035
390.0,300.0,1156.7132,-312.4753
390.0,310.0,1159.5727,-307.8011
390.0,320.0,1162.5113,-303.0148
390.0,330.0,1165.5282,-298.1187
390.0,340.0,1168.623,-293.115
390.0,350.0,1171.7949,-288.006
390.0,360.0,1175.0433,-282.7939
390.0,370.0,1178.3677,-277.4811
390.0,380.0,1181.7673,-272.0696
390.0,390.0,1185.2415,-266.5617
390.0,400.0,1188.7898,-260.9596
390.0,410.0,1192.4113,-255.2653
390.0,420.0,1196.1054,-249.481
390.0,430.0,1199.8716,-243.6087
390.0,440.0,1203.709,-237.6504
390.0,450.0,1207.6171,-231.6082
390.0,460.0,1211.595,-225.484
390.0,470.0,1215.6423,-219.2798
390.0,480.0,1219.758,-212.9974
390.0,490.0,1223.9417,-206.6387
390.0,500.0,1228.1925,-200.2055
390.0,510.0,1232.5098,-193.6997
390.0,520.0,1236.8929,-187.1228
390.0,530.0,1241.341,-180.4768
390.0,540.0,1245.8536,-173.7631
390.0,550.0,1250.4298,-166.9835
390.0,560.0,1255.069,-160.1396
390.0,570.0,1259.7705,-153.2329
390.0,580.0,1264.5337,-146.2649
390.0,590.0,1269.3577,-139.2372
390.0,600.0,1274.2419,-132.1511
390.0,610.0,1279.1857,-125.0082
390.0,620.0,1284.1883,-117.8097
390.0,630.0,1289.2491,-110.557
390.0,640.0,1294.3673,-103.2515
390.0,650.0,1299.5424,-95.8944
390.0,660.0,1304.7735,-88.487
390.0,670.0,1310.0601,-81.0305
390.0,680.0,1315.4015,-73.526
390.0,690.0,1320.797,-65.9748
390.0,700.0,1326.2459,-58.3779
390.0,710.0,1331.7477,-50.7365
390.0,720.0,1337.3015,-43.0516
390.0,730.0,1342.9069,-35.3242
390.0,740.0,1348.5631,-27.5555
390.0,750.0,1354.2696,-19.7463
390.0,760.0,1360.0256,-11.8975
390.0,770.0,1365.8306,-4.0103
390.0,780.0,1371.6839,3.9146
390.0,790.0,1377.585,11.8763
390.0,800.0,1383.5331,19.8738
390.0,810.0,1389.5278,27.9065
390.0,820.0,1395.5684,35.9733
390.0,830.0,1401.6543,44.0737
390.0,840.0,1407.7849,52.2067
390.0,850.0,1413.9596,60.3716
390.0,860.0,1420.1779,68.5677
390.0,870.0,1426.4393,76.7943
390.0,880.0,1432.743,85.0507
390.0,890.0,1439.0886,93.3362
390.0,900.0,1445.4756,101.6502
390.0,910.0,1451.9033,109.992
390.0,920.0,1458.3713,118.361
390.0,930.0,1464.879,126.7565
390.0,940.0,1471.4258,135.1781
390.0,950.0,1478.0114,143.6251
390.0,960.0,1484.635,152.097
390.0,970.0,1491.2963,160.5932
390.0,980.0,1497.9948,169.1131
390.0,990.0,1504.7298,177.6564
390.0,1000.0,1511.501,186.2224
400.0,-1000.0,1504.1742,181.1125
400.0,-990.0,1497.3698,172.5091
400.0,-980.0,1490.6015,163.9281
400.0,-970.0,1483.8697,155.3699
400.0,-960.0,1477.1749,146.835
400.0,-950.0,1470.5176,138.324
400.0,-940.0,1463.8984,129.8373
400.0,-930.0,1457.3177,121.3756
400.0,-920.0,1450.7761,112.9395
400.0,-910.0,1444.2742,104.5294
400.0,-900.0,1437.8123,96.1461
400.0,-890.0,1431.3912,87.79
400.0,-880.0,1425.0113,79.4619
400.0,-870.0,1418.6732,71.1625
400.0,-860.0,1412.3774,62.8923
400.0,-850.0,1406.1246,54.652
400.0,-840.0,1399.9153,46.4425
400.0,-830.0,1393.7501,38.2643
400.0,-820.0,1387.6295,30.1183
400.0,-810.0,1381.5542,22.0053
400.0,-800.0,1375.5248,13.9259
400.0,-790.0,1369.5419,5.881
400.0,-780.0,1363.606,-2.1285
400.0,-770.0,1357.7179,-10.1017
400.0,-760.0,1351.878,-18.0379
400.0,-750.0,1346.0872,-25.9361
400.0,-740.0,1340.3459,-33.7954
400.0,-730.0,1334.6548,-41.6147
400.0,-720.0,1329.0147,-49.3932
400.0,-710.0,1323.426,-57.1298
400.0,-700.0,1317.8895,-64.8234
400.0,-690.0,1312.4059,-72.4731
400.0,-680.0,1306.9758,-80.0777
400.0,-670.0,1301.5998,-87.636
400.0,-660.0,1296.2787,-95.147
400.0,-650.0,1291.0132,-102.6094
400.0,-640.0,1285.8038,-110.022
400.0,-630.0,1280.6513,-117.3835
400.0,-620.0,1275.5564,-124.6927
400.0,-610.0,1270.5198,-131.9483
400.0,-600.0,1265.5422,-139.1488
400.0,-590.0,1260.6243,-146.293
400.0,-580.0,1255.7667,-153.3793
400.0,-570.0,1250.9702,-160.4063
400.0,-560.0,1246.2355,-167.3725
400.0,-550.0,1241.5632,-174.2764
400.0,-540.0,1236.9542,-181.1163
400.0,-530.0,1232.4091,-187.8908
400.0,-520.0,1227.9285,-194.598
400.0,-510.0,1223.5134,-201.2364
400.0,-500.0,1219.1642,-207.8042
400.0,-490.0,1214.8818,-214.2995
400.0,-480.0,1210.6669,-220.7207
400.0,-470.0,1206.5201,-227.0659
400.0,-460.0,1202.4421,-233.3332
400.0,-450.0,1198.4338,-239.5205
400.0,-440.0,1194.4957,-245.6261
400.0,-430.0,1190.6286,-251.6479
400.0,-420.0,1186.8331,-257.5838
400.0,-410.0,1183.11,-263.4317
400.0,-400.0,1179.4599,-269.1896
400.0,-390.0,1175.8835,-274.8554
400.0,-380.0,1172.3816,-280.4267
400.0,-370.0,1168.9546,-285.9015
400.0,-360.0,1165.6034,-291.2775
400.0,-350.0,1162.3286,-296.5524
400.0,-340.0,1159.1308,-301.7239
400.0,-330.0,1156.0107,-306.7898
400.0,-320.0,1152.9688,-311.7476
400.0,-310.0,1150.0059,-316.595
400.0,-300.0,1147.1225,-321.3298
400.0,-290.0,1144.3192,-325.9494
400.0,-280.0,1141.5966,-330.4515
400.0,-270.0,1138.9553,-334.8337
400.0,-260.0,1136.3959,-339.0937
400.0,-250.0,1133.9189,-343.2291
400.0,-240.0,1131.5249,-347.2374
400.0,-230.0,1129.2143,-351.1164
400.0,-220.0,1126.9877,-354.8637
400.0,-210.0,1124.8457,-358.4769
400.0,-200.0,1122.7886,-361.9539
400.0,-190.0,1120.817,-365.2924
400.0,-180.0,1118.9312,-368.4901
400.0,-170.0,1117.1318,-371.545
400.0,-160.0,1115.4192,-374.4549
400.0,-150.0,1113.7937,-377.2179
400.0,-140.0,1112.2557,-379.8319
400.0,-130.0,1110.8057,-382.295
400.0,-120.0,1109.4438,-384.6055
400.0,-110.0,1108.1706,-386.7616
400.0,-100.0,1106.9862,-388.7616
400.0,-90.0,1105.891,-390.6042
400.0,-80.0,1104.8852,-392.2877
400.0,-70.0,1103.9691,-393.8109
400.0,-60.0,1103.1429,-395.1726
400.0,-50.0,1102.4067,-396.3717
400.0,-40.0,1101.7609,-397.4072
400.0,-30.0,1101.2055,-398.2783
400.0,-20.0,1100.7406,-398.9842
400.0,-10.0,1100.3665,-399.5244
400.0,0.0,1100.0831,-399.8985
400.0,10.0,1100.3665,-399.5244
400.0,20.0,1100.7406,-398.9842
400.0,30.0,1101.2055,-398.2783
400.0,40.0,1101.7609,-397.4072
400.0,50.0,1102.4067,-396.3717
400.0,60.0,1103.1429,-395.1726
400.0,70.0,1103.9691,-393.8109
400.0,80.0,1104.8852,-392.2877
400.0,90.0,1105.891,-390.6042
400.0,100.0,1106.9862,-388.7616
400.0,110.0,1108.1706,-386.7616
400.0,120.0,1109.4438,-384.6055
400.0,130.0,1110.8057,-382.295
400.0,140.0,1112.2557,-379.8319
400.0,150.0,1113.7937,-377.2179
400.0,160.0,1115.4192,-374.4549
400.0,170.0,1117.1318,-371.545
400.0,180.0,1118.9312,-368.4901
400.0,190.0,1120.817,-365.2924
400.0,200.0,1122.7886,-361.9539
400.0,210.0,1124.8457,-358.4769
400.0,220.0,1126.9877,-354.8637
400.0,230.0,1129.2143,-351.1164
400.0,240.0,1131.5249,-347.2374
400.0,250.0,1133.9189,-343.2291
400.0,260.0,1136.3959,-339.0937
400.0,270.0,1138.9553,-334.8337
400.0,280.0,1141.5966,-330.4515
400.0,290.0,1144.3192,-325.9494
400.0,300.0,1147.1225,-321.3298
400.0,310.0,1150.0059,-316.595
400.0,320.0,1152.9688,-311.7476
400.0,330.0,1156.0107,-306.7898
400.0,340.0,1159.1308,-301.7239
400.0,350.0,1162.3286,-296.5524
400.0,360.0,1165.6034,-291.2775
400.0,370.0,1168.9546,-285.9015
400.0,380.0,1172.3816,-280.4267
400.0,390.0,1175.8835,-274.8554
400.0,400.0,1179.4599,-269.1896
400.0,410.0,1183.11,-263.4317
400.0,420.0,1186.8331,-257.5838
400.0,430.0,1190.6286,-251.6479
400.0,440.0,1194.4957,-245.6261
400.0,450.0,1198.4338,-239.5205
400.0,460.0,1202.4421,-233.3332
400.0,470.0,1206.5201,-227.0659
400.0,480.0,1210.6669,-220.7207
400.0,490.0,1214.8818,-214.2995
400.0,500.0,1219.1642,-207.8042
400.0,510.0,1223.5134,-201.2364
400.0,520.0,1227.9285,-194.598
400.0,530.0,1232.4091,-187.8908
400.0,540.0,1236.9542,-181.1163
400.0,550.0,1241.5632,-174.2764
400.0,560.0,1246.2355,-167.3725
400.0,570.0,1250.9702,-160.4063
400.0,580.0,1255.7667,-153.3793
400.0,590.0,1260.6243,-146.293
400.0,600.0,1265.5422,-139.1488
400.0,610.0,1270.5198,-131.9483
400.0,620.0,1275.5564,-124.6927
400.0,630.0,1280.6513,-117.3835
400.0,640.0,1285.8038,-110.022
400.0,650.0,1291.0132,-102.6094
400.0,660.0,1296.2787,-95.147
400.0,670.0,1301.5998,-87.636
400.0,680.0,1306.9758,-80.0777
400.0,690.0,1312.4059,-72.4731
400.0,700.0,1317.8895,-64.8234
400.0,710.0,1323.426,-57.1298
400.0,720.0,1329.0147,-49.3932
400.0,730.0,1334.6548,-41.6147
400.0,740.0,1340.3459,-33.7954
400.0,750.0,1346.0872,-25.9361
400.0,760.0,1351.878,-18.0379
400.0,770.0,1357.7179,-10.1017
400.0,780.0,1363.606,-2.1285
400.0,790.0,1369.5419,5.881
400.0,800.0,1375.5248,13.9259
400.0,810.0,1381.5542,22.0053
400.0,820.0,1387.6295,30.1183
400.0,830.0,1393.7501,38.2643
400.0,840.0,1399.9153,46.4425
400.0,850.0,1406.1246,54.652
400.0,860.0,1412.3774,62.8923
400.0,870.0,1418.6732,71.1625
400.0,880.0,1425.0113,79.4619
400.0,890.0,1431.3912,87.79
400.0,900.0,1437.8123,96.1461
400.0,910.0,1444.2742,104.5294
400.0,920.0,1450.7761,112.9395
400.0,930.0,1457.3177,121.3756
400.0,940.0,1463.8984,129.8373
400.0,950.0,1470.5176,138.324
400.0,960.0,1477.1749,146.835
400.0,970.0,1483.8697,155.3699
400.0,980.0,1490.6015,163.9281
400.0,990.0,1497.3698,172.5091
400.0,1000.0,1504.1742,181.1125
410.0,-1000.0,1496.8783,176.0653
410.0,-990.0,1490.0406,167.4248
410.0,-980.0,1483.2388,158.8061
410.0,-970.0,1476.4734,150.2098
410.0,-960.0,1469.745,141.6363
410.0,-950.0,1463.0539,133.0863
410.0,-940.0,1456.4007,124.5601
410.0,-930.0,1449.786,116.0584
410.0,-920.0,1443.2103,107.5817
410.0,-910.0,1436.6741,99.1307
410.0,-900.0,1430.1779,90.7058
410.0,-890.0,1423.7223,82.3078
410.0,-880.0,1417.3079,73.9372
410.0,-870.0,1410.9352,65.5947
410.0,-860.0,1404.6048,57.281
410.0,-850.0,1398.3172,48.9967
410.0,-840.0,1392.0731,40.7425
410.0,-830.0,1385.8729,32.5192
410.0,-820.0,1379.7175,24.3275
410.0,-810.0,1373.6072,16.1682
410.0,-800.0,1367.5427,8.042
410.0,-790.0,1361.5247,-0.0502
410.0,-780.0,1355.5537,-8.1075
410.0,-770.0,1349.6305,-16.1293
410.0,-760.0,1343.7555,-24.1145
410.0,-750.0,1337.9295,-32.0622
410.0,-740.0,1332.153,-39.9716
410.0,-730.0,1326.4268,-47.8417
410.0,-720.0,1320.7515,-55.6715
410.0,-710.0,1315.1277,-63.4599
410.0,-700.0,1309.5562,-71.206
410.0,-690.0,1304.0375,-78.9087
410.0,-680.0,1298.5724,-86.5668
410.0,-670.0,1293.1615,-94.1793
410.0,-660.0,1287.8055,-101.745
410.0,-650.0,1282.5052,-109.2627
410.0,-640.0,1277.2611,-116.7311
410.0,-630.0,1272.074,-124.149
410.0,-620.0,1266.9447,-131.5152
410.0,-610.0,1261.8737,-138.8282
410.0,-600.0,1256.8618,-146.0868
410.0,-590.0,1251.9098,-153.2895
410.0,-580.0,1247.0183,-160.4348
410.0,-570.0,1242.188,-167.5214
410.0,-560.0,1237.4196,-174.5476
410.0,-550.0,1232.714,-181.512
410.0,-540.0,1228.0718,-188.413
410.0,-530.0,1223.4936,-195.2488
410.0,-520.0,1218.9803,-202.0179
410.0,-510.0,1214.5326,-208.7185
410.0,-500.0,1210.1512,-215.3489
410.0,-490.0,1205.8368,-221.9073
410.0,-480.0,1201.5901,-228.3918
410.0,-470.0,1197.4119,-234.8006
410.0,-460.0,1193.3028,-241.1317
410.0,-450.0,1189.2637,-247.3832
410.0,-440.0,1185.2951,-253.5531
410.0,-430.0,1181.3979,-259.6393
410.0,-420.0,1177.5727,-265.6398
410.0,-410.0,1173.8202,-271.5524
410.0,-400.0,1170.1411,-277.3751
410.0,-390.0,1166.5362,-283.1055
410.0,-380.0,1163.0061,-288.7415
410.0,-370.0,1159.5514,-294.2807
410.0,-360.0,1156.173,-299.721
410.0,-350.0,1152.8714,-305.06
410.0,-340.0,1149.6472,-310.2953
410.0,-330.0,1146.5013,-315.4246
410.0,-320.0,1143.4341,-320.4454
410.0,-310.0,1140.4464,-325.3554
410.0,-300.0,1137.5388,-330.152
410.0,-290.0,1134.7118,-334.8329
410.0,-280.0,1131.9661,-339.3956
410.0,-270.0,1129.3023,-343.8375
410.0,-260.0,1126.721,-348.1564
410.0,-250.0,1124.2227,-352.3496
410.0,-240.0,1121.8079,-356.4147
410.0,-230.0,1119.4773,-360.3493
410.0,-220.0,1117.2314,-364.151
410.0,-210.0,1115.0706,-367.8174
410.0,-200.0,1112.9954,-371.346
410.0,-190.0,1111.0064,-374.7346
410.0,-180.0,1109.104,-377.9809
410.0,-170.0,1107.2886,-381.0826
410.0,-160.0,1105.5607,-384.0376
410.0,-150.0,1103.9207,-386.8437
410.0,-140.0,1102.369,-389.4989
410.0,-130.0,1100.9059,-392.0012
410.0,-120.0,1099.5318,-394.3487
410.0,-110.0,1098.2471,-396.5396
410.0,-100.0,1097.052,-398.5722
410.0,-90.0,1095.9468,-400.4449
410.0,-80.0,1094.9319,-402.1561
410.0,-70.0,1094.0075,-403.7046
410.0,-60.0,1093.1737,-405.0889
410.0,-50.0,1092.4309,-406.3081
410.0,-40.0,1091.7791,-407.3609
410.0,-30.0,1091.2186,-408.2466
410.0,-20.0,1090.7495,-408.9645
410.0,-10.0,1090.3719,-409.5138
410.0,0.0,1090.0859,-409.8942
410.0,10.0,1090.3719,-409.5138
410.0,20.0,1090.7495,-408.9645
410.0,30.0,1091.2186,-408.2466
410.0,40.0,1091.7791,-407.3609
410.0,50.0,1092.4309,-406.3081
410.0,60.0,1093.1737,-405.0889
410.0,70.0,1094.0075,-403.7046
410.0,80.0,1094.9319,-402.1561
410.0,90.0,1095.9468,-400.4449
410.0,100.0,1097.052,-398.5722
410.0,110.0,1098.2471,-396.5396
410.0,120.0,1099.5318,-394.3487
410.0,130.0,1100.9059,-392.0012
410.0,140.0,1102.369,-389.4989
410.0,150.0,1103.9207,-386.8437
410.0,160.0,1105.5607,-384.0376
410.0,170.0,1107.2886,-381.0826
410.0,180.0,1109.104,-377.9809
410.0,190.0,1111.0064,-374.7346
410.0,200.0,1112.9954,-371.346
410.0,210.0,1115.0706,-367.8174
410.0,220.0,1117.2314,-364.151
410.0,230.0,1119.4773,-360.3493
410.0,240.0,1121.8079,-356.4147
410.0,250.0,1124.2227,-352.3496
410.0,260.0,1126.721,-348.1564
410.0,270.0,1129.3023,-343.8375
410.0,280.0,1131.9661,-339.3956
410.0,290.0,1134.7118,-334.8329
410.0,300.0,1137.5388,-330.152
410.0,310.0,1140.4464,-325.3554
410.0,320.0,1143.4341,-320.4454
410.0,330.0,1146.5013,-315.4246
410.0,340.0,1149.6472,-310.2953
410.0,350.0,1152.8714,-305.06
410.0,360.0,1156.173,-299.721
410.0,370.0,1159.5514,-294.2807
410.0,380.0,1163.0061,-288.7415
410.0,390.0,1166.5362,-283.1055
410.0,400.0,1170.1411,-277.3751
410.0,410.0,1173.8202,-271.5524
410.0,420.0,1177.5727,-265.6398
410.0,430.0,1181.3979,-259.6393
410.0,440.0,1185.2951,-253.5531
410.0,450.0,1189.2637,-247.3832
410.0,460.0,1193.3028,-241.1317
410.0,470.0,1197.4119,-234.8006
410.0,480.0,1201.5901,-228.3918
410.0,490.0,1205.8368,-221.9073
410.0,500.0,1210.1512,-215.3489
410.0,510.0,1214.5326,-208.7185
410.0,520.0,1218.9803,-202.0179
410.0,530.0,1223.4936,-195.2488
410.0,540.0,1228.0718,-188.413
410.0,550.0,1232.714,-181.512
410.0,560.0,1237.4196,-174.5476
410.0,570.0,1242.188,-167.5214
410.0,580.0,1247.0183,-160.4348
410.0,590.0,1251.9098,-153.2895
410.0,600.0,1256.8618,-146.0868
410.0,610.0,1261.8737,-138.8282
410.0,620.0,1266.9447,-131.5152
410.0,630.0,1272.074,-124.149
410.0,640.0,1277.2611,-116.7311
410.0,650.0,1282.5052,-109.2627
410.0,660.0,1287.8055,-101.745
410.0,670.0,1293.1615,-94.1793
410.0,680.0,1298.5724,-86.5668
410.0,690.0,1304.0375,-78.9087
410.0,700.0,1309.5562,-71.206
410.0,710.0,1315.1277,-63.4599
410.0,720.0,1320.7515,-55.6715
410.0,730.0,1326.4268,-47.8417
410.0,740.0,1332.153,-39.9716
410.0,750.0,1337.9295,-32.0622
410.0,760.0,1343.7555,-24.1145
410.0,770.0,1349.6305,-16.1293
410.0,780.0,1355.5537,-8.1075
410.0,790.0,1361.5247,-0.0502
410.0,800.0,1367.5427,8.042
410.0,810.0,1373.6072,16.1682
410.0,820.0,1379.7175,24.3275
410.0,830.0,1385.8729,32.5192
410.0,840.0,1392.0731,40.7425
410.0,850.0,1398.3172,48.9967
410.0,860.0,1404.6048,57.281
410.0,870.0,1410.9352,65.5947
410.0,880.0,1417.3079,73.9372
410.0,890.0,1423.7223,82.3078
410.0,900.0,1430.1779,90.7058
410.0,910.0,1436.6741,99.1307
410.0,920.0,1443.2103,107.5817
410.0,930.0,1449.786,116.0584
410.0,940.0,1456.4007,124.5601
410.0,950.0,1463.0539,133.0863
410.0,960.0,1469.745,141.6363
410.0,970.0,1476.4734,150.2098
410.0,980.0,1483.2388,158.8061
410.0,990.0,1490.0406,167.4248
410.0,1000.0,1496.8783,176.0653
420.0,-1000.0,1489.6137,171.0819
420.0,-990.0,1482.7426,162.4043
420.0,-980.0,1475.9072,153.7481
420.0,-970.0,1469.108,145.1138
420.0,-960.0,1462.3457,136.5019
420.0,-950.0,1455.6206,127.9129
420.0,-940.0,1448.9333,119.3473
420.0,-930.0,1442.2843,110.8057
420.0,-920.0,1435.6742,102.2887
420.0,-910.0,1429.1036,93.7967
420.0,-900.0,1422.5728,85.3305
420.0,-890.0,1416.0826,76.8905
420.0,-880.0,1409.6334,68.4775
420.0,-870.0,1403.2258,60.092
420.0,-860.0,1396.8604,51.7348
420.0,-850.0,1390.5379,43.4065
420.0,-840.0,1384.2586,35.1077
420.0,-830.0,1378.0234,26.8393
420.0,-820.0,1371.8327,18.6019
420.0,-810.0,1365.6871,10.3964
420.0,-800.0,1359.5873,2.2234
420.0,-790.0,1353.5339,-5.9161
420.0,-780.0,1347.5276,-14.0215
420.0,-770.0,1341.5688,-22.0917
420.0,-760.0,1335.6584,-30.126
420.0,-750.0,1329.7969,-38.1234
420.0,-740.0,1323.985,-46.0831
420.0,-730.0,1318.2233,-54.004
420.0,-720.0,1312.5125,-61.8852
420.0,-710.0,1306.8533,-69.7257
420.0,-700.0,1301.2463,-77.5244
420.0,-690.0,1295.6922,-85.2802
420.0,-680.0,1290.1918,-92.9922
420.0,-670.0,1284.7456,-100.659
420.0,-660.0,1279.3544,-108.2797
420.0,-650.0,1274.0189,-115.8529
420.0,-640.0,1268.7397,-123.3775
420.0,-630.0,1263.5177,-130.8522
420.0,-620.0,1258.3534,-138.2756
420.0,-610.0,1253.2477,-145.6465
420.0,-600.0,1248.2012,-152.9635
420.0,-590.0,1243.2146,-160.2252
420.0,-580.0,1238.2888,-167.43
420.0,-570.0,1233.4243,-174.5767
420.0,-560.0,1228.622,-181.6635
420.0,-550.0,1223.8825,-188.689
420.0,-540.0,1219.2066,-195.6515
420.0,-530.0,1214.5951,-202.5494
420.0,-520.0,1210.0486,-209.381
420.0,-510.0,1205.568,-216.1445
420.0,-500.0,1201.1538,-222.8383
420.0,-490.0,1196.807,-229.4604
420.0,-480.0,1192.5281,-236.009
420.0,-470.0,1188.3181,-242.4822
420.0,-460.0,1184.1774,-248.8781
420.0,-450.0,1180.1071,-255.1946
420.0,-440.0,1176.1076,-261.4297
420.0,-430.0,1172.1798,-267.5814
420.0,-420.0,1168.3244,-273.6475
420.0,-410.0,1164.5421,-279.6259
420.0,-400.0,1160.8337,-285.5143
420.0,-390.0,1157.1997,-291.3105
420.0,-380.0,1153.641,-297.0123
420.0,-370.0,1150.1583,-302.6172
420.0,-360.0,1146.7522,-308.1231
420.0,-350.0,1143.4233,-313.5274
420.0,-340.0,1140.1725,-318.8278
420.0,-330.0,1137.0003,-324.0218
420.0,-320.0,1133.9075,-329.107
420.0,-310.0,1130.8946,-334.0808
420.0,-300.0,1127.9624,-338.9407
420.0,-290.0,1125.1113,-343.6843
420.0,-280.0,1122.3422,-348.3089
420.0,-270.0,1119.6555,-352.8121
420.0,-260.0,1117.0518,-357.1912
420.0,-250.0,1114.5318,-361.4437
420.0,-240.0,1112.0961,-365.5671
420.0,-230.0,1109.745,-369.5589
420.0,-220.0,1107.4793,-373.4164
420.0,-210.0,1105.2995,-377.1373
420.0,-200.0,1103.2059,-380.719
420.0,-190.0,1101.1992,-384.1592
420.0,-180.0,1099.2799,-387.4555
420.0,-170.0,1097.4482,-390.6054
420.0,-160.0,1095.7048,-393.6068
420.0,-150.0,1094.05,-396.4574
420.0,-140.0,1092.4843,-399.1551
420.0,-130.0,1091.0079,-401.6978
420.0,-120.0,1089.6214,-404.0835
420.0,-110.0,1088.325,-406.3103
420.0,-100.0,1087.119,-408.3765
420.0,-90.0,1086.0037,-410.2803
420.0,-80.0,1084.9795,-412.0201
420.0,-70.0,1084.0465,-413.5946
420.0,-60.0,1083.2051,-415.0024
420.0,-50.0,1082.4554,-416.2422
420.0,-40.0,1081.7977,-417.313
420.0,-30.0,1081.232,-418.2139
420.0,-20.0,1080.7586,-418.944
420.0,-10.0,1080.3775,-419.5028
420.0,0.0,1080.0888,-419.8897
420.0,10.0,1080.3775,-419.5028
420.0,20.0,1080.7586,-418.944
420.0,30.0,1081.232,-418.2139
420.0,40.0,1081.7977,-417.313
420.0,50.0,1082.4554,-416.2422
420.0,60.0,1083.2051,-415.0024
420.0,70.0,1084.0465,-413.5946
420.0,80.0,1084.9795,-412.0201
420.0,90.0,1086.0037,-410.2803
420.0,100.0,1087.119,-408.3765
420.0,110.0,1088.325,-406.3103
420.0,120.0,1089.6214,-404.0835
420.0,130.0,1091.0079,-401.6978
420.0,140.0,1092.4843,-399.1551
420.0,150.0,1094.05,-396.4574
420.0,160.0,1095.7048,-393.6068
420.0,170.0,1097.4482,-390.6054
420.0,180.0,1099.2799,-387.4555
420.0,190.0,1101.1992,-384.1592
420.0,200.0,1103.2059,-380.719
420.0,210.0,1105.2995,-377.1373
420.0,220.0,1107.4793,-373.4164
420.0,230.0,1109.745,-369.5589
420.0,240.0,1112.0961,-365.5671
420.0,250.0,1114.5318,-361.4437
420.0,260.0,1117.0518,-357.1912
420.0,270.0,1119.6555,-352.8121
420.0,280.0,1122.3422,-348.3089
420.0,290.0,1125.1113,-343.6843
420.0,300.0,1127.9624,-338.9407
420.0,310.0,1130.8946,-334.0808
420.0,320.0,1133.9075,-329.107
420.0,330.0,1137.0003,-324.0218
420.0,340.0,1140.1725,-318.8278
420.0,350.0,1143.4233,-313.5274
420.0,360.0,1146.7522,-308.1231
420.0,370.0,1150.1583,-302.6172
420.0,380.0,1153.641,-297.0123
420.0,390.0,1157.1997,-291.3105
420.0,400.0,1160.8337,-285.5143
420.0,410.0,1164.5421,-279.6259
420.0,420.0,1168.3244,-273.6475
420.0,430.0,1172.1798,-267.5814
420.0,440.0,1176.1076,-261.4297
420.0,450.0,1180.1071,-255.1946
420.0,460.0,1184.1774,-248.8781
420.0,470.0,1188.3181,-242.4822
420.0,480.0,1192.5281,-236.009
420.0,490.0,1196.807,-229.4604
420.0,500.0,1201.1538,-222.8383
420.0,510.0,1205.568,-216.1445
420.0,520.0,1210.0486,-209.381
420.0,530.0,1214.5951,-202.5494
420.0,540.0,1219.2066,-195.6515
420.0,550.0,1223.8825,-188.689
420.0,560.0,1228.622,-181.6635
420.0,570.0,1233.4243,-174.5767
420.0,580.0,1238.2888,-167.43
420.0,590.0,1243.2146,-160.2252
420.0,600.0,1248.2012,-152.9635
420.0,610.0,1253.2477,-145.6465
420.0,620.0,1258.3534,-138.2756
420.0,630.0,1263.5177,-130.8522
420.0,640.0,1268.7397,-123.3775
420.0,650.0,1274.0189,-115.8529
420.0,660.0,1279.3544,-108.2797
420.0,670.0,1284.7456,-100.659
420.0,680.0,1290.1918,-92.9922
420.0,690.0,1295.6922,-85.2802
420.0,700.0,1301.2463,-77.5244
420.0,710.0,1306.8533,-69.7257
420.0,720.0,1312.5125,-61.8852
420.0,730.0,1318.2233,-54.004
420.0,740.0,1323.985,-46.0831
420.0,750.0,1329.7969,-38.1234
420.0,760.0,1335.6584,-30.126
420.0,770.0,1341.5688,-22.0917
420.0,780.0,1347.5276,-14.0215
420.0,790.0,1353.5339,-5.9161
420.0,800.0,1359.5873,2.2234
420.0,810.0,1365.6871,10.3964
420.0,820.0,1371.8327,18.6019
420.0,830.0,1378.0234,26.8393
420.0,840.0,1384.2586,35.1077
420.0,850.0,1390.5379,43.4065
420.0,860.0,1396.8604,51.7348
420.0,870.0,1403.2258,60.092
420.0,880.0,1409.6334,68.4775
420.0,890.0,1416.0826,76.8905
420.0,900.0,1422.5728,85.3305
420.0,910.0,1429.1036,93.7967
420.0,920.0,1435.6742,102.2887
420.0,930.0,1442.2843,110.8057
420.0,940.0,1448.9333,119.3473
420.0,950.0,1455.6206,127.9129
420.0,960.0,1462.3457,136.5019
420.0,970.0,1469.108,145.1138
420.0,980.0,1475.9072,153.7481
420.0,990.0,1482.7426,162.4043
420.0,1000.0,1489.6137,171.0819
430.0,-1000.0,1482.3811,166.1629
430.0,-990.0,1475.4762,157.4484
430.0,-980.0,1468.607,148.7548
430.0,-970.0,1461.7739,140.0827
430.0,-960.0,1454.9775,131.4325
430.0,-950.0,1448.2182,122.8048
430.0,-940.0,1441.4965,114.1999
430.0,-930.0,1434.8131,105.6186
430.0,-920.0,1428.1684,97.0613
430.0,-910.0,1421.5631,88.5285
430.0,-900.0,1414.9975,80.021
430.0,-890.0,1408.4724,71.5392
430.0,-880.0,1401.9882,63.0838
430.0,-870.0,1395.5455,54.6555
430.0,-860.0,1389.1449,46.2548
430.0,-850.0,1382.7871,37.8825
430.0,-840.0,1376.4725,29.5392
430.0,-830.0,1370.2018,21.2257
430.0,-820.0,1363.9756,12.9427
430.0,-810.0,1357.7945,4.6909
430.0,-800.0,1351.6591,-3.5288
430.0,-790.0,1345.57,-11.7157
430.0,-780.0,1339.5279,-19.869
430.0,-770.0,1333.5335,-27.9878
430.0,-760.0,1327.5873,-36.0712
430.0,-750.0,1321.69,-44.1184
430.0,-740.0,1315.8422,-52.1284
430.0,-730.0,1310.0447,-60.1003
430.0,-720.0,1304.2982,-68.033
430.0,-710.0,1298.6031,-75.9257
430.0,-700.0,1292.9604,-83.7771
430.0,-690.0,1287.3706,-91.5864
430.0,-680.0,1281.8344,-99.3523
430.0,-670.0,1276.3525,-107.0738
430.0,-660.0,1270.9257,-114.7497
430.0,-650.0,1265.5547,-122.3787
430.0,-640.0,1260.2401,-129.9597
430.0,-630.0,1254.9827,-137.4914
430.0,-620.0,1249.7832,-144.9725
430.0,-610.0,1244.6423,-152.4017
430.0,-600.0,1239.5607,-159.7775
430.0,-590.0,1234.5393,-167.0986
430.0,-580.0,1229.5787,-174.3634
430.0,-570.0,1224.6796,-181.5706
430.0,-560.0,1219.8428,-188.7185
430.0,-550.0,1215.0691,-195.8056
430.0,-540.0,1210.3592,-202.8303
430.0,-530.0,1205.7138,-209.7908
430.0,-520.0,1201.1337,-216.6856
430.0,-510.0,1196.6197,-223.5128
430.0,-500.0,1192.1724,-230.2706
430.0,-490.0,1187.7927,-236.9572
430.0,-480.0,1183.4813,-243.5707
430.0,-470.0,1179.2389,-250.1092
430.0,-460.0,1175.0663,-256.5707
430.0,-450.0,1170.9642,-262.9531
430.0,-440.0,1166.9334,-269.2544
430.0,-430.0,1162.9747,-275.4725
430.0,-420.0,1159.0887,-281.6053
430.0,-410.0,1155.2761,-287.6504
430.0,-400.0,1151.5378,-293.6057
430.0,-390.0,1147.8745,-299.4689
430.0,-380.0,1144.2868,-305.2376
430.0,-370.0,1140.7755,-310.9095
430.0,-360.0,1137.3412,-316.4821
430.0,-350.0,1133.9848,-321.953
430.0,-340.0,1130.7068,-327.3198
430.0,-330.0,1127.508,-332.5799
430.0,-320.0,1124.3891,-337.7308
430.0,-310.0,1121.3506,-342.7698
430.0,-300.0,1118.3933,-347.6945
430.0,-290.0,1115.5178,-352.5022
430.0,-280.0,1112.7248,-357.1903
430.0,-270.0,1110.0148,-361.7561
430.0,-260.0,1107.3885,-366.197
430.0,-250.0,1104.8465,-370.5104
430.0,-240.0,1102.3893,-374.6936
430.0,-230.0,1100.0176,-378.7439
430.0,-220.0,1097.7318,-382.6589
430.0,-210.0,1095.5325,-386.4358
430.0,-200.0,1093.4203,-390.0722
430.0,-190.0,1091.3956,-393.5654
430.0,-180.0,1089.4589,-396.9131
430.0,-170.0,1087.6108,-400.1127
430.0,-160.0,1085.8516,-403.1619
430.0,-150.0,1084.1817,-406.0583
430.0,-140.0,1082.6017,-408.7998
430.0,-130.0,1081.1119,-411.3842
430.0,-120.0,1079.7126,-413.8093
430.0,-110.0,1078.4043,-416.0732
430.0,-100.0,1077.1872,-418.174
430.0,-90.0,1076.0616,-420.11
430.0,-80.0,1075.0279,-421.8795
430.0,-70.0,1074.0863,-423.4809
430.0,-60.0,1073.2371,-424.9128
430.0,-50.0,1072.4805,-426.174
430.0,-40.0,1071.8166,-427.2634
430.0,-30.0,1071.2456,-428.18
430.0,-20.0,1070.7678,-428.9229
430.0,-10.0,1070.3831,-429.4914
430.0,0.0,1070.0918,-429.8851
430.0,10.0,1070.3831,-429.4914
430.0,20.0,1070.7678,-428.9229
430.0,30.0,1071.2456,-428.18
430.0,40.0,1071.8166,-427.2634
430.0,50.0,1072.4805,-426.174
430.0,60.0,1073.2371,-424.9128
430.0,70.0,1074.0863,-423.4809
430.0,80.0,1075.0279,-421.8795
430.0,90.0,1076.0616,-420.11
430.0,100.0,1077.1872,-418.174
430.0,110.0,1078.4043,-416.0732
430.0,120.0,1079.7126,-413.8093
430.0,130.0,1081.1119,-411.3842
430.0,140.0,1082.6017,-408.7998
430.0,150.0,1084.1817,-406.0583
430.0,160.0,1085.8516,-403.1619
430.0,170.0,1087.6108,-400.1127
430.0,180.0,1089.4589,-396.9131
430.0,190.0,1091.3956,-393.5654
430.0,200.0,1093.4203,-390.0722
430.0,210.0,1095.5325,-386.4358
430.0,220.0,1097.7318,-382.6589
430.0,230.0,1100.0176,-378.7439
430.0,240.0,1102.3893,-374.6936
430.0,250.0,1104.8465,-370.5104
430.0,260.0,1107.3885,-366.197
430.0,270.0,1110.0148,-361.7561
430.0,280.0,1112.7248,-357.1903
430.0,290.0,1115.5178,-352.5022
430.0,300.0,1118.3933,-347.6945
430.0,310.0,1121.3506,-342.7698
430.0,320.0,1124.3891,-337.7308
430.0,330.0,1127.508,-332.5799
430.0,340.0,1130.7068,-327.3198
430.0,350.0,1133.9848,-321.953
430.0,360.0,1137.3412,-316.4821
430.0,370.0,1140.7755,-310.9095
430.0,380.0,1144.2868,-305.2376
430.0,390.0,1147.8745,-299.4689
430.0,400.0,1151.5378,-293.6057
430.0,410.0,1155.2761,-287.6504
430.0,420.0,1159.0887,-281.6053
430.0,430.0,1162.9747,-275.4725
430.0,440.0,1166.9334,-269.2544
430.0,450.0,1170.9642,-262.9531
430.0,460.0,1175.0663,-256.5707
430.0,470.0,1179.2389,-250.1092
430.0,480.0,1183.4813,-243.5707
430.0,490.0,1187.7927,-236.9572
430.0,500.0,1192.1724,-230.2706
430.0,510.0,1196.6197,-223.5128
430.0,520.0,1201.1337,-216.6856
430.0,530.0,1205.7138,-209.7908
430.0,540.0,1210.3592,-202.8303
430.0,550.0,1215.0691,-195.8056
430.0,560.0,1219.8428,-188.7185
430.0,570.0,1224.6796,-181.5706
430.0,580.0,1229.5787,-174.3634
430.0,590.0,1234.5393,-167.0986
430.0,600.0,1239.5607,-159.7775
430.0,610.0,1244.6423,-152.4017
430.0,620.0,1249.7832,-144.9725
430.0,630.0,1254.9827,-137.4914
430.0,640.0,1260.2401,-129.9597
430.0,650.0,1265.5547,-122.3787
430.0,660.0,1270.9257,-114.7497
430.0,670.0,1276.3525,-107.0738
430.0,680.0,1281.8344,-99.3523
430.0,690.0,1287.3706,-91.5864
430.0,700.0,1292.9604,-83.7771
430.0,710.0,1298.6031,-75.9257
430.0,720.0,1304.2982,-68.033
430.0,730.0,1310.0447,-60.1003
430.0,740.0,1315.8422,-52.1284
430.0,750.0,1321.69,-44.1184
430.0,760.0,1327.5873,-36.0712
430.0,770.0,1333.5335,-27.9878
430.0,780.0,1339.5279,-19.869
430.0,790.0,1345.57,-11.7157
430.0,800.0,1351.6591,-3.5288
430.0,810.0,1357.7945,4.6909
430.0,820.0,1363.9756,12.9427
430.0,830.0,1370.2018,21.2257
430.0,840.0,1376.4725,29.5392
430.0,850.0,1382.7871,37.8825
430.0,860.0,1389.1449,46.2548
430.0,870.0,1395.5455,54.6555
430.0,880.0,1401.9882,63.0838
430.0,890.0,1408.4724,71.5392
430.0,900.0,1414.9975,80.021
430.0,910.0,1421.5631,88.5285
430.0,920.0,1428.1684,97.0613
430.0,930.0,1434.8131,105.6186
430.0,940.0,1441.4965,114.1999
430.0,950.0,1448.2182,122.8048
430.0,960.0,1454.9775,131.4325
430.0,970.0,1461.7739,140.0827
430.0,980.0,1468.607,148.7548
430.0,990.0,1475.4762,157.4484
430.0,1000.0,1482.3811,166.1629
440.0,-1000.0,1475.1808,161.3091
440.0,-990.0,1468.242,152.5579
440.0,-980.0,1461.3388,143.8272
440.0,-970.0,1454.4716,135.1175
440.0,-960.0,1447.6408,126.4292
440.0,-950.0,1440.8471,117.7628
440.0,-940.0,1434.0909,109.1188
440.0,-930.0,1427.3729,100.4978
440.0,-920.0,1420.6934,91.9004
440.0,-910.0,1414.0531,83.327
440.0,-900.0,1407.4525,74.7783
440.0,-890.0,1400.8922,66.2548
440.0,-880.0,1394.3728,57.7572
440.0,-870.0,1387.8947,49.2861
440.0,-860.0,1381.4587,40.842
440.0,-850.0,1375.0653,32.4258
440.0,-840.0,1368.7151,24.0381
440.0,-830.0,1362.4087,15.6796
440.0,-820.0,1356.1467,7.351
440.0,-810.0,1349.9298,-0.947
440.0,-800.0,1343.7585,-9.2135
440.0,-790.0,1337.6334,-17.4478
440.0,-780.0,1331.5554,-25.649
440.0,-770.0,1325.5248,-33.8164
440.0,-760.0,1319.5425,-41.949
440.0,-750.0,1313.6091,-50.046
440.0,-740.0,1307.7253,-58.1064
440.0,-730.0,1301.8916,-66.1293
440.0,-720.0,1296.1089,-74.1137
440.0,-710.0,1290.3777,-82.0586
440.0,-700.0,1284.6988,-89.963
440.0,-690.0,1279.0729,-97.8258
440.0,-680.0,1273.5007,-105.6459
440.0,-670.0,1267.9828,-113.4222
440.0,-660.0,1262.52,-121.1535
440.0,-650.0,1257.1131,-128.8386
440.0,-640.0,1251.7626,-136.4763
440.0,-630.0,1246.4695,-144.0654
440.0,-620.0,1241.2343,-151.6044
440.0,-610.0,1236.0578,-159.0922
440.0,-600.0,1230.9408,-166.5272
440.0,-590.0,1225.8841,-173.9081
440.0,-580.0,1220.8883,-181.2334
440.0,-570.0,1215.9542,-188.5015
440.0,-560.0,1211.0826,-195.711
440.0,-550.0,1206.2742,-202.8603
440.0,-540.0,1201.5298,-209.9477
440.0,-530.0,1196.8502,-216.9715
440.0,-520.0,1192.236,-223.9301
440.0,-510.0,1187.6882,-230.8216
440.0,-500.0,1183.2074,-237.6442
440.0,-490.0,1178.7943,-244.396
440.0,-480.0,1174.4499,-251.0752
440.0,-470.0,1170.1747,-257.6798
440.0,-460.0,1165.9697,-264.2077
440.0,-450.0,1161.8355,-270.657
440.0,-440.0,1157.773,-277.0255
440.0,-430.0,1153.7828,-283.311
440.0,-420.0,1149.8657,-289.5114
440.0,-410.0,1146.0225,-295.6244
440.0,-400.0,1142.2539,-301.6477
440.0,-390.0,1138.5607,-307.579
440.0,-380.0,1134.9435,-313.4158
440.0,-370.0,1131.4032,-319.1558
440.0,-360.0,1127.9404,-324.7965
440.0,-350.0,1124.5559,-330.3354
440.0,-340.0,1121.2504,-335.7699
440.0,-330.0,1118.0246,-341.0974
440.0,-320.0,1114.8791,-346.3154
440.0,-310.0,1111.8146,-351.4212
440.0,-300.0,1108.8319,-356.412
440.0,-290.0,1105.9316,-361.2853
440.0,-280.0,1103.1143,-366.0383
440.0,-270.0,1100.3806,-370.6683
440.0,-260.0,1097.7313,-375.1726
440.0,-250.0,1095.1668,-379.5484
440.0,-240.0,1092.6879,-383.7929
440.0,-230.0,1090.295,-387.9035
440.0,-220.0,1087.9888,-391.8774
440.0,-210.0,1085.7698,-395.712
440.0,-200.0,1083.6385,-399.4045
440.0,-190.0,1081.5955,-402.9523
440.0,-180.0,1079.6413,-406.3529
440.0,-170.0,1077.7763,-409.6037
440.0,-160.0,1076.001,-412.7021
440.0,-150.0,1074.3159,-415.6459
440.0,-140.0,1072.7213,-418.4325
440.0,-130.0,1071.2178,-421.0599
440.0,-120.0,1069.8055,-423.5257
440.0,-110.0,1068.4851,-425.8279
440.0,-100.0,1067.2567,-427.9646
440.0,-90.0,1066.1206,-429.9338
440.0,-80.0,1065.0773,-431.7339
440.0,-70.0,1064.1269,-433.3631
440.0,-60.0,1063.2697,-434.8201
440.0,-50.0,1062.506,-436.1035
440.0,-40.0,1061.8358,-437.2121
440.0,-30.0,1061.2595,-438.1449
440.0,-20.0,1060.7772,-438.901
440.0,-10.0,1060.3889,-439.4796
440.0,0.0,1060.0948,-439.8803
440.0,10.0,1060.3889,-439.4796
440.0,20.0,1060.7772,-438.901
440.0,30.0,1061.2595,-438.1449
440.0,40.0,1061.8358,-437.2121
440.0,50.0,1062.506,-436.1035
440.0,60.0,1063.2697,-434.8201
440.0,70.0,1064.1269,-433.3631
440.0,80.0,1065.0773,-431.7339
440.0,90.0,1066.1206,-429.9338
440.0,100.0,1067.2567,-427.9646
440.0,110.0,1068.4851,-425.8279
440.0,120.0,1069.8055,-423.5257
440.0,130.0,1071.2178,-421.0599
440.0,140.0,1072.7213,-418.4325
440.0,150.0,1074.3159,-415.6459
440.0,160.0,1076.001,-412.7021
440.0,170.0,1077.7763,-409.6037
440.0,180.0,1079.6413,-406.3529
440.0,190.0,1081.5955,-402.9523
440.0,200.0,1083.6385,-399.4045
440.0,210.0,1085.7698,-395.712
440.0,220.0,1087.9888,-391.8774
440.0,230.0,1090.295,-387.9035
440.0,240.0,1092.6879,-383.7929
440.0,250.0,1095.1668,-379.5484
440.0,260.0,1097.7313,-375.1726
440.0,270.0,1100.3806,-370.6683
440.0,280.0,1103.1143,-366.0383
440.0,290.0,1105.9316,-361.2853
440.0,300.0,1108.8319,-356.412
440.0,310.0,1111.8146,-351.4212
440.0,320.0,1114.8791,-346.3154
440.0,330.0,1118.0246,-341.0974
440.0,340.0,1121.2504,-335.7699
440.0,350.0,1124.5559,-330.3354
440.0,360.0,1127.9404,-324.7965
440.0,370.0,1131.4032,-319.1558
440.0,380.0,1134.9435,-313.4158
440.0,390.0,1138.5607,-307.579
440.0,400.0,1142.2539,-301.6477
440.0,410.0,1146.0225,-295.6244
440.0,420.0,1149.8657,-289.5114
440.0,430.0,1153.7828,-283.311
440.0,440.0,1157.773,-277.0255
440.0,450.0,1161.8355,-270.657
440.0,460.0,1165.9697,-264.2077
440.0,470.0,1170.1747,-257.6798
440.0,480.0,1174.4499,-251.0752
440.0,490.0,1178.7943,-244.396
440.0,500.0,1183.2074,-237.6442
440.0,510.0,1187.6882,-230.8216
440.0,520.0,1192.236,-223.9301
440.0,530.0,1196.8502,-216.9715
440.0,540.0,1201.5298,-209.9477
440.0,550.0,1206.2742,-202.8603
440.0,560.0,1211.0826,-195.711
440.0,570.0,1215.9542,-188.5015
440.0,580.0,1220.8883,-181.2334
440.0,590.0,1225.8841,-173.9081
440.0,600.0,1230.9408,-166.5272
440.0,610.0,1236.0578,-159.0922
440.0,620.0,1241.2343,-151.6044
440.0,630.0,1246.4695,-144.0654
440.0,640.0,1251.7626,-136.4763
440.0,650.0,1257.1131,-128.8386
440.0,660.0,1262.52,-121.1535
440.0,670.0,1267.9828,-113.4222
440.0,680.0,1273.5007,-105.6459
440.0,690.0,1279.0729,-97.8258
440.0,700.0,1284.6988,-89.963
440.0,710.0,1290.3777,-82.0586
440.0,720.0,1296.1089,-74.1137
440.0,730.0,1301.8916,-66.1293
440.0,740.0,1307.7253,-58.1064
440.0,750.0,1313.6091,-50.046
440.0,760.0,1319.5425,-41.949
440.0,770.0,1325.5248,-33.8164
440.0,780.0,1331.5554,-25.649
440.0,790.0,1337.6334,-17.4478
440.0,800.0,1343.7585,-9.2135
440.0,810.0,1349.9298,-0.947
440.0,820.0,1356.1467,7.351
440.0,830.0,1362.4087,15.6796
440.0,840.0,1368.7151,24.0381
440.0,850.0,1375.0653,32.4258
440.0,860.0,1381.4587,40.842
440.0,870.0,1387.8947,49.2861
440.0,880.0,1394.3728,57.7572
440.0,890.0,1400.8922,66.2548
440.0,900.0,1407.4525,74.7783
440.0,910.0,1414.0531,83.327
440.0,920.0,1420.6934,91.9004
440.0,930.0,1427.3729,100.4978
440.0,940.0,1434.0909,109.1188
440.0,950.0,1440.8471,117.7628
440.0,960.0,1447.6408,126.4292
440.0,970.0,1454.4716,135.1175
440.0,980.0,1461.3388,143.8272
440.0,990.0,1468.242,152.5579
440.0,1000.0,1475.1808,161.3091
450.0,-1000.0,1468.0132,156.5215
450.0,-990.0,1461.0405,147.7338
450.0,-980.0,1454.1031,138.9661
450.0,-970.0,1447.2015,130.2189
450.0,-960.0,1440.3363,121.4926
450.0,-950.0,1433.5079,112.7878
450.0,-940.0,1426.717,104.1049
450.0,-930.0,1419.964,95.4445
450.0,-920.0,1413.2495,86.807
450.0,-910.0,1406.5741,78.1931
450.0,-900.0,1399.9383,69.6034
450.0,-890.0,1393.3426,61.0383
450.0,-880.0,1386.7876,52.4986
450.0,-870.0,1380.274,43.9848
450.0,-860.0,1373.8023,35.4976
450.0,-850.0,1367.3731,27.0376
450.0,-840.0,1360.987,18.6055
450.0,-830.0,1354.6446,10.202
450.0,-820.0,1348.3466,1.8278
450.0,-810.0,1342.0935,-6.5162
450.0,-800.0,1335.886,-14.8295
450.0,-790.0,1329.7247,-23.1111
450.0,-780.0,1323.6103,-31.3603
450.0,-770.0,1317.5434,-39.5762
450.0,-760.0,1311.5247,-47.758
450.0,-750.0,1305.5549,-55.9048
450.0,-740.0,1299.6345,-64.0157
450.0,-730.0,1293.7644,-72.0897
450.0,-720.0,1287.9452,-80.1258
450.0,-710.0,1282.1775,-88.1231
450.0,-700.0,1276.4622,-96.0805
450.0,-690.0,1270.7998,-103.997
450.0,-680.0,1265.1911,-111.8714
450.0,-670.0,1259.6368,-119.7027
450.0,-660.0,1254.1377,-127.4897
450.0,-650.0,1248.6944,-135.2311
450.0,-640.0,1243.3078,-142.9258
450.0,-630.0,1237.9785,-150.5725
450.0,-620.0,1232.7072,-158.1698
450.0,-610.0,1227.4948,-165.7165
450.0,-600.0,1222.342,-173.2111
450.0,-590.0,1217.2495,-180.6521
450.0,-580.0,1212.2181,-188.0383
450.0,-570.0,1207.2486,-195.3679
450.0,-560.0,1202.3417,-202.6395
450.0,-550.0,1197.4983,-209.8515
450.0,-540.0,1192.719,-217.0021
450.0,-530.0,1188.0046,-224.0898
450.0,-520.0,1183.356,-231.1128
450.0,-510.0,1178.7739,-238.0692
450.0,-500.0,1174.259,-244.9573
450.0,-490.0,1169.8122,-251.7751
450.0,-480.0,1165.4343,-258.5208
450.0,-470.0,1161.126,-265.1923
450.0,-460.0,1156.888,-271.7876
450.0,-450.0,1152.7213,-278.3046
450.0,-440.0,1148.6265,-284.7412
450.0,-430.0,1144.6044,-291.0951
450.0,-420.0,1140.6558,-297.3642
450.0,-410.0,1136.7815,-303.5461
450.0,-400.0,1132.9821,-309.6385
450.0,-390.0,1129.2586,-315.639
450.0,-380.0,1125.6115,-321.5452
450.0,-370.0,1122.0418,-327.3546
450.0,-360.0,1118.55,-333.0646
450.0,-350.0,1115.137,-338.6727
450.0,-340.0,1111.8035,-344.1763
450.0,-330.0,1108.5502,-349.5727
450.0,-320.0,1105.3777,-354.8592
450.0,-310.0,1102.2869,-360.0332
450.0,-300.0,1099.2783,-365.0917
450.0,-290.0,1096.3527,-370.0322
450.0,-280.0,1093.5107,-374.8517
450.0,-270.0,1090.753,-379.5474
450.0,-260.0,1088.0802,-384.1166
450.0,-250.0,1085.4929,-388.5564
450.0,-240.0,1082.9918,-392.8639
450.0,-230.0,1080.5775,-397.0363
450.0,-220.0,1078.2505,-401.0708
450.0,-210.0,1076.0114,-404.9646
450.0,-200.0,1073.8608,-408.7149
450.0,-190.0,1071.7992,-412.319
450.0,-180.0,1069.827,-415.7741
450.0,-170.0,1067.9449,-419.0776
450.0,-160.0,1066.1533,-422.2268
450.0,-150.0,1064.4525,-425.2193
450.0,-140.0,1062.8432,-428.0527
450.0,-130.0,1061.3256,-430.7244
450.0,-120.0,1059.9002,-433.2323
450.0,-110.0,1058.5674,-435.5741
450.0,-100.0,1057.3274,-437.7478
450.0,-90.0,1056.1807,-439.7514
450.0,-80.0,1055.1276,-441.5831
450.0,-70.0,1054.1682,-443.2412
450.0,-60.0,1053.3029,-444.7241
450.0,-50.0,1052.5319,-446.0304
450.0,-40.0,1051.8555,-447.1589
450.0,-30.0,1051.2737,-448.1085
450.0,-20.0,1050.7867,-448.8783
450.0,-10.0,1050.3948,-449.4674
450.0,0.0,1050.0979,-449.8754
450.0,10.0,1050.3948,-449.4674
450.0,20.0,1050.7867,-448.8783
450.0,30.0,1051.2737,-448.1085
450.0,40.0,1051.8555,-447.1589
450.0,50.0,1052.5319,-446.0304
450.0,60.0,1053.3029,-444.7241
450.0,70.0,1054.1682,-443.2412
450.0,80.0,1055.1276,-441.5831
450.0,90.0,1056.1807,-439.7514
450.0,100.0,1057.3274,-437.7478
450.0,110.0,1058.5674,-435.5741
450.0,120.0,1059.9002,-433.2323
450.0,130.0,1061.3256,-430.7244
450.0,140.0,1062.8432,-428.0527
450.0,150.0,1064.4525,-425.2193
450.0,160.0,1066.1533,-422.2268
450.0,170.0,1067.9449,-419.0776
450.0,180.0,1069.827,-415.7741
450.0,190.0,1071.7992,-412.319
450.0,200.0,1073.8608,-408.7149
450.0,210.0,1076.0114,-404.9646
450.0,220.0,1078.2505,-401.0708
450.0,230.0,1080.5775,-397.0363
450.0,240.0,1082.9918,-392.8639
450.0,250.0,1085.4929,-388.5564
450.0,260.0,1088.0802,-384.1166
450.0,270.0,1090.753,-379.5474
450.0,280.0,1093.5107,-374.8517
450.0,290.0,1096.3527,-370.0322
450.0,300.0,1099.2783,-365.0917
450.0,310.0,1102.2869,-360.0332
450.0,320.0,1105.3777,-354.8592
450.0,330.0,1108.5502,-349.5727
450.0,340.0,1111.8035,-344.1763
450.0,350.0,1115.137,-338.6727
450.0,360.0,1118.55,-333.0646
450.0,370.0,1122.0418,-327.3546
450.0,380.0,1125.6115,-321.5452
450.0,390.0,1129.2586,-315.639
450.0,400.0,1132.9821,-309.6385
450.0,410.0,1136.7815,-303.5461
450.0,420.0,1140.6558,-297.3642
450.0,430.0,1144.6044,-291.0951
450.0,440.0,1148.6265,-284.7412
450.0,450.0,1152.7213,-278.3046
450.0,460.0,1156.888,-271.7876
450.0,470.0,1161.126,-265.1923
450.0,480.0,1165.4343,-258.5208
450.0,490.0,1169.8122,-251.7751
450.0,500.0,1174.259,-244.9573
450.0,510.0,1178.7739,-238.0692
450.0,520.0,1183.356,-231.1128
450.0,530.0,1188.0046,-224.0898
450.0,540.0,1192.719,-217.0021
450.0,550.0,1197.4983,-209.8515
450.0,560.0,1202.3417,-202.6395
450.0,570.0,1207.2486,-195.3679
450.0,580.0,1212.2181,-188.0383
450.0,590.0,1217.2495,-180.6521
450.0,600.0,1222.342,-173.2111
450.0,610.0,1227.4948,-165.7165
450.0,620.0,1232.7072,-158.1698
450.0,630.0,1237.9785,-150.5725
450.0,640.0,1243.3078,-142.9258
450.0,650.0,1248.6944,-135.2311
450.0,660.0,1254.1377,-127.4897
450.0,670.0,1259.6368,-119.7027
450.0,680.0,1265.1911,-111.8714
450.0,690.0,1270.7998,-103.997
450.0,700.0,1276.4622,-96.0805
450.0,710.0,1282.1775,-88.1231
450.0,720.0,1287.9452,-80.1258
450.0,730.0,1293.7644,-72.0897
450.0,740.0,1299.6345,-64.0157
450.0,750.0,1305.5549,-55.9048
450.0,760.0,1311.5247,-47.758
450.0,770.0,1317.5434,-39.5762
450.0,780.0,1323.6103,-31.3603
450.0,790.0,1329.7247,-23.1111
450.0,800.0,1335.886,-14.8295
450.0,810.0,1342.0935,-6.5162
450.0,820.0,1348.3466,1.8278
450.0,830.0,1354.6446,10.202
450.0,840.0,1360.987,18.6055
450.0,850.0,1367.3731,27.0376
450.0,860.0,1373.8023,35.4976
450.0,870.0,1380.274,43.9848
450.0,880.0,1386.7876,52.4986
450.0,890.0,1393.3426,61.0383
450.0,900.0,1399.9383,69.6034
450.0,910.0,1406.5741,78.1931
450.0,920.0,1413.2495,86.807
450.0,930.0,1419.964,95.4445
450.0,940.0,1426.717,104.1049
450.0,950.0,1433.5079,112.7878
450.0,960.0,1440.3363,121.4926
450.0,970.0,1447.2015,130.2189
450.0,980.0,1454.1031,138.9661
450.0,990.0,1461.0405,147.7338
450.0,1000.0,1468.0132,156.5215
460.0,-1000.0,1460.879,151.8007
460.0,-990.0,1453.872,142.9768
460.0,-980.0,1446.9002,134.1723
460.0,-970.0,1439.9641,125.3878
460.0,-960.0,1433.0642,116.6238
460.0,-950.0,1426.2011,107.8807
460.0,-940.0,1419.3752,99.1591
460.0,-930.0,1412.5871,90.4594
460.0,-920.0,1405.8374,81.7821
460.0,-910.0,1399.1266,73.1279
460.0,-900.0,1392.4553,64.4973
460.0,-890.0,1385.824,55.8908
460.0,-880.0,1379.2333,47.3091
460.0,-870.0,1372.6839,38.7528
460.0,-860.0,1366.1762,30.2224
460.0,-850.0,1359.7109,21.7188
460.0,-840.0,1353.2887,13.2424
460.0,-830.0,1346.91,4.7941
460.0,-820.0,1340.5757,-3.6255
460.0,-810.0,1334.2861,-12.0157
460.0,-800.0,1328.0422,-20.3756
460.0,-790.0,1321.8443,-28.7045
460.0,-780.0,1315.6933,-37.0016
460.0,-770.0,1309.5897,-45.2661
460.0,-760.0,1303.5343,-53.4971
460.0,-750.0,1297.5277,-61.6937
460.0,-740.0,1291.5706,-69.855
460.0,-730.0,1285.6636,-77.9801
460.0,-720.0,1279.8076,-86.0681
460.0,-710.0,1274.0031,-94.1178
460.0,-700.0,1268.2509,-102.1284
460.0,-690.0,1262.5516,-110.0986
460.0,-680.0,1256.9062,-118.0276
460.0,-670.0,1251.3151,-125.914
460.0,-660.0,1245.7793,-133.7568
460.0,-650.0,1240.2993,-141.5547
460.0,-640.0,1234.876,-149.3066
460.0,-630.0,1229.5102,-157.0112
460.0,-620.0,1224.2025,-164.6671
460.0,-610.0,1218.9537,-172.273
460.0,-600.0,1213.7646,-179.8275
460.0,-590.0,1208.636,-187.3291
460.0,-580.0,1203.5686,-194.7765
460.0,-570.0,1198.5632,-202.168
460.0,-560.0,1193.6206,-209.5022
460.0,-550.0,1188.7416,-216.7773
460.0,-540.0,1183.927,-223.9918
460.0,-530.0,1179.1775,-231.1439
460.0,-520.0,1174.4939,-238.2319
460.0,-510.0,1169.8771,-245.254
460.0,-500.0,1165.3278,-252.2082
460.0,-490.0,1160.8468,-259.0928
460.0,-480.0,1156.4349,-265.9057
460.0,-470.0,1152.0929,-272.6449
460.0,-460.0,1147.8216,-279.3084
460.0,-450.0,1143.6218,-285.8941
460.0,-440.0,1139.4943,-292.3997
460.0,-430.0,1135.4399,-298.823
460.0,-420.0,1131.4593,-305.1618
460.0,-410.0,1127.5534,-311.4137
460.0,-400.0,1123.7229,-317.5763
460.0,-390.0,1119.9685,-323.6473
460.0,-380.0,1116.2911,-329.624
460.0,-370.0,1112.6915,-335.504
460.0,-360.0,1109.1703,-341.2847
460.0,-350.0,1105.7284,-346.9634
460.0,-340.0,1102.3664,-352.5374
460.0,-330.0,1099.0851,-358.0041
460.0,-320.0,1095.8853,-363.3607
460.0,-310.0,1092.7676,-368.6042
460.0,-300.0,1089.7327,-373.732
460.0,-290.0,1086.7814,-378.7412
460.0,-280.0,1083.9143,-383.6288
460.0,-270.0,1081.1321,-388.3919
460.0,-260.0,1078.4355,-393.0277
460.0,-250.0,1075.825,-397.5331
460.0,-240.0,1073.3014,-401.9053
460.0,-230.0,1070.8652,-406.1412
460.0,-220.0,1068.5171,-410.238
460.0,-210.0,1066.2576,-414.1928
460.0,-200.0,1064.0872,-418.0025
460.0,-190.0,1062.0066,-421.6644
460.0,-180.0,1060.0163,-425.1757
460.0,-170.0,1058.1167,-428.5335
460.0,-160.0,1056.3084,-431.7352
460.0,-150.0,1054.5918,-434.7781
460.0,-140.0,1052.9673,-437.6595
460.0,-130.0,1051.4355,-440.3771
460.0,-120.0,1049.9967,-442.9285
460.0,-110.0,1048.6513,-445.3112
460.0,-100.0,1047.3996,-447.5232
460.0,-90.0,1046.242,-449.5624
460.0,-80.0,1045.1788,-451.4268
460.0,-70.0,1044.2103,-453.1148
460.0,-60.0,1043.3368,-454.6245
460.0,-50.0,1042.5584,-455.9546
460.0,-40.0,1041.8755,-457.1038
460.0,-30.0,1041.2881,-458.0708
460.0,-20.0,1040.7965,-458.8547
460.0,-10.0,1040.4008,-459.4547
460.0,0.0,1040.101,-459.8703
460.0,10.0,1040.4008,-459.4547
460.0,20.0,1040.7965,-458.8547
460.0,30.0,1041.2881,-458.0708
460.0,40.0,1041.8755,-457.1038
460.0,50.0,1042.5584,-455.9546
460.0,60.0,1043.3368,-454.6245
460.0,70.0,1044.2103,-453.1148
460.0,80.0,1045.1788,-451.4268
460.0,90.0,1046.242,-449.5624
460.0,100.0,1047.3996,-447.5232
460.0,110.0,1048.6513,-445.3112
460.0,120.0,1049.9967,-442.9285
460.0,130.0,1051.4355,-440.3771
460.0,140.0,1052.9673,-437.6595
460.0,150.0,1054.5918,-434.7781
460.0,160.0,1056.3084,-431.7352
460.0,170.0,1058.1167,-428.5335
460.0,180.0,1060.0163,-425.1757
460.0,190.0,1062.0066,-421.6644
460.0,200.0,1064.0872,-418.0025
460.0,210.0,1066.2576,-414.1928
460.0,220.0,1068.5171,-410.238
460.0,230.0,1070.8652,-406.1412
460.0,240.0,1073.3014,-401.9053
460.0,250.0,1075.825,-397.5331
460.0,260.0,1078.4355,-393.0277
460.0,270.0,1081.1321,-388.3919
460.0,280.0,1083.9143,-383.6288
460.0,290.0,1086.7814,-378.7412
460.0,300.0,1089.7327,-373.732
460.0,310.0,1092.7676,-368.6042
460.0,320.0,1095.8853,-363.3607
460.0,330.0,1099.0851,-358.0041
460.0,340.0,1102.3664,-352.5374
460.0,350.0,1105.7284,-346.9634
460.0,360.0,1109.1703,-341.2847
460.0,370.0,1112.6915,-335.504
460.0,380.0,1116.2911,-329.624
460.0,390.0,1119.9685,-323.6473
460.0,400.0,1123.7229,-317.5763
460.0,410.0,1127.5534,-311.4137
460.0,420.0,1131.4593,-305.1618
460.0,430.0,1135.4399,-298.823
460.0,440.0,1139.4943,-292.3997
460.0,450.0,1143.6218,-285.8941
460.0,460.0,1147.8216,-279.3084
460.0,470.0,1152.0929,-272.6449
460.0,480.0,1156.4349,-265.9057
460.0,490.0,1160.8468,-259.0928
460.0,500.0,1165.3278,-252.2082
460.0,510.0,1169.8771,-245.254
460.0,520.0,1174.4939,-238.2319
460.0,530.0,1179.1775,-231.1439
460.0,540.0,1183.927,-223.9918
460.0,550.0,1188.7416,-216.7773
460.0,560.0,1193.6206,-209.5022
460.0,570.0,1198.5632,-202.168
460.0,580.0,1203.5686,-194.7765
460.0,590.0,1208.636,-187.3291
460.0,600.0,1213.7646,-179.8275
460.0,610.0,1218.9537,-172.273
460.0,620.0,1224.2025,-164.6671
460.0,630.0,1229.5102,-157.0112
460.0,640.0,1234.876,-149.3066
460.0,650.0,1240.2993,-141.5547
460.0,660.0,1245.7793,-133.7568
460.0,670.0,1251.3151,-125.914
460.0,680.0,1256.9062,-118.0276
460.0,690.0,1262.5516,-110.0986
460.0,700.0,1268.2509,-102.1284
460.0,710.0,1274.0031,-94.1178
460.0,720.0,1279.8076,-86.0681
460.0,730.0,1285.6636,-77.9801
460.0,740.0,1291.5706,-69.855
460.0,750.0,1297.5277,-61.6937
460.0,760.0,1303.5343,-53.4971
460.0,770.0,1309.5897,-45.2661
460.0,780.0,1315.6933,-37.0016
460.0,790.0,1321.8443,-28.7045
460.0,800.0,1328.0422,-20.3756
460.0,810.0,1334.2861,-12.0157
460.0,820.0,1340.5757,-3.6255
460.0,830.0,1346.91,4.7941
460.0,840.0,1353.2887,13.2424
460.0,850.0,1359.7109,21.7188
460.0,860.0,1366.1762,30.2224
460.0,870.0,1372.6839,38.7528
460.0,880.0,1379.2333,47.3091
460.0,890.0,1385.824,55.8908
460.0,900.0,1392.4553,64.4973
460.0,910.0,1399.1266,73.1279
460.0,920.0,1405.8374,81.7821
460.0,930.0,1412.5871,90.4594
460.0,940.0,1419.3752,99.1591
460.0,950.0,1426.2011,107.8807
460.0,960.0,1433.0642,116.6238
460.0,970.0,1439.9641,125.3878
460.0,980.0,1446.9002,134.1723
460.0,990.0,1453.872,142.9768
460.0,1000.0,1460.879,151.8007
470.0,-1000.0,1453.7785,147.1478
470.0,-990.0,1446.7372,138.2877
470.0,-980.0,1439.7308,129.4467
470.0,-970.0,1432.76,120.6252
470.0,-960.0,1425.8253,111.8236
470.0,-950.0,1418.9271,103.0425
470.0,-940.0,1412.0661,94.2823
470.0,-930.0,1405.2427,85.5435
470.0,-920.0,1398.4575,76.8266
470.0,-910.0,1391.7111,68.1323
470.0,-900.0,1385.0041,59.4609
470.0,-890.0,1378.3369,50.8132
470.0,-880.0,1371.7103,42.1897
470.0,-870.0,1365.1247,33.591
470.0,-860.0,1358.5809,25.0177
470.0,-850.0,1352.0793,16.4705
470.0,-840.0,1345.6206,7.95
470.0,-830.0,1339.2055,-0.5431
470.0,-820.0,1332.8344,-9.008
470.0,-810.0,1326.5082,-17.4441
470.0,-800.0,1320.2275,-25.8506
470.0,-790.0,1313.9928,-34.2268
470.0,-780.0,1307.8048,-42.5717
470.0,-770.0,1301.6642,-50.8847
470.0,-760.0,1295.5718,-59.1648
470.0,-750.0,1289.5281,-67.4113
470.0,-740.0,1283.5338,-75.6231
470.0,-730.0,1277.5897,-83.7993
470.0,-720.0,1271.6965,-91.9391
470.0,-710.0,1265.8548,-100.0413
470.0,-700.0,1260.0654,-108.1051
470.0,-690.0,1254.329,-116.1293
470.0,-680.0,1248.6463,-124.1128
470.0,-670.0,1243.0181,-132.0545
470.0,-660.0,1237.4452,-139.9533
470.0,-650.0,1231.9281,-147.8079
470.0,-640.0,1226.4678,-155.6172
470.0,-630.0,1221.065,-163.3799
470.0,-620.0,1215.7205,-171.0946
470.0,-610.0,1210.4349,-178.76
470.0,-600.0,1205.2091,-186.3747
470.0,-590.0,1200.044,-193.9373
470.0,-580.0,1194.9401,-201.4463
470.0,-570.0,1189.8985,-208.9002
470.0,-560.0,1184.9197,-216.2973
470.0,-550.0,1180.0048,-223.6362
470.0,-540.0,1175.1543,-230.915
470.0,-530.0,1170.3692,-238.1321
470.0,-520.0,1165.6502,-245.2857
470.0,-510.0,1160.9982,-252.374
470.0,-500.0,1156.414,-259.3951
470.0,-490.0,1151.8983,-266.3471
470.0,-480.0,1147.4521,-273.228
470.0,-470.0,1143.076,-280.0358
470.0,-460.0,1138.7709,-286.7684
470.0,-450.0,1134.5376,-293.4235
470.0,-440.0,1130.3769,-299.9991
470.0,-430.0,1126.2896,-306.4928
470.0,-420.0,1122.2766,-312.9023
470.0,-410.0,1118.3386,-319.2253
470.0,-400.0,1114.4764,-325.4593
470.0,-390.0,1110.6908,-331.6019
470.0,-380.0,1106.9826,-337.6504
470.0,-370.0,1103.3526,-343.6023
470.0,-360.0,1099.8015,-349.4549
470.0,-350.0,1096.3301,-355.2056
470.0,-340.0,1092.9393,-360.8515
470.0,-330.0,1089.6296,-366.3899
470.0,-320.0,1086.4019,-371.8179
470.0,-310.0,1083.2569,-377.1327
470.0,-300.0,1080.1953,-382.3313
470.0,-290.0,1077.2179,-387.4108
470.0,-280.0,1074.3253,-392.3681
470.0,-270.0,1071.5182,-397.2003
470.0,-260.0,1068.7973,-401.9043
470.0,-250.0,1066.1632,-406.4772
470.0,-240.0,1063.6167,-410.9157
470.0,-230.0,1061.1583,-415.2169
470.0,-220.0,1058.7886,-419.3777
470.0,-210.0,1056.5083,-423.3951
470.0,-200.0,1054.3179,-427.2661
470.0,-190.0,1052.218,-430.9876
470.0,-180.0,1050.2091,-434.5568
470.0,-170.0,1048.2917,-437.9707
470.0,-160.0,1046.4664,-441.2264
470.0,-150.0,1044.7336,-444.3212
470.0,-140.0,1043.0938,-447.2525
470.0,-130.0,1041.5475,-450.0175
470.0,-120.0,1040.095,-452.6137
470.0,-110.0,1038.7368,-455.0388
470.0,-100.0,1037.4731,-457.2905
470.0,-90.0,1036.3044,-459.3665
470.0,-80.0,1035.2311,-461.2649
470.0,-70.0,1034.2532,-462.9837
470.0,-60.0,1033.3713,-464.5213
470.0,-50.0,1032.5854,-465.876
470.0,-40.0,1031.8958,-467.0466
470.0,-30.0,1031.3028,-468.0317
470.0,-20.0,1030.8064,-468.8303
470.0,-10.0,1030.4069,-469.4416
470.0,0.0,1030.1042,-469.865
470.0,10.0,1030.4069,-469.4416
470.0,20.0,1030.8064,-468.8303
470.0,30.0,1031.3028,-468.0317
470.0,40.0,1031.8958,-467.0466
470.0,50.0,1032.5854,-465.876
470.0,60.0,1033.3713,-464.5213
470.0,70.0,1034.2532,-462.9837
470.0,80.0,1035.2311,-461.2649
470.0,90.0,1036.3044,-459.3665
470.0,100.0,1037.4731,-457.2905
470.0,110.0,1038.7368,-455.0388
470.0,120.0,1040.095,-452.6137
470.0,130.0,1041.5475,-450.0175
470.0,140.0,1043.0938,-447.2525
470.0,150.0,1044.7336,-444.3212
470.0,160.0,1046.4664,-441.2264
470.0,170.0,1048.2917,-437.9707
470.0,180.0,1050.2091,-434.5568
470.0,190.0,1052.218,-430.9876
470.0,200.0,1054.3179,-427.2661
470.0,210.0,1056.5083,-423.3951
470.0,220.0,1058.7886,-419.3777
470.0,230.0,1061.1583,-415.2169
470.0,240.0,1063.6167,-410.9157
470.0,250.0,1066.1632,-406.4772
470.0,260.0,1068.7973,-401.9043
470.0,270.0,1071.5182,-397.2003
470.0,280.0,1074.3253,-392.3681
470.0,290.0,1077.2179,-387.4108
470.0,300.0,1080.1953,-382.3313
470.0,310.0,1083.2569,-377.1327
470.0,320.0,1086.4019,-371.8179
470.0,330.0,1089.6296,-366.3899
470.0,340.0,1092.9393,-360.8515
470.0,350.0,1096.3301,-355.2056
470.0,360.0,1099.8015,-349.4549
470.0,370.0,1103.3526,-343.6023
470.0,380.0,1106.9826,-337.6504
470.0,390.0,1110.6908,-331.6019
470.0,400.0,1114.4764,-325.4593
470.0,410.0,1118.3386,-319.2253
470.0,420.0,1122.2766,-312.9023
470.0,430.0,1126.2896,-306.4928
470.0,440.0,1130.3769,-299.9991
470.0,450.0,1134.5376,-293.4235
470.0,460.0,1138.7709,-286.7684
470.0,470.0,1143.076,-280.0358
470.0,480.0,1147.4521,-273.228
470.0,490.0,1151.8983,-266.3471
470.0,500.0,1156.414,-259.3951
470.0,510.0,1160.9982,-252.374
470.0,520.0,1165.6502,-245.2857
470.0,530.0,1170.3692,-238.1321
470.0,540.0,1175.1543,-230.915
470.0,550.0,1180.0048,-223.6362
470.0,560.0,1184.9197,-216.2973
470.0,570.0,1189.8985,-208.9002
470.0,580.0,1194.9401,-201.4463
470.0,590.0,1200.044,-193.9373
470.0,600.0,1205.2091,-186.3747
470.0,610.0,1210.4349,-178.76
470.0,620.0,1215.7205,-171.0946
470.0,630.0,1221.065,-163.3799
470.0,640.0,1226.4678,-155.6172
470.0,650.0,1231.9281,-147.8079
470.0,660.0,1237.4452,-139.9533
470.0,670.0,1243.0181,-132.0545
470.0,680.0,1248.6463,-124.1128
470.0,690.0,1254.329,-116.1293
470.0,700.0,1260.0654,-108.1051
470.0,710.0,1265.8548,-100.0413
470.0,720.0,1271.6965,-91.9391
470.0,730.0,1277.5897,-83.7993
470.0,740.0,1283.5338,-75.6231
470.0,750.0,1289.5281,-67.4113
470.0,760.0,1295.5718,-59.1648
470.0,770.0,1301.6642,-50.8847
470.0,780.0,1307.8048,-42.5717
470.0,790.0,1313.9928,-34.2268
470.0,800.0,1320.2275,-25.8506
470.0,810.0,1326.5082,-17.4441
470.0,820.0,1332.8344,-9.008
470.0,830.0,1339.2055,-0.5431
470.0,840.0,1345.6206,7.95
470.0,850.0,1352.0793,16.4705
470.0,860.0,1358.5809,25.0177
470.0,870.0,1365.1247,33.591
470.0,880.0,1371.7103,42.1897
470.0,890.0,1378.3369,50.8132
470.0,900.0,1385.0041,59.4609
470.0,910.0,1391.7111,68.1323
470.0,920.0,1398.4575,76.8266
470.0,930.0,1405.2427,85.5435
470.0,940.0,1412.0661,94.2823
470.0,950.0,1418.9271,103.0425
470.0,960.0,1425.8253,111.8236
470.0,970.0,1432.76,120.6252
470.0,980.0,1439.7308,129.4467
470.0,990.0,1446.7372,138.2877
470.0,1000.0,1453.7785,147.1478
480.0,-1000.0,1446.7123,142.5634
480.0,-990.0,1439.6364,133.6675
480.0,-980.0,1432.5953,124.7902
480.0,-970.0,1425.5896,115.9318
480.0,-960.0,1418.6198,107.093
480.0,-950.0,1411.6865,98.274
480.0,-940.0,1404.7901,89.4754
480.0,-930.0,1397.9312,80.6978
480.0,-920.0,1391.1103,71.9415
480.0,-910.0,1384.3281,63.2072
480.0,-900.0,1377.5851,54.4954
480.0,-890.0,1370.8819,45.8066
480.0,-880.0,1364.2191,37.1415
480.0,-870.0,1357.5972,28.5006
480.0,-860.0,1351.0168,19.8845
480.0,-850.0,1344.4787,11.2939
480.0,-840.0,1337.9833,2.7294
480.0,-830.0,1331.5314,-5.8083
480.0,-820.0,1325.1235,-14.3184
480.0,-810.0,1318.7603,-22.8004
480.0,-800.0,1312.4424,-31.2534
480.0,-790.0,1306.1706,-39.6766
480.0,-780.0,1299.9454,-48.0693
480.0,-770.0,1293.7675,-56.4308
480.0,-760.0,1287.6377,-64.76
480.0,-750.0,1281.5566,-73.0562
480.0,-740.0,1275.5249,-81.3185
480.0,-730.0,1269.5433,-89.5459
480.0,-720.0,1263.6125,-97.7375
480.0,-710.0,1257.7333,-105.8923
480.0,-700.0,1251.9063,-114.0093
480.0,-690.0,1246.1323,-122.0874
480.0,-680.0,1240.4121,-130.1256
480.0,-670.0,1234.7464,-138.1227
480.0,-660.0,1229.1359,-146.0776
480.0,-650.0,1223.5814,-153.9892
480.0,-640.0,1218.0837,-161.856
480.0,-630.0,1212.6435,-169.677
480.0,-620.0,1207.2617,-177.4508
480.0,-610.0,1201.9389,-185.176
480.0,-600.0,1196.6761,-192.8513
480.0,-590.0,1191.4739,-200.4751
480.0,-580.0,1186.3332,-208.0461
480.0,-570.0,1181.2548,-215.5627
480.0,-560.0,1176.2395,-223.0232
480.0,-550.0,1171.2881,-230.4262
480.0,-540.0,1166.4014,-237.7698
480.0,-530.0,1161.5802,-245.0525
480.0,-520.0,1156.8254,-252.2723
480.0,-510.0,1152.1378,-259.4275
480.0,-500.0,1147.5182,-266.5161
480.0,-490.0,1142.9673,-273.5363
480.0,-480.0,1138.4862,-280.4859
480.0,-470.0,1134.0755,-287.363
480.0,-460.0,1129.7361,-294.1654
480.0,-450.0,1125.4688,-300.891
480.0,-440.0,1121.2745,-307.5375
480.0,-430.0,1117.1539,-314.1026
480.0,-420.0,1113.108,-320.5839
480.0,-410.0,1109.1374,-326.9791
480.0,-400.0,1105.2431,-333.2856
480.0,-390.0,1101.4257,-339.5009
480.0,-380.0,1097.6862,-345.6224
480.0,-370.0,1094.0254,-351.6475
480.0,-360.0,1090.4439,-357.5734
480.0,-350.0,1086.9427,-363.3974
480.0,-340.0,1083.5224,-369.1166
480.0,-330.0,1080.1839,-374.7282
480.0,-320.0,1076.9279,-380.2293
480.0,-310.0,1073.7551,-385.6168
480.0,-300.0,1070.6664,-390.8878
480.0,-290.0,1067.6624,-396.0392
480.0,-280.0,1064.7438,-401.068
480.0,-270.0,1061.9114,-405.971
480.0,-260.0,1059.1658,-410.745
480.0,-250.0,1056.5077,-415.387
480.0,-240.0,1053.9379,-419.8937
480.0,-230.0,1051.4568,-424.2619
480.0,-220.0,1049.0653,-428.4886
480.0,-210.0,1046.7637,-432.5705
480.0,-200.0,1044.5529,-436.5045
480.0,-190.0,1042.4333,-440.2875
480.0,-180.0,1040.4055,-443.9163
480.0,-170.0,1038.4701,-447.388
480.0,-160.0,1036.6275,-450.6996
480.0,-150.0,1034.8782,-453.8481
480.0,-140.0,1033.2228,-456.8307
480.0,-130.0,1031.6616,-459.6447
480.0,-120.0,1030.1952,-462.2874
480.0,-110.0,1028.8239,-464.7564
480.0,-100.0,1027.5481,-467.0491
480.0,-90.0,1026.3681,-469.1633
480.0,-80.0,1025.2843,-471.0968
480.0,-70.0,1024.297,-472.8477
480.0,-60.0,1023.4064,-474.4141
480.0,-50.0,1022.6129,-475.7945
480.0,-40.0,1021.9166,-476.9872
480.0,-30.0,1021.3178,-477.991
480.0,-20.0,1020.8166,-478.8049
480.0,-10.0,1020.4131,-479.4279
480.0,0.0,1020.1075,-479.8594
480.0,10.0,1020.4131,-479.4279
480.0,20.0,1020.8166,-478.8049
480.0,30.0,1021.3178,-477.991
480.0,40.0,1021.9166,-476.9872
480.0,50.0,1022.6129,-475.7945
480.0,60.0,1023.4064,-474.4141
480.0,70.0,1024.297,-472.8477
480.0,80.0,1025.2843,-471.0968
480.0,90.0,1026.3681,-469.1633
480.0,100.0,1027.5481,-467.0491
480.0,110.0,1028.8239,-464.7564
480.0,120.0,1030.1952,-462.2874
480.0,130.0,1031.6616,-459.6447
480.0,140.0,1033.2228,-456.8307
480.0,150.0,1034.8782,-453.8481
480.0,160.0,1036.6275,-450.6996
480.0,170.0,1038.4701,-447.388
480.0,180.0,1040.4055,-443.9163
480.0,190.0,1042.4333,-440.2875
480.0,200.0,1044.5529,-436.5045
480.0,210.0,1046.7637,-432.5705
480.0,220.0,1049.0653,-428.4886
480.0,230.0,1051.4568,-424.2619
480.0,240.0,1053.9379,-419.8937
480.0,250.0,1056.5077,-415.387
480.0,260.0,1059.1658,-410.745
480.0,270.0,1061.9114,-405.971
480.0,280.0,1064.7438,-401.068
480.0,290.0,1067.6624,-396.0392
480.0,300.0,1070.6664,-390.8878
480.0,310.0,1073.7551,-385.6168
480.0,320.0,1076.9279,-380.2293
480.0,330.0,1080.1839,-374.7282
480.0,340.0,1083.5224,-369.1166
480.0,350.0,1086.9427,-363.3974
480.0,360.0,1090.4439,-357.5734
480.0,370.0,1094.0254,-351.6475
480.0,380.0,1097.6862,-345.6224
480.0,390.0,1101.4257,-339.5009
480.0,400.0,1105.2431,-333.2856
480.0,410.0,1109.1374,-326.9791
480.0,420.0,1113.108,-320.5839
480.0,430.0,1117.1539,-314.1026
480.0,440.0,1121.2745,-307.5375
480.0,450.0,1125.4688,-300.891
480.0,460.0,1129.7361,-294.1654
480.0,470.0,1134.0755,-287.363
480.0,480.0,1138.4862,-280.4859
480.0,490.0,1142.9673,-273.5363
480.0,500.0,1147.5182,-266.5161
480.0,510.0,1152.1378,-259.4275
480.0,520.0,1156.8254,-252.2723
480.0,530.0,1161.5802,-245.0525
480.0,540.0,1166.4014,-237.7698
480.0,550.0,1171.2881,-230.4262
480.0,560.0,1176.2395,-223.0232
480.0,570.0,1181.2548,-215.5627
480.0,580.0,1186.3332,-208.0461
480.0,590.0,1191.4739,-200.4751
480.0,600.0,1196.6761,-192.8513
480.0,610.0,1201.9389,-185.176
480.0,620.0,1207.2617,-177.4508
480.0,630.0,1212.6435,-169.677
480.0,640.0,1218.0837,-161.856
480.0,650.0,1223.5814,-153.9892
480.0,660.0,1229.1359,-146.0776
480.0,670.0,1234.7464,-138.1227
480.0,680.0,1240.4121,-130.1256
480.0,690.0,1246.1323,-122.0874
480.0,700.0,1251.9063,-114.0093
480.0,710.0,1257.7333,-105.8923
480.0,720.0,1263.6125,-97.7375
480.0,730.0,1269.5433,-89.5459
480.0,740.0,1275.5249,-81.3185
480.0,750.0,1281.5566,-73.0562
480.0,760.0,1287.6377,-64.76
480.0,770.0,1293.7675,-56.4308
480.0,780.0,1299.9454,-48.0693
480.0,790.0,1306.1706,-39.6766
480.0,800.0,1312.4424,-31.2534
480.0,810.0,1318.7603,-22.8004
480.0,820.0,1325.1235,-14.3184
480.0,830.0,1331.5314,-5.8083
480.0,840.0,1337.9833,2.7294
480.0,850.0,1344.4787,11.2939
480.0,860.0,1351.0168,19.8845
480.0,870.0,1357.5972,28.5006
480.0,880.0,1364.2191,37.1415
480.0,890.0,1370.8819,45.8066
480.0,900.0,1377.5851,54.4954
480.0,910.0,1384.3281,63.2072
480.0,920.0,1391.1103,71.9415
480.0,930.0,1397.9312,80.6978
480.0,940.0,1404.7901,89.4754
480.0,950.0,1411.6865,98.274
480.0,960.0,1418.6198,107.093
480.0,970.0,1425.5896,115.9318
480.0,980.0,1432.5953,124.7902
480.0,990.0,1439.6364,133.6675
480.0,1000.0,1446.7123,142.5634
490.0,-1000.0,1439.6809,138.0484
490.0,-990.0,1432.5703,129.1169
490.0,-980.0,1425.4943,120.2035
490.0,-970.0,1418.4535,111.3087
490.0,-960.0,1411.4485,102.4327
490.0,-950.0,1404.4797,93.5762
490.0,-940.0,1397.5477,84.7395
490.0,-930.0,1390.6531,75.9232
490.0,-920.0,1383.7964,67.1278
490.0,-910.0,1376.9782,58.3537
490.0,-900.0,1370.199,49.6016
490.0,-890.0,1363.4595,40.872
490.0,-880.0,1356.7602,32.1654
490.0,-870.0,1350.1017,23.4825
490.0,-860.0,1343.4847,14.8238
490.0,-850.0,1336.9097,6.19
490.0,-840.0,1330.3774,-2.4183
490.0,-830.0,1323.8884,-11.0004
490.0,-820.0,1317.4433,-19.5556
490.0,-810.0,1311.0428,-28.0833
490.0,-800.0,1304.6876,-36.5826
490.0,-790.0,1298.3783,-45.0528
490.0,-780.0,1292.1155,-53.4933
490.0,-770.0,1285.9001,-61.903
490.0,-760.0,1279.7325,-70.2813
490.0,-750.0,1273.6137,-78.6272
490.0,-740.0,1267.5442,-86.9399
490.0,-730.0,1261.5247,-95.2184
490.0,-720.0,1255.5561,-103.4618
490.0,-710.0,1249.639,-111.6692
490.0,-700.0,1243.7741,-119.8394
490.0,-690.0,1237.9622,-127.9716
490.0,-680.0,1232.204,-136.0645
490.0,-670.0,1226.5004,-144.1171
490.0,-660.0,1220.852,-152.1283
490.0,-650.0,1215.2597,-160.0968
490.0,-640.0,1209.7241,-168.0214
490.0,-630.0,1204.2462,-175.9009
490.0,-620.0,1198.8267,-183.734
490.0,-610.0,1193.4663,-191.5192
490.0,-600.0,1188.1659,-199.2553
490.0,-590.0,1182.9263,-206.9407
490.0,-580.0,1177.7483,-214.574
490.0,-570.0,1172.6327,-222.1536
490.0,-560.0,1167.5804,-229.678
490.0,-550.0,1162.5921,-237.1456
490.0,-540.0,1157.6687,-244.5545
490.0,-530.0,1152.811,-251.9032
490.0,-520.0,1148.0199,-259.1898
490.0,-510.0,1143.2961,-266.4124
490.0,-500.0,1138.6406,-273.5692
490.0,-490.0,1134.0542,-280.6582
490.0,-480.0,1129.5377,-287.6773
490.0,-470.0,1125.0919,-294.6246
490.0,-460.0,1120.7177,-301.4977
490.0,-450.0,1116.416,-308.2946
490.0,-440.0,1112.1875,-315.0129
490.0,-430.0,1108.0332,-321.6503
490.0,-420.0,1103.9538,-328.2044
490.0,-410.0,1099.9502,-334.6728
490.0,-400.0,1096.0232,-341.053
490.0,-390.0,1092.1736,-347.3423
490.0,-380.0,1088.4023,-353.538
490.0,-370.0,1084.7101,-359.6376
490.0,-360.0,1081.0978,-365.6381
490.0,-350.0,1077.5662,-371.5368
490.0,-340.0,1074.1161,-377.3308
490.0,-330.0,1070.7482,-383.0171
490.0,-320.0,1067.4634,-388.5928
490.0,-310.0,1064.2625,-394.0547
490.0,-300.0,1061.1461,-399.3997
490.0,-290.0,1058.1151,-404.6248
490.0,-280.0,1055.1701,-409.7267
490.0,-270.0,1052.3119,-414.7022
490.0,-260.0,1049.5412,-419.548
490.0,-250.0,1046.8587,-424.2609
490.0,-240.0,1044.2651,-428.8377
490.0,-230.0,1041.761,-433.2749
490.0,-220.0,1039.3471,-437.5693
490.0,-210.0,1037.0241,-441.7176
490.0,-200.0,1034.7924,-445.7165
490.0,-190.0,1032.6528,-449.5627
490.0,-180.0,1030.6057,-453.2531
490.0,-170.0,1028.6518,-456.7845
490.0,-160.0,1026.7916,-460.1537
490.0,-150.0,1025.0256,-463.3577
490.0,-140.0,1023.3542,-466.3935
490.0,-130.0,1021.778,-469.2582
490.0,-120.0,1020.2974,-471.949
490.0,-110.0,1018.9127,-474.4633
490.0,-100.0,1017.6245,-476.7986
490.0,-90.0,1016.433,-478.9523
490.0,-80.0,1015.3386,-480.9223
490.0,-70.0,1014.3416,-482.7065
490.0,-60.0,1013.4423,-484.3029
490.0,-50.0,1012.641,-485.7097
490.0,-40.0,1011.9378,-486.9255
490.0,-30.0,1011.3331,-487.9488
490.0,-20.0,1010.8269,-488.7786
490.0,-10.0,1010.4194,-489.4138
490.0,0.0,1010.1108,-489.8537
490.0,10.0,1010.4194,-489.4138
490.0,20.0,1010.8269,-488.7786
490.0,30.0,1011.3331,-487.9488
490.0,40.0,1011.9378,-486.9255
490.0,50.0,1012.641,-485.7097
490.0,60.0,1013.4423,-484.3029
490.0,70.0,1014.3416,-482.7065
490.0,80.0,1015.3386,-480.9223
490.0,90.0,1016.433,-478.9523
490.0,100.0,1017.6245,-476.7986
490.0,110.0,1018.9127,-474.4633
490.0,120.0,1020.2974,-471.949
490.0,130.0,1021.778,-469.2582
490.0,140.0,1023.3542,-466.3935
490.0,150.0,1025.0256,-463.3577
490.0,160.0,1026.7916,-460.1537
490.0,170.0,1028.6518,-456.7845
490.0,180.0,1030.6057,-453.2531
490.0,190.0,1032.6528,-449.5627
490.0,200.0,1034.7924,-445.7165
490.0,210.0,1037.0241,-441.7176
490.0,220.0,1039.3471,-437.5693
490.0,230.0,1041.761,-433.2749
490.0,240.0,1044.2651,-428.8377
490.0,250.0,1046.8587,-424.2609
490.0,260.0,1049.5412,-419.548
490.0,270.0,1052.3119,-414.7022
490.0,280.0,1055.1701,-409.7267
490.0,290.0,1058.1151,-404.6248
490.0,300.0,1061.1461,-399.3997
490.0,310.0,1064.2625,-394.0547
490.0,320.0,1067.4634,-388.5928
490.0,330.0,1070.7482,-383.0171
490.0,340.0,1074.1161,-377.3308
490.0,350.0,1077.5662,-371.5368
490.0,360.0,1081.0978,-365.6381
490.0,370.0,1084.7101,-359.6376
490.0,380.0,1088.4023,-353.538
490.0,390.0,1092.1736,-347.3423
490.0,400.0,1096.0232,-341.053
490.0,410.0,1099.9502,-334.6728
490.0,420.0,1103.9538,-328.2044
490.0,430.0,1108.0332,-321.6503
490.0,440.0,1112.1875,-315.0129
490.0,450.0,1116.416,-308.2946
490.0,460.0,1120.7177,-301.4977
490.0,470.0,1125.0919,-294.6246
490.0,480.0,1129.5377,-287.6773
490.0,490.0,1134.0542,-280.6582
490.0,500.0,1138.6406,-273.5692
490.0,510.0,1143.2961,-266.4124
490.0,520.0,1148.0199,-259.1898
490.0,530.0,1152.811,-251.9032
490.0,540.0,1157.6687,-244.5545
490.0,550.0,1162.5921,-237.1456
490.0,560.0,1167.5804,-229.678
490.0,570.0,1172.6327,-222.1536
490.0,580.0,1177.7483,-214.574
490.0,590.0,1182.9263,-206.9407
490.0,600.0,1188.1659,-199.2553
490.0,610.0,1193.4663,-191.5192
490.0,620.0,1198.8267,-183.734
490.0,630.0,1204.2462,-175.9009
490.0,640.0,1209.7241,-168.0214
490.0,650.0,1215.2597,-160.0968
490.0,660.0,1220.852,-152.1283
490.0,670.0,1226.5004,-144.1171
490.0,680.0,1232.204,-136.0645
490.0,690.0,1237.9622,-127.9716
490.0,700.0,1243.7741,-119.8394
490.0,710.0,1249.639,-111.6692
490.0,720.0,1255.5561,-103.4618
490.0,730.0,1261.5247,-95.2184
490.0,740.0,1267.5442,-86.9399
490.0,750.0,1273.6137,-78.6272
490.0,760.0,1279.7325,-70.2813
490.0,770.0,1285.9001,-61.903
490.0,780.0,1292.1155,-53.4933
490.0,790.0,1298.3783,-45.0528
490.0,800.0,1304.6876,-36.5826
490.0,810.0,1311.0428,-28.0833
490.0,820.0,1317.4433,-19.5556
490.0,830.0,1323.8884,-11.0004
490.0,840.0,1330.3774,-2.4183
490.0,850.0,1336.9097,6.19
490.0,860.0,1343.4847,14.8238
490.0,870.0,1350.1017,23.4825
490.0,880.0,1356.7602,32.1654
490.0,890.0,1363.4595,40.872
490.0,900.0,1370.199,49.6016
490.0,910.0,1376.9782,58.3537
490.0,920.0,1383.7964,67.1278
490.0,930.0,1390.6531,75.9232
490.0,940.0,1397.5477,84.7395
490.0,950.0,1404.4797,93.5762
490.0,960.0,1411.4485,102.4327
490.0,970.0,1418.4535,111.3087
490.0,980.0,1425.4943,120.2035
490.0,990.0,1432.5703,129.1169
490.0,1000.0,1439.6809,138.0484
500.0,-1000.0,1432.6848,133.6036
500.0,-990.0,1425.5392,124.6369
500.0,-980.0,1418.4282,115.6877
500.0,-970.0,1411.3522,106.7565
500.0,-960.0,1404.3117,97.8438
500.0,-950.0,1397.3073,88.9499
500.0,-940.0,1390.3396,80.0754
500.0,-930.0,1383.4091,71.2207
500.0,-920.0,1376.5163,62.3863
500.0,-910.0,1369.6618,53.5728
500.0,-900.0,1362.8463,44.7807
500.0,-890.0,1356.0702,36.0104
500.0,-880.0,1349.3342,27.2626
500.0,-870.0,1342.6389,18.5379
500.0,-860.0,1335.9849,9.8368
500.0,-850.0,1329.3728,1.16
500.0,-840.0,1322.8033,-7.4919
500.0,-830.0,1316.2769,-16.1182
500.0,-820.0,1309.7944,-24.7184
500.0,-810.0,1303.3564,-33.2916
500.0,-800.0,1296.9635,-41.8371
500.0,-790.0,1290.6164,-50.3542
500.0,-780.0,1284.3158,-58.8422
500.0,-770.0,1278.0624,-67.3001
500.0,-760.0,1271.8569,-75.7273
500.0,-750.0,1265.7,-84.1229
500.0,-740.0,1259.5923,-92.4859
500.0,-730.0,1253.5347,-100.8155
500.0,-720.0,1247.5278,-109.1107
500.0,-710.0,1241.5724,-117.3706
500.0,-700.0,1235.6693,-125.5941
500.0,-690.0,1229.8191,-133.7803
500.0,-680.0,1224.0226,-141.928
500.0,-670.0,1218.2807,-150.0362
500.0,-660.0,1212.594,-158.1036
500.0,-650.0,1206.9634,-166.1292
500.0,-640.0,1201.3896,-174.1118
500.0,-630.0,1195.8735,-182.0499
500.0,-620.0,1190.4159,-189.9424
500.0,-610.0,1185.0175,-197.7879
500.0,-600.0,1179.6791,-205.585
500.0,-590.0,1174.4016,-213.3323
500.0,-580.0,1169.1859,-221.0282
500.0,-570.0,1164.0327,-228.6712
500.0,-560.0,1158.9428,-236.2599
500.0,-550.0,1153.9172,-243.7924
500.0,-540.0,1148.9566,-251.2671
500.0,-530.0,1144.062,-258.6824
500.0,-520.0,1139.234,-266.0362
500.0,-510.0,1134.4737,-273.3269
500.0,-500.0,1129.7819,-280.5525
500.0,-490.0,1125.1593,-287.711
500.0,-480.0,1120.6069,-294.8003
500.0,-470.0,1116.1256,-301.8184
500.0,-460.0,1111.7161,-308.7631
500.0,-450.0,1107.3794,-315.6321
500.0,-440.0,1103.1163,-322.4231
500.0,-430.0,1098.9277,-329.1339
500.0,-420.0,1094.8144,-335.7618
500.0,-410.0,1090.7772,-342.3046
500.0,-400.0,1086.8171,-348.7595
500.0,-390.0,1082.9348,-355.1239
500.0,-380.0,1079.1312,-361.3952
500.0,-370.0,1075.4072,-367.5705
500.0,-360.0,1071.7635,-373.647
500.0,-350.0,1068.2011,-379.6219
500.0,-340.0,1064.7206,-385.4921
500.0,-330.0,1061.3229,-391.2547
500.0,-320.0,1058.0089,-396.9064
500.0,-310.0,1054.7792,-402.4443
500.0,-300.0,1051.6347,-407.8651
500.0,-290.0,1048.5762,-413.1655
500.0,-280.0,1045.6044,-418.3423
500.0,-270.0,1042.72,-423.3922
500.0,-260.0,1039.9237,-428.3117
500.0,-250.0,1037.2164,-433.0974
500.0,-240.0,1034.5986,-437.7461
500.0,-230.0,1032.071,-442.2542
500.0,-220.0,1029.6344,-446.6182
500.0,-210.0,1027.2894,-450.8349
500.0,-200.0,1025.0365,-454.9007
500.0,-190.0,1022.8765,-458.8122
500.0,-180.0,1020.8099,-462.5661
500.0,-170.0,1018.8372,-466.1591
500.0,-160.0,1016.959,-469.5878
500.0,-150.0,1015.1759,-472.8491
500.0,-140.0,1013.4883,-475.9399
500.0,-130.0,1011.8967,-478.8571
500.0,-120.0,1010.4016,-481.5978
500.0,-110.0,1009.0033,-484.1591
500.0,-100.0,1007.7024,-486.5384
500.0,-90.0,1006.4992,-488.7332
500.0,-80.0,1005.394,-490.741
500.0,-70.0,1004.3871,-492.5597
500.0,-60.0,1003.4789,-494.1872
500.0,-50.0,1002.6696,-495.6216
500.0,-40.0,1001.9595,-496.8614
500.0,-30.0,1001.3487,-497.9049
500.0,-20.0,1000.8375,-498.7512
500.0,-10.0,1000.4259,-499.399
500.0,0.0,1000.1142,-499.8477
500.0,10.0,1000.4259,-499.399
500.0,20.0,1000.8375,-498.7512
500.0,30.0,1001.3487,-497.9049
500.0,40.0,1001.9595,-496.8614
500.0,50.0,1002.6696,-495.6216
500.0,60.0,1003.4789,-494.1872
500.0,70.0,1004.3871,-492.5597
500.0,80.0,1005.394,-490.741
500.0,90.0,1006.4992,-488.7332
500.0,100.0,1007.7024,-486.5384
500.0,110.0,1009.0033,-484.1591
500.0,120.0,1010.4016,-481.5978
500.0,130.0,1011.8967,-478.8571
500.0,140.0,1013.4883,-475.9399
500.0,150.0,1015.1759,-472.8491
500.0,160.0,1016.959,-469.5878
500.0,170.0,1018.8372,-466.1591
500.0,180.0,1020.8099,-462.5661
500.0,190.0,1022.8765,-458.8122
500.0,200.0,1025.0365,-454.9007
500.0,210.0,1027.2894,-450.8349
500.0,220.0,1029.6344,-446.6182
500.0,230.0,1032.071,-442.2542
500.0,240.0,1034.5986,-437.7461
500.0,250.0,1037.2164,-433.0974
500.0,260.0,1039.9237,-428.3117
500.0,270.0,1042.72,-423.3922
500.0,280.0,1045.6044,-418.3423
500.0,290.0,1048.5762,-413.1655
500.0,300.0,1051.6347,-407.8651
500.0,310.0,1054.7792,-402.4443
500.0,320.0,1058.0089,-396.9064
500.0,330.0,1061.3229,-391.2547
500.0,340.0,1064.7206,-385.4921
500.0,350.0,1068.2011,-379.6219
500.0,360.0,1071.7635,-373.647
500.0,370.0,1075.4072,-367.5705
500.0,380.0,1079.1312,-361.3952
500.0,390.0,1082.9348,-355.1239
500.0,400.0,1086.8171,-348.7595
500.0,410.0,1090.7772,-342.3046
500.0,420.0,1094.8144,-335.7618
500.0,430.0,1098.9277,-329.1339
500.0,440.0,1103.1163,-322.4231
500.0,450.0,1107.3794,-315.6321
500.0,460.0,1111.7161,-308.7631
500.0,470.0,1116.1256,-301.8184
500.0,480.0,1120.6069,-294.8003
500.0,490.0,1125.1593,-287.711
500.0,500.0,1129.7819,-280.5525
500.0,510.0,1134.4737,-273.3269
500.0,520.0,1139.234,-266.0362
500.0,530.0,1144.062,-258.6824
500.0,540.0,1148.9566,-251.2671
500.0,550.0,1153.9172,-243.7924
500.0,560.0,1158.9428,-236.2599
500.0,570.0,1164.0327,-228.6712
500.0,580.0,1169.1859,-221.0282
500.0,590.0,1174.4016,-213.3323
500.0,600.0,1179.6791,-205.585
500.0,610.0,1185.0175,-197.7879
500.0,620.0,1190.4159,-189.9424
500.0,630.0,1195.8735,-182.0499
500.0,640.0,1201.3896,-174.1118
500.0,650.0,1206.9634,-166.1292
500.0,660.0,1212.594,-158.1036
500.0,670.0,1218.2807,-150.0362
500.0,680.0,1224.0226,-141.928
500.0,690.0,1229.8191,-133.7803
500.0,700.0,1235.6693,-125.5941
500.0,710.0,1241.5724,-117.3706
500.0,720.0,1247.5278,-109.1107
500.0,730.0,1253.5347,-100.8155
500.0,740.0,1259.5923,-92.4859
500.0,750.0,1265.7,-84.1229
500.0,760.0,1271.8569,-75.7273
500.0,770.0,1278.0624,-67.3001
500.0,780.0,1284.3158,-58.8422
500.0,790.0,1290.6164,-50.3542
500.0,800.0,1296.9635,-41.8371
500.0,810.0,1303.3564,-33.2916
500.0,820.0,1309.7944,-24.7184
500.0,830.0,1316.2769,-16.1182
500.0,840.0,1322.8033,-7.4919
500.0,850.0,1329.3728,1.16
500.0,860.0,1335.9849,9.8368
500.0,870.0,1342.6389,18.5379
500.0,880.0,1349.3342,27.2626
500.0,890.0,1356.0702,36.0104
500.0,900.0,1362.8463,44.7807
500.0,910.0,1369.6618,53.5728
500.0,920.0,1376.5163,62.3863
500.0,930.0,1383.4091,71.2207
500.0,940.0,1390.3396,80.0754
500.0,950.0,1397.3073,88.9499
500.0,960.0,1404.3117,97.8438
500.0,970.0,1411.3522,106.7565
500.0,980.0,1418.4282,115.6877
500.0,990.0,1425.5392,124.6369
500.0,1000.0,1432.6848,133.6036
510.0,-1000.0,1425.7245,129.2299
510.0,-990.0,1418.5439,120.2282
510.0,-980.0,1411.3976,111.2435
510.0,-970.0,1404.2861,102.2763
510.0,-960.0,1397.2101,93.327
510.0,-950.0,1390.1699,84.3961
510.0,-940.0,1383.1662,75.484
510.0,-930.0,1376.1996,66.5912
510.0,-920.0,1369.2705,57.7182
510.0,-910.0,1362.3796,48.8654
510.0,-900.0,1355.5274,40.0335
510.0,-890.0,1348.7146,31.2229
510.0,-880.0,1341.9416,22.4341
510.0,-870.0,1335.2093,13.6679
510.0,-860.0,1328.5181,4.9246
510.0,-850.0,1321.8686,-3.795
510.0,-840.0,1315.2616,-12.4903
510.0,-830.0,1308.6976,-21.1607
510.0,-820.0,1302.1774,-29.8055
510.0,-810.0,1295.7015,-38.4241
510.0,-800.0,1289.2706,-47.0156
510.0,-790.0,1282.8855,-55.5795
510.0,-780.0,1276.5468,-64.1148
510.0,-770.0,1270.2551,-72.6209
510.0,-760.0,1264.0113,-81.0968
510.0,-750.0,1257.8159,-89.5419
510.0,-740.0,1251.6698,-97.9551
510.0,-730.0,1245.5737,-106.3357
510.0,-720.0,1239.5282,-114.6826
510.0,-710.0,1233.5342,-122.995
510.0,-700.0,1227.5924,-131.2718
510.0,-690.0,1221.7035,-139.512
510.0,-680.0,1215.8684,-147.7145
510.0,-670.0,1210.0878,-155.8782
510.0,-660.0,1204.3624,-164.0021
510.0,-650.0,1198.6931,-172.0849
510.0,-640.0,1193.0807,-180.1254
510.0,-630.0,1187.526,-188.1223
510.0,-620.0,1182.0298,-196.0744
510.0,-610.0,1176.5929,-203.9803
510.0,-600.0,1171.2162,-211.8387
510.0,-590.0,1165.9004,-219.648
510.0,-580.0,1160.6465,-227.4069
510.0,-570.0,1155.4552,-235.1137
510.0,-560.0,1150.3274,-242.7668
510.0,-550.0,1145.2639,-250.3648
510.0,-540.0,1140.2657,-257.9057
510.0,-530.0,1135.3336,-265.3879
510.0,-520.0,1130.4684,-272.8096
510.0,-510.0,1125.671,-280.1689
510.0,-500.0,1120.9423,-287.4639
510.0,-490.0,1116.2831,-294.6925
510.0,-480.0,1111.6944,-301.8527
510.0,-470.0,1107.177,-308.9424
510.0,-460.0,1102.7318,-315.9594
510.0,-450.0,1098.3596,-322.9014
510.0,-440.0,1094.0613,-329.7661
510.0,-430.0,1089.8379,-336.5511
510.0,-420.0,1085.6901,-343.1141
510.0,-410.0,1081.6189,-349.4638
510.0,-400.0,1077.6251,-355.7209
510.0,-390.0,1073.7096,-361.8826
510.0,-380.0,1069.8732,-367.9461
510.0,-370.0,1066.1169,-373.9087
510.0,-360.0,1062.4414,-379.7673
510.0,-350.0,1058.8475,-385.519
510.0,-340.0,1055.3362,-391.1608
510.0,-330.0,1051.9082,-396.6897
510.0,-320.0,1048.5644,-402.1023
510.0,-310.0,1045.3056,-407.3957
510.0,-300.0,1042.1325,-412.5665
510.0,-290.0,1039.046,-417.6115
510.0,-280.0,1036.0468,-422.5274
510.0,-270.0,1033.1357,-427.3108
510.0,-260.0,1030.3135,-431.9585
510.0,-250.0,1027.5808,-436.467
510.0,-240.0,1024.9384,-440.8331
510.0,-230.0,1022.387,-445.0532
510.0,-220.0,1019.9273,-449.1242
510.0,-210.0,1017.5598,-453.0426
510.0,-200.0,1015.2854,-456.8051
510.0,-190.0,1013.1046,-460.4085
510.0,-180.0,1011.018,-463.8497
510.0,-170.0,1009.0261,-467.1253
510.0,-160.0,1007.1297,-470.2324
510.0,-150.0,1005.3291,-473.168
510.0,-140.0,1003.6249,-475.9292
510.0,-130.0,1002.0177,-478.5132
510.0,-120.0,1000.5078,-480.9174
510.0,-110.0,999.0958,-483.1393
510.0,-100.0,997.7819,-485.1765
510.0,-90.0,996.5667,-487.0268
510.0,-80.0,995.4505,-488.6882
510.0,-70.0,994.4335,-490.1589
510.0,-60.0,993.5162,-491.4371
510.0,-50.0,992.6988,-492.5214
510.0,-40.0,991.9815,-493.4107
510.0,-30.0,991.3646,-494.1038
510.0,-20.0,990.8482,-494.5999
510.0,-10.0,990.4325,-494.8985
510.0,0.0,990.1177,-494.9992
510.0,10.0,990.4325,-494.8985
510.0,20.0,990.8482,-494.5999
510.0,30.0,991.3646,-494.1038
510.0,40.0,991.9815,-493.4107
510.0,50.0,992.6988,-492.5214
510.0,60.0,993.5162,-491.4371
510.0,70.0,994.4335,-490.1589
510.0,80.0,995.4505,-488.6882
510.0,90.0,996.5667,-487.0268
510.0,100.0,997.7819,-485.1765
510.0,110.0,999.0958,-483.1393
510.0,120.0,1000.5078,-480.9174
510.0,130.0,1002.0177,-478.5132
510.0,140.0,1003.6249,-475.9292
510.0,150.0,1005.3291,-473.168
510.0,160.0,1007.1297,-470.2324
510.0,170.0,1009.0261,-467.1253
510.0,180.0,1011.018,-463.8497
510.0,190.0,1013.1046,-460.4085
510.0,200.0,1015.2854,-456.8051
510.0,210.0,1017.5598,-453.0426
510.0,220.0,1019.9273,-449.1242
510.0,230.0,1022.387,-445.0532
510.0,240.0,1024.9384,-440.8331
510.0,250.0,1027.5808,-436.467
510.0,260.0,1030.3135,-431.9585
510.0,270.0,1033.1357,-427.3108
510.0,280.0,1036.0468,-422.5274
510.0,290.0,1039.046,-417.6115
510.0,300.0,1042.1325,-412.5665
510.0,310.0,1045.3056,-407.3957
510.0,320.0,1048.5644,-402.1023
510.0,330.0,1051.9082,-396.6897
510.0,340.0,1055.3362,-391.1608
510.0,350.0,1058.8475,-385.519
510.0,360.0,1062.4414,-379.7673
510.0,370.0,1066.1169,-373.9087
510.0,380.0,1069.8732,-367.9461
510.0,390.0,1073.7096,-361.8826
510.0,400.0,1077.6251,-355.7209
510.0,410.0,1081.6189,-349.4638
510.0,420.0,1085.6901,-343.1141
510.0,430.0,1089.8379,-336.5511
510.0,440.0,1094.0613,-329.7661
510.0,450.0,1098.3596,-322.9014
510.0,460.0,1102.7318,-315.9594
510.0,470.0,1107.177,-308.9424
510.0,480.0,1111.6944,-301.8527
510.0,490.0,1116.2831,-294.6925
510.0,500.0,1120.9423,-287.4639
510.0,510.0,1125.671,-280.1689
510.0,520.0,1130.4684,-272.8096
510.0,530.0,1135.3336,-265.3879
510.0,540.0,1140.2657,-257.9057
510.0,550.0,1145.2639,-250.3648
510.0,560.0,1150.3274,-242.7668
510.0,570.0,1155.4552,-235.1137
510.0,580.0,1160.6465,-227.4069
510.0,590.0,1165.9004,-219.648
510.0,600.0,1171.2162,-211.8387
510.0,610.0,1176.5929,-203.9803
510.0,620.0,1182.0298,-196.0744
510.0,630.0,1187.526,-188.1223
510.0,640.0,1193.0807,-180.1254
510.0,650.0,1198.6931,-172.0849
510.0,660.0,1204.3624,-164.0021
510.0,670.0,1210.0878,-155.8782
510.0,680.0,1215.8684,-147.7145
510.0,690.0,1221.7035,-139.512
510.0,700.0,1227.5924,-131.2718
510.0,710.0,1233.5342,-122.995
510.0,720.0,1239.5282,-114.6826
510.0,730.0,1245.5737,-106.3357
510.0,740.0,1251.6698,-97.9551
510.0,750.0,1257.8159,-89.5419
510.0,760.0,1264.0113,-81.0968
510.0,770.0,1270.2551,-72.6209
510.0,780.0,1276.5468,-64.1148
510.0,790.0,1282.8855,-55.5795
510.0,800.0,1289.2706,-47.0156
510.0,810.0,1295.7015,-38.4241
510.0,820.0,1302.1774,-29.8055
510.0,830.0,1308.6976,-21.1607
510.0,840.0,1315.2616,-12.4903
510.0,850.0,1321.8686,-3.795
510.0,860.0,1328.5181,4.9246
510.0,870.0,1335.2093,13.6679
510.0,880.0,1341.9416,22.4341
510.0,890.0,1348.7146,31.2229
510.0,900.0,1355.5274,40.0335
510.0,910.0,1362.3796,48.8654
510.0,920.0,1369.2705,57.7182
510.0,930.0,1376.1996,66.5912
510.0,940.0,1383.1662,75.484
510.0,950.0,1390.1699,84.3961
510.0,960.0,1397.2101,93.327
510.0,970.0,1404.2861,102.2763
510.0,980.0,1411.3976,111.2435
510.0,990.0,1418.5439,120.2282
510.0,1000.0,1425.7245,129.2299
520.0,-1000.0,1418.8005,124.9281
520.0,-990.0,1411.5847,116.0191
520.0,-980.0,1404.403,107.1571
520.0,-970.0,1397.2559,98.3147
520.0,-960.0,1390.1441,89.4922
520.0,-950.0,1383.0679,80.6903
520.0,-940.0,1376.0281,71.9094
520.0,-930.0,1369.0251,63.1501
520.0,-920.0,1362.0596,54.4128
520.0,-910.0,1355.132,45.6981
520.0,-900.0,1348.243,37.0067
520.0,-890.0,1341.3931,28.339
520.0,-880.0,1334.5831,19.6957
520.0,-870.0,1327.8134,11.0775
520.0,-860.0,1321.0847,2.4849
520.0,-850.0,1314.3977,-6.0814
520.0,-840.0,1307.7529,-14.6207
520.0,-830.0,1301.1511,-23.1322
520.0,-820.0,1294.5928,-31.6153
520.0,-810.0,1288.0788,-40.0692
520.0,-800.0,1281.6097,-48.4931
520.0,-790.0,1275.1862,-56.8862
520.0,-780.0,1268.809,-65.2477
520.0,-770.0,1262.4788,-73.5767
520.0,-760.0,1256.1963,-81.8723
520.0,-750.0,1249.9622,-90.1337
520.0,-740.0,1243.7773,-98.3599
520.0,-730.0,1237.6423,-106.5498
520.0,-720.0,1231.5579,-114.7026
520.0,-710.0,1225.5249,-122.8172
520.0,-700.0,1219.544,-130.8924
520.0,-690.0,1213.6161,-138.9273
520.0,-680.0,1207.7419,-146.9206
520.0,-670.0,1201.9222,-154.8712
520.0,-660.0,1196.1577,-162.7778
520.0,-650.0,1190.4494,-170.6393
520.0,-640.0,1184.798,-178.4542
520.0,-630.0,1179.2042,-186.2213
520.0,-620.0,1173.6691,-193.9392
520.0,-610.0,1168.1933,-201.6065
520.0,-600.0,1162.7777,-209.2216
520.0,-590.0,1157.4232,-216.7831
520.0,-580.0,1152.1305,-224.2893
520.0,-570.0,1146.9007,-231.7388
520.0,-560.0,1141.7345,-239.1298
520.0,-550.0,1136.6328,-246.4605
520.0,-540.0,1131.5964,-253.7292
520.0,-530.0,1126.6263,-260.9342
520.0,-520.0,1121.7234,-268.0734
520.0,-510.0,1116.8884,-275.145
520.0,-500.0,1112.1224,-282.1469
520.0,-490.0,1107.4261,-289.0771
520.0,-480.0,1102.8006,-295.9336
520.0,-470.0,1098.2466,-302.714
520.0,-460.0,1093.765,-309.4161
520.0,-450.0,1089.3568,-316.0378
520.0,-440.0,1085.0229,-322.5765
520.0,-430.0,1080.7642,-329.0299
520.0,-420.0,1076.5815,-335.3955
520.0,-410.0,1072.4757,-341.6708
520.0,-400.0,1068.4477,-347.8531
520.0,-390.0,1064.4984,-353.9397
520.0,-380.0,1060.6287,-359.928
520.0,-370.0,1056.8395,-365.8152
520.0,-360.0,1053.1316,-371.5984
520.0,-350.0,1049.5059,-377.2746
520.0,-340.0,1045.9632,-382.8411
520.0,-330.0,1042.5044,-388.2947
520.0,-320.0,1039.1304,-393.6324
520.0,-310.0,1035.8418,-398.8512
520.0,-300.0,1032.6397,-403.9479
520.0,-290.0,1029.5247,-408.9193
520.0,-280.0,1026.4977,-413.7623
520.0,-270.0,1023.5595,-418.4736
520.0,-260.0,1020.7108,-423.0501
520.0,-250.0,1017.9523,-427.4885
520.0,-240.0,1015.2849,-431.7855
520.0,-230.0,1012.7091,-435.938
520.0,-220.0,1010.2258,-439.9427
520.0,-210.0,1007.8356,-443.7964
520.0,-200.0,1005.5392,-447.496
520.0,-190.0,1003.3372,-451.0383
520.0,-180.0,1001.2302,-454.4203
520.0,-170.0,999.2189,-457.639
520.0,-160.0,997.3037,-460.6914
520.0,-150.0,995.4854,-463.5748
520.0,-140.0,993.7644,-466.2864
520.0,-130.0,992.1411,-468.8235
520.0,-120.0,990.6162,-471.1836
520.0,-110.0,989.19,-473.3645
520.0,-100.0,987.863,-475.3637
520.0,-90.0,986.6356,-477.1793
520.0,-80.0,985.5081,-478.8093
520.0,-70.0,984.4809,-480.252
520.0,-60.0,983.5543,-481.5058
520.0,-50.0,982.7286,-482.5693
520.0,-40.0,982.004,-483.4414
520.0,-30.0,981.3808,-484.1211
520.0,-20.0,980.8592,-484.6076
520.0,-10.0,980.4393,-484.9005
520.0,0.0,980.1212,-484.9992
520.0,10.0,980.4393,-484.9005
520.0,20.0,980.8592,-484.6076
520.0,30.0,981.3808,-484.1211
520.0,40.0,982.004,-483.4414
520.0,50.0,982.7286,-482.5693
520.0,60.0,983.5543,-481.5058
520.0,70.0,984.4809,-480.252
520.0,80.0,985.5081,-478.8093
520.0,90.0,986.6356,-477.1793
520.0,100.0,987.863,-475.3637
520.0,110.0,989.19,-473.3645
520.0,120.0,990.6162,-471.1836
520.0,130.0,992.1411,-468.8235
520.0,140.0,993.7644,-466.2864
520.0,150.0,995.4854,-463.5748
520.0,160.0,997.3037,-460.6914
520.0,170.0,999.2189,-457.639
520.0,180.0,1001.2302,-454.4203
520.0,190.0,1003.3372,-451.0383
520.0,200.0,1005.5392,-447.496
520.0,210.0,1007.8356,-443.7964
520.0,220.0,1010.2258,-439.9427
520.0,230.0,1012.7091,-435.938
520.0,240.0,1015.2849,-431.7855
520.0,250.0,1017.9523,-427.4885
520.0,260.0,1020.7108,-423.0501
520.0,270.0,1023.5595,-418.4736
520.0,280.0,1026.4977,-413.7623
520.0,290.0,1029.5247,-408.9193
520.0,300.0,1032.6397,-403.9479
520.0,310.0,1035.8418,-398.8512
520.0,320.0,1039.1304,-393.6324
520.0,330.0,1042.5044,-388.2947
520.0,340.0,1045.9632,-382.8411
520.0,350.0,1049.5059,-377.2746
520.0,360.0,1053.1316,-371.5984
520.0,370.0,1056.8395,-365.8152
520.0,380.0,1060.6287,-359.928
520.0,390.0,1064.4984,-353.9397
520.0,400.0,1068.4477,-347.8531
520.0,410.0,1072.4757,-341.6708
520.0,420.0,1076.5815,-335.3955
520.0,430.0,1080.7642,-329.0299
520.0,440.0,1085.0229,-322.5765
520.0,450.0,1089.3568,-316.0378
520.0,460.0,1093.765,-309.4161
520.0,470.0,1098.2466,-302.714
520.0,480.0,1102.8006,-295.9336
520.0,490.0,1107.4261,-289.0771
520.0,500.0,1112.1224,-282.1469
520.0,510.0,1116.8884,-275.145
520.0,520.0,1121.7234,-268.0734
520.0,530.0,1126.6263,-260.9342
520.0,540.0,1131.5964,-253.7292
520.0,550.0,1136.6328,-246.4605
520.0,560.0,1141.7345,-239.1298
520.0,570.0,1146.9007,-231.7388
520.0,580.0,1152.1305,-224.2893
520.0,590.0,1157.4232,-216.7831
520.0,600.0,1162.7777,-209.2216
520.0,610.0,1168.1933,-201.6065
520.0,620.0,1173.6691,-193.9392
520.0,630.0,1179.2042,-186.2213
520.0,640.0,1184.798,-178.4542
520.0,650.0,1190.4494,-170.6393
520.0,660.0,1196.1577,-162.7778
520.0,670.0,1201.9222,-154.8712
520.0,680.0,1207.7419,-146.9206
520.0,690.0,1213.6161,-138.9273
520.0,700.0,1219.544,-130.8924
520.0,710.0,1225.5249,-122.8172
520.0,720.0,1231.5579,-114.7026
520.0,730.0,1237.6423,-106.5498
520.0,740.0,1243.7773,-98.3599
520.0,750.0,1249.9622,-90.1337
520.0,760.0,1256.1963,-81.8723
520.0,770.0,1262.4788,-73.5767
520.0,780.0,1268.809,-65.2477
520.0,790.0,1275.1862,-56.8862
520.0,800.0,1281.6097,-48.4931
520.0,810.0,1288.0788,-40.0692
520.0,820.0,1294.5928,-31.6153
520.0,830.0,1301.1511,-23.1322
520.0,840.0,1307.7529,-14.6207
520.0,850.0,1314.3977,-6.0814
520.0,860.0,1321.0847,2.4849
520.0,870.0,1327.8134,11.0775
520.0,880.0,1334.5831,19.6957
520.0,890.0,1341.3931,28.339
520.0,900.0,1348.243,37.0067
520.0,910.0,1355.132,45.6981
520.0,920.0,1362.0596,54.4128
520.0,930.0,1369.0251,63.1501
520.0,940.0,1376.0281,71.9094
520.0,950.0,1383.0679,80.6903
520.0,960.0,1390.1441,89.4922
520.0,970.0,1397.2559,98.3147
520.0,980.0,1404.403,107.1571
520.0,990.0,1411.5847,116.0191
520.0,1000.0,1418.8005,124.9281
530.0,-1000.0,1411.9134,129.5133
530.0,-990.0,1404.6622,120.6688
530.0,-980.0,1397.4449,111.8439
530.0,-970.0,1390.2621,103.039
530.0,-960.0,1383.1143,94.2547
530.0,-950.0,1376.002,85.4914
530.0,-940.0,1368.9258,76.7497
530.0,-930.0,1361.8863,68.03
530.0,-920.0,1354.8841,59.333
530.0,-910.0,1347.9196,50.6591
530.0,-900.0,1340.9935,42.0091
530.0,-890.0,1334.1065,33.3833
530.0,-880.0,1327.259,24.7826
530.0,-870.0,1320.4518,16.2075
530.0,-860.0,1313.6854,7.6586
530.0,-850.0,1306.9605,-0.8633
530.0,-840.0,1300.2778,-9.3576
530.0,-830.0,1293.6378,-17.8235
530.0,-820.0,1287.0412,-26.2603
530.0,-810.0,1280.4888,-34.6673
530.0,-800.0,1273.9811,-43.0437
530.0,-790.0,1267.519,-51.3886
530.0,-780.0,1261.103,-59.7011
530.0,-770.0,1254.7339,-67.9806
530.0,-760.0,1248.4125,-76.226
530.0,-750.0,1242.1393,-84.4364
530.0,-740.0,1235.9153,-92.6109
530.0,-730.0,1229.741,-100.7485
530.0,-720.0,1223.6173,-108.8482
530.0,-710.0,1217.545,-116.909
530.0,-700.0,1211.5247,-124.9297
530.0,-690.0,1205.5574,-132.9093
530.0,-680.0,1199.6437,-140.8466
530.0,-670.0,1193.7845,-148.7405
530.0,-660.0,1187.9806,-156.5897
530.0,-650.0,1182.2328,-164.3929
530.0,-640.0,1176.5419,-172.1489
530.0,-630.0,1170.9087,-179.8563
530.0,-620.0,1165.3341,-187.5137
530.0,-610.0,1159.819,-195.1197
530.0,-600.0,1154.3641,-202.6729
530.0,-590.0,1148.9704,-210.1717
530.0,-580.0,1143.6386,-217.6145
530.0,-570.0,1138.3698,-224.9998
530.0,-560.0,1133.1647,-232.3259
530.0,-550.0,1128.0242,-239.591
530.0,-540.0,1122.9493,-246.7935
530.0,-530.0,1117.9407,-253.9314
530.0,-520.0,1112.9995,-261.003
530.0,-510.0,1108.1265,-268.0063
530.0,-500.0,1103.3226,-274.9393
530.0,-490.0,1098.5887,-281.7999
530.0,-480.0,1093.9258,-288.5862
530.0,-470.0,1089.3347,-295.2959
530.0,-460.0,1084.8163,-301.9269
530.0,-450.0,1080.3717,-308.4768
530.0,-440.0,1076.0016,-314.9434
530.0,-430.0,1071.7069,-321.3242
530.0,-420.0,1067.4887,-327.6168
530.0,-410.0,1063.3478,-333.8188
530.0,-400.0,1059.2852,-339.9276
530.0,-390.0,1055.3016,-345.9405
530.0,-380.0,1051.3981,-351.8549
530.0,-370.0,1047.5755,-357.668
530.0,-360.0,1043.8346,-363.3772
530.0,-350.0,1040.1765,-368.9795
530.0,-340.0,1036.602,-374.4721
530.0,-330.0,1033.1118,-379.8521
530.0,-320.0,1029.707,-385.1166
530.0,-310.0,1026.3883,-390.2624
530.0,-300.0,1023.1566,-395.2867
530.0,-290.0,1020.0126,-400.1863
530.0,-280.0,1016.9573,-404.9583
530.0,-270.0,1013.9914,-409.5993
530.0,-260.0,1011.1157,-414.1065
530.0,-250.0,1008.331,-418.4766
530.0,-240.0,1005.6381,-422.7066
530.0,-230.0,1003.0375,-426.7933
530.0,-220.0,1000.5302,-430.7336
530.0,-210.0,998.1168,-434.5246
530.0,-200.0,995.798,-438.1631
530.0,-190.0,993.5744,-441.6462
530.0,-180.0,991.4467,-444.971
530.0,-170.0,989.4154,-448.1345
530.0,-160.0,987.4813,-451.1341
530.0,-150.0,985.6448,-453.967
530.0,-140.0,983.9066,-456.6307
530.0,-130.0,982.2671,-459.1225
530.0,-120.0,980.7268,-461.4401
530.0,-110.0,979.2862,-463.5813
530.0,-100.0,977.9457,-465.544
530.0,-90.0,976.7058,-467.3261
530.0,-80.0,975.5669,-468.9258
530.0,-70.0,974.5292,-470.3416
530.0,-60.0,973.5931,-471.5719
530.0,-50.0,972.759,-472.6154
530.0,-40.0,972.027,-473.471
530.0,-30.0,971.3974,-474.1378
530.0,-20.0,970.8704,-474.6151
530.0,-10.0,970.4462,-474.9023
530.0,0.0,970.1248,-474.9992
530.0,10.0,970.4462,-474.9023
530.0,20.0,970.8704,-474.6151
530.0,30.0,971.3974,-474.1378
530.0,40.0,972.027,-473.471
530.0,50.0,972.759,-472.6154
530.0,60.0,973.5931,-471.5719
530.0,70.0,974.5292,-470.3416
530.0,80.0,975.5669,-468.9258
530.0,90.0,976.7058,-467.3261
530.0,100.0,977.9457,-465.544
530.0,110.0,979.2862,-463.5813
530.0,120.0,980.7268,-461.4401
530.0,130.0,982.2671,-459.1225
530.0,140.0,983.9066,-456.6307
530.0,150.0,985.6448,-453.967
530.0,160.0,987.4813,-451.1341
530.0,170.0,989.4154,-448.1345
530.0,180.0,991.4467,-444.971
530.0,190.0,993.5744,-441.6462
530.0,200.0,995.798,-438.1631
530.0,210.0,998.1168,-434.5246
530.0,220.0,1000.5302,-430.7336
530.0,230.0,1003.0375,-426.7933
530.0,240.0,1005.6381,-422.7066
530.0,250.0,1008.331,-418.4766
530.0,260.0,1011.1157,-414.1065
530.0,270.0,1013.9914,-409.5993
530.0,280.0,1016.9573,-404.9583
530.0,290.0,1020.0126,-400.1863
530.0,300.0,1023.1566,-395.2867
530.0,310.0,1026.3883,-390.2624
530.0,320.0,1029.707,-385.1166
530.0,330.0,1033.1118,-379.8521
530.0,340.0,1036.602,-374.4721
530.0,350.0,1040.1765,-368.9795
530.0,360.0,1043.8346,-363.3772
530.0,370.0,1047.5755,-357.668
530.0,380.0,1051.3981,-351.8549
530.0,390.0,1055.3016,-345.9405
530.0,400.0,1059.2852,-339.9276
530.0,410.0,1063.3478,-333.8188
530.0,420.0,1067.4887,-327.6168
530.0,430.0,1071.7069,-321.3242
530.0,440.0,1076.0016,-314.9434
530.0,450.0,1080.3717,-308.4768
530.0,460.0,1084.8163,-301.9269
530.0,470.0,1089.3347,-295.2959
530.0,480.0,1093.9258,-288.5862
530.0,490.0,1098.5887,-281.7999
530.0,500.0,1103.3226,-274.9393
530.0,510.0,1108.1265,-268.0063
530.0,520.0,1112.9995,-261.003
530.0,530.0,1117.9407,-253.9314
530.0,540.0,1122.9493,-246.7935
530.0,550.0,1128.0242,-239.591
530.0,560.0,1133.1647,-232.3259
530.0,570.0,1138.3698,-224.9998
530.0,580.0,1143.6386,-217.6145
530.0,590.0,1148.9704,-210.1717
530.0,600.0,1154.3641,-202.6729
530.0,610.0,1159.819,-195.1197
530.0,620.0,1165.3341,-187.5137
530.0,630.0,1170.9087,-179.8563
530.0,640.0,1176.5419,-172.1489
530.0,650.0,1182.2328,-164.3929
530.0,660.0,1187.9806,-156.5897
530.0,670.0,1193.7845,-148.7405
530.0,680.0,1199.6437,-140.8466
530.0,690.0,1205.5574,-132.9093
530.0,700.0,1211.5247,-124.9297
530.0,710.0,1217.545,-116.909
530.0,720.0,1223.6173,-108.8482
530.0,730.0,1229.741,-100.7485
530.0,740.0,1235.9153,-92.6109
530.0,750.0,1242.1393,-84.4364
530.0,760.0,1248.4125,-76.226
530.0,770.0,1254.7339,-67.9806
530.0,780.0,1261.103,-59.7011
530.0,790.0,1267.519,-51.3886
530.0,800.0,1273.9811,-43.0437
530.0,810.0,1280.4888,-34.6673
530.0,820.0,1287.0412,-26.2603
530.0,830.0,1293.6378,-17.8235
530.0,840.0,1300.2778,-9.3576
530.0,850.0,1306.9605,-0.8633
530.0,860.0,1313.6854,7.6586
530.0,870.0,1320.4518,16.2075
530.0,880.0,1327.259,24.7826
530.0,890.0,1334.1065,33.3833
530.0,900.0,1340.9935,42.0091
530.0,910.0,1347.9196,50.6591
530.0,920.0,1354.8841,59.333
530.0,930.0,1361.8863,68.03
530.0,940.0,1368.9258,76.7497
530.0,950.0,1376.002,85.4914
530.0,960.0,1383.1143,94.2547
530.0,970.0,1390.2621,103.039
530.0,980.0,1397.4449,111.8439
530.0,990.0,1404.6622,120.6688
530.0,1000.0,1411.9134,129.5133
540.0,-1000.0,1405.0637,134.1959
540.0,-990.0,1397.7769,125.3882
540.0,-980.0,1390.5239,116.6006
540.0,-970.0,1383.3052,107.8335
540.0,-960.0,1376.1212,99.0875
540.0,-950.0,1368.9726,90.3631
540.0,-940.0,1361.8599,81.6607
540.0,-930.0,1354.7837,72.981
540.0,-920.0,1347.7446,64.3244
540.0,-910.0,1340.743,55.6915
540.0,-900.0,1333.7797,47.083
540.0,-890.0,1326.8552,38.4995
540.0,-880.0,1319.9701,29.9415
540.0,-870.0,1313.1251,21.4096
540.0,-860.0,1306.3208,12.9047
540.0,-850.0,1299.5578,4.4273
540.0,-840.0,1292.8367,-4.0219
540.0,-830.0,1286.1583,-12.4421
540.0,-820.0,1279.5232,-20.8325
540.0,-810.0,1272.9321,-29.1925
540.0,-800.0,1266.3856,-37.5212
540.0,-790.0,1259.8845,-45.8178
540.0,-780.0,1253.4294,-54.0814
540.0,-770.0,1247.0212,-62.3112
540.0,-760.0,1240.6604,-70.5063
540.0,-750.0,1234.3479,-78.6658
540.0,-740.0,1228.0843,-86.7886
540.0,-730.0,1221.8705,-94.8739
540.0,-720.0,1215.7072,-102.9206
540.0,-710.0,1209.5951,-110.9276
540.0,-700.0,1203.5351,-118.8939
540.0,-690.0,1197.528,-126.8183
540.0,-680.0,1191.5744,-134.6998
540.0,-670.0,1185.6754,-142.537
540.0,-660.0,1179.8316,-150.3289
540.0,-650.0,1174.0438,-158.0741
540.0,-640.0,1168.313,-165.7713
540.0,-630.0,1162.64,-173.4192
540.0,-620.0,1157.0256,-181.0165
540.0,-610.0,1151.4706,-188.5616
540.0,-600.0,1145.976,-196.0532
540.0,-590.0,1140.5426,-203.4896
540.0,-580.0,1135.1713,-210.8694
540.0,-570.0,1129.863,-218.191
540.0,-560.0,1124.6185,-225.4527
540.0,-550.0,1119.4388,-232.6527
540.0,-540.0,1114.3247,-239.7895
540.0,-530.0,1109.2773,-246.861
540.0,-520.0,1104.2973,-253.8656
540.0,-510.0,1099.3857,-260.8012
540.0,-500.0,1094.5434,-267.666
540.0,-490.0,1089.7714,-274.4579
540.0,-480.0,1085.0706,-281.1749
540.0,-470.0,1080.4419,-287.8147
540.0,-460.0,1075.8862,-294.3754
540.0,-450.0,1071.4044,-300.8546
540.0,-440.0,1066.9976,-307.25
540.0,-430.0,1062.6666,-313.5593
540.0,-420.0,1058.4124,-319.7801
540.0,-410.0,1054.2358,-325.91
540.0,-400.0,1050.1379,-331.9464
540.0,-390.0,1046.1195,-337.8868
540.0,-380.0,1042.1816,-343.7286
540.0,-370.0,1038.325,-349.4691
540.0,-360.0,1034.5508,-355.1057
540.0,-350.0,1030.8597,-360.6355
540.0,-340.0,1027.2527,-366.0559
540.0,-330.0,1023.7307,-371.3638
540.0,-320.0,1020.2946,-376.5566
540.0,-310.0,1016.9452,-381.6312
540.0,-300.0,1013.6833,-386.5848
540.0,-290.0,1010.5099,-391.4144
540.0,-280.0,1007.4258,-396.117
540.0,-270.0,1004.4318,-400.6896
540.0,-260.0,1001.5286,-405.1293
540.0,-250.0,998.7172,-409.4329
540.0,-240.0,995.9982,-413.5977
540.0,-230.0,993.3725,-417.6204
540.0,-220.0,990.8407,-421.4983
540.0,-210.0,988.4036,-425.2283
540.0,-200.0,986.062,-428.8076
540.0,-190.0,983.8163,-432.2333
540.0,-180.0,981.6675,-435.5027
540.0,-170.0,979.616,-438.6129
540.0,-160.0,977.6625,-441.5613
540.0,-150.0,975.8075,-444.3454
540.0,-140.0,974.0517,-446.9627
540.0,-130.0,972.3956,-449.4108
540.0,-120.0,970.8396,-451.6873
540.0,-110.0,969.3844,-453.7903
540.0,-100.0,968.0302,-455.7177
540.0,-90.0,966.7776,-457.4675
540.0,-80.0,965.6269,-459.0381
540.0,-70.0,964.5785,-460.4279
540.0,-60.0,963.6328,-461.6355
540.0,-50.0,962.79,-462.6597
540.0,-40.0,962.0504,-463.4995
540.0,-30.0,961.4143,-464.1539
540.0,-20.0,960.8818,-464.6223
540.0,-10.0,960.4532,-464.9042
540.0,0.0,960.1285,-464.9992
540.0,10.0,960.4532,-464.9042
540.0,20.0,960.8818,-464.6223
540.0,30.0,961.4143,-464.1539
540.0,40.0,962.0504,-463.4995
540.0,50.0,962.79,-462.6597
540.0,60.0,963.6328,-461.6355
540.0,70.0,964.5785,-460.4279
540.0,80.0,965.6269,-459.0381
540.0,90.0,966.7776,-457.4675
540.0,100.0,968.0302,-455.7177
540.0,110.0,969.3844,-453.7903
540.0,120.0,970.8396,-451.6873
540.0,130.0,972.3956,-449.4108
540.0,140.0,974.0517,-446.9627
540.0,150.0,975.8075,-444.3454
540.0,160.0,977.6625,-441.5613
540.0,170.0,979.616,-438.6129
540.0,180.0,981.6675,-435.5027
540.0,190.0,983.8163,-432.2333
540.0,200.0,986.062,-428.8076
540.0,210.0,988.4036,-425.2283
540.0,220.0,990.8407,-421.4983
540.0,230.0,993.3725,-417.6204
540.0,240.0,995.9982,-413.5977
540.0,250.0,998.7172,-409.4329
540.0,260.0,1001.5286,-405.1293
540.0,270.0,1004.4318,-400.6896
540.0,280.0,1007.4258,-396.117
540.0,290.0,1010.5099,-391.4144
540.0,300.0,1013.6833,-386.5848
540.0,310.0,1016.9452,-381.6312
540.0,320.0,1020.2946,-376.5566
540.0,330.0,1023.7307,-371.3638
540.0,340.0,1027.2527,-366.0559
540.0,350.0,1030.8597,-360.6355
540.0,360.0,1034.5508,-355.1057
540.0,370.0,1038.325,-349.4691
540.0,380.0,1042.1816,-343.7286
540.0,390.0,1046.1195,-337.8868
540.0,400.0,1050.1379,-331.9464
540.0,410.0,1054.2358,-325.91
540.0,420.0,1058.4124,-319.7801
540.0,430.0,1062.6666,-313.5593
540.0,440.0,1066.9976,-307.25
540.0,450.0,1071.4044,-300.8546
540.0,460.0,1075.8862,-294.3754
540.0,470.0,1080.4419,-287.8147
540.0,480.0,1085.0706,-281.1749
540.0,490.0,1089.7714,-274.4579
540.0,500.0,1094.5434,-267.666
540.0,510.0,1099.3857,-260.8012
540.0,520.0,1104.2973,-253.8656
540.0,530.0,1109.2773,-246.861
540.0,540.0,1114.3247,-239.7895
540.0,550.0,1119.4388,-232.6527
540.0,560.0,1124.6185,-225.4527
540.0,570.0,1129.863,-218.191
540.0,580.0,1135.1713,-210.8694
540.0,590.0,1140.5426,-203.4896
540.0,600.0,1145.976,-196.0532
540.0,610.0,1151.4706,-188.5616
540.0,620.0,1157.0256,-181.0165
540.0,630.0,1162.64,-173.4192
540.0,640.0,1168.313,-165.7713
540.0,650.0,1174.0438,-158.0741
540.0,660.0,1179.8316,-150.3289
540.0,670.0,1185.6754,-142.537
540.0,680.0,1191.5744,-134.6998
540.0,690.0,1197.528,-126.8183
540.0,700.0,1203.5351,-118.8939
540.0,710.0,1209.5951,-110.9276
540.0,720.0,1215.7072,-102.9206
540.0,730.0,1221.8705,-94.8739
540.0,740.0,1228.0843,-86.7886
540.0,750.0,1234.3479,-78.6658
540.0,760.0,1240.6604,-70.5063
540.0,770.0,1247.0212,-62.3112
540.0,780.0,1253.4294,-54.0814
540.0,790.0,1259.8845,-45.8178
540.0,800.0,1266.3856,-37.5212
540.0,810.0,1272.9321,-29.1925
540.0,820.0,1279.5232,-20.8325
540.0,830.0,1286.1583,-12.4421
540.0,840.0,1292.8367,-4.0219
540.0,850.0,1299.5578,4.4273
540.0,860.0,1306.3208,12.9047
540.0,870.0,1313.1251,21.4096
540.0,880.0,1319.9701,29.9415
540.0,890.0,1326.8552,38.4995
540.0,900.0,1333.7797,47.083
540.0,910.0,1340.743,55.6915
540.0,920.0,1347.7446,64.3244
540.0,930.0,1354.7837,72.981
540.0,940.0,1361.8599,81.6607
540.0,950.0,1368.9726,90.3631
540.0,960.0,1376.1212,99.0875
540.0,970.0,1383.3052,107.8335
540.0,980.0,1390.5239,116.6006
540.0,990.0,1397.7769,125.3882
540.0,1000.0,1405.0637,134.1959
550.0,-1000.0,1398.252,138.947
550.0,-990.0,1390.9295,130.1764
550.0,-980.0,1383.6406,121.4263
550.0,-970.0,1376.3858,112.6972
550.0,-960.0,1369.1655,103.9898
550.0,-950.0,1361.9804,95.3044
550.0,-940.0,1354.831,86.6416
550.0,-930.0,1347.7179,78.0019
550.0,-920.0,1340.6416,69.386
550.0,-910.0,1333.6028,60.7944
550.0,-900.0,1326.602,52.2276
550.0,-890.0,1319.6398,43.6863
550.0,-880.0,1312.7169,35.1712
550.0,-870.0,1305.8339,26.6828
550.0,-860.0,1298.9913,18.2219
550.0,-850.0,1292.19,9.7892
550.0,-840.0,1285.4304,1.3853
550.0,-830.0,1278.7133,-6.9891
550.0,-820.0,1272.0394,-15.3331
550.0,-810.0,1265.4093,-23.646
550.0,-800.0,1258.8237,-31.9269
550.0,-790.0,1252.2833,-40.1752
550.0,-780.0,1245.7889,-48.3898
550.0,-770.0,1239.3411,-56.57
550.0,-760.0,1232.9407,-64.7148
550.0,-750.0,1226.5884,-72.8232
550.0,-740.0,1220.2851,-80.8945
550.0,-730.0,1214.0313,-88.9274
550.0,-720.0,1207.828,-96.9211
550.0,-710.0,1201.6759,-104.8745
550.0,-700.0,1195.5757,-112.7864
550.0,-690.0,1189.5284,-120.6558
550.0,-680.0,1183.5346,-128.4815
550.0,-670.0,1177.5953,-136.2623
550.0,-660.0,1171.7112,-143.9971
550.0,-650.0,1165.8831,-151.6844
550.0,-640.0,1160.112,-159.3232
550.0,-630.0,1154.3987,-166.9119
550.0,-620.0,1148.744,-174.4492
550.0,-610.0,1143.1488,-181.9338
550.0,-600.0,1137.614,-189.3641
550.0,-590.0,1132.1405,-196.7386
550.0,-580.0,1126.7291,-204.0559
550.0,-570.0,1121.3808,-211.3142
550.0,-560.0,1116.0965,-218.512
550.0,-550.0,1110.877,-225.6475
550.0,-540.0,1105.7234,-232.719
550.0,-530.0,1100.6365,-239.7248
550.0,-520.0,1095.6172,-246.663
550.0,-510.0,1090.6665,-253.5318
550.0,-500.0,1085.7854,-260.3291
550.0,-490.0,1080.9747,-267.053
550.0,-480.0,1076.2355,-273.7014
550.0,-470.0,1071.5686,-280.2724
550.0,-460.0,1066.975,-286.7636
550.0,-450.0,1062.4557,-293.173
550.0,-440.0,1058.0116,-299.4983
550.0,-430.0,1053.6436,-305.7372
550.0,-420.0,1049.3528,-311.8873
550.0,-410.0,1045.1401,-317.9462
550.0,-400.0,1041.0063,-323.9115
550.0,-390.0,1036.9526,-329.7807
550.0,-380.0,1032.9797,-335.5512
550.0,-370.0,1029.0887,-341.2205
550.0,-360.0,1025.2804,-346.7859
550.0,-350.0,1021.5558,-352.2447
550.0,-340.0,1017.9159,-357.5942
550.0,-330.0,1014.3615,-362.8317
550.0,-320.0,1010.8935,-367.9544
550.0,-310.0,1007.5128,-372.9594
550.0,-300.0,1004.2203,-377.8439
550.0,-290.0,1001.0169,-382.6051
550.0,-280.0,997.9035,-387.2401
550.0,-270.0,994.8808,-391.746
550.0,-260.0,991.9497,-396.1199
550.0,-250.0,989.111,-400.3589
550.0,-240.0,986.3656,-404.4601
550.0,-230.0,983.7141,-408.4208
550.0,-220.0,981.1574,-412.2379
550.0,-210.0,978.6962,-415.9088
550.0,-200.0,976.3313,-419.4307
550.0,-190.0,974.0632,-422.8007
550.0,-180.0,971.8928,-426.0163
550.0,-170.0,969.8206,-429.0749
550.0,-160.0,967.8473,-431.9738
550.0,-150.0,965.9735,-434.7107
550.0,-140.0,964.1998,-437.2831
550.0,-130.0,962.5267,-439.6889
550.0,-120.0,960.9548,-441.9258
550.0,-110.0,959.4845,-443.9919
550.0,-100.0,958.1164,-445.8851
550.0,-90.0,956.8508,-447.6038
550.0,-80.0,955.6882,-449.1463
550.0,-70.0,954.6289,-450.5111
550.0,-60.0,953.6733,-451.6969
550.0,-50.0,952.8217,-452.7025
550.0,-40.0,952.0744,-453.5269
550.0,-30.0,951.4316,-454.1694
550.0,-20.0,950.8935,-454.6292
550.0,-10.0,950.4603,-454.9059
550.0,0.0,950.1323,-454.9992
550.0,10.0,950.4603,-454.9059
550.0,20.0,950.8935,-454.6292
550.0,30.0,951.4316,-454.1694
550.0,40.0,952.0744,-453.5269
550.0,50.0,952.8217,-452.7025
550.0,60.0,953.6733,-451.6969
550.0,70.0,954.6289,-450.5111
550.0,80.0,955.6882,-449.1463
550.0,90.0,956.8508,-447.6038
550.0,100.0,958.1164,-445.8851
550.0,110.0,959.4845,-443.9919
550.0,120.0,960.9548,-441.9258
550.0,130.0,962.5267,-439.6889
550.0,140.0,964.1998,-437.2831
550.0,150.0,965.9735,-434.7107
550.0,160.0,967.8473,-431.9738
550.0,170.0,969.8206,-429.0749
550.0,180.0,971.8928,-426.0163
550.0,190.0,974.0632,-422.8007
550.0,200.0,976.3313,-419.4307
550.0,210.0,978.6962,-415.9088
550.0,220.0,981.1574,-412.2379
550.0,230.0,983.7141,-408.4208
550.0,240.0,986.3656,-404.4601
550.0,250.0,989.111,-400.3589
550.0,260.0,991.9497,-396.1199
550.0,270.0,994.8808,-391.746
550.0,280.0,997.9035,-387.2401
550.0,290.0,1001.0169,-382.6051
550.0,300.0,1004.2203,-377.8439
550.0,310.0,1007.5128,-372.9594
550.0,320.0,1010.8935,-367.9544
550.0,330.0,1014.3615,-362.8317
550.0,340.0,1017.9159,-357.5942
550.0,350.0,1021.5558,-352.2447
550.0,360.0,1025.2804,-346.7859
550.0,370.0,1029.0887,-341.2205
550.0,380.0,1032.9797,-335.5512
550.0,390.0,1036.9526,-329.7807
550.0,400.0,1041.0063,-323.9115
550.0,410.0,1045.1401,-317.9462
550.0,420.0,1049.3528,-311.8873
550.0,430.0,1053.6436,-305.7372
550.0,440.0,1058.0116,-299.4983
550.0,450.0,1062.4557,-293.173
550.0,460.0,1066.975,-286.7636
550.0,470.0,1071.5686,-280.2724
550.0,480.0,1076.2355,-273.7014
550.0,490.0,1080.9747,-267.053
550.0,500.0,1085.7854,-260.3291
550.0,510.0,1090.6665,-253.5318
550.0,520.0,1095.6172,-246.663
550.0,530.0,1100.6365,-239.7248
550.0,540.0,1105.7234,-232.719
550.0,550.0,1110.877,-225.6475
550.0,560.0,1116.0965,-218.512
550.0,570.0,1121.3808,-211.3142
550.0,580.0,1126.7291,-204.0559
550.0,590.0,1132.1405,-196.7386
550.0,600.0,1137.614,-189.3641
550.0,610.0,1143.1488,-181.9338
550.0,620.0,1148.744,-174.4492
550.0,630.0,1154.3987,-166.9119
550.0,640.0,1160.112,-159.3232
550.0,650.0,1165.8831,-151.6844
550.0,660.0,1171.7112,-143.9971
550.0,670.0,1177.5953,-136.2623
550.0,680.0,1183.5346,-128.4815
550.0,690.0,1189.5284,-120.6558
550.0,700.0,1195.5757,-112.7864
550.0,710.0,1201.6759,-104.8745
550.0,720.0,1207.828,-96.9211
550.0,730.0,1214.0313,-88.9274
550.0,740.0,1220.2851,-80.8945
550.0,750.0,1226.5884,-72.8232
550.0,760.0,1232.9407,-64.7148
550.0,770.0,1239.3411,-56.57
550.0,780.0,1245.7889,-48.3898
550.0,790.0,1252.2833,-40.1752
550.0,800.0,1258.8237,-31.9269
550.0,810.0,1265.4093,-23.646
550.0,820.0,1272.0394,-15.3331
550.0,830.0,1278.7133,-6.9891
550.0,840.0,1285.4304,1.3853
550.0,850.0,1292.19,9.7892
550.0,860.0,1298.9913,18.2219
550.0,870.0,1305.8339,26.6828
550.0,880.0,1312.7169,35.1712
550.0,890.0,1319.6398,43.6863
550.0,900.0,1326.602,52.2276
550.0,910.0,1333.6028,60.7944
550.0,920.0,1340.6416,69.386
550.0,930.0,1347.7179,78.0019
550.0,940.0,1354.831,86.6416
550.0,950.0,1361.9804,95.3044
550.0,960.0,1369.1655,103.9898
550.0,970.0,1376.3858,112.6972
550.0,980.0,1383.6406,121.4263
550.0,990.0,1390.9295,130.1764
550.0,1000.0,1398.252,138.947
560.0,-1000.0,1391.4787,143.7659
560.0,-990.0,1384.1205,135.0324
560.0,-980.0,1376.7955,126.3201
560.0,-970.0,1369.5044,117.6293
560.0,-960.0,1362.2477,108.9605
560.0,-950.0,1355.0259,100.3143
560.0,-940.0,1347.8396,91.6913
560.0,-930.0,1340.6894,83.0919
560.0,-920.0,1333.5758,74.5168
560.0,-910.0,1326.4995,65.9665
560.0,-900.0,1319.461,57.4417
560.0,-890.0,1312.461,48.9429
560.0,-880.0,1305.5,40.4708
560.0,-870.0,1298.5787,32.026
560.0,-860.0,1291.6978,23.6093
560.0,-850.0,1284.8578,15.2213
560.0,-840.0,1278.0594,6.8627
560.0,-830.0,1271.3034,-1.4657
560.0,-820.0,1264.5904,-9.7632
560.0,-810.0,1257.921,-18.0289
560.0,-800.0,1251.296,-26.2621
560.0,-790.0,1244.7161,-34.4619
560.0,-780.0,1238.1819,-42.6276
560.0,-770.0,1231.6943,-50.7581
560.0,-760.0,1225.254,-58.8526
560.0,-750.0,1218.8617,-66.9101
560.0,-740.0,1212.5181,-74.9297
560.0,-730.0,1206.2241,-82.9104
560.0,-720.0,1199.9804,-90.8512
560.0,-710.0,1193.7879,-98.751
560.0,-700.0,1187.6472,-106.6087
560.0,-690.0,1181.5593,-114.4232
560.0,-680.0,1175.5249,-122.1933
560.0,-670.0,1169.5449,-129.9179
560.0,-660.0,1163.6201,-137.5958
560.0,-650.0,1157.7513,-145.2256
560.0,-640.0,1151.9394,-152.8061
560.0,-630.0,1146.1854,-160.3359
560.0,-620.0,1140.49,-167.8137
560.0,-610.0,1134.8541,-175.238
560.0,-600.0,1129.2786,-182.6075
560.0,-590.0,1123.7645,-189.9205
560.0,-580.0,1118.3126,-197.1756
560.0,-570.0,1112.9238,-204.3711
560.0,-560.0,1107.5992,-211.5055
560.0,-550.0,1102.3395,-218.577
560.0,-540.0,1097.1457,-225.584
560.0,-530.0,1092.0189,-232.5247
560.0,-520.0,1086.9598,-239.3972
560.0,-510.0,1081.9695,-246.1997
560.0,-500.0,1077.049,-252.9303
560.0,-490.0,1072.1991,-259.587
560.0,-480.0,1067.4209,-266.1678
560.0,-470.0,1062.7153,-272.6707
560.0,-460.0,1058.0833,-279.0935
560.0,-450.0,1053.5258,-285.4341
560.0,-440.0,1049.0439,-291.6903
560.0,-430.0,1044.6384,-297.8598
560.0,-420.0,1040.3105,-303.9403
560.0,-410.0,1036.061,-309.9294
560.0,-400.0,1031.8909,-315.8248
560.0,-390.0,1027.8011,-321.6241
560.0,-380.0,1023.7928,-327.3246
560.0,-370.0,1019.8667,-332.924
560.0,-360.0,1016.0239,-338.4196
560.0,-350.0,1012.2652,-343.8088
560.0,-340.0,1008.5918,-349.089
560.0,-330.0,1005.0044,-354.2574
560.0,-320.0,1001.504,-359.3115
560.0,-310.0,998.0915,-364.2485
560.0,-300.0,994.7678,-369.0656
560.0,-290.0,991.5339,-373.7601
560.0,-280.0,988.3906,-378.3291
560.0,-270.0,985.3387,-382.7699
560.0,-260.0,982.3791,-387.0798
560.0,-250.0,979.5127,-391.2558
560.0,-240.0,976.7403,-395.2953
560.0,-230.0,974.0626,-399.1955
560.0,-220.0,971.4806,-402.9537
560.0,-210.0,968.9948,-406.5672
560.0,-200.0,966.6061,-410.0333
560.0,-190.0,964.3152,-413.3493
560.0,-180.0,962.1227,-416.5128
560.0,-170.0,960.0295,-419.5213
560.0,-160.0,958.036,-422.3723
560.0,-150.0,956.143,-425.0635
560.0,-140.0,954.351,-427.5926
560.0,-130.0,952.6606,-429.9574
560.0,-120.0,951.0724,-432.156
560.0,-110.0,949.5868,-434.1864
560.0,-100.0,948.2044,-436.0467
560.0,-90.0,946.9256,-437.7353
560.0,-80.0,945.7507,-439.2507
560.0,-70.0,944.6803,-440.5913
560.0,-60.0,943.7146,-441.756
560.0,-50.0,942.854,-442.7437
560.0,-40.0,942.0988,-443.5534
560.0,-30.0,941.4492,-444.1843
560.0,-20.0,940.9054,-444.6358
560.0,-10.0,940.4677,-444.9076
560.0,0.0,940.1361,-444.9992
560.0,10.0,940.4677,-444.9076
560.0,20.0,940.9054,-444.6358
560.0,30.0,941.4492,-444.1843
560.0,40.0,942.0988,-443.5534
560.0,50.0,942.854,-442.7437
560.0,60.0,943.7146,-441.756
560.0,70.0,944.6803,-440.5913
560.0,80.0,945.7507,-439.2507
560.0,90.0,946.9256,-437.7353
560.0,100.0,948.2044,-436.0467
560.0,110.0,949.5868,-434.1864
560.0,120.0,951.0724,-432.156
560.0,130.0,952.6606,-429.9574
560.0,140.0,954.351,-427.5926
560.0,150.0,956.143,-425.0635
560.0,160.0,958.036,-422.3723
560.0,170.0,960.0295,-419.5213
560.0,180.0,962.1227,-416.5128
560.0,190.0,964.3152,-413.3493
560.0,200.0,966.6061,-410.0333
560.0,210.0,968.9948,-406.5672
560.0,220.0,971.4806,-402.9537
560.0,230.0,974.0626,-399.1955
560.0,240.0,976.7403,-395.2953
560.0,250.0,979.5127,-391.2558
560.0,260.0,982.3791,-387.0798
560.0,270.0,985.3387,-382.7699
560.0,280.0,988.3906,-378.3291
560.0,290.0,991.5339,-373.7601
560.0,300.0,994.7678,-369.0656
560.0,310.0,998.0915,-364.2485
560.0,320.0,1001.504,-359.3115
560.0,330.0,1005.0044,-354.2574
560.0,340.0,1008.5918,-349.089
560.0,350.0,1012.2652,-343.8088
560.0,360.0,1016.0239,-338.4196
560.0,370.0,1019.8667,-332.924
560.0,380.0,1023.7928,-327.3246
560.0,390.0,1027.8011,-321.6241
560.0,400.0,1031.8909,-315.8248
560.0,410.0,1036.061,-309.9294
560.0,420.0,1040.3105,-303.9403
560.0,430.0,1044.6384,-297.8598
560.0,440.0,1049.0439,-291.6903
560.0,450.0,1053.5258,-285.4341
560.0,460.0,1058.0833,-279.0935
560.0,470.0,1062.7153,-272.6707
560.0,480.0,1067.4209,-266.1678
560.0,490.0,1072.1991,-259.587
560.0,500.0,1077.049,-252.9303
560.0,510.0,1081.9695,-246.1997
560.0,520.0,1086.9598,-239.3972
560.0,530.0,1092.0189,-232.5247
560.0,540.0,1097.1457,-225.584
560.0,550.0,1102.3395,-218.577
560.0,560.0,1107.5992,-211.5055
560.0,570.0,1112.9238,-204.3711
560.0,580.0,1118.3126,-197.1756
560.0,590.0,1123.7645,-189.9205
560.0,600.0,1129.2786,-182.6075
560.0,610.0,1134.8541,-175.238
560.0,620.0,1140.49,-167.8137
560.0,630.0,1146.1854,-160.3359
560.0,640.0,1151.9394,-152.8061
560.0,650.0,1157.7513,-145.2256
560.0,660.0,1163.6201,-137.5958
560.0,670.0,1169.5449,-129.9179
560.0,680.0,1175.5249,-122.1933
560.0,690.0,1181.5593,-114.4232
560.0,700.0,1187.6472,-106.6087
560.0,710.0,1193.7879,-98.751
560.0,720.0,1199.9804,-90.8512
560.0,730.0,1206.2241,-82.9104
560.0,740.0,1212.5181,-74.9297
560.0,750.0,1218.8617,-66.9101
560.0,760.0,1225.254,-58.8526
560.0,770.0,1231.6943,-50.7581
560.0,780.0,1238.1819,-42.6276
560.0,790.0,1244.7161,-34.4619
560.0,800.0,1251.296,-26.2621
560.0,810.0,1257.921,-18.0289
560.0,820.0,1264.5904,-9.7632
560.0,830.0,1271.3034,-1.4657
560.0,840.0,1278.0594,6.8627
560.0,850.0,1284.8578,15.2213
560.0,860.0,1291.6978,23.6093
560.0,870.0,1298.5787,32.026
560.0,880.0,1305.5,40.4708
560.0,890.0,1312.461,48.9429
560.0,900.0,1319.461,57.4417
560.0,910.0,1326.4995,65.9665
560.0,920.0,1333.5758,74.5168
560.0,930.0,1340.6894,83.0919
560.0,940.0,1347.8396,91.6913
560.0,950.0,1355.0259,100.3143
560.0,960.0,1362.2477,108.9605
560.0,970.0,1369.5044,117.6293
560.0,980.0,1376.7955,126.3201
560.0,990.0,1384.1205,135.0324
560.0,1000.0,1391.4787,143.7659
570.0,-1000.0,1384.7446,148.6516
570.0,-990.0,1377.3504,139.9555
570.0,-980.0,1369.9892,131.2811
570.0,-970.0,1362.6617,122.6287
570.0,-960.0,1355.3684,113.9988
570.0,-950.0,1348.1097,105.3921
570.0,-940.0,1340.8864,96.809
570.0,-930.0,1333.6989,88.2501
570.0,-920.0,1326.5478,79.7159
570.0,-910.0,1319.4338,71.2071
570.0,-900.0,1312.3574,62.7243
570.0,-890.0,1305.3193,54.2681
570.0,-880.0,1298.32,45.8391
570.0,-870.0,1291.3602,37.438
570.0,-860.0,1284.4406,29.0656
570.0,-850.0,1277.5618,20.7224
570.0,-840.0,1270.7244,12.4092
570.0,-830.0,1263.9292,4.1268
570.0,-820.0,1257.1767,-4.124
570.0,-810.0,1250.4678,-12.3426
570.0,-800.0,1243.8031,-20.528
570.0,-790.0,1237.1834,-28.6794
570.0,-780.0,1230.6092,-36.796
570.0,-770.0,1224.0815,-44.8768
570.0,-760.0,1217.6009,-52.9211
570.0,-750.0,1211.1682,-60.9277
570.0,-740.0,1204.7841,-68.8958
570.0,-730.0,1198.4495,-76.8244
570.0,-720.0,1192.1651,-84.7123
570.0,-710.0,1185.9317,-92.5587
570.0,-700.0,1179.7502,-100.3623
570.0,-690.0,1173.6213,-108.122
570.0,-680.0,1167.5459,-115.8368
570.0,-670.0,1161.5248,-123.5054
570.0,-660.0,1155.5588,-131.1266
570.0,-650.0,1149.6489,-138.6991
570.0,-640.0,1143.7959,-146.2216
570.0,-630.0,1138.0007,-153.6928
570.0,-620.0,1132.2641,-161.1114
570.0,-610.0,1126.587,-168.4759
570.0,-600.0,1120.9705,-175.7849
570.0,-590.0,1115.4153,-183.0368
570.0,-580.0,1109.9224,-190.2302
570.0,-570.0,1104.4927,-197.3635
570.0,-560.0,1099.1271,-204.435
570.0,-550.0,1093.8267,-211.4432
570.0,-540.0,1088.5924,-218.3862
570.0,-530.0,1083.425,-225.2624
570.0,-520.0,1078.3256,-232.0699
570.0,-510.0,1073.2952,-238.8069
570.0,-500.0,1068.3347,-245.4716
570.0,-490.0,1063.4451,-252.0619
570.0,-480.0,1058.6274,-258.5759
570.0,-470.0,1053.8825,-265.0116
570.0,-460.0,1049.2115,-271.3669
570.0,-450.0,1044.6153,-277.6397
570.0,-440.0,1040.095,-283.8278
570.0,-430.0,1035.6515,-289.9289
570.0,-420.0,1031.2858,-295.9409
570.0,-410.0,1026.999,-301.8615
570.0,-400.0,1022.7919,-307.6882
570.0,-390.0,1018.6657,-313.4187
570.0,-380.0,1014.6212,-319.0505
570.0,-370.0,1010.6595,-324.5813
570.0,-360.0,1006.7815,-330.0084
570.0,-350.0,1002.9883,-335.3294
570.0,-340.0,999.2807,-340.5417
570.0,-330.0,995.6597,-345.6427
570.0,-320.0,992.1264,-350.6298
570.0,-310.0,988.6815,-355.5002
570.0,-300.0,985.3261,-360.2514
570.0,-290.0,982.0611,-364.8807
570.0,-280.0,978.8874,-369.3854
570.0,-270.0,975.8058,-373.7628
570.0,-260.0,972.8172,-378.0103
570.0,-250.0,969.9225,-382.125
570.0,-240.0,967.1226,-386.1044
570.0,-230.0,964.4183,-389.9459
570.0,-220.0,961.8103,-393.6468
570.0,-210.0,959.2995,-397.2044
570.0,-200.0,956.8866,-400.6163
570.0,-190.0,954.5723,-403.88
570.0,-180.0,952.3575,-406.993
570.0,-170.0,950.2427,-409.9529
570.0,-160.0,948.2287,-412.7575
570.0,-150.0,946.316,-415.4044
570.0,-140.0,944.5054,-417.8915
570.0,-130.0,942.7974,-420.2168
570.0,-120.0,941.1925,-422.3783
570.0,-110.0,939.6913,-424.3742
570.0,-100.0,938.2943,-426.2027
570.0,-90.0,937.0019,-427.8623
570.0,-80.0,935.8146,-429.3514
570.0,-70.0,934.7328,-430.6687
570.0,-60.0,933.7569,-431.8131
570.0,-50.0,932.8871,-432.7835
570.0,-40.0,932.1238,-433.5789
570.0,-30.0,931.4672,-434.1987
570.0,-20.0,930.9176,-434.6423
570.0,-10.0,930.4752,-434.9092
570.0,0.0,930.14,-434.9992
570.0,10.0,930.4752,-434.9092
570.0,20.0,930.9176,-434.6423
570.0,30.0,931.4672,-434.1987
570.0,40.0,932.1238,-433.5789
570.0,50.0,932.8871,-432.7835
570.0,60.0,933.7569,-431.8131
570.0,70.0,934.7328,-430.6687
570.0,80.0,935.8146,-429.3514
570.0,90.0,937.0019,-427.8623
570.0,100.0,938.2943,-426.2027
570.0,110.0,939.6913,-424.3742
570.0,120.0,941.1925,-422.3783
570.0,130.0,942.7974,-420.2168
570.0,140.0,944.5054,-417.8915
570.0,150.0,946.316,-415.4044
570.0,160.0,948.2287,-412.7575
570.0,170.0,950.2427,-409.9529
570.0,180.0,952.3575,-406.993
570.0,190.0,954.5723,-403.88
570.0,200.0,956.8866,-400.6163
570.0,210.0,959.2995,-397.2044
570.0,220.0,961.8103,-393.6468
570.0,230.0,964.4183,-389.9459
570.0,240.0,967.1226,-386.1044
570.0,250.0,969.9225,-382.125
570.0,260.0,972.8172,-378.0103
570.0,270.0,975.8058,-373.7628
570.0,280.0,978.8874,-369.3854
570.0,290.0,982.0611,-364.8807
570.0,300.0,985.3261,-360.2514
570.0,310.0,988.6815,-355.5002
570.0,320.0,992.1264,-350.6298
570.0,330.0,995.6597,-345.6427
570.0,340.0,999.2807,-340.5417
570.0,350.0,1002.9883,-335.3294
570.0,360.0,1006.7815,-330.0084
570.0,370.0,1010.6595,-324.5813
570.0,380.0,1014.6212,-319.0505
570.0,390.0,1018.6657,-313.4187
570.0,400.0,1022.7919,-307.6882
570.0,410.0,1026.999,-301.8615
570.0,420.0,1031.2858,-295.9409
570.0,430.0,1035.6515,-289.9289
570.0,440.0,1040.095,-283.8278
570.0,450.0,1044.6153,-277.6397
570.0,460.0,1049.2115,-271.3669
570.0,470.0,1053.8825,-265.0116
570.0,480.0,1058.6274,-258.5759
570.0,490.0,1063.4451,-252.0619
570.0,500.0,1068.3347,-245.4716
570.0,510.0,1073.2952,-238.8069
570.0,520.0,1078.3256,-232.0699
570.0,530.0,1083.425,-225.2624
570.0,540.0,1088.5924,-218.3862
570.0,550.0,1093.8267,-211.4432
570.0,560.0,1099.1271,-204.435
570.0,570.0,1104.4927,-197.3635
570.0,580.0,1109.9224,-190.2302
570.0,590.0,1115.4153,-183.0368
570.0,600.0,1120.9705,-175.7849
570.0,610.0,1126.587,-168.4759
570.0,620.0,1132.2641,-161.1114
570.0,630.0,1138.0007,-153.6928
570.0,640.0,1143.7959,-146.2216
570.0,650.0,1149.6489,-138.6991
570.0,660.0,1155.5588,-131.1266
570.0,670.0,1161.5248,-123.5054
570.0,680.0,1167.5459,-115.8368
570.0,690.0,1173.6213,-108.122
570.0,700.0,1179.7502,-100.3623
570.0,710.0,1185.9317,-92.5587
570.0,720.0,1192.1651,-84.7123
570.0,730.0,1198.4495,-76.8244
570.0,740.0,1204.7841,-68.8958
570.0,750.0,1211.1682,-60.9277
570.0,760.0,1217.6009,-52.9211
570.0,770.0,1224.0815,-44.8768
570.0,780.0,1230.6092,-36.796
570.0,790.0,1237.1834,-28.6794
570.0,800.0,1243.8031,-20.528
570.0,810.0,1250.4678,-12.3426
570.0,820.0,1257.1767,-4.124
570.0,830.0,1263.9292,4.1268
570.0,840.0,1270.7244,12.4092
570.0,850.0,1277.5618,20.7224
570.0,860.0,1284.4406,29.0656
570.0,870.0,1291.3602,37.438
570.0,880.0,1298.32,45.8391
570.0,890.0,1305.3193,54.2681
570.0,900.0,1312.3574,62.7243
570.0,910.0,1319.4338,71.2071
570.0,920.0,1326.5478,79.7159
570.0,930.0,1333.6989,88.2501
570.0,940.0,1340.8864,96.809
570.0,950.0,1348.1097,105.3921
570.0,960.0,1355.3684,113.9988
570.0,970.0,1362.6617,122.6287
570.0,980.0,1369.9892,131.2811
570.0,990.0,1377.3504,139.9555
570.0,1000.0,1384.7446,148.6516
580.0,-1000.0,1378.0502,153.6032
580.0,-990.0,1370.6198,144.9448
580.0,-980.0,1363.2223,136.3085
580.0,-970.0,1355.8582,127.6946
580.0,-960.0,1348.5281,119.1038
580.0,-950.0,1341.2324,110.5367
580.0,-940.0,1333.9718,101.9936
580.0,-930.0,1326.7469,93.4753
580.0,-920.0,1319.5581,84.9822
580.0,-910.0,1312.4062,76.5151
580.0,-900.0,1305.2917,68.0744
580.0,-890.0,1298.2153,59.6609
580.0,-880.0,1291.1775,51.2752
580.0,-870.0,1284.179,42.9179
580.0,-860.0,1277.2205,34.5898
580.0,-850.0,1270.3026,26.2915
580.0,-840.0,1263.4259,18.0238
580.0,-830.0,1256.5912,9.7875
580.0,-820.0,1249.7992,1.5832
580.0,-810.0,1243.0504,-6.5881
580.0,-800.0,1236.3457,-14.7257
580.0,-790.0,1229.6858,-22.8287
580.0,-780.0,1223.0714,-30.8963
580.0,-770.0,1216.5032,-38.9275
580.0,-760.0,1209.982,-46.9216
580.0,-750.0,1203.5086,-54.8774
580.0,-740.0,1197.0837,-62.794
580.0,-730.0,1190.7081,-70.6705
580.0,-720.0,1184.3826,-78.5058
580.0,-710.0,1178.1081,-86.2988
580.0,-700.0,1171.8853,-94.0485
580.0,-690.0,1165.715,-101.7538
580.0,-680.0,1159.5982,-109.4134
580.0,-670.0,1153.5356,-117.0262
580.0,-660.0,1147.5281,-124.5909
580.0,-650.0,1141.5766,-132.1064
580.0,-640.0,1135.682,-139.5713
580.0,-630.0,1129.8451,-146.9843
580.0,-620.0,1124.0669,-154.344
580.0,-610.0,1118.3483,-161.649
580.0,-600.0,1112.6901,-168.898
580.0,-590.0,1107.0934,-176.0893
580.0,-580.0,1101.559,-183.2215
580.0,-570.0,1096.0879,-190.293
580.0,-560.0,1090.681,-197.3023
580.0,-550.0,1085.3393,-204.2476
580.0,-540.0,1080.0638,-211.1273
580.0,-530.0,1074.8555,-217.9397
580.0,-520.0,1069.7153,-224.6829
580.0,-510.0,1064.6442,-231.3552
580.0,-500.0,1059.6432,-237.9546
580.0,-490.0,1054.7133,-244.4794
580.0,-480.0,1049.8555,-250.9275
580.0,-470.0,1045.0708,-257.2969
580.0,-460.0,1040.3602,-263.5856
580.0,-450.0,1035.7248,-269.7915
580.0,-440.0,1031.1655,-275.9125
580.0,-430.0,1026.6833,-281.9464
580.0,-420.0,1022.2793,-287.891
580.0,-410.0,1017.9546,-293.7441
580.0,-400.0,1013.71,-299.5033
580.0,-390.0,1009.5466,-305.1662
580.0,-380.0,1005.4654,-310.7307
580.0,-370.0,1001.4675,-316.1941
580.0,-360.0,997.5538,-321.5542
580.0,-350.0,993.7253,-326.8084
580.0,-340.0,989.9831,-331.9542
580.0,-330.0,986.328,-336.9891
580.0,-320.0,982.7611,-341.9105
580.0,-310.0,979.2833,-346.716
580.0,-300.0,975.8956,-351.4029
580.0,-290.0,972.5989,-355.9686
580.0,-280.0,969.3942,-360.4105
580.0,-270.0,966.2823,-364.726
580.0,-260.0,963.2642,-368.9126
580.0,-250.0,960.3407,-372.9677
580.0,-240.0,957.5128,-376.8886
580.0,-230.0,954.7812,-380.6729
580.0,-220.0,952.1468,-384.318
580.0,-210.0,949.6105,-387.8215
580.0,-200.0,947.1729,-391.1808
580.0,-190.0,944.8348,-394.3937
580.0,-180.0,942.5971,-397.4576
580.0,-170.0,940.4604,-400.3705
580.0,-160.0,938.4254,-403.13
580.0,-150.0,936.4927,-405.734
580.0,-140.0,934.6631,-408.1805
580.0,-130.0,932.937,-410.4675
580.0,-120.0,931.3151,-412.5931
580.0,-110.0,929.798,-414.5557
580.0,-100.0,928.3861,-416.3534
580.0,-90.0,927.0799,-417.9849
580.0,-80.0,925.8799,-419.4487
580.0,-70.0,924.7865,-420.7435
580.0,-60.0,923.8,-421.8682
580.0,-50.0,922.9208,-422.8219
580.0,-40.0,922.1493,-423.6036
580.0,-30.0,921.4856,-424.2126
580.0,-20.0,920.93,-424.6485
580.0,-10.0,920.4828,-424.9108
580.0,0.0,920.144,-424.9992
580.0,10.0,920.4828,-424.9108
580.0,20.0,920.93,-424.6485
580.0,30.0,921.4856,-424.2126
580.0,40.0,922.1493,-423.6036
580.0,50.0,922.9208,-422.8219
580.0,60.0,923.8,-421.8682
580.0,70.0,924.7865,-420.7435
580.0,80.0,925.8799,-419.4487
580.0,90.0,927.0799,-417.9849
580.0,100.0,928.3861,-416.3534
580.0,110.0,929.798,-414.5557
580.0,120.0,931.3151,-412.5931
580.0,130.0,932.937,-410.4675
580.0,140.0,934.6631,-408.1805
580.0,150.0,936.4927,-405.734
580.0,160.0,938.4254,-403.13
580.0,170.0,940.4604,-400.3705
580.0,180.0,942.5971,-397.4576
580.0,190.0,944.8348,-394.3937
580.0,200.0,947.1729,-391.1808
580.0,210.0,949.6105,-387.8215
580.0,220.0,952.1468,-384.318
580.0,230.0,954.7812,-380.6729
580.0,240.0,957.5128,-376.8886
580.0,250.0,960.3407,-372.9677
580.0,260.0,963.2642,-368.9126
580.0,270.0,966.2823,-364.726
580.0,280.0,969.3942,-360.4105
580.0,290.0,972.5989,-355.9686
580.0,300.0,975.8956,-351.4029
580.0,310.0,979.2833,-346.716
580.0,320.0,982.7611,-341.9105
580.0,330.0,986.328,-336.9891
580.0,340.0,989.9831,-331.9542
580.0,350.0,993.7253,-326.8084
580.0,360.0,997.5538,-321.5542
580.0,370.0,1001.4675,-316.1941
580.0,380.0,1005.4654,-310.7307
580.0,390.0,1009.5466,-305.1662
580.0,400.0,1013.71,-299.5033
580.0,410.0,1017.9546,-293.7441
580.0,420.0,1022.2793,-287.891
580.0,430.0,1026.6833,-281.9464
580.0,440.0,1031.1655,-275.9125
580.0,450.0,1035.7248,-269.7915
580.0,460.0,1040.3602,-263.5856
580.0,470.0,1045.0708,-257.2969
580.0,480.0,1049.8555,-250.9275
580.0,490.0,1054.7133,-244.4794
580.0,500.0,1059.6432,-237.9546
580.0,510.0,1064.6442,-231.3552
580.0,520.0,1069.7153,-224.6829
580.0,530.0,1074.8555,-217.9397
580.0,540.0,1080.0638,-211.1273
580.0,550.0,1085.3393,-204.2476
580.0,560.0,1090.681,-197.3023
580.0,570.0,1096.0879,-190.293
580.0,580.0,1101.559,-183.2215
580.0,590.0,1107.0934,-176.0893
580.0,600.0,1112.6901,-168.898
580.0,610.0,1118.3483,-161.649
580.0,620.0,1124.0669,-154.344
580.0,630.0,1129.8451,-146.9843
580.0,640.0,1135.682,-139.5713
580.0,650.0,1141.5766,-132.1064
580.0,660.0,1147.5281,-124.5909
580.0,670.0,1153.5356,-117.0262
580.0,680.0,1159.5982,-109.4134
580.0,690.0,1165.715,-101.7538
580.0,700.0,1171.8853,-94.0485
580.0,710.0,1178.1081,-86.2988
580.0,720.0,1184.3826,-78.5058
580.0,730.0,1190.7081,-70.6705
580.0,740.0,1197.0837,-62.794
580.0,750.0,1203.5086,-54.8774
580.0,760.0,1209.982,-46.9216
580.0,770.0,1216.5032,-38.9275
580.0,780.0,1223.0714,-30.8963
580.0,790.0,1229.6858,-22.8287
580.0,800.0,1236.3457,-14.7257
580.0,810.0,1243.0504,-6.5881
580.0,820.0,1249.7992,1.5832
580.0,830.0,1256.5912,9.7875
580.0,840.0,1263.4259,18.0238
580.0,850.0,1270.3026,26.2915
580.0,860.0,1277.2205,34.5898
580.0,870.0,1284.179,42.9179
580.0,880.0,1291.1775,51.2752
580.0,890.0,1298.2153,59.6609
580.0,900.0,1305.2917,68.0744
580.0,910.0,1312.4062,76.5151
580.0,920.0,1319.5581,84.9822
580.0,930.0,1326.7469,93.4753
580.0,940.0,1333.9718,101.9936
580.0,950.0,1341.2324,110.5367
580.0,960.0,1348.5281,119.1038
580.0,970.0,1355.8582,127.6946
580.0,980.0,1363.2223,136.3085
580.0,990.0,1370.6198,144.9448
580.0,1000.0,1378.0502,153.6032
590.0,-1000.0,1371.3959,158.6201
590.0,-990.0,1363.9293,149.9994
590.0,-980.0,1356.4954,141.4013
590.0,-970.0,1349.0945,132.8262
590.0,-960.0,1341.7274,124.2746
590.0,-950.0,1334.3946,115.7471
590.0,-940.0,1327.0966,107.2443
590.0,-930.0,1319.834,98.7667
590.0,-920.0,1312.6074,90.3148
590.0,-910.0,1305.4174,81.8894
590.0,-900.0,1298.2646,73.491
590.0,-890.0,1291.1497,65.1203
590.0,-880.0,1284.0732,56.7779
590.0,-870.0,1277.0358,48.4645
590.0,-860.0,1270.0381,40.1807
590.0,-850.0,1263.0808,31.9274
590.0,-840.0,1256.1647,23.7053
590.0,-830.0,1249.2902,15.515
590.0,-820.0,1242.4582,7.3574
590.0,-810.0,1235.6694,-0.7667
590.0,-800.0,1228.9245,-8.8565
590.0,-790.0,1222.2241,-16.9111
590.0,-780.0,1215.5691,-24.9297
590.0,-770.0,1208.9601,-32.9114
590.0,-760.0,1202.398,-40.8553
590.0,-750.0,1195.8836,-48.7604
590.0,-740.0,1189.4175,-56.6257
590.0,-730.0,1183.0006,-64.4503
590.0,-720.0,1176.6337,-72.233
590.0,-710.0,1170.3176,-79.9729
590.0,-700.0,1164.0531,-87.6689
590.0,-690.0,1157.8411,-95.3198
590.0,-680.0,1151.6825,-102.9244
590.0,-670.0,1145.578,-110.4817
590.0,-660.0,1139.5286,-117.9903
590.0,-650.0,1133.5351,-125.4491
590.0,-640.0,1127.5984,-132.8566
590.0,-630.0,1121.7195,-140.2117
590.0,-620.0,1115.8992,-147.513
590.0,-610.0,1110.1385,-154.759
590.0,-600.0,1104.4383,-161.9483
590.0,-590.0,1098.7995,-169.0795
590.0,-580.0,1093.2231,-176.151
590.0,-570.0,1087.7101,-183.1614
590.0,-560.0,1082.2613,-190.1089
590.0,-550.0,1076.8779,-196.992
590.0,-540.0,1071.5608,-203.809
590.0,-530.0,1066.3109,-210.5582
590.0,-520.0,1061.1293,-217.2378
590.0,-510.0,1056.0169,-223.8461
590.0,-500.0,1050.9749,-230.3812
590.0,-490.0,1046.0041,-236.8412
590.0,-480.0,1041.1057,-243.2242
590.0,-470.0,1036.2806,-249.5282
590.0,-460.0,1031.5299,-255.7513
590.0,-450.0,1026.8546,-261.8913
590.0,-440.0,1022.2557,-267.9463
590.0,-430.0,1017.7343,-273.914
590.0,-420.0,1013.2915,-279.7923
590.0,-410.0,1008.9282,-285.5789
590.0,-400.0,1004.6454,-291.2718
590.0,-390.0,1000.4443,-296.8685
590.0,-380.0,996.3259,-302.3667
590.0,-370.0,992.2912,-307.7641
590.0,-360.0,988.3411,-313.0584
590.0,-350.0,984.4768,-318.2471
590.0,-340.0,980.6993,-323.3278
590.0,-330.0,977.0094,-328.2981
590.0,-320.0,973.4084,-333.1554
590.0,-310.0,969.8971,-337.8973
590.0,-300.0,966.4765,-342.5213
590.0,-290.0,963.1475,-347.0249
590.0,-280.0,959.9112,-351.4055
590.0,-270.0,956.7685,-355.6608
590.0,-260.0,953.7203,-359.7881
590.0,-250.0,950.7675,-363.785
590.0,-240.0,947.911,-367.649
590.0,-230.0,945.1517,-371.3777
590.0,-220.0,942.4904,-374.9686
590.0,-210.0,939.928,-378.4193
590.0,-200.0,937.4652,-381.7276
590.0,-190.0,935.1029,-384.891
590.0,-180.0,932.8418,-387.9074
590.0,-170.0,930.6827,-390.7746
590.0,-160.0,928.6263,-393.4905
590.0,-150.0,926.6732,-396.0529
590.0,-140.0,924.8241,-398.46
590.0,-130.0,923.0796,-400.7099
590.0,-120.0,921.4404,-402.8008
590.0,-110.0,919.907,-404.7311
590.0,-100.0,918.4799,-406.4991
590.0,-90.0,917.1596,-408.1034
590.0,-80.0,915.9466,-409.5427
590.0,-70.0,914.8413,-410.8157
590.0,-60.0,913.8441,-411.9215
590.0,-50.0,912.9553,-412.8589
590.0,-40.0,912.1753,-413.6274
590.0,-30.0,911.5044,-414.226
590.0,-20.0,910.9428,-414.6545
590.0,-10.0,910.4906,-414.9123
590.0,0.0,910.1481,-414.9992
590.0,10.0,910.4906,-414.9123
590.0,20.0,910.9428,-414.6545
590.0,30.0,911.5044,-414.226
590.0,40.0,912.1753,-413.6274
590.0,50.0,912.9553,-412.8589
590.0,60.0,913.8441,-411.9215
590.0,70.0,914.8413,-410.8157
590.0,80.0,915.9466,-409.5427
590.0,90.0,917.1596,-408.1034
590.0,100.0,918.4799,-406.4991
590.0,110.0,919.907,-404.7311
590.0,120.0,921.4404,-402.8008
590.0,130.0,923.0796,-400.7099
590.0,140.0,924.8241,-398.46
590.0,150.0,926.6732,-396.0529
590.0,160.0,928.6263,-393.4905
590.0,170.0,930.6827,-390.7746
590.0,180.0,932.8418,-387.9074
590.0,190.0,935.1029,-384.891
590.0,200.0,937.4652,-381.7276
590.0,210.0,939.928,-378.4193
590.0,220.0,942.4904,-374.9686
590.0,230.0,945.1517,-371.3777
590.0,240.0,947.911,-367.649
590.0,250.0,950.7675,-363.785
590.0,260.0,953.7203,-359.7881
590.0,270.0,956.7685,-355.6608
590.0,280.0,959.9112,-351.4055
590.0,290.0,963.1475,-347.0249
590.0,300.0,966.4765,-342.5213
590.0,310.0,969.8971,-337.8973
590.0,320.0,973.4084,-333.1554
590.0,330.0,977.0094,-328.2981
590.0,340.0,980.6993,-323.3278
590.0,350.0,984.4768,-318.2471
590.0,360.0,988.3411,-313.0584
590.0,370.0,992.2912,-307.7641
590.0,380.0,996.3259,-302.3667
590.0,390.0,1000.4443,-296.8685
590.0,400.0,1004.6454,-291.2718
590.0,410.0,1008.9282,-285.5789
590.0,420.0,1013.2915,-279.7923
590.0,430.0,1017.7343,-273.914
590.0,440.0,1022.2557,-267.9463
590.0,450.0,1026.8546,-261.8913
590.0,460.0,1031.5299,-255.7513
590.0,470.0,1036.2806,-249.5282
590.0,480.0,1041.1057,-243.2242
590.0,490.0,1046.0041,-236.8412
590.0,500.0,1050.9749,-230.3812
590.0,510.0,1056.0169,-223.8461
590.0,520.0,1061.1293,-217.2378
590.0,530.0,1066.3109,-210.5582
590.0,540.0,1071.5608,-203.809
590.0,550.0,1076.8779,-196.992
590.0,560.0,1082.2613,-190.1089
590.0,570.0,1087.7101,-183.1614
590.0,580.0,1093.2231,-176.151
590.0,590.0,1098.7995,-169.0795
590.0,600.0,1104.4383,-161.9483
590.0,610.0,1110.1385,-154.759
590.0,620.0,1115.8992,-147.513
590.0,630.0,1121.7195,-140.2117
590.0,640.0,1127.5984,-132.8566
590.0,650.0,1133.5351,-125.4491
590.0,660.0,1139.5286,-117.9903
590.0,670.0,1145.578,-110.4817
590.0,680.0,1151.6825,-102.9244
590.0,690.0,1157.8411,-95.3198
590.0,700.0,1164.0531,-87.6689
590.0,710.0,1170.3176,-79.9729
590.0,720.0,1176.6337,-72.233
590.0,730.0,1183.0006,-64.4503
590.0,740.0,1189.4175,-56.6257
590.0,750.0,1195.8836,-48.7604
590.0,760.0,1202.398,-40.8553
590.0,770.0,1208.9601,-32.9114
590.0,780.0,1215.5691,-24.9297
590.0,790.0,1222.2241,-16.9111
590.0,800.0,1228.9245,-8.8565
590.0,810.0,1235.6694,-0.7667
590.0,820.0,1242.4582,7.3574
590.0,830.0,1249.2902,15.515
590.0,840.0,1256.1647,23.7053
590.0,850.0,1263.0808,31.9274
590.0,860.0,1270.0381,40.1807
590.0,870.0,1277.0358,48.4645
590.0,880.0,1284.0732,56.7779
590.0,890.0,1291.1497,65.1203
590.0,900.0,1298.2646,73.491
590.0,910.0,1305.4174,81.8894
590.0,920.0,1312.6074,90.3148
590.0,930.0,1319.834,98.7667
590.0,940.0,1327.0966,107.2443
590.0,950.0,1334.3946,115.7471
590.0,960.0,1341.7274,124.2746
590.0,970.0,1349.0945,132.8262
590.0,980.0,1356.4954,141.4013
590.0,990.0,1363.9293,149.9994
590.0,1000.0,1371.3959,158.6201
600.0,-1000.0,1364.7825,163.7012
600.0,-990.0,1357.2796,155.1185
600.0,-980.0,1349.809,146.5587
600.0,-970.0,1342.3713,138.0225
600.0,-960.0,1334.9671,129.5103
600.0,-950.0,1327.5969,121.0226
600.0,-940.0,1320.2613,112.5601
600.0,-930.0,1312.9609,104.1233
600.0,-920.0,1305.6963,95.7128
600.0,-910.0,1298.468,87.3292
600.0,-900.0,1291.2768,78.9731
600.0,-890.0,1284.1231,70.6452
600.0,-880.0,1277.0076,62.3462
600.0,-870.0,1269.9311,54.0767
600.0,-860.0,1262.894,45.8375
600.0,-850.0,1255.8972,37.6292
600.0,-840.0,1248.9412,29.4525
600.0,-830.0,1242.0268,21.3084
600.0,-820.0,1235.1547,13.1974
600.0,-810.0,1228.3255,5.1205
600.0,-800.0,1221.54,-2.9215
600.0,-790.0,1214.7989,-10.9278
600.0,-780.0,1208.103,-18.8975
600.0,-770.0,1201.453,-26.8298
600.0,-760.0,1194.8496,-34.7236
600.0,-750.0,1188.2938,-42.578
600.0,-740.0,1181.7861,-50.3922
600.0,-730.0,1175.3276,-58.1649
600.0,-720.0,1168.9189,-65.8953
600.0,-710.0,1162.5609,-73.5823
600.0,-700.0,1156.2544,-81.2247
600.0,-690.0,1150.0003,-88.8215
600.0,-680.0,1143.7994,-96.3714
600.0,-670.0,1137.6526,-103.8734
600.0,-660.0,1131.5608,-111.3262
600.0,-650.0,1125.5249,-118.7286
600.0,-640.0,1119.5458,-126.0792
600.0,-630.0,1113.6244,-133.3767
600.0,-620.0,1107.7615,-140.6199
600.0,-610.0,1101.9583,-147.8073
600.0,-600.0,1096.2155,-154.9375
600.0,-590.0,1090.5342,-162.009
600.0,-580.0,1084.9154,-169.0204
600.0,-570.0,1079.3599,-175.97
600.0,-560.0,1073.8688,-182.8564
600.0,-550.0,1068.4431,-189.6779
600.0,-540.0,1063.0837,-196.4329
600.0,-530.0,1057.7918,-203.1196
600.0,-520.0,1052.5682,-209.7363
600.0,-510.0,1047.4141,-216.2814
600.0,-500.0,1042.3304,-222.7528
600.0,-490.0,1037.3183,-229.1489
600.0,-480.0,1032.3786,-235.4677
600.0,-470.0,1027.5126,-241.7072
600.0,-460.0,1022.7211,-247.8656
600.0,-450.0,1018.0054,-253.9407
600.0,-440.0,1013.3663,-259.9306
600.0,-430.0,1008.8051,-265.8332
600.0,-420.0,1004.3227,-271.6462
600.0,-410.0,999.9203,-277.3677
600.0,-400.0,995.5988,-282.9953
600.0,-390.0,991.3594,-288.5269
600.0,-380.0,987.2031,-293.9602
600.0,-370.0,983.1309,-299.2929
600.0,-360.0,979.1439,-304.5227
600.0,-350.0,975.2431,-309.6472
600.0,-340.0,971.4297,-314.6641
600.0,-330.0,967.7045,-319.5711
600.0,-320.0,964.0687,-324.3657
600.0,-310.0,960.5232,-329.0454
600.0,-300.0,957.0691,-333.608
600.0,-290.0,953.7074,-338.051
600.0,-280.0,950.4389,-342.3719
600.0,-270.0,947.2648,-346.5683
600.0,-260.0,944.1859,-350.6378
600.0,-250.0,941.2032,-354.578
600.0,-240.0,938.3176,-358.3866
600.0,-230.0,935.53,-362.0611
600.0,-220.0,932.8412,-365.5993
600.0,-210.0,930.2522,-368.9988
600.0,-200.0,927.7638,-372.2574
600.0,-190.0,925.3767,-375.3729
600.0,-180.0,923.0918,-378.3431
600.0,-170.0,920.9098,-381.1659
600.0,-160.0,918.8315,-383.8394
600.0,-150.0,916.8575,-386.3616
600.0,-140.0,914.9886,-388.7305
600.0,-130.0,913.2254,-390.9445
600.0,-120.0,911.5684,-393.0018
600.0,-110.0,910.0184,-394.9007
600.0,-100.0,908.5757,-396.6399
600.0,-90.0,907.241,-398.218
600.0,-80.0,906.0147,-399.6335
600.0,-70.0,904.8973,-400.8855
600.0,-60.0,903.8891,-401.9729
600.0,-50.0,902.9906,-402.8948
600.0,-40.0,902.202,-403.6504
600.0,-30.0,901.5236,-404.239
600.0,-20.0,900.9558,-404.6603
600.0,-10.0,900.4986,-404.9137
600.0,0.0,900.1523,-404.9992
600.0,10.0,900.4986,-404.9137
600.0,20.0,900.9558,-404.6603
600.0,30.0,901.5236,-404.239
600.0,40.0,902.202,-403.6504
600.0,50.0,902.9906,-402.8948
600.0,60.0,903.8891,-401.9729
600.0,70.0,904.8973,-400.8855
600.0,80.0,906.0147,-399.6335
600.0,90.0,907.241,-398.218
600.0,100.0,908.5757,-396.6399
600.0,110.0,910.0184,-394.9007
600.0,120.0,911.5684,-393.0018
600.0,130.0,913.2254,-390.9445
600.0,140.0,914.9886,-388.7305
600.0,150.0,916.8575,-386.3616
600.0,160.0,918.8315,-383.8394
600.0,170.0,920.9098,-381.1659
600.0,180.0,923.0918,-378.3431
600.0,190.0,925.3767,-375.3729
600.0,200.0,927.7638,-372.2574
600.0,210.0,930.2522,-368.9988
600.0,220.0,932.8412,-365.5993
600.0,230.0,935.53,-362.0611
600.0,240.0,938.3176,-358.3866
600.0,250.0,941.2032,-354.578
600.0,260.0,944.1859,-350.6378
600.0,270.0,947.2648,-346.5683
600.0,280.0,950.4389,-342.3719
600.0,290.0,953.7074,-338.051
600.0,300.0,957.0691,-333.608
600.0,310.0,960.5232,-329.0454
600.0,320.0,964.0687,-324.3657
600.0,330.0,967.7045,-319.5711
600.0,340.0,971.4297,-314.6641
600.0,350.0,975.2431,-309.6472
600.0,360.0,979.1439,-304.5227
600.0,370.0,983.1309,-299.2929
600.0,380.0,987.2031,-293.9602
600.0,390.0,991.3594,-288.5269
600.0,400.0,995.5988,-282.9953
600.0,410.0,999.9203,-277.3677
600.0,420.0,1004.3227,-271.6462
600.0,430.0,1008.8051,-265.8332
600.0,440.0,1013.3663,-259.9306
600.0,450.0,1018.0054,-253.9407
600.0,460.0,1022.7211,-247.8656
600.0,470.0,1027.5126,-241.7072
600.0,480.0,1032.3786,-235.4677
600.0,490.0,1037.3183,-229.1489
600.0,500.0,1042.3304,-222.7528
600.0,510.0,1047.4141,-216.2814
600.0,520.0,1052.5682,-209.7363
600.0,530.0,1057.7918,-203.1196
600.0,540.0,1063.0837,-196.4329
600.0,550.0,1068.4431,-189.6779
600.0,560.0,1073.8688,-182.8564
600.0,570.0,1079.3599,-175.97
600.0,580.0,1084.9154,-169.0204
600.0,590.0,1090.5342,-162.009
600.0,600.0,1096.2155,-154.9375
600.0,610.0,1101.9583,-147.8073
600.0,620.0,1107.7615,-140.6199
600.0,630.0,1113.6244,-133.3767
600.0,640.0,1119.5458,-126.0792
600.0,650.0,1125.5249,-118.7286
600.0,660.0,1131.5608,-111.3262
600.0,670.0,1137.6526,-103.8734
600.0,680.0,1143.7994,-96.3714
600.0,690.0,1150.0003,-88.8215
600.0,700.0,1156.2544,-81.2247
600.0,710.0,1162.5609,-73.5823
600.0,720.0,1168.9189,-65.8953
600.0,730.0,1175.3276,-58.1649
600.0,740.0,1181.7861,-50.3922
600.0,750.0,1188.2938,-42.578
600.0,760.0,1194.8496,-34.7236
600.0,770.0,1201.453,-26.8298
600.0,780.0,1208.103,-18.8975
600.0,790.0,1214.7989,-10.9278
600.0,800.0,1221.54,-2.9215
600.0,810.0,1228.3255,5.1205
600.0,820.0,1235.1547,13.1974
600.0,830.0,1242.0268,21.3084
600.0,840.0,1248.9412,29.4525
600.0,850.0,1255.8972,37.6292
600.0,860.0,1262.894,45.8375
600.0,870.0,1269.9311,54.0767
600.0,880.0,1277.0076,62.3462
600.0,890.0,1284.1231,70.6452
600.0,900.0,1291.2768,78.9731
600.0,910.0,1298.468,87.3292
600.0,920.0,1305.6963,95.7128
600.0,930.0,1312.9609,104.1233
600.0,940.0,1320.2613,112.5601
600.0,950.0,1327.5969,121.0226
600.0,960.0,1334.9671,129.5103
600.0,970.0,1342.3713,138.0225
600.0,980.0,1349.809,146.5587
600.0,990.0,1357.2796,155.1185
600.0,1000.0,1364.7825,163.7012
610.0,-1000.0,1358.2106,168.8458
610.0,-990.0,1350.6711,160.3011
610.0,-980.0,1343.1637,151.7799
610.0,-970.0,1335.689,143.2826
610.0,-960.0,1328.2476,134.8099
610.0,-950.0,1320.8399,126.3622
610.0,-940.0,1313.4666,117.9401
610.0,-930.0,1306.1282,109.5442
610.0,-920.0,1298.8254,101.1751
610.0,-910.0,1291.5587,92.8334
610.0,-900.0,1284.3287,84.5197
610.0,-890.0,1277.1361,76.2348
610.0,-880.0,1269.9815,67.9792
610.0,-870.0,1262.8656,59.7536
610.0,-860.0,1255.789,51.5589
610.0,-850.0,1248.7523,43.3956
610.0,-840.0,1241.7563,35.2645
610.0,-830.0,1234.8017,27.1664
610.0,-820.0,1227.8891,19.1021
610.0,-810.0,1221.0193,11.0723
610.0,-800.0,1214.1929,3.078
610.0,-790.0,1207.4108,-4.88
610.0,-780.0,1200.6737,-12.8009
610.0,-770.0,1193.9823,-20.6838
610.0,-760.0,1187.3374,-28.5276
610.0,-750.0,1180.7399,-36.3316
610.0,-740.0,1174.1904,-44.0946
610.0,-730.0,1167.6898,-51.8158
610.0,-720.0,1161.239,-59.494
610.0,-710.0,1154.8387,-67.1282
610.0,-700.0,1148.4898,-74.7173
610.0,-690.0,1142.1932,-82.2602
610.0,-680.0,1135.9497,-89.7557
610.0,-670.0,1129.7602,-97.2028
610.0,-660.0,1123.6256,-104.6
610.0,-650.0,1117.5468,-111.9463
610.0,-640.0,1111.5248,-119.2403
610.0,-630.0,1105.5604,-126.4808
610.0,-620.0,1099.6546,-133.6663
610.0,-610.0,1093.8083,-140.7955
610.0,-600.0,1088.0225,-147.867
610.0,-590.0,1082.2982,-154.8794
610.0,-580.0,1076.6364,-161.8311
610.0,-570.0,1071.038,-168.7206
610.0,-560.0,1065.504,-175.5464
610.0,-550.0,1060.0355,-182.307
610.0,-540.0,1054.6334,-189.0005
610.0,-530.0,1049.2988,-195.6254
610.0,-520.0,1044.0328,-202.18
610.0,-510.0,1038.8363,-208.6626
610.0,-500.0,1033.7105,-215.0712
610.0,-490.0,1028.6563,-221.4042
610.0,-480.0,1023.6748,-227.6596
610.0,-470.0,1018.7672,-233.8356
610.0,-460.0,1013.9344,-239.9301
610.0,-450.0,1009.1776,-245.9413
610.0,-440.0,1004.4978,-251.8672
610.0,-430.0,999.8962,-257.7056
610.0,-420.0,995.3737,-263.4545
610.0,-410.0,990.9315,-269.1119
610.0,-400.0,986.5706,-274.6754
610.0,-390.0,982.2922,-280.1431
610.0,-380.0,978.0974,-285.5126
610.0,-370.0,973.9871,-290.7818
610.0,-360.0,969.9625,-295.9483
610.0,-350.0,966.0247,-301.01
610.0,-340.0,962.1747,-305.9645
610.0,-330.0,958.4136,-310.8095
610.0,-320.0,954.7424,-315.5427
610.0,-310.0,951.1622,-320.1618
610.0,-300.0,947.6739,-324.6643
610.0,-290.0,944.2787,-329.048
610.0,-280.0,940.9775,-333.3106
610.0,-270.0,937.7714,-337.4496
610.0,-260.0,934.6612,-341.4628
610.0,-250.0,931.648,-345.3478
610.0,-240.0,928.7327,-349.1023
610.0,-230.0,925.9162,-352.7241
610.0,-220.0,923.1995,-356.211
610.0,-210.0,920.5834,-359.5606
610.0,-200.0,918.0687,-362.771
610.0,-190.0,915.6564,-365.8399
610.0,-180.0,913.3472,-368.7652
610.0,-170.0,911.1418,-371.5451
610.0,-160.0,909.0412,-374.1775
610.0,-150.0,907.0459,-376.6605
610.0,-140.0,905.1567,-378.9925
610.0,-130.0,903.3743,-381.1716
610.0,-120.0,901.6993,-383.1962
610.0,-110.0,900.1322,-385.0649
610.0,-100.0,898.6737,-386.7762
610.0,-90.0,897.3243,-388.3288
610.0,-80.0,896.0844,-389.7215
610.0,-70.0,894.9546,-390.9531
610.0,-60.0,893.9352,-392.0227
610.0,-50.0,893.0266,-392.9294
610.0,-40.0,892.2292,-393.6726
610.0,-30.0,891.5433,-394.2516
610.0,-20.0,890.9691,-394.6659
610.0,-10.0,890.5068,-394.9152
610.0,0.0,890.1566,-394.9992
610.0,10.0,890.5068,-394.9152
610.0,20.0,890.9691,-394.6659
610.0,30.0,891.5433,-394.2516
610.0,40.0,892.2292,-393.6726
610.0,50.0,893.0266,-392.9294
610.0,60.0,893.9352,-392.0227
610.0,70.0,894.9546,-390.9531
610.0,80.0,896.0844,-389.7215
610.0,90.0,897.3243,-388.3288
610.0,100.0,898.6737,-386.7762
610.0,110.0,900.1322,-385.0649
610.0,120.0,901.6993,-383.1962
610.0,130.0,903.3743,-381.1716
610.0,140.0,905.1567,-378.9925
610.0,150.0,907.0459,-376.6605
610.0,160.0,909.0412,-374.1775
610.0,170.0,911.1418,-371.5451
610.0,180.0,913.3472,-368.7652
610.0,190.0,915.6564,-365.8399
610.0,200.0,918.0687,-362.771
610.0,210.0,920.5834,-359.5606
610.0,220.0,923.1995,-356.211
610.0,230.0,925.9162,-352.7241
610.0,240.0,928.7327,-349.1023
610.0,250.0,931.648,-345.3478
610.0,260.0,934.6612,-341.4628
610.0,270.0,937.7714,-337.4496
610.0,280.0,940.9775,-333.3106
610.0,290.0,944.2787,-329.048
610.0,300.0,947.6739,-324.6643
610.0,310.0,951.1622,-320.1618
610.0,320.0,954.7424,-315.5427
610.0,330.0,958.4136,-310.8095
610.0,340.0,962.1747,-305.9645
610.0,350.0,966.0247,-301.01
610.0,360.0,969.9625,-295.9483
610.0,370.0,973.9871,-290.7818
610.0,380.0,978.0974,-285.5126
610.0,390.0,982.2922,-280.1431
610.0,400.0,986.5706,-274.6754
610.0,410.0,990.9315,-269.1119
610.0,420.0,995.3737,-263.4545
610.0,430.0,999.8962,-257.7056
610.0,440.0,1004.4978,-251.8672
610.0,450.0,1009.1776,-245.9413
610.0,460.0,1013.9344,-239.9301
610.0,470.0,1018.7672,-233.8356
610.0,480.0,1023.6748,-227.6596
610.0,490.0,1028.6563,-221.4042
610.0,500.0,1033.7105,-215.0712
610.0,510.0,1038.8363,-208.6626
610.0,520.0,1044.0328,-202.18
610.0,530.0,1049.2988,-195.6254
610.0,540.0,1054.6334,-189.0005
610.0,550.0,1060.0355,-182.307
610.0,560.0,1065.504,-175.5464
610.0,570.0,1071.038,-168.7206
610.0,580.0,1076.6364,-161.8311
610.0,590.0,1082.2982,-154.8794
610.0,600.0,1088.0225,-147.867
610.0,610.0,1093.8083,-140.7955
610.0,620.0,1099.6546,-133.6663
610.0,630.0,1105.5604,-126.4808
610.0,640.0,1111.5248,-119.2403
610.0,650.0,1117.5468,-111.9463
610.0,660.0,1123.6256,-104.6
610.0,670.0,1129.7602,-97.2028
610.0,680.0,1135.9497,-89.7557
610.0,690.0,1142.1932,-82.2602
610.0,700.0,1148.4898,-74.7173
610.0,710.0,1154.8387,-67.1282
610.0,720.0,1161.239,-59.494
610.0,730.0,1167.6898,-51.8158
610.0,740.0,1174.1904,-44.0946
610.0,750.0,1180.7399,-36.3316
610.0,760.0,1187.3374,-28.5276
610.0,770.0,1193.9823,-20.6838
610.0,780.0,1200.6737,-12.8009
610.0,790.0,1207.4108,-4.88
610.0,800.0,1214.1929,3.078
610.0,810.0,1221.0193,11.0723
610.0,820.0,1227.8891,19.1021
610.0,830.0,1234.8017,27.1664
610.0,840.0,1241.7563,35.2645
610.0,850.0,1248.7523,43.3956
610.0,860.0,1255.789,51.5589
610.0,870.0,1262.8656,59.7536
610.0,880.0,1269.9815,67.9792
610.0,890.0,1277.1361,76.2348
610.0,900.0,1284.3287,84.5197
610.0,910.0,1291.5587,92.8334
610.0,920.0,1298.8254,101.1751
610.0,930.0,1306.1282,109.5442
610.0,940.0,1313.4666,117.9401
610.0,950.0,1320.8399,126.3622
610.0,960.0,1328.2476,134.8099
610.0,970.0,1335.689,143.2826
610.0,980.0,1343.1637,151.7799
610.0,990.0,1350.6711,160.3011
610.0,1000.0,1358.2106,168.8458
620.0,-1000.0,1351.6806,174.053
620.0,-990.0,1344.1045,165.5465
620.0,-980.0,1336.5603,157.0639
620.0,-970.0,1329.0485,148.6058
620.0,-960.0,1321.5696,140.1726
620.0,-950.0,1314.1243,131.7649
620.0,-940.0,1306.7131,123.3833
620.0,-930.0,1299.3366,115.0284
620.0,-920.0,1291.9953,106.7007
620.0,-910.0,1284.69,98.401
620.0,-900.0,1277.4211,90.1298
620.0,-890.0,1270.1894,81.8878
620.0,-880.0,1262.9955,73.6757
620.0,-870.0,1255.84,65.4941
620.0,-860.0,1248.7235,57.3439
620.0,-850.0,1241.6469,49.2256
620.0,-840.0,1234.6106,41.14
620.0,-830.0,1227.6155,33.088
620.0,-820.0,1220.6622,25.0703
620.0,-810.0,1213.7515,17.0877
620.0,-800.0,1206.884,9.141
620.0,-790.0,1200.0606,1.2312
620.0,-780.0,1193.282,-6.641
620.0,-770.0,1186.5489,-14.4746
620.0,-760.0,1179.8622,-22.2687
620.0,-750.0,1173.2226,-30.0222
620.0,-740.0,1166.6309,-37.7344
620.0,-730.0,1160.088,-45.4041
620.0,-720.0,1153.5946,-53.0303
620.0,-710.0,1147.1517,-60.612
620.0,-700.0,1140.76,-68.148
620.0,-690.0,1134.4205,-75.6373
620.0,-680.0,1128.1339,-83.0787
620.0,-670.0,1121.9013,-90.4711
620.0,-660.0,1115.7236,-97.8131
620.0,-650.0,1109.6015,-105.1037
620.0,-640.0,1103.5361,-112.3415
620.0,-630.0,1097.5283,-119.5252
620.0,-620.0,1091.579,-126.6535
620.0,-610.0,1085.6893,-133.725
620.0,-600.0,1079.86,-140.7383
620.0,-590.0,1074.0922,-147.692
620.0,-580.0,1068.3869,-154.5846
620.0,-570.0,1062.745,-161.4146
620.0,-560.0,1057.1676,-168.1805
620.0,-550.0,1051.6557,-174.8807
620.0,-540.0,1046.2104,-181.5135
620.0,-530.0,1040.8327,-188.0773
620.0,-520.0,1035.5236,-194.5705
620.0,-510.0,1030.2842,-200.9913
620.0,-500.0,1025.1156,-207.3379
620.0,-490.0,1020.0188,-213.6086
620.0,-480.0,1014.995,-219.8015
620.0,-470.0,1010.0451,-225.9148
620.0,-460.0,1005.1704,-231.9465
620.0,-450.0,1000.3719,-237.8947
620.0,-440.0,995.6508,-243.7575
620.0,-430.0,991.008,-249.5328
620.0,-420.0,986.4448,-255.2187
620.0,-410.0,981.9622,-260.8129
620.0,-400.0,977.5613,-266.3136
620.0,-390.0,973.2433,-271.7185
620.0,-380.0,969.0093,-277.0254
620.0,-370.0,964.8603,-282.2323
620.0,-360.0,960.7975,-287.3368
620.0,-350.0,956.822,-292.3369
620.0,-340.0,952.9348,-297.2303
620.0,-330.0,949.1371,-302.0147
620.0,-320.0,945.4298,-306.6878
620.0,-310.0,941.8142,-311.2475
620.0,-300.0,938.2912,-315.6914
620.0,-290.0,934.862,-320.0172
620.0,-280.0,931.5274,-324.2228
620.0,-270.0,928.2886,-328.3058
620.0,-260.0,925.1466,-332.264
620.0,-250.0,922.1023,-336.0952
620.0,-240.0,919.1567,-339.7971
620.0,-230.0,916.3108,-343.3676
620.0,-220.0,913.5655,-346.8045
620.0,-210.0,910.9217,-350.1057
620.0,-200.0,908.3803,-353.2691
620.0,-190.0,905.9421,-356.2927
620.0,-180.0,903.6081,-359.1745
620.0,-170.0,901.379,-361.9125
620.0,-160.0,899.2555,-364.505
620.0,-150.0,897.2385,-366.9501
620.0,-140.0,895.3286,-369.2462
620.0,-130.0,893.5266,-371.3915
620.0,-120.0,891.833,-373.3846
620.0,-110.0,890.2486,-375.2239
620.0,-100.0,888.7739,-376.9082
620.0,-90.0,887.4094,-378.4361
620.0,-80.0,886.1557,-379.8066
620.0,-70.0,885.0132,-381.0184
620.0,-60.0,883.9823,-382.0709
620.0,-50.0,883.0635,-382.963
620.0,-40.0,882.2571,-383.6941
620.0,-30.0,881.5634,-384.2637
620.0,-20.0,880.9827,-384.6713
620.0,-10.0,880.5151,-384.9165
620.0,0.0,880.1609,-384.9992
620.0,10.0,880.5151,-384.9165
620.0,20.0,880.9827,-384.6713
620.0,30.0,881.5634,-384.2637
620.0,40.0,882.2571,-383.6941
620.0,50.0,883.0635,-382.963
620.0,60.0,883.9823,-382.0709
620.0,70.0,885.0132,-381.0184
620.0,80.0,886.1557,-379.8066
620.0,90.0,887.4094,-378.4361
620.0,100.0,888.7739,-376.9082
620.0,110.0,890.2486,-375.2239
620.0,120.0,891.833,-373.3846
620.0,130.0,893.5266,-371.3915
620.0,140.0,895.3286,-369.2462
620.0,150.0,897.2385,-366.9501
620.0,160.0,899.2555,-364.505
620.0,170.0,901.379,-361.9125
620.0,180.0,903.6081,-359.1745
620.0,190.0,905.9421,-356.2927
620.0,200.0,908.3803,-353.2691
620.0,210.0,910.9217,-350.1057
620.0,220.0,913.5655,-346.8045
620.0,230.0,916.3108,-343.3676
620.0,240.0,919.1567,-339.7971
620.0,250.0,922.1023,-336.0952
620.0,260.0,925.1466,-332.264
620.0,270.0,928.2886,-328.3058
620.0,280.0,931.5274,-324.2228
620.0,290.0,934.862,-320.0172
620.0,300.0,938.2912,-315.6914
620.0,310.0,941.8142,-311.2475
620.0,320.0,945.4298,-306.6878
620.0,330.0,949.1371,-302.0147
620.0,340.0,952.9348,-297.2303
620.0,350.0,956.822,-292.3369
620.0,360.0,960.7975,-287.3368
620.0,370.0,964.8603,-282.2323
620.0,380.0,969.0093,-277.0254
620.0,390.0,973.2433,-271.7185
620.0,400.0,977.5613,-266.3136
620.0,410.0,981.9622,-260.8129
620.0,420.0,986.4448,-255.2187
620.0,430.0,991.008,-249.5328
620.0,440.0,995.6508,-243.7575
620.0,450.0,1000.3719,-237.8947
620.0,460.0,1005.1704,-231.9465
620.0,470.0,1010.0451,-225.9148
620.0,480.0,1014.995,-219.8015
620.0,490.0,1020.0188,-213.6086
620.0,500.0,1025.1156,-207.3379
620.0,510.0,1030.2842,-200.9913
620.0,520.0,1035.5236,-194.5705
620.0,530.0,1040.8327,-188.0773
620.0,540.0,1046.2104,-181.5135
620.0,550.0,1051.6557,-174.8807
620.0,560.0,1057.1676,-168.1805
620.0,570.0,1062.745,-161.4146
620.0,580.0,1068.3869,-154.5846
620.0,590.0,1074.0922,-147.692
620.0,600.0,1079.86,-140.7383
620.0,610.0,1085.6893,-133.725
620.0,620.0,1091.579,-126.6535
620.0,630.0,1097.5283,-119.5252
620.0,640.0,1103.5361,-112.3415
620.0,650.0,1109.6015,-105.1037
620.0,660.0,1115.7236,-97.8131
620.0,670.0,1121.9013,-90.4711
620.0,680.0,1128.1339,-83.0787
620.0,690.0,1134.4205,-75.6373
620.0,700.0,1140.76,-68.148
620.0,710.0,1147.1517,-60.612
620.0,720.0,1153.5946,-53.0303
620.0,730.0,1160.088,-45.4041
620.0,740.0,1166.6309,-37.7344
620.0,750.0,1173.2226,-30.0222
620.0,760.0,1179.8622,-22.2687
620.0,770.0,1186.5489,-14.4746
620.0,780.0,1193.282,-6.641
620.0,790.0,1200.0606,1.2312
620.0,800.0,1206.884,9.141
620.0,810.0,1213.7515,17.0877
620.0,820.0,1220.6622,25.0703
620.0,830.0,1227.6155,33.088
620.0,840.0,1234.6106,41.14
620.0,850.0,1241.6469,49.2256
620.0,860.0,1248.7235,57.3439
620.0,870.0,1255.84,65.4941
620.0,880.0,1262.9955,73.6757
620.0,890.0,1270.1894,81.8878
620.0,900.0,1277.4211,90.1298
620.0,910.0,1284.69,98.401
620.0,920.0,1291.9953,106.7007
620.0,930.0,1299.3366,115.0284
620.0,940.0,1306.7131,123.3833
620.0,950.0,1314.1243,131.7649
620.0,960.0,1321.5696,140.1726
620.0,970.0,1329.0485,148.6058
620.0,980.0,1336.5603,157.0639
620.0,990.0,1344.1045,165.5465
620.0,1000.0,1351.6806,174.053
630.0,-1000.0,1345.1933,179.322
630.0,-990.0,1337.5805,170.8539
630.0,-980.0,1329.9992,162.41
630.0,-970.0,1322.4501,153.991
630.0,-960.0,1314.9338,145.5974
630.0,-950.0,1307.4507,137.2299
630.0,-940.0,1300.0014,128.8888
630.0,-930.0,1292.5866,120.575
630.0,-920.0,1285.2068,112.2889
630.0,-910.0,1277.8626,104.0311
630.0,-900.0,1270.5547,95.8025
630.0,-890.0,1263.2837,87.6035
630.0,-880.0,1256.0502,79.4348
630.0,-870.0,1248.8549,71.2972
630.0,-860.0,1241.6985,63.1914
630.0,-850.0,1234.5815,55.1181
630.0,-840.0,1227.5048,47.0781
630.0,-830.0,1220.4689,39.0721
630.0,-820.0,1213.4747,31.1009
630.0,-810.0,1206.5228,23.1653
630.0,-800.0,1199.614,15.2663
630.0,-790.0,1192.749,7.4045
630.0,-780.0,1185.9285,-0.419
630.0,-770.0,1179.1535,-8.2035
630.0,-760.0,1172.4246,-15.9479
630.0,-750.0,1165.7426,-23.6513
630.0,-740.0,1159.1084,-31.3127
630.0,-730.0,1152.5227,-38.9311
630.0,-720.0,1145.9865,-46.5056
630.0,-710.0,1139.5005,-54.035
630.0,-700.0,1133.0657,-61.5182
630.0,-690.0,1126.6829,-68.9541
630.0,-680.0,1120.353,-76.3417
630.0,-670.0,1114.0768,-83.6797
630.0,-660.0,1107.8554,-90.9669
630.0,-650.0,1101.6896,-98.2021
630.0,-640.0,1095.5804,-105.3841
630.0,-630.0,1089.5288,-112.5115
630.0,-620.0,1083.5356,-119.583
630.0,-610.0,1077.6019,-126.5972
630.0,-600.0,1071.7286,-133.5528
630.0,-590.0,1065.9168,-140.4484
630.0,-580.0,1060.1675,-147.2825
630.0,-570.0,1054.4816,-154.0535
630.0,-560.0,1048.8603,-160.7601
630.0,-550.0,1043.3045,-167.4005
630.0,-540.0,1037.8154,-173.9732
630.0,-530.0,1032.3939,-180.4767
630.0,-520.0,1027.0412,-186.9092
630.0,-510.0,1021.7583,-193.269
630.0,-500.0,1016.5463,-199.5544
630.0,-490.0,1011.4064,-205.7636
630.0,-480.0,1006.3396,-211.8948
630.0,-470.0,1001.347,-217.9463
630.0,-460.0,996.4297,-223.9161
630.0,-450.0,991.5889,-229.8023
630.0,-440.0,986.8257,-235.603
630.0,-430.0,982.1413,-241.3163
630.0,-420.0,977.5366,-246.9401
630.0,-410.0,973.013,-252.4724
630.0,-400.0,968.5715,-257.9112
630.0,-390.0,964.2132,-263.2544
630.0,-380.0,959.9394,-268.5
630.0,-370.0,955.751,-273.6457
630.0,-360.0,951.6493,-278.6895
630.0,-350.0,947.6354,-283.6293
630.0,-340.0,943.7104,-288.4627
630.0,-330.0,939.8754,-293.1878
630.0,-320.0,936.1315,-297.8022
630.0,-310.0,932.4798,-302.3037
630.0,-300.0,928.9214,-306.6903
630.0,-290.0,925.4574,-310.9597
630.0,-280.0,922.0889,-315.1096
630.0,-270.0,918.8168,-319.138
630.0,-260.0,915.6423,-323.0426
630.0,-250.0,912.5663,-326.8213
630.0,-240.0,909.5898,-330.4719
630.0,-230.0,906.7139,-333.9924
630.0,-220.0,903.9394,-337.3807
630.0,-210.0,901.2674,-340.6347
630.0,-200.0,898.6987,-343.7524
630.0,-190.0,896.2342,-346.732
630.0,-180.0,893.8748,-349.5714
630.0,-170.0,891.6213,-352.2689
630.0,-160.0,889.4746,-354.8226
630.0,-150.0,887.4353,-357.2309
630.0,-140.0,885.5043,-359.4921
630.0,-130.0,883.6822,-361.6046
630.0,-120.0,881.9698,-363.567
630.0,-110.0,880.3676,-365.3779
630.0,-100.0,878.8763,-367.036
630.0,-90.0,877.4964,-368.5401
630.0,-80.0,876.2285,-369.889
630.0,-70.0,875.0731,-371.0817
630.0,-60.0,874.0305,-372.1175
630.0,-50.0,873.1012,-372.9955
630.0,-40.0,872.2856,-373.715
630.0,-30.0,871.5839,-374.2755
630.0,-20.0,870.9966,-374.6765
630.0,-10.0,870.5237,-374.9178
630.0,0.0,870.1654,-374.9992
630.0,10.0,870.5237,-374.9178
630.0,20.0,870.9966,-374.6765
630.0,30.0,871.5839,-374.2755
630.0,40.0,872.2856,-373.715
630.0,50.0,873.1012,-372.9955
630.0,60.0,874.0305,-372.1175
630.0,70.0,875.0731,-371.0817
630.0,80.0,876.2285,-369.889
630.0,90.0,877.4964,-368.5401
630.0,100.0,878.8763,-367.036
630.0,110.0,880.3676,-365.3779
630.0,120.0,881.9698,-363.567
630.0,130.0,883.6822,-361.6046
630.0,140.0,885.5043,-359.4921
630.0,150.0,887.4353,-357.2309
630.0,160.0,889.4746,-354.8226
630.0,170.0,891.6213,-352.2689
630.0,180.0,893.8748,-349.5714
630.0,190.0,896.2342,-346.732
630.0,200.0,898.6987,-343.7524
630.0,210.0,901.2674,-340.6347
630.0,220.0,903.9394,-337.3807
630.0,230.0,906.7139,-333.9924
630.0,240.0,909.5898,-330.4719
630.0,250.0,912.5663,-326.8213
630.0,260.0,915.6423,-323.0426
630.0,270.0,918.8168,-319.138
630.0,280.0,922.0889,-315.1096
630.0,290.0,925.4574,-310.9597
630.0,300.0,928.9214,-306.6903
630.0,310.0,932.4798,-302.3037
630.0,320.0,936.1315,-297.8022
630.0,330.0,939.8754,-293.1878
630.0,340.0,943.7104,-288.4627
630.0,350.0,947.6354,-283.6293
630.0,360.0,951.6493,-278.6895
630.0,370.0,955.751,-273.6457
630.0,380.0,959.9394,-268.5
630.0,390.0,964.2132,-263.2544
630.0,400.0,968.5715,-257.9112
630.0,410.0,973.013,-252.4724
630.0,420.0,977.5366,-246.9401
630.0,430.0,982.1413,-241.3163
630.0,440.0,986.8257,-235.603
630.0,450.0,991.5889,-229.8023
630.0,460.0,996.4297,-223.9161
630.0,470.0,1001.347,-217.9463
630.0,480.0,1006.3396,-211.8948
630.0,490.0,1011.4064,-205.7636
630.0,500.0,1016.5463,-199.5544
630.0,510.0,1021.7583,-193.269
630.0,520.0,1027.0412,-186.9092
630.0,530.0,1032.3939,-180.4767
630.0,540.0,1037.8154,-173.9732
630.0,550.0,1043.3045,-167.4005
630.0,560.0,1048.8603,-160.7601
630.0,570.0,1054.4816,-154.0535
630.0,580.0,1060.1675,-147.2825
630.0,590.0,1065.9168,-140.4484
630.0,600.0,1071.7286,-133.5528
630.0,610.0,1077.6019,-126.5972
630.0,620.0,1083.5356,-119.583
630.0,630.0,1089.5288,-112.5115
630.0,640.0,1095.5804,-105.3841
630.0,650.0,1101.6896,-98.2021
630.0,660.0,1107.8554,-90.9669
630.0,670.0,1114.0768,-83.6797
630.0,680.0,1120.353,-76.3417
630.0,690.0,1126.6829,-68.9541
630.0,700.0,1133.0657,-61.5182
630.0,710.0,1139.5005,-54.035
630.0,720.0,1145.9865,-46.5056
630.0,730.0,1152.5227,-38.9311
630.0,740.0,1159.1084,-31.3127
630.0,750.0,1165.7426,-23.6513
630.0,760.0,1172.4246,-15.9479
630.0,770.0,1179.1535,-8.2035
630.0,780.0,1185.9285,-0.419
630.0,790.0,1192.749,7.4045
630.0,800.0,1199.614,15.2663
630.0,810.0,1206.5228,23.1653
630.0,820.0,1213.4747,31.1009
630.0,830.0,1220.4689,39.0721
630.0,840.0,1227.5048,47.0781
630.0,850.0,1234.5815,55.1181
630.0,860.0,1241.6985,63.1914
630.0,870.0,1248.8549,71.2972
630.0,880.0,1256.0502,79.4348
630.0,890.0,1263.2837,87.6035
630.0,900.0,1270.5547,95.8025
630.0,910.0,1277.8626,104.0311
630.0,920.0,1285.2068,112.2889
630.0,930.0,1292.5866,120.575
630.0,940.0,1300.0014,128.8888
630.0,950.0,1307.4507,137.2299
630.0,960.0,1314.9338,145.5974
630.0,970.0,1322.4501,153.991
630.0,980.0,1329.9992,162.41
630.0,990.0,1337.5805,170.8539
630.0,1000.0,1345.1933,179.322
640.0,-1000.0,1338.7493,184.6521
640.0,-990.0,1331.0996,176.2222
640.0,-980.0,1323.4812,167.8172
640.0,-970.0,1315.8947,159.4375
640.0,-960.0,1308.3407,151.0836
640.0,-950.0,1300.8197,142.7562
640.0,-940.0,1293.3322,134.4558
640.0,-930.0,1285.8789,126.1831
640.0,-920.0,1278.4604,117.9385
640.0,-910.0,1271.0773,109.7228
640.0,-900.0,1263.7302,101.5367
640.0,-890.0,1256.4197,93.3807
640.0,-880.0,1249.1464,85.2555
640.0,-870.0,1241.9111,77.1619
640.0,-860.0,1234.7144,69.1006
640.0,-850.0,1227.5569,61.0723
640.0,-840.0,1220.4395,53.0777
640.0,-830.0,1213.3626,45.1176
640.0,-820.0,1206.3272,37.1929
640.0,-810.0,1199.3339,29.3043
640.0,-800.0,1192.3834,21.4527
640.0,-790.0,1185.4765,13.6389
640.0,-780.0,1178.614,5.8639
640.0,-770.0,1171.7967,-1.8716
640.0,-760.0,1165.0253,-9.5665
640.0,-750.0,1158.3006,-17.2198
640.0,-740.0,1151.6235,-24.8307
640.0,-730.0,1144.9948,-32.3981
640.0,-720.0,1138.4154,-39.921
640.0,-710.0,1131.8861,-47.3984
640.0,-700.0,1125.4077,-54.829
640.0,-690.0,1118.9812,-62.212
640.0,-680.0,1112.6074,-69.546
640.0,-670.0,1106.2874,-76.83
640.0,-660.0,1100.0219,-84.0627
640.0,-650.0,1093.812,-91.2429
640.0,-640.0,1087.6585,-98.3694
640.0,-630.0,1081.5625,-105.4409
640.0,-620.0,1075.5249,-112.4561
640.0,-610.0,1069.5468,-119.4136
640.0,-600.0,1063.6291,-126.312
640.0,-590.0,1057.7727,-133.15
640.0,-580.0,1051.9789,-139.9261
640.0,-570.0,1046.2486,-146.6387
640.0,-560.0,1040.5828,-153.2865
640.0,-550.0,1034.9826,-159.8679
640.0,-540.0,1029.449,-166.3813
640.0,-530.0,1023.9833,-172.825
640.0,-520.0,1018.5864,-179.1975
640.0,-510.0,1013.2594,-185.4971
640.0,-500.0,1008.0035,-191.7221
640.0,-490.0,1002.8198,-197.8707
640.0,-480.0,997.7093,-203.9411
640.0,-470.0,992.6733,-209.9316
640.0,-460.0,987.7129,-215.8404
640.0,-450.0,982.8292,-221.6656
640.0,-440.0,978.0233,-227.4052
640.0,-430.0,973.2965,-233.0574
640.0,-420.0,968.6498,-238.6202
640.0,-410.0,964.0845,-244.0916
640.0,-400.0,959.6016,-249.4697
640.0,-390.0,955.2025,-254.7524
640.0,-380.0,950.8881,-259.9376
640.0,-370.0,946.6597,-265.0234
640.0,-360.0,942.5184,-270.0077
640.0,-350.0,938.4655,-274.8882
640.0,-340.0,934.5019,-279.6631
640.0,-330.0,930.629,-284.33
640.0,-320.0,926.8477,-288.8869
640.0,-310.0,923.1593,-293.3317
640.0,-300.0,919.5649,-297.6622
640.0,-290.0,916.0655,-301.8764
640.0,-280.0,912.6623,-305.972
640.0,-270.0,909.3563,-309.947
640.0,-260.0,906.1486,-313.7993
640.0,-250.0,903.0403,-317.5268
640.0,-240.0,900.0323,-321.1275
640.0,-230.0,897.1257,-324.5993
640.0,-220.0,894.3215,-327.9402
640.0,-210.0,891.6207,-331.1483
640.0,-200.0,889.0241,-334.2216
640.0,-190.0,886.5327,-337.1583
640.0,-180.0,884.1475,-339.9565
640.0,-170.0,881.8691,-342.6145
640.0,-160.0,879.6986,-345.1306
640.0,-150.0,877.6366,-347.5031
640.0,-140.0,875.684,-349.7305
640.0,-130.0,873.8414,-351.8112
640.0,-120.0,872.1097,-353.7439
640.0,-110.0,870.4894,-355.5272
640.0,-100.0,868.9811,-357.1599
640.0,-90.0,867.5855,-358.6408
640.0,-80.0,866.3031,-359.9688
640.0,-70.0,865.1343,-361.1431
640.0,-60.0,864.0798,-362.1627
640.0,-50.0,863.1398,-363.0269
640.0,-40.0,862.3147,-363.7352
640.0,-30.0,861.605,-364.2868
640.0,-20.0,861.0108,-364.6816
640.0,-10.0,860.5324,-364.9191
640.0,0.0,860.17,-364.9992
640.0,10.0,860.5324,-364.9191
640.0,20.0,861.0108,-364.6816
640.0,30.0,861.605,-364.2868
640.0,40.0,862.3147,-363.7352
640.0,50.0,863.1398,-363.0269
640.0,60.0,864.0798,-362.1627
640.0,70.0,865.1343,-361.1431
640.0,80.0,866.3031,-359.9688
640.0,90.0,867.5855,-358.6408
640.0,100.0,868.9811,-357.1599
640.0,110.0,870.4894,-355.5272
640.0,120.0,872.1097,-353.7439
640.0,130.0,873.8414,-351.8112
640.0,140.0,875.684,-349.7305
640.0,150.0,877.6366,-347.5031
640.0,160.0,879.6986,-345.1306
640.0,170.0,881.8691,-342.6145
640.0,180.0,884.1475,-339.9565
640.0,190.0,886.5327,-337.1583
640.0,200.0,889.0241,-334.2216
640.0,210.0,891.6207,-331.1483
640.0,220.0,894.3215,-327.9402
640.0,230.0,897.1257,-324.5993
640.0,240.0,900.0323,-321.1275
640.0,250.0,903.0403,-317.5268
640.0,260.0,906.1486,-313.7993
640.0,270.0,909.3563,-309.947
640.0,280.0,912.6623,-305.972
640.0,290.0,916.0655,-301.8764
640.0,300.0,919.5649,-297.6622
640.0,310.0,923.1593,-293.3317
640.0,320.0,926.8477,-288.8869
640.0,330.0,930.629,-284.33
640.0,340.0,934.5019,-279.6631
640.0,350.0,938.4655,-274.8882
640.0,360.0,942.5184,-270.0077
640.0,370.0,946.6597,-265.0234
640.0,380.0,950.8881,-259.9376
640.0,390.0,955.2025,-254.7524
640.0,400.0,959.6016,-249.4697
640.0,410.0,964.0845,-244.0916
640.0,420.0,968.6498,-238.6202
640.0,430.0,973.2965,-233.0574
640.0,440.0,978.0233,-227.4052
640.0,450.0,982.8292,-221.6656
640.0,460.0,987.7129,-215.8404
640.0,470.0,992.6733,-209.9316
640.0,480.0,997.7093,-203.9411
640.0,490.0,1002.8198,-197.8707
640.0,500.0,1008.0035,-191.7221
640.0,510.0,1013.2594,-185.4971
640.0,520.0,1018.5864,-179.1975
640.0,530.0,1023.9833,-172.825
640.0,540.0,1029.449,-166.3813
640.0,550.0,1034.9826,-159.8679
640.0,560.0,1040.5828,-153.2865
640.0,570.0,1046.2486,-146.6387
640.0,580.0,1051.9789,-139.9261
640.0,590.0,1057.7727,-133.15
640.0,600.0,1063.6291,-126.312
640.0,610.0,1069.5468,-119.4136
640.0,620.0,1075.5249,-112.4561
640.0,630.0,1081.5625,-105.4409
640.0,640.0,1087.6585,-98.3694
640.0,650.0,1093.812,-91.2429
640.0,660.0,1100.0219,-84.0627
640.0,670.0,1106.2874,-76.83
640.0,680.0,1112.6074,-69.546
640.0,690.0,1118.9812,-62.212
640.0,700.0,1125.4077,-54.829
640.0,710.0,1131.8861,-47.3984
640.0,720.0,1138.4154,-39.921
640.0,730.0,1144.9948,-32.3981
640.0,740.0,1151.6235,-24.8307
640.0,750.0,1158.3006,-17.2198
640.0,760.0,1165.0253,-9.5665
640.0,770.0,1171.7967,-1.8716
640.0,780.0,1178.614,5.8639
640.0,790.0,1185.4765,13.6389
640.0,800.0,1192.3834,21.4527
640.0,810.0,1199.3339,29.3043
640.0,820.0,1206.3272,37.1929
640.0,830.0,1213.3626,45.1176
640.0,840.0,1220.4395,53.0777
640.0,850.0,1227.5569,61.0723
640.0,860.0,1234.7144,69.1006
640.0,870.0,1241.9111,77.1619
640.0,880.0,1249.1464,85.2555
640.0,890.0,1256.4197,93.3807
640.0,900.0,1263.7302,101.5367
640.0,910.0,1271.0773,109.7228
640.0,920.0,1278.4604,117.9385
640.0,930.0,1285.8789,126.1831
640.0,940.0,1293.3322,134.4558
640.0,950.0,1300.8197,142.7562
640.0,960.0,1308.3407,151.0836
640.0,970.0,1315.8947,159.4375
640.0,980.0,1323.4812,167.8172
640.0,990.0,1331.0996,176.2222
640.0,1000.0,1338.7493,184.6521
650.0,-1000.0,1332.3491,190.0422
650.0,-990.0,1324.6625,181.6509
650.0,-980.0,1317.0069,173.2847
650.0,-970.0,1309.3829,164.9443
650.0,-960.0,1301.791,156.6302
650.0,-950.0,1294.232,148.3431
650.0,-940.0,1286.7062,140.0833
650.0,-930.0,1279.2143,131.8517
650.0,-920.0,1271.7569,123.6488
650.0,-910.0,1264.3346,115.4751
650.0,-900.0,1256.9481,107.3315
650.0,-890.0,1249.5979,99.2185
650.0,-880.0,1242.2847,91.1368
650.0,-870.0,1235.0092,83.0872
650.0,-860.0,1227.772,75.0703
650.0,-850.0,1220.5739,67.0868
650.0,-840.0,1213.4155,59.1377
650.0,-830.0,1206.2974,51.2235
650.0,-820.0,1199.2205,43.3451
650.0,-810.0,1192.1855,35.5034
650.0,-800.0,1185.1931,27.6992
650.0,-790.0,1178.2441,19.9333
650.0,-780.0,1171.3392,12.2066
650.0,-770.0,1164.4793,4.52
650.0,-760.0,1157.6651,-3.1256
650.0,-750.0,1150.8974,-10.7291
650.0,-740.0,1144.1771,-18.2897
650.0,-730.0,1137.5051,-25.8063
650.0,-720.0,1130.882,-33.2779
650.0,-710.0,1124.309,-40.7034
650.0,-700.0,1117.7867,-48.0819
650.0,-690.0,1111.3161,-55.412
650.0,-680.0,1104.8981,-62.6929
650.0,-670.0,1098.5337,-69.9232
650.0,-660.0,1092.2238,-77.1018
650.0,-650.0,1085.9692,-84.2274
650.0,-640.0,1079.7711,-91.2989
650.0,-630.0,1073.6303,-98.3149
650.0,-620.0,1067.5479,-105.2742
650.0,-610.0,1061.5248,-112.1754
650.0,-600.0,1055.5621,-119.0172
650.0,-590.0,1049.6608,-125.7981
650.0,-580.0,1043.8219,-132.5167
650.0,-570.0,1038.0465,-139.1716
650.0,-560.0,1032.3357,-145.7613
650.0,-550.0,1026.6905,-152.2843
650.0,-540.0,1021.1121,-158.7389
650.0,-530.0,1015.6015,-165.1237
650.0,-520.0,1010.1598,-171.4369
650.0,-510.0,1004.7881,-177.6771
650.0,-500.0,999.4877,-183.8424
650.0,-490.0,994.2595,-189.9312
650.0,-480.0,989.1049,-195.9417
650.0,-470.0,984.0248,-201.8722
650.0,-460.0,979.0206,-207.7208
650.0,-450.0,974.0933,-213.4858
650.0,-440.0,969.2441,-219.1653
650.0,-430.0,964.4743,-224.7574
650.0,-420.0,959.7849,-230.2602
650.0,-410.0,955.1772,-235.6718
650.0,-400.0,950.6523,-240.9903
650.0,-390.0,946.2116,-246.2135
650.0,-380.0,941.856,-251.3397
650.0,-370.0,937.5869,-256.3666
650.0,-360.0,933.4054,-261.2925
650.0,-350.0,929.3127,-266.1151
650.0,-340.0,925.3099,-270.8324
650.0,-330.0,921.3983,-275.4425
650.0,-320.0,917.579,-279.9432
650.0,-310.0,913.8532,-284.3324
650.0,-300.0,910.222,-288.6082
650.0,-290.0,906.6866,-292.7684
650.0,-280.0,903.248,-296.8109
650.0,-270.0,899.9075,-300.7339
650.0,-260.0,896.666,-304.5351
650.0,-250.0,893.5246,-308.2127
650.0,-240.0,890.4845,-311.7647
650.0,-230.0,887.5467,-315.189
650.0,-220.0,884.7121,-318.4838
650.0,-210.0,881.9819,-321.6471
650.0,-200.0,879.3568,-324.6772
650.0,-190.0,876.838,-327.5722
650.0,-180.0,874.4263,-330.3304
650.0,-170.0,872.1225,-332.95
650.0,-160.0,869.9277,-335.4295
650.0,-150.0,867.8425,-337.7673
650.0,-140.0,865.8678,-339.9618
650.0,-130.0,864.0043,-342.0116
650.0,-120.0,862.2528,-343.9155
650.0,-110.0,860.6139,-345.672
650.0,-100.0,859.0883,-347.28
650.0,-90.0,857.6766,-348.7384
650.0,-80.0,856.3793,-350.0462
650.0,-70.0,855.1971,-351.2025
650.0,-60.0,854.1302,-352.2065
650.0,-50.0,853.1793,-353.0574
650.0,-40.0,852.3446,-353.7547
650.0,-30.0,851.6265,-354.2979
650.0,-20.0,851.0253,-354.6865
650.0,-10.0,850.5413,-354.9204
650.0,0.0,850.1747,-354.9992
650.0,10.0,850.5413,-354.9204
650.0,20.0,851.0253,-354.6865
650.0,30.0,851.6265,-354.2979
650.0,40.0,852.3446,-353.7547
650.0,50.0,853.1793,-353.0574
650.0,60.0,854.1302,-352.2065
650.0,70.0,855.1971,-351.2025
650.0,80.0,856.3793,-350.0462
650.0,90.0,857.6766,-348.7384
650.0,100.0,859.0883,-347.28
650.0,110.0,860.6139,-345.672
650.0,120.0,862.2528,-343.9155
650.0,130.0,864.0043,-342.0116
650.0,140.0,865.8678,-339.9618
650.0,150.0,867.8425,-337.7673
650.0,160.0,869.9277,-335.4295
650.0,170.0,872.1225,-332.95
650.0,180.0,874.4263,-330.3304
650.0,190.0,876.838,-327.5722
650.0,200.0,879.3568,-324.6772
650.0,210.0,881.9819,-321.6471
650.0,220.0,884.7121,-318.4838
650.0,230.0,887.5467,-315.189
650.0,240.0,890.4845,-311.7647
650.0,250.0,893.5246,-308.2127
650.0,260.0,896.666,-304.5351
650.0,270.0,899.9075,-300.7339
650.0,280.0,903.248,-296.8109
650.0,290.0,906.6866,-292.7684
650.0,300.0,910.222,-288.6082
650.0,310.0,913.8532,-284.3324
650.0,320.0,917.579,-279.9432
650.0,330.0,921.3983,-275.4425
650.0,340.0,925.3099,-270.8324
650.0,350.0,929.3127,-266.1151
650.0,360.0,933.4054,-261.2925
650.0,370.0,937.5869,-256.3666
650.0,380.0,941.856,-251.3397
650.0,390.0,946.2116,-246.2135
650.0,400.0,950.6523,-240.9903
650.0,410.0,955.1772,-235.6718
650.0,420.0,959.7849,-230.2602
650.0,430.0,964.4743,-224.7574
650.0,440.0,969.2441,-219.1653
650.0,450.0,974.0933,-213.4858
650.0,460.0,979.0206,-207.7208
650.0,470.0,984.0248,-201.8722
650.0,480.0,989.1049,-195.9417
650.0,490.0,994.2595,-189.9312
650.0,500.0,999.4877,-183.8424
650.0,510.0,1004.7881,-177.6771
650.0,520.0,1010.1598,-171.4369
650.0,530.0,1015.6015,-165.1237
650.0,540.0,1021.1121,-158.7389
650.0,550.0,1026.6905,-152.2843
650.0,560.0,1032.3357,-145.7613
650.0,570.0,1038.0465,-139.1716
650.0,580.0,1043.8219,-132.5167
650.0,590.0,1049.6608,-125.7981
650.0,600.0,1055.5621,-119.0172
650.0,610.0,1061.5248,-112.1754
650.0,620.0,1067.5479,-105.2742
650.0,630.0,1073.6303,-98.3149
650.0,640.0,1079.7711,-91.2989
650.0,650.0,1085.9692,-84.2274
650.0,660.0,1092.2238,-77.1018
650.0,670.0,1098.5337,-69.9232
650.0,680.0,1104.8981,-62.6929
650.0,690.0,1111.3161,-55.412
650.0,700.0,1117.7867,-48.0819
650.0,710.0,1124.309,-40.7034
650.0,720.0,1130.882,-33.2779
650.0,730.0,1137.5051,-25.8063
650.0,740.0,1144.1771,-18.2897
650.0,750.0,1150.8974,-10.7291
650.0,760.0,1157.6651,-3.1256
650.0,770.0,1164.4793,4.52
650.0,780.0,1171.3392,12.2066
650.0,790.0,1178.2441,19.9333
650.0,800.0,1185.1931,27.6992
650.0,810.0,1192.1855,35.5034
650.0,820.0,1199.2205,43.3451
650.0,830.0,1206.2974,51.2235
650.0,840.0,1213.4155,59.1377
650.0,850.0,1220.5739,67.0868
650.0,860.0,1227.772,75.0703
650.0,870.0,1235.0092,83.0872
650.0,880.0,1242.2847,91.1368
650.0,890.0,1249.5979,99.2185
650.0,900.0,1256.9481,107.3315
650.0,910.0,1264.3346,115.4751
650.0,920.0,1271.7569,123.6488
650.0,930.0,1279.2143,131.8517
650.0,940.0,1286.7062,140.0833
650.0,950.0,1294.232,148.3431
650.0,960.0,1301.791,156.6302
650.0,970.0,1309.3829,164.9443
650.0,980.0,1317.0069,173.2847
650.0,990.0,1324.6625,181.6509
650.0,1000.0,1332.3491,190.0422
660.0,-1000.0,1325.9935,195.4918
660.0,-990.0,1318.2698,187.1389
660.0,-980.0,1310.5768,178.8117
660.0,-970.0,1302.9152,170.5107
660.0,-960.0,1295.2855,162.2364
660.0,-950.0,1287.6882,153.9895
660.0,-940.0,1280.124,145.7705
660.0,-930.0,1272.5933,137.58
660.0,-920.0,1265.0969,129.4187
660.0,-910.0,1257.6353,121.2871
660.0,-900.0,1250.2092,113.186
660.0,-890.0,1242.8192,105.116
660.0,-880.0,1235.4659,97.0777
660.0,-870.0,1228.15,89.072
660.0,-860.0,1220.8721,81.0995
660.0,-850.0,1213.6331,73.1609
660.0,-840.0,1206.4334,65.2571
660.0,-830.0,1199.274,57.3887
660.0,-820.0,1192.1554,49.5566
660.0,-810.0,1185.0784,41.7617
660.0,-800.0,1178.0439,34.0047
660.0,-790.0,1171.0524,26.2865
660.0,-780.0,1164.1049,18.6079
660.0,-770.0,1157.2021,10.97
660.0,-760.0,1150.3448,3.3736
660.0,-750.0,1143.5338,-4.1803
660.0,-740.0,1136.7699,-11.6908
660.0,-730.0,1130.0541,-19.1568
660.0,-720.0,1123.3872,-26.5773
660.0,-710.0,1116.77,-33.9514
660.0,-700.0,1110.2034,-41.2778
660.0,-690.0,1103.6884,-48.5556
660.0,-680.0,1097.2258,-55.7836
660.0,-670.0,1090.8166,-62.9605
660.0,-660.0,1084.4618,-70.0854
660.0,-650.0,1078.1622,-77.1569
660.0,-640.0,1071.9189,-84.1738
660.0,-630.0,1065.7329,-91.1348
660.0,-620.0,1059.6051,-98.0387
660.0,-610.0,1053.5366,-104.8841
660.0,-600.0,1047.5285,-111.6697
660.0,-590.0,1041.5816,-118.3941
660.0,-580.0,1035.6972,-125.0559
660.0,-570.0,1029.8763,-131.6536
660.0,-560.0,1024.1199,-138.1858
660.0,-550.0,1018.4292,-144.651
660.0,-540.0,1012.8052,-151.0476
660.0,-530.0,1007.2492,-157.374
660.0,-520.0,1001.7621,-163.6288
660.0,-510.0,996.3452,-169.8103
660.0,-500.0,990.9996,-175.9167
660.0,-490.0,985.7264,-181.9465
660.0,-480.0,980.5269,-187.8979
660.0,-470.0,975.4022,-193.7692
660.0,-460.0,970.3535,-199.5587
660.0,-450.0,965.382,-205.2645
660.0,-440.0,960.4888,-210.8848
660.0,-430.0,955.6752,-216.4178
660.0,-420.0,950.9425,-221.8616
660.0,-410.0,946.2917,-227.2144
660.0,-400.0,941.7242,-232.4742
660.0,-390.0,937.2411,-237.6391
660.0,-380.0,932.8437,-242.7072
660.0,-370.0,928.5331,-247.6765
660.0,-360.0,924.3106,-252.5451
660.0,-350.0,920.1775,-257.3109
660.0,-340.0,916.1348,-261.972
660.0,-330.0,912.1839,-266.5263
660.0,-320.0,908.3259,-270.972
660.0,-310.0,904.5619,-275.3069
660.0,-300.0,900.8933,-279.5291
660.0,-290.0,897.3211,-283.6365
660.0,-280.0,893.8465,-287.6273
660.0,-270.0,890.4707,-291.4994
660.0,-260.0,887.1947,-295.2508
660.0,-250.0,884.0197,-298.8797
660.0,-240.0,880.9468,-302.3841
660.0,-230.0,877.9771,-305.7622
660.0,-220.0,875.1115,-309.012
660.0,-210.0,872.3512,-312.1318
660.0,-200.0,869.6971,-315.1198
660.0,-190.0,867.1502,-317.9742
660.0,-180.0,864.7114,-320.6934
660.0,-170.0,862.3818,-323.2758
660.0,-160.0,860.162,-325.7197
660.0,-150.0,858.0531,-328.0237
660.0,-140.0,856.0558,-330.1863
660.0,-130.0,854.1709,-332.2061
660.0,-120.0,852.3992,-334.0819
660.0,-110.0,850.7414,-335.8124
660.0,-100.0,849.198,-337.3965
660.0,-90.0,847.7698,-338.8331
660.0,-80.0,846.4574,-340.1212
660.0,-70.0,845.2612,-341.2601
660.0,-60.0,844.1819,-342.2489
660.0,-50.0,843.2197,-343.087
660.0,-40.0,842.3751,-343.7737
660.0,-30.0,841.6485,-344.3086
660.0,-20.0,841.0403,-344.6913
660.0,-10.0,840.5505,-344.9216
660.0,0.0,840.1795,-344.9992
660.0,10.0,840.5505,-344.9216
660.0,20.0,841.0403,-344.6913
660.0,30.0,841.6485,-344.3086
660.0,40.0,842.3751,-343.7737
660.0,50.0,843.2197,-343.087
660.0,60.0,844.1819,-342.2489
660.0,70.0,845.2612,-341.2601
660.0,80.0,846.4574,-340.1212
660.0,90.0,847.7698,-338.8331
660.0,100.0,849.198,-337.3965
660.0,110.0,850.7414,-335.8124
660.0,120.0,852.3992,-334.0819
660.0,130.0,854.1709,-332.2061
660.0,140.0,856.0558,-330.1863
660.0,150.0,858.0531,-328.0237
660.0,160.0,860.162,-325.7197
660.0,170.0,862.3818,-323.2758
660.0,180.0,864.7114,-320.6934
660.0,190.0,867.1502,-317.9742
660.0,200.0,869.6971,-315.1198
660.0,210.0,872.3512,-312.1318
660.0,220.0,875.1115,-309.012
660.0,230.0,877.9771,-305.7622
660.0,240.0,880.9468,-302.3841
660.0,250.0,884.0197,-298.8797
660.0,260.0,887.1947,-295.2508
660.0,270.0,890.4707,-291.4994
660.0,280.0,893.8465,-287.6273
660.0,290.0,897.3211,-283.6365
660.0,300.0,900.8933,-279.5291
660.0,310.0,904.5619,-275.3069
660.0,320.0,908.3259,-270.972
660.0,330.0,912.1839,-266.5263
660.0,340.0,916.1348,-261.972
660.0,350.0,920.1775,-257.3109
660.0,360.0,924.3106,-252.5451
660.0,370.0,928.5331,-247.6765
660.0,380.0,932.8437,-242.7072
660.0,390.0,937.2411,-237.6391
660.0,400.0,941.7242,-232.4742
660.0,410.0,946.2917,-227.2144
660.0,420.0,950.9425,-221.8616
660.0,430.0,955.6752,-216.4178
660.0,440.0,960.4888,-210.8848
660.0,450.0,965.382,-205.2645
660.0,460.0,970.3535,-199.5587
660.0,470.0,975.4022,-193.7692
660.0,480.0,980.5269,-187.8979
660.0,490.0,985.7264,-181.9465
660.0,500.0,990.9996,-175.9167
660.0,510.0,996.3452,-169.8103
660.0,520.0,1001.7621,-163.6288
660.0,530.0,1007.2492,-157.374
660.0,540.0,1012.8052,-151.0476
660.0,550.0,1018.4292,-144.651
660.0,560.0,1024.1199,-138.1858
660.0,570.0,1029.8763,-131.6536
660.0,580.0,1035.6972,-125.0559
660.0,590.0,1041.5816,-118.3941
660.0,600.0,1047.5285,-111.6697
660.0,610.0,1053.5366,-104.8841
660.0,620.0,1059.6051,-98.0387
660.0,630.0,1065.7329,-91.1348
660.0,640.0,1071.9189,-84.1738
660.0,650.0,1078.1622,-77.1569
660.0,660.0,1084.4618,-70.0854
660.0,670.0,1090.8166,-62.9605
660.0,680.0,1097.2258,-55.7836
660.0,690.0,1103.6884,-48.5556
660.0,700.0,1110.2034,-41.2778
660.0,710.0,1116.77,-33.9514
660.0,720.0,1123.3872,-26.5773
660.0,730.0,1130.0541,-19.1568
660.0,740.0,1136.7699,-11.6908
660.0,750.0,1143.5338,-4.1803
660.0,760.0,1150.3448,3.3736
660.0,770.0,1157.2021,10.97
660.0,780.0,1164.1049,18.6079
660.0,790.0,1171.0524,26.2865
660.0,800.0,1178.0439,34.0047
660.0,810.0,1185.0784,41.7617
660.0,820.0,1192.1554,49.5566
660.0,830.0,1199.274,57.3887
660.0,840.0,1206.4334,65.2571
660.0,850.0,1213.6331,73.1609
660.0,860.0,1220.8721,81.0995
660.0,870.0,1228.15,89.072
660.0,880.0,1235.4659,97.0777
660.0,890.0,1242.8192,105.116
660.0,900.0,1250.2092,113.186
660.0,910.0,1257.6353,121.2871
660.0,920.0,1265.0969,129.4187
660.0,930.0,1272.5933,137.58
660.0,940.0,1280.124,145.7705
660.0,950.0,1287.6882,153.9895
660.0,960.0,1295.2855,162.2364
660.0,970.0,1302.9152,170.5107
660.0,980.0,1310.5768,178.8117
660.0,990.0,1318.2698,187.1389
660.0,1000.0,1325.9935,195.4918
670.0,-1000.0,1319.683,200.9998
670.0,-990.0,1311.9222,192.6855
670.0,-980.0,1304.1918,184.3973
670.0,-970.0,1296.4924,176.1358
670.0,-960.0,1288.8247,167.9014
670.0,-950.0,1281.1891,159.6947
670.0,-940.0,1273.5862,151.5164
670.0,-930.0,1266.0167,143.3671
670.0,-920.0,1258.4811,135.2474
670.0,-910.0,1250.9801,127.1579
670.0,-900.0,1243.5142,119.0992
670.0,-890.0,1236.0842,111.0722
670.0,-880.0,1228.6906,103.0773
670.0,-870.0,1221.3341,95.1155
670.0,-860.0,1214.0154,87.1872
670.0,-850.0,1206.7352,79.2935
670.0,-840.0,1199.4941,71.4348
670.0,-830.0,1192.293,63.6122
670.0,-820.0,1185.1325,55.8263
670.0,-810.0,1178.0134,48.0779
670.0,-800.0,1170.9363,40.368
670.0,-790.0,1163.9022,32.6974
670.0,-780.0,1156.9117,25.0669
670.0,-770.0,1149.9657,17.4775
670.0,-760.0,1143.065,9.93
670.0,-750.0,1136.2104,2.4255
670.0,-740.0,1129.4027,-5.0351
670.0,-730.0,1122.6428,-12.4508
670.0,-720.0,1115.9316,-19.8206
670.0,-710.0,1109.2699,-27.1434
670.0,-700.0,1102.6587,-34.4182
670.0,-690.0,1096.0988,-41.6439
670.0,-680.0,1089.5912,-48.8193
670.0,-670.0,1083.1369,-55.9434
670.0,-660.0,1076.7367,-63.0148
670.0,-650.0,1070.3917,-70.0325
670.0,-640.0,1064.1028,-76.9953
670.0,-630.0,1057.8711,-83.9018
670.0,-620.0,1051.6975,-90.7507
670.0,-610.0,1045.5831,-97.5409
670.0,-600.0,1039.529,-104.2708
670.0,-590.0,1033.5361,-110.9393
670.0,-580.0,1027.6056,-117.5448
670.0,-570.0,1021.7386,-124.0859
670.0,-560.0,1015.9361,-130.5612
670.0,-550.0,1010.1993,-136.9693
670.0,-540.0,1004.5293,-143.3085
670.0,-530.0,998.9272,-149.5774
670.0,-520.0,993.3941,-155.7745
670.0,-510.0,987.9313,-161.898
670.0,-500.0,982.5399,-167.9463
670.0,-490.0,977.2211,-173.918
670.0,-480.0,971.9761,-179.8111
670.0,-470.0,966.8061,-185.6241
670.0,-460.0,961.7123,-191.3553
670.0,-450.0,956.6958,-197.0028
670.0,-440.0,951.758,-202.5649
670.0,-430.0,946.9001,-208.0397
670.0,-420.0,942.1232,-213.4256
670.0,-410.0,937.4287,-218.7206
670.0,-400.0,932.8178,-223.9228
670.0,-390.0,928.2917,-229.0304
670.0,-380.0,923.8517,-234.0416
670.0,-370.0,919.4989,-238.9543
670.0,-360.0,915.2348,-243.7667
670.0,-350.0,911.0605,-248.4768
670.0,-340.0,906.9772,-253.0828
670.0,-330.0,902.9862,-257.5826
670.0,-320.0,899.0887,-261.9743
670.0,-310.0,895.2859,-266.2561
670.0,-300.0,891.5791,-270.4259
670.0,-290.0,887.9694,-274.4818
670.0,-280.0,884.4581,-278.4219
670.0,-270.0,881.0463,-282.2444
670.0,-260.0,877.7352,-285.9472
670.0,-250.0,874.5258,-289.5286
670.0,-240.0,871.4195,-292.9866
670.0,-230.0,868.4171,-296.3196
670.0,-220.0,865.5199,-299.5256
670.0,-210.0,862.7289,-302.6029
670.0,-200.0,860.0451,-305.5499
670.0,-190.0,857.4695,-308.3649
670.0,-180.0,855.0032,-311.0461
670.0,-170.0,852.647,-313.5922
670.0,-160.0,850.4018,-316.0015
670.0,-150.0,848.2687,-318.2726
670.0,-140.0,846.2483,-320.4042
670.0,-130.0,844.3415,-322.3949
670.0,-120.0,842.5491,-324.2434
670.0,-110.0,840.8718,-325.9487
670.0,-100.0,839.3103,-327.5095
670.0,-90.0,837.8653,-328.9249
670.0,-80.0,836.5373,-330.1941
670.0,-70.0,835.327,-331.316
670.0,-60.0,834.2347,-332.2901
670.0,-50.0,833.2611,-333.1156
670.0,-40.0,832.4064,-333.7921
670.0,-30.0,831.6711,-334.319
670.0,-20.0,831.0555,-334.6959
670.0,-10.0,830.5599,-334.9227
670.0,0.0,830.1844,-334.9992
670.0,10.0,830.5599,-334.9227
670.0,20.0,831.0555,-334.6959
670.0,30.0,831.6711,-334.319
670.0,40.0,832.4064,-333.7921
670.0,50.0,833.2611,-333.1156
670.0,60.0,834.2347,-332.2901
670.0,70.0,835.327,-331.316
670.0,80.0,836.5373,-330.1941
670.0,90.0,837.8653,-328.9249
670.0,100.0,839.3103,-327.5095
670.0,110.0,840.8718,-325.9487
670.0,120.0,842.5491,-324.2434
670.0,130.0,844.3415,-322.3949
670.0,140.0,846.2483,-320.4042
670.0,150.0,848.2687,-318.2726
670.0,160.0,850.4018,-316.0015
670.0,170.0,852.647,-313.5922
670.0,180.0,855.0032,-311.0461
670.0,190.0,857.4695,-308.3649
670.0,200.0,860.0451,-305.5499
670.0,210.0,862.7289,-302.6029
670.0,220.0,865.5199,-299.5256
670.0,230.0,868.4171,-296.3196
670.0,240.0,871.4195,-292.9866
670.0,250.0,874.5258,-289.5286
670.0,260.0,877.7352,-285.9472
670.0,270.0,881.0463,-282.2444
670.0,280.0,884.4581,-278.4219
670.0,290.0,887.9694,-274.4818
670.0,300.0,891.5791,-270.4259
670.0,310.0,895.2859,-266.2561
670.0,320.0,899.0887,-261.9743
670.0,330.0,902.9862,-257.5826
670.0,340.0,906.9772,-253.0828
670.0,350.0,911.0605,-248.4768
670.0,360.0,915.2348,-243.7667
670.0,370.0,919.4989,-238.9543
670.0,380.0,923.8517,-234.0416
670.0,390.0,928.2917,-229.0304
670.0,400.0,932.8178,-223.9228
670.0,410.0,937.4287,-218.7206
670.0,420.0,942.1232,-213.4256
670.0,430.0,946.9001,-208.0397
670.0,440.0,951.758,-202.5649
670.0,450.0,956.6958,-197.0028
670.0,460.0,961.7123,-191.3553
670.0,470.0,966.8061,-185.6241
670.0,480.0,971.9761,-179.8111
670.0,490.0,977.2211,-173.918
670.0,500.0,982.5399,-167.9463
670.0,510.0,987.9313,-161.898
670.0,520.0,993.3941,-155.7745
670.0,530.0,998.9272,-149.5774
670.0,540.0,1004.5293,-143.3085
670.0,550.0,1010.1993,-136.9693
670.0,560.0,1015.9361,-130.5612
670.0,570.0,1021.7386,-124.0859
670.0,580.0,1027.6056,-117.5448
670.0,590.0,1033.5361,-110.9393
670.0,600.0,1039.529,-104.2708
670.0,610.0,1045.5831,-97.5409
670.0,620.0,1051.6975,-90.7507
670.0,630.0,1057.8711,-83.9018
670.0,640.0,1064.1028,-76.9953
670.0,650.0,1070.3917,-70.0325
670.0,660.0,1076.7367,-63.0148
670.0,670.0,1083.1369,-55.9434
670.0,680.0,1089.5912,-48.8193
670.0,690.0,1096.0988,-41.6439
670.0,700.0,1102.6587,-34.4182
670.0,710.0,1109.2699,-27.1434
670.0,720.0,1115.9316,-19.8206
670.0,730.0,1122.6428,-12.4508
670.0,740.0,1129.4027,-5.0351
670.0,750.0,1136.2104,2.4255
670.0,760.0,1143.065,9.93
670.0,770.0,1149.9657,17.4775
670.0,780.0,1156.9117,25.0669
670.0,790.0,1163.9022,32.6974
670.0,800.0,1170.9363,40.368
670.0,810.0,1178.0134,48.0779
670.0,820.0,1185.1325,55.8263
670.0,830.0,1192.293,63.6122
670.0,840.0,1199.4941,71.4348
670.0,850.0,1206.7352,79.2935
670.0,860.0,1214.0154,87.1872
670.0,870.0,1221.3341,95.1155
670.0,880.0,1228.6906,103.0773
670.0,890.0,1236.0842,111.0722
670.0,900.0,1243.5142,119.0992
670.0,910.0,1250.9801,127.1579
670.0,920.0,1258.4811,135.2474
670.0,930.0,1266.0167,143.3671
670.0,940.0,1273.5862,151.5164
670.0,950.0,1281.1891,159.6947
670.0,960.0,1288.8247,167.9014
670.0,970.0,1296.4924,176.1358
670.0,980.0,1304.1918,184.3973
670.0,990.0,1311.9222,192.6855
670.0,1000.0,1319.683,200.9998
680.0,-1000.0,1313.4184,206.5656
680.0,-990.0,1305.6203,198.29
680.0,-980.0,1297.8524,190.0408
680.0,-970.0,1290.1152,181.8187
680.0,-960.0,1282.4093,173.6241
680.0,-950.0,1274.7353,165.4578
680.0,-940.0,1267.0937,157.3202
680.0,-930.0,1259.4852,149.2121
680.0,-920.0,1251.9103,141.1339
680.0,-910.0,1244.3696,133.0864
680.0,-900.0,1236.8639,125.0703
680.0,-890.0,1229.3936,117.0861
680.0,-880.0,1221.9595,109.1346
680.0,-870.0,1214.5623,101.2165
680.0,-860.0,1207.2025,93.3326
680.0,-850.0,1199.881,85.4835
680.0,-840.0,1192.5983,77.67
680.0,-830.0,1185.3553,69.8929
680.0,-820.0,1178.1526,62.1531
680.0,-810.0,1170.9911,54.4512
680.0,-800.0,1163.8713,46.7883
680.0,-790.0,1156.7942,39.165
680.0,-780.0,1149.7606,31.5824
680.0,-770.0,1142.7711,24.0412
680.0,-760.0,1135.8267,16.5425
680.0,-750.0,1128.9281,9.0872
680.0,-740.0,1122.0762,1.6762
680.0,-730.0,1115.2719,-5.6895
680.0,-720.0,1108.5161,-13.0088
680.0,-710.0,1101.8096,-20.2807
680.0,-700.0,1095.1533,-27.5041
680.0,-690.0,1088.5482,-34.6781
680.0,-680.0,1081.9952,-41.8013
680.0,-670.0,1075.4953,-48.8728
680.0,-660.0,1069.0493,-55.8913
680.0,-650.0,1062.6584,-62.8557
680.0,-640.0,1056.3235,-69.7647
680.0,-630.0,1050.0456,-76.6171
680.0,-620.0,1043.8257,-83.4116
680.0,-610.0,1037.665,-90.147
680.0,-600.0,1031.5644,-96.8219
680.0,-590.0,1025.525,-103.4349
680.0,-580.0,1019.5479,-109.9847
680.0,-570.0,1013.6342,-116.4699
680.0,-560.0,1007.7851,-122.889
680.0,-550.0,1002.0016,-129.2405
680.0,-540.0,996.2849,-135.5231
680.0,-530.0,990.6362,-141.7352
680.0,-520.0,985.0566,-147.8751
680.0,-510.0,979.5473,-153.9415
680.0,-500.0,974.1095,-159.9326
680.0,-490.0,968.7444,-165.8468
680.0,-480.0,963.4533,-171.6825
680.0,-470.0,958.2372,-177.4381
680.0,-460.0,953.0976,-183.1118
680.0,-450.0,948.0356,-188.7019
680.0,-440.0,943.0524,-194.2067
680.0,-430.0,938.1494,-199.6244
680.0,-420.0,933.3278,-204.9532
680.0,-410.0,928.5888,-210.1914
680.0,-400.0,923.9338,-215.3371
680.0,-390.0,919.3639,-220.3885
680.0,-380.0,914.8806,-225.3437
680.0,-370.0,910.485,-230.2009
680.0,-360.0,906.1784,-234.9583
680.0,-350.0,901.9622,-239.6138
680.0,-340.0,897.8375,-244.1658
680.0,-330.0,893.8057,-248.6122
680.0,-320.0,889.868,-252.9512
680.0,-310.0,886.0256,-257.181
680.0,-300.0,882.2799,-261.2995
680.0,-290.0,878.6321,-265.3051
680.0,-280.0,875.0833,-269.1957
680.0,-270.0,871.6348,-272.9696
680.0,-260.0,868.2877,-276.625
680.0,-250.0,865.0434,-280.16
680.0,-240.0,861.9028,-283.5728
680.0,-230.0,858.8672,-286.8617
680.0,-220.0,855.9377,-290.025
680.0,-210.0,853.1153,-293.061
680.0,-200.0,850.4012,-295.9681
680.0,-190.0,847.7963,-298.7446
680.0,-180.0,845.3017,-301.3889
680.0,-170.0,842.9184,-303.8996
680.0,-160.0,840.6473,-306.2753
680.0,-150.0,838.4893,-308.5145
680.0,-140.0,836.4453,-310.6159
680.0,-130.0,834.5161,-312.5782
680.0,-120.0,832.7026,-314.4003
680.0,-110.0,831.0054,-316.081
680.0,-100.0,829.4254,-317.6192
680.0,-90.0,827.9631,-319.0141
680.0,-80.0,826.6192,-320.2648
680.0,-70.0,825.3943,-321.3703
680.0,-60.0,824.2889,-322.3301
680.0,-50.0,823.3034,-323.1435
680.0,-40.0,822.4384,-323.8099
680.0,-30.0,821.6942,-324.329
680.0,-20.0,821.0712,-324.7004
680.0,-10.0,820.5695,-324.9239
680.0,0.0,820.1894,-324.9992
680.0,10.0,820.5695,-324.9239
680.0,20.0,821.0712,-324.7004
680.0,30.0,821.6942,-324.329
680.0,40.0,822.4384,-323.8099
680.0,50.0,823.3034,-323.1435
680.0,60.0,824.2889,-322.3301
680.0,70.0,825.3943,-321.3703
680.0,80.0,826.6192,-320.2648
680.0,90.0,827.9631,-319.0141
680.0,100.0,829.4254,-317.6192
680.0,110.0,831.0054,-316.081
680.0,120.0,832.7026,-314.4003
680.0,130.0,834.5161,-312.5782
680.0,140.0,836.4453,-310.6159
680.0,150.0,838.4893,-308.5145
680.0,160.0,840.6473,-306.2753
680.0,170.0,842.9184,-303.8996
680.0,180.0,845.3017,-301.3889
680.0,190.0,847.7963,-298.7446
680.0,200.0,850.4012,-295.9681
680.0,210.0,853.1153,-293.061
680.0,220.0,855.9377,-290.025
680.0,230.0,858.8672,-286.8617
680.0,240.0,861.9028,-283.5728
680.0,250.0,865.0434,-280.16
680.0,260.0,868.2877,-276.625
680.0,270.0,871.6348,-272.9696
680.0,280.0,875.0833,-269.1957
680.0,290.0,878.6321,-265.3051
680.0,300.0,882.2799,-261.2995
680.0,310.0,886.0256,-257.181
680.0,320.0,889.868,-252.9512
680.0,330.0,893.8057,-248.6122
680.0,340.0,897.8375,-244.1658
680.0,350.0,901.9622,-239.6138
680.0,360.0,906.1784,-234.9583
680.0,370.0,910.485,-230.2009
680.0,380.0,914.8806,-225.3437
680.0,390.0,919.3639,-220.3885
680.0,400.0,923.9338,-215.3371
680.0,410.0,928.5888,-210.1914
680.0,420.0,933.3278,-204.9532
680.0,430.0,938.1494,-199.6244
680.0,440.0,943.0524,-194.2067
680.0,450.0,948.0356,-188.7019
680.0,460.0,953.0976,-183.1118
680.0,470.0,958.2372,-177.4381
680.0,480.0,963.4533,-171.6825
680.0,490.0,968.7444,-165.8468
680.0,500.0,974.1095,-159.9326
680.0,510.0,979.5473,-153.9415
680.0,520.0,985.0566,-147.8751
680.0,530.0,990.6362,-141.7352
680.0,540.0,996.2849,-135.5231
680.0,550.0,1002.0016,-129.2405
680.0,560.0,1007.7851,-122.889
680.0,570.0,1013.6342,-116.4699
680.0,580.0,1019.5479,-109.9847
680.0,590.0,1025.525,-103.4349
680.0,600.0,1031.5644,-96.8219
680.0,610.0,1037.665,-90.147
680.0,620.0,1043.8257,-83.4116
680.0,630.0,1050.0456,-76.6171
680.0,640.0,1056.3235,-69.7647
680.0,650.0,1062.6584,-62.8557
680.0,660.0,1069.0493,-55.8913
680.0,670.0,1075.4953,-48.8728
680.0,680.0,1081.9952,-41.8013
680.0,690.0,1088.5482,-34.6781
680.0,700.0,1095.1533,-27.5041
680.0,710.0,1101.8096,-20.2807
680.0,720.0,1108.5161,-13.0088
680.0,730.0,1115.2719,-5.6895
680.0,740.0,1122.0762,1.6762
680.0,750.0,1128.9281,9.0872
680.0,760.0,1135.8267,16.5425
680.0,770.0,1142.7711,24.0412
680.0,780.0,1149.7606,31.5824
680.0,790.0,1156.7942,39.165
680.0,800.0,1163.8713,46.7883
680.0,810.0,1170.9911,54.4512
680.0,820.0,1178.1526,62.1531
680.0,830.0,1185.3553,69.8929
680.0,840.0,1192.5983,77.67
680.0,850.0,1199.881,85.4835
680.0,860.0,1207.2025,93.3326
680.0,870.0,1214.5623,101.2165
680.0,880.0,1221.9595,109.1346
680.0,890.0,1229.3936,117.0861
680.0,900.0,1236.8639,125.0703
680.0,910.0,1244.3696,133.0864
680.0,920.0,1251.9103,141.1339
680.0,930.0,1259.4852,149.2121
680.0,940.0,1267.0937,157.3202
680.0,950.0,1274.7353,165.4578
680.0,960.0,1282.4093,173.6241
680.0,970.0,1290.1152,181.8187
680.0,980.0,1297.8524,190.0408
680.0,990.0,1305.6203,198.29
680.0,1000.0,1313.4184,206.5656
690.0,-1000.0,1307.2002,212.1883
690.0,-990.0,1299.3648,203.9513
690.0,-980.0,1291.5593,195.7412
690.0,-970.0,1283.7842,187.5586
690.0,-960.0,1276.04,179.4039
690.0,-950.0,1268.3275,171.2779
690.0,-940.0,1260.6471,163.181
690.0,-930.0,1252.9994,155.114
690.0,-920.0,1245.385,147.0774
690.0,-910.0,1237.8046,139.0719
690.0,-900.0,1230.2588,131.0982
690.0,-890.0,1222.7482,123.1569
690.0,-880.0,1215.2735,115.2487
690.0,-870.0,1207.8353,107.3743
690.0,-860.0,1200.4343,99.5345
690.0,-850.0,1193.0712,91.73
690.0,-840.0,1185.7467,83.9616
690.0,-830.0,1178.4616,76.23
690.0,-820.0,1171.2165,68.536
690.0,-810.0,1164.0123,60.8805
690.0,-800.0,1156.8496,53.2643
690.0,-790.0,1149.7293,45.6883
690.0,-780.0,1142.6521,38.1533
690.0,-770.0,1135.6189,30.6602
690.0,-760.0,1128.6305,23.21
690.0,-750.0,1121.6877,15.8036
690.0,-740.0,1114.7913,8.442
690.0,-730.0,1107.9423,1.1261
690.0,-720.0,1101.1414,-6.143
690.0,-710.0,1094.3897,-13.3643
690.0,-700.0,1087.6881,-20.5368
690.0,-690.0,1081.0374,-27.6593
690.0,-680.0,1074.4385,-34.7307
690.0,-670.0,1067.8926,-41.75
690.0,-660.0,1061.4005,-48.716
690.0,-650.0,1054.9633,-55.6275
690.0,-640.0,1048.5818,-62.4832
690.0,-630.0,1042.2573,-69.282
690.0,-620.0,1035.9907,-76.0226
690.0,-610.0,1029.7831,-82.7037
690.0,-600.0,1023.6355,-89.324
690.0,-590.0,1017.549,-95.8822
690.0,-580.0,1011.5248,-102.3769
690.0,-570.0,1005.564,-108.8067
690.0,-560.0,999.6676,-115.1702
690.0,-550.0,993.8369,-121.466
690.0,-540.0,988.073,-127.6925
690.0,-530.0,982.377,-133.8484
690.0,-520.0,976.7502,-139.9321
690.0,-510.0,971.1938,-145.942
690.0,-500.0,965.709,-151.8766
690.0,-490.0,960.297,-157.7343
690.0,-480.0,954.959,-163.5134
690.0,-470.0,949.6964,-169.2124
690.0,-460.0,944.5102,-174.8295
690.0,-450.0,939.4019,-180.3631
690.0,-440.0,934.3728,-185.8115
690.0,-430.0,929.4239,-191.173
690.0,-420.0,924.5568,-196.4458
690.0,-410.0,919.7727,-201.6282
690.0,-400.0,915.0728,-206.7183
690.0,-390.0,910.4584,-211.7144
690.0,-380.0,905.931,-216.6148
690.0,-370.0,901.4918,-221.4176
690.0,-360.0,897.1421,-226.1209
690.0,-350.0,892.8831,-230.723
690.0,-340.0,888.7163,-235.222
690.0,-330.0,884.643,-239.6161
690.0,-320.0,880.6643,-243.9035
690.0,-310.0,876.7816,-248.0823
690.0,-300.0,872.9962,-252.1508
690.0,-290.0,869.3094,-256.1071
690.0,-280.0,865.7224,-259.9494
690.0,-270.0,862.2365,-263.6759
690.0,-260.0,858.8528,-267.2849
690.0,-250.0,855.5727,-270.7746
690.0,-240.0,852.3972,-274.1433
690.0,-230.0,849.3276,-277.3893
690.0,-220.0,846.3651,-280.511
690.0,-210.0,843.5107,-283.5067
690.0,-200.0,840.7656,-286.3748
690.0,-190.0,838.1307,-289.1138
690.0,-180.0,835.6073,-291.7222
690.0,-170.0,833.1963,-294.1985
690.0,-160.0,830.8986,-296.5414
690.0,-150.0,828.7152,-298.7495
690.0,-140.0,826.647,-300.8216
690.0,-130.0,824.6949,-302.7563
690.0,-120.0,822.8597,-304.5527
690.0,-110.0,821.1422,-306.2095
690.0,-100.0,819.5432,-307.7258
690.0,-90.0,818.0632,-309.1008
690.0,-80.0,816.703,-310.3334
690.0,-70.0,815.4632,-311.423
690.0,-60.0,814.3443,-312.3689
690.0,-50.0,813.3469,-313.1705
690.0,-40.0,812.4713,-313.8273
690.0,-30.0,811.7179,-314.3388
690.0,-20.0,811.0872,-314.7048
690.0,-10.0,810.5793,-314.925
690.0,0.0,810.1946,-314.9992
690.0,10.0,810.5793,-314.925
690.0,20.0,811.0872,-314.7048
690.0,30.0,811.7179,-314.3388
690.0,40.0,812.4713,-313.8273
690.0,50.0,813.3469,-313.1705
690.0,60.0,814.3443,-312.3689
690.0,70.0,815.4632,-311.423
690.0,80.0,816.703,-310.3334
690.0,90.0,818.0632,-309.1008
690.0,100.0,819.5432,-307.7258
690.0,110.0,821.1422,-306.2095
690.0,120.0,822.8597,-304.5527
690.0,130.0,824.6949,-302.7563
690.0,140.0,826.647,-300.8216
690.0,150.0,828.7152,-298.7495
690.0,160.0,830.8986,-296.5414
690.0,170.0,833.1963,-294.1985
690.0,180.0,835.6073,-291.7222
690.0,190.0,838.1307,-289.1138
690.0,200.0,840.7656,-286.3748
690.0,210.0,843.5107,-283.5067
690.0,220.0,846.3651,-280.511
690.0,230.0,849.3276,-277.3893
690.0,240.0,852.3972,-274.1433
690.0,250.0,855.5727,-270.7746
690.0,260.0,858.8528,-267.2849
690.0,270.0,862.2365,-263.6759
690.0,280.0,865.7224,-259.9494
690.0,290.0,869.3094,-256.1071
690.0,300.0,872.9962,-252.1508
690.0,310.0,876.7816,-248.0823
690.0,320.0,880.6643,-243.9035
690.0,330.0,884.643,-239.6161
690.0,340.0,888.7163,-235.222
690.0,350.0,892.8831,-230.723
690.0,360.0,897.1421,-226.1209
690.0,370.0,901.4918,-221.4176
690.0,380.0,905.931,-216.6148
690.0,390.0,910.4584,-211.7144
690.0,400.0,915.0728,-206.7183
690.0,410.0,919.7727,-201.6282
690.0,420.0,924.5568,-196.4458
690.0,430.0,929.4239,-191.173
690.0,440.0,934.3728,-185.8115
690.0,450.0,939.4019,-180.3631
690.0,460.0,944.5102,-174.8295
690.0,470.0,949.6964,-169.2124
690.0,480.0,954.959,-163.5134
690.0,490.0,960.297,-157.7343
690.0,500.0,965.709,-151.8766
690.0,510.0,971.1938,-145.942
690.0,520.0,976.7502,-139.9321
690.0,530.0,982.377,-133.8484
690.0,540.0,988.073,-127.6925
690.0,550.0,993.8369,-121.466
690.0,560.0,999.6676,-115.1702
690.0,570.0,1005.564,-108.8067
690.0,580.0,1011.5248,-102.3769
690.0,590.0,1017.549,-95.8822
690.0,600.0,1023.6355,-89.324
690.0,610.0,1029.7831,-82.7037
690.0,620.0,1035.9907,-76.0226
690.0,630.0,1042.2573,-69.282
690.0,640.0,1048.5818,-62.4832
690.0,650.0,1054.9633,-55.6275
690.0,660.0,1061.4005,-48.716
690.0,670.0,1067.8926,-41.75
690.0,680.0,1074.4385,-34.7307
690.0,690.0,1081.0374,-27.6593
690.0,700.0,1087.6881,-20.5368
690.0,710.0,1094.3897,-13.3643
690.0,720.0,1101.1414,-6.143
690.0,730.0,1107.9423,1.1261
690.0,740.0,1114.7913,8.442
690.0,750.0,1121.6877,15.8036
690.0,760.0,1128.6305,23.21
690.0,770.0,1135.6189,30.6602
690.0,780.0,1142.6521,38.1533
690.0,790.0,1149.7293,45.6883
690.0,800.0,1156.8496,53.2643
690.0,810.0,1164.0123,60.8805
690.0,820.0,1171.2165,68.536
690.0,830.0,1178.4616,76.23
690.0,840.0,1185.7467,83.9616
690.0,850.0,1193.0712,91.73
690.0,860.0,1200.4343,99.5345
690.0,870.0,1207.8353,107.3743
690.0,880.0,1215.2735,115.2487
690.0,890.0,1222.7482,123.1569
690.0,900.0,1230.2588,131.0982
690.0,910.0,1237.8046,139.0719
690.0,920.0,1245.385,147.0774
690.0,930.0,1252.9994,155.114
690.0,940.0,1260.6471,163.181
690.0,950.0,1268.3275,171.2779
690.0,960.0,1276.04,179.4039
690.0,970.0,1283.7842,187.5586
690.0,980.0,1291.5593,195.7412
690.0,990.0,1299.3648,203.9513
690.0,1000.0,1307.2002,212.1883
700.0,-1000.0,1301.0292,217.8672
700.0,-990.0,1293.1564,209.6689
700.0,-980.0,1285.3132,201.4979
700.0,-970.0,1277.5,193.3547
700.0,-960.0,1269.7176,185.2399
700.0,-950.0,1261.9664,177.1541
700.0,-940.0,1254.247,169.098
700.0,-930.0,1246.5601,161.0721
700.0,-920.0,1238.9062,153.077
700.0,-910.0,1231.2859,145.1135
700.0,-900.0,1223.6999,137.1821
700.0,-890.0,1216.1487,129.2836
700.0,-880.0,1208.6332,121.4186
700.0,-870.0,1201.1539,113.5879
700.0,-860.0,1193.7115,105.7921
700.0,-850.0,1186.3067,98.0321
700.0,-840.0,1178.9402,90.3085
700.0,-830.0,1171.6127,82.6222
700.0,-820.0,1164.325,74.974
700.0,-810.0,1157.0779,67.3647
700.0,-800.0,1149.872,59.7951
700.0,-790.0,1142.7082,52.2661
700.0,-780.0,1135.5873,44.7785
700.0,-770.0,1128.51,37.3333
700.0,-760.0,1121.4773,29.9314
700.0,-750.0,1114.4899,22.5737
700.0,-740.0,1107.5487,15.2612
700.0,-730.0,1100.6546,7.9948
700.0,-720.0,1093.8085,0.7756
700.0,-710.0,1087.0113,-6.3955
700.0,-700.0,1080.2638,-13.5172
700.0,-690.0,1073.5671,-20.5887
700.0,-680.0,1066.9221,-27.6088
700.0,-670.0,1060.3297,-34.5763
700.0,-660.0,1053.7911,-41.4901
700.0,-650.0,1047.307,-48.3491
700.0,-640.0,1040.8787,-55.152
700.0,-630.0,1034.5071,-61.8977
700.0,-620.0,1028.1932,-68.5848
700.0,-610.0,1021.9382,-75.2122
700.0,-600.0,1015.7432,-81.7785
700.0,-590.0,1009.6091,-88.2824
700.0,-580.0,1003.5373,-94.7225
700.0,-570.0,997.5287,-101.0976
700.0,-560.0,991.5845,-107.4061
700.0,-550.0,985.706,-113.6468
700.0,-540.0,979.8942,-119.818
700.0,-530.0,974.1505,-125.9184
700.0,-520.0,968.4759,-131.9465
700.0,-510.0,962.8718,-137.9008
700.0,-500.0,957.3393,-143.7796
700.0,-490.0,951.8797,-149.5815
700.0,-480.0,946.4942,-155.3049
700.0,-470.0,941.1842,-160.9481
700.0,-460.0,935.9509,-166.5095
700.0,-450.0,930.7957,-171.9876
700.0,-440.0,925.7197,-177.3805
700.0,-430.0,920.7244,-182.6867
700.0,-420.0,915.811,-187.9043
700.0,-410.0,910.981,-193.0318
700.0,-400.0,906.2355,-198.0674
700.0,-390.0,901.5759,-203.0093
700.0,-380.0,897.0037,-207.8558
700.0,-370.0,892.52,-212.6052
700.0,-360.0,888.1264,-217.2555
700.0,-350.0,883.824,-221.8052
700.0,-340.0,879.6143,-226.2524
700.0,-330.0,875.4986,-230.5953
700.0,-320.0,871.4781,-234.8321
700.0,-310.0,867.5544,-238.9611
700.0,-300.0,863.7285,-242.9806
700.0,-290.0,860.002,-246.8887
700.0,-280.0,856.376,-250.6837
700.0,-270.0,852.8519,-254.3639
700.0,-260.0,849.4308,-257.9276
700.0,-250.0,846.1141,-261.3731
700.0,-240.0,842.9031,-264.6987
700.0,-230.0,839.7988,-267.9029
700.0,-220.0,836.8025,-270.9839
700.0,-210.0,833.9154,-273.9403
700.0,-200.0,831.1385,-276.7705
700.0,-190.0,828.4731,-279.473
700.0,-180.0,825.9202,-282.0463
700.0,-170.0,823.4808,-284.4892
700.0,-160.0,821.1559,-286.8002
700.0,-150.0,818.9465,-288.978
700.0,-140.0,816.8536,-291.0215
700.0,-130.0,814.8781,-292.9295
700.0,-120.0,813.0207,-294.7008
700.0,-110.0,811.2824,-296.3344
700.0,-100.0,809.6639,-297.8294
700.0,-90.0,808.1658,-299.1849
700.0,-80.0,806.789,-300.4001
700.0,-70.0,805.5339,-301.4742
700.0,-60.0,804.4012,-302.4066
700.0,-50.0,803.3914,-303.1967
700.0,-40.0,802.5049,-303.8441
700.0,-30.0,801.7422,-304.3483
700.0,-20.0,801.1036,-304.709
700.0,-10.0,800.5894,-304.926
700.0,0.0,800.1999,-304.9992
700.0,10.0,800.5894,-304.926
700.0,20.0,801.1036,-304.709
700.0,30.0,801.7422,-304.3483
700.0,40.0,802.5049,-303.8441
700.0,50.0,803.3914,-303.1967
700.0,60.0,804.4012,-302.4066
700.0,70.0,805.5339,-301.4742
700.0,80.0,806.789,-300.4001
700.0,90.0,808.1658,-299.1849
700.0,100.0,809.6639,-297.8294
700.0,110.0,811.2824,-296.3344
700.0,120.0,813.0207,-294.7008
700.0,130.0,814.8781,-292.9295
700.0,140.0,816.8536,-291.0215
700.0,150.0,818.9465,-288.978
700.0,160.0,821.1559,-286.8002
700.0,170.0,823.4808,-284.4892
700.0,180.0,825.9202,-282.0463
700.0,190.0,828.4731,-279.473
700.0,200.0,831.1385,-276.7705
700.0,210.0,833.9154,-273.9403
700.0,220.0,836.8025,-270.9839
700.0,230.0,839.7988,-267.9029
700.0,240.0,842.9031,-264.6987
700.0,250.0,846.1141,-261.3731
700.0,260.0,849.4308,-257.9276
700.0,270.0,852.8519,-254.3639
700.0,280.0,856.376,-250.6837
700.0,290.0,860.002,-246.8887
700.0,300.0,863.7285,-242.9806
700.0,310.0,867.5544,-238.9611
700.0,320.0,871.4781,-234.8321
700.0,330.0,875.4986,-230.5953
700.0,340.0,879.6143,-226.2524
700.0,350.0,883.824,-221.8052
700.0,360.0,888.1264,-217.2555
700.0,370.0,892.52,-212.6052
700.0,380.0,897.0037,-207.8558
700.0,390.0,901.5759,-203.0093
700.0,400.0,906.2355,-198.0674
700.0,410.0,910.981,-193.0318
700.0,420.0,915.811,-187.9043
700.0,430.0,920.7244,-182.6867
700.0,440.0,925.7197,-177.3805
700.0,450.0,930.7957,-171.9876
700.0,460.0,935.9509,-166.5095
700.0,470.0,941.1842,-160.9481
700.0,480.0,946.4942,-155.3049
700.0,490.0,951.8797,-149.5815
700.0,500.0,957.3393,-143.7796
700.0,510.0,962.8718,-137.9008
700.0,520.0,968.4759,-131.9465
700.0,530.0,974.1505,-125.9184
700.0,540.0,979.8942,-119.818
700.0,550.0,985.706,-113.6468
700.0,560.0,991.5845,-107.4061
700.0,570.0,997.5287,-101.0976
700.0,580.0,1003.5373,-94.7225
700.0,590.0,1009.6091,-88.2824
700.0,600.0,1015.7432,-81.7785
700.0,610.0,1021.9382,-75.2122
700.0,620.0,1028.1932,-68.5848
700.0,630.0,1034.5071,-61.8977
700.0,640.0,1040.8787,-55.152
700.0,650.0,1047.307,-48.3491
700.0,660.0,1053.7911,-41.4901
700.0,670.0,1060.3297,-34.5763
700.0,680.0,1066.9221,-27.6088
700.0,690.0,1073.5671,-20.5887
700.0,700.0,1080.2638,-13.5172
700.0,710.0,1087.0113,-6.3955
700.0,720.0,1093.8085,0.7756
700.0,730.0,1100.6546,7.9948
700.0,740.0,1107.5487,15.2612
700.0,750.0,1114.4899,22.5737
700.0,760.0,1121.4773,29.9314
700.0,770.0,1128.51,37.3333
700.0,780.0,1135.5873,44.7785
700.0,790.0,1142.7082,52.2661
700.0,800.0,1149.872,59.7951
700.0,810.0,1157.0779,67.3647
700.0,820.0,1164.325,74.974
700.0,830.0,1171.6127,82.6222
700.0,840.0,1178.9402,90.3085
700.0,850.0,1186.3067,98.0321
700.0,860.0,1193.7115,105.7921
700.0,870.0,1201.1539,113.5879
700.0,880.0,1208.6332,121.4186
700.0,890.0,1216.1487,129.2836
700.0,900.0,1223.6999,137.1821
700.0,910.0,1231.2859,145.1135
700.0,920.0,1238.9062,153.077
700.0,930.0,1246.5601,161.0721
700.0,940.0,1254.247,169.098
700.0,950.0,1261.9664,177.1541
700.0,960.0,1269.7176,185.2399
700.0,970.0,1277.5,193.3547
700.0,980.0,1285.3132,201.4979
700.0,990.0,1293.1564,209.6689
700.0,1000.0,1301.0292,217.8672
710.0,-1000.0,1294.906,223.6015
710.0,-990.0,1286.9957,215.4418
710.0,-980.0,1279.1147,207.3099
710.0,-970.0,1271.2635,199.2061
710.0,-960.0,1263.4427,191.1312
710.0,-950.0,1255.6527,183.0857
710.0,-940.0,1247.8943,175.0703
710.0,-930.0,1240.168,167.0854
710.0,-920.0,1232.4744,159.1318
710.0,-910.0,1224.8141,151.2102
710.0,-900.0,1217.1877,143.3211
710.0,-890.0,1209.5959,135.4653
710.0,-880.0,1202.0394,127.6434
710.0,-870.0,1194.5188,119.8562
710.0,-860.0,1187.0348,112.1044
710.0,-850.0,1179.5881,104.3887
710.0,-840.0,1172.1794,96.7099
710.0,-830.0,1164.8094,89.0688
710.0,-820.0,1157.4789,81.4662
710.0,-810.0,1150.1886,73.9029
710.0,-800.0,1142.9393,66.3797
710.0,-790.0,1135.7318,58.8975
710.0,-780.0,1128.5668,51.4572
710.0,-770.0,1121.4453,44.0596
710.0,-760.0,1114.3679,36.7057
710.0,-750.0,1107.3357,29.3964
710.0,-740.0,1100.3494,22.1327
710.0,-730.0,1093.4099,14.9155
710.0,-720.0,1086.5181,7.7459
710.0,-710.0,1079.675,0.6248
710.0,-700.0,1072.8814,-6.4467
710.0,-690.0,1066.1383,-13.4674
710.0,-680.0,1059.4467,-20.4364
710.0,-670.0,1052.8076,-27.3526
710.0,-660.0,1046.2219,-34.2147
710.0,-650.0,1039.6906,-41.0216
710.0,-640.0,1033.2149,-47.7722
710.0,-630.0,1026.7957,-54.4652
710.0,-620.0,1020.4342,-61.0994
710.0,-610.0,1014.1313,-67.6736
710.0,-600.0,1007.8883,-74.1864
710.0,-590.0,1001.7061,-80.6366
710.0,-580.0,995.5861,-87.0228
710.0,-570.0,989.5292,-93.3437
710.0,-560.0,983.5367,-99.598
710.0,-550.0,977.6098,-105.7841
710.0,-540.0,971.7496,-111.9007
710.0,-530.0,965.9574,-117.9464
710.0,-520.0,960.2344,-123.9196
710.0,-510.0,954.5819,-129.8189
710.0,-500.0,949.0011,-135.6428
710.0,-490.0,943.4932,-141.3897
710.0,-480.0,938.0596,-147.0581
710.0,-470.0,932.7016,-152.6464
710.0,-460.0,927.4205,-158.153
710.0,-450.0,922.2175,-163.5763
710.0,-440.0,917.0941,-168.9146
710.0,-430.0,912.0515,-174.1664
710.0,-420.0,907.0912,-179.3299
710.0,-410.0,902.2144,-184.4035
710.0,-400.0,897.4226,-189.3855
710.0,-390.0,892.717,-194.2741
710.0,-380.0,888.0992,-199.0678
710.0,-370.0,883.5704,-203.7647
710.0,-360.0,879.132,-208.3631
710.0,-350.0,874.7854,-212.8614
710.0,-340.0,870.5319,-217.2578
710.0,-330.0,866.3731,-221.5505
710.0,-320.0,862.3101,-225.7378
710.0,-310.0,858.3444,-229.8181
710.0,-300.0,854.4774,-233.7896
710.0,-290.0,850.7103,-237.6505
710.0,-280.0,847.0445,-241.3993
710.0,-270.0,843.4814,-245.0343
710.0,-260.0,840.0222,-248.5538
710.0,-250.0,836.6682,-251.9561
710.0,-240.0,833.4207,-255.2397
710.0,-230.0,830.281,-258.4029
710.0,-220.0,827.2503,-261.4443
710.0,-210.0,824.3297,-264.3624
710.0,-200.0,821.5205,-267.1556
710.0,-190.0,818.8237,-269.8225
710.0,-180.0,816.2406,-272.3617
710.0,-170.0,813.7722,-274.7719
710.0,-160.0,811.4195,-277.0519
710.0,-150.0,809.1835,-279.2003
710.0,-140.0,807.0653,-281.2159
710.0,-130.0,805.0657,-283.0978
710.0,-120.0,803.1857,-284.8448
710.0,-110.0,801.426,-286.4558
710.0,-100.0,799.7876,-287.9301
710.0,-90.0,798.271,-289.2667
710.0,-80.0,796.877,-290.4649
710.0,-70.0,795.6063,-291.524
710.0,-60.0,794.4595,-292.4433
710.0,-50.0,793.437,-293.2222
710.0,-40.0,792.5394,-293.8605
710.0,-30.0,791.7671,-294.3575
710.0,-20.0,791.1204,-294.7131
710.0,-10.0,790.5998,-294.9271
710.0,0.0,790.2053,-294.9992
710.0,10.0,790.5998,-294.9271
710.0,20.0,791.1204,-294.7131
710.0,30.0,791.7671,-294.3575
710.0,40.0,792.5394,-293.8605
710.0,50.0,793.437,-293.2222
710.0,60.0,794.4595,-292.4433
710.0,70.0,795.6063,-291.524
710.0,80.0,796.877,-290.4649
710.0,90.0,798.271,-289.2667
710.0,100.0,799.7876,-287.9301
710.0,110.0,801.426,-286.4558
710.0,120.0,803.1857,-284.8448
710.0,130.0,805.0657,-283.0978
710.0,140.0,807.0653,-281.2159
710.0,150.0,809.1835,-279.2003
710.0,160.0,811.4195,-277.0519
710.0,170.0,813.7722,-274.7719
710.0,180.0,816.2406,-272.3617
710.0,190.0,818.8237,-269.8225
710.0,200.0,821.5205,-267.1556
710.0,210.0,824.3297,-264.3624
710.0,220.0,827.2503,-261.4443
710.0,230.0,830.281,-258.4029
710.0,240.0,833.4207,-255.2397
710.0,250.0,836.6682,-251.9561
710.0,260.0,840.0222,-248.5538
710.0,270.0,843.4814,-245.0343
710.0,280.0,847.0445,-241.3993
710.0,290.0,850.7103,-237.6505
710.0,300.0,854.4774,-233.7896
710.0,310.0,858.3444,-229.8181
710.0,320.0,862.3101,-225.7378
710.0,330.0,866.3731,-221.5505
710.0,340.0,870.5319,-217.2578
710.0,350.0,874.7854,-212.8614
710.0,360.0,879.132,-208.3631
710.0,370.0,883.5704,-203.7647
710.0,380.0,888.0992,-199.0678
710.0,390.0,892.717,-194.2741
710.0,400.0,897.4226,-189.3855
710.0,410.0,902.2144,-184.4035
710.0,420.0,907.0912,-179.3299
710.0,430.0,912.0515,-174.1664
710.0,440.0,917.0941,-168.9146
710.0,450.0,922.2175,-163.5763
710.0,460.0,927.4205,-158.153
710.0,470.0,932.7016,-152.6464
710.0,480.0,938.0596,-147.0581
710.0,490.0,943.4932,-141.3897
710.0,500.0,949.0011,-135.6428
710.0,510.0,954.5819,-129.8189
710.0,520.0,960.2344,-123.9196
710.0,530.0,965.9574,-117.9464
710.0,540.0,971.7496,-111.9007
710.0,550.0,977.6098,-105.7841
710.0,560.0,983.5367,-99.598
710.0,570.0,989.5292,-93.3437
710.0,580.0,995.5861,-87.0228
710.0,590.0,1001.7061,-80.6366
710.0,600.0,1007.8883,-74.1864
710.0,610.0,1014.1313,-67.6736
710.0,620.0,1020.4342,-61.0994
710.0,630.0,1026.7957,-54.4652
710.0,640.0,1033.2149,-47.7722
710.0,650.0,1039.6906,-41.0216
710.0,660.0,1046.2219,-34.2147
710.0,670.0,1052.8076,-27.3526
710.0,680.0,1059.4467,-20.4364
710.0,690.0,1066.1383,-13.4674
710.0,700.0,1072.8814,-6.4467
710.0,710.0,1079.675,0.6248
710.0,720.0,1086.5181,7.7459
710.0,730.0,1093.4099,14.9155
710.0,740.0,1100.3494,22.1327
710.0,750.0,1107.3357,29.3964
710.0,760.0,1114.3679,36.7057
710.0,770.0,1121.4453,44.0596
710.0,780.0,1128.5668,51.4572
710.0,790.0,1135.7318,58.8975
710.0,800.0,1142.9393,66.3797
710.0,810.0,1150.1886,73.9029
710.0,820.0,1157.4789,81.4662
710.0,830.0,1164.8094,89.0688
710.0,840.0,1172.1794,96.7099
710.0,850.0,1179.5881,104.3887
710.0,860.0,1187.0348,112.1044
710.0,870.0,1194.5188,119.8562
710.0,880.0,1202.0394,127.6434
710.0,890.0,1209.5959,135.4653
710.0,900.0,1217.1877,143.3211
710.0,910.0,1224.8141,151.2102
710.0,920.0,1232.4744,159.1318
710.0,930.0,1240.168,167.0854
710.0,940.0,1247.8943,175.0703
710.0,950.0,1255.6527,183.0857
710.0,960.0,1263.4427,191.1312
710.0,970.0,1271.2635,199.2061
710.0,980.0,1279.1147,207.3099
710.0,990.0,1286.9957,215.4418
710.0,1000.0,1294.906,223.6015
720.0,-1000.0,1288.8313,229.3903
720.0,-990.0,1280.8835,221.2694
720.0,-980.0,1272.9647,213.1765
720.0,-970.0,1265.0753,205.1122
720.0,-960.0,1257.2159,197.0771
720.0,-950.0,1249.3872,189.0719
720.0,-940.0,1241.5896,181.097
720.0,-930.0,1233.8238,173.1532
720.0,-920.0,1226.0904,165.241
720.0,-910.0,1218.3899,157.3612
720.0,-900.0,1210.7231,149.5143
720.0,-890.0,1203.0906,141.7011
720.0,-880.0,1195.4929,133.9223
720.0,-870.0,1187.9309,126.1785
720.0,-860.0,1180.4051,118.4705
720.0,-850.0,1172.9163,110.799
720.0,-840.0,1165.4652,103.1649
720.0,-830.0,1158.0524,95.5688
720.0,-820.0,1150.6789,88.0116
720.0,-810.0,1143.3452,80.4941
720.0,-800.0,1136.0523,73.0171
720.0,-790.0,1128.8008,65.5815
720.0,-780.0,1121.5916,58.1882
720.0,-770.0,1114.4254,50.838
720.0,-760.0,1107.3032,43.5319
720.0,-750.0,1100.2258,36.2707
720.0,-740.0,1093.1941,29.0555
720.0,-730.0,1086.2089,21.8872
720.0,-720.0,1079.2711,14.7668
720.0,-710.0,1072.3817,7.6954
720.0,-700.0,1065.5417,0.6739
720.0,-690.0,1058.7518,-6.2966
720.0,-680.0,1052.0133,-13.2149
720.0,-670.0,1045.3269,-20.0801
720.0,-660.0,1038.6938,-26.8909
720.0,-650.0,1032.1149,-33.6463
720.0,-640.0,1025.5913,-40.345
720.0,-630.0,1019.1241,-46.9858
720.0,-620.0,1012.7144,-53.5676
720.0,-610.0,1006.3632,-60.0891
720.0,-600.0,1000.0717,-66.549
720.0,-590.0,993.8409,-72.946
720.0,-580.0,987.6721,-79.2789
720.0,-570.0,981.5664,-85.5463
720.0,-560.0,975.525,-91.7468
720.0,-550.0,969.5491,-97.8791
720.0,-540.0,963.6399,-103.9418
720.0,-530.0,957.7987,-109.9334
720.0,-520.0,952.0266,-115.8525
720.0,-510.0,946.3251,-121.6976
720.0,-500.0,940.6953,-127.4673
720.0,-490.0,935.1385,-133.16
720.0,-480.0,929.6561,-138.7742
720.0,-470.0,924.2494,-144.3084
720.0,-460.0,918.9196,-149.761
720.0,-450.0,913.6683,-155.1304
720.0,-440.0,908.4966,-160.4151
720.0,-430.0,903.4061,-165.6133
720.0,-420.0,898.398,-170.7236
720.0,-410.0,893.4738,-175.7442
720.0,-400.0,888.6348,-180.6735
720.0,-390.0,883.8825,-185.5099
720.0,-380.0,879.2182,-190.2516
720.0,-370.0,874.6434,-194.8971
720.0,-360.0,870.1595,-199.4446
720.0,-350.0,865.7679,-203.8925
720.0,-340.0,861.4699,-208.239
720.0,-330.0,857.2671,-212.4826
720.0,-320.0,853.1608,-216.6215
720.0,-310.0,849.1524,-220.654
720.0,-300.0,845.2432,-224.5785
720.0,-290.0,841.4348,-228.3934
720.0,-280.0,837.7285,-232.097
720.0,-270.0,834.1255,-235.6877
720.0,-260.0,830.6274,-239.164
720.0,-250.0,827.2353,-242.5241
720.0,-240.0,823.9507,-245.7666
720.0,-230.0,820.7747,-248.89
720.0,-220.0,817.7087,-251.8927
720.0,-210.0,814.7539,-254.7734
720.0,-200.0,811.9116,-257.5305
720.0,-190.0,809.1828,-260.1627
720.0,-180.0,806.5688,-262.6687
720.0,-170.0,804.0707,-265.0471
720.0,-160.0,801.6895,-267.2968
720.0,-150.0,799.4264,-269.4165
720.0,-140.0,797.2823,-271.4051
720.0,-130.0,795.2581,-273.2615
720.0,-120.0,793.3548,-274.9848
720.0,-110.0,791.5733,-276.5739
720.0,-100.0,789.9144,-278.028
720.0,-90.0,788.3788,-279.3463
720.0,-80.0,786.9673,-280.5279
720.0,-70.0,785.6806,-281.5723
720.0,-60.0,784.5192,-282.4789
720.0,-50.0,783.4838,-283.247
720.0,-40.0,782.5748,-283.8764
720.0,-30.0,781.7926,-284.3665
720.0,-20.0,781.1377,-284.7171
720.0,-10.0,780.6104,-284.9281
720.0,0.0,780.2109,-284.9992
720.0,10.0,780.6104,-284.9281
720.0,20.0,781.1377,-284.7171
720.0,30.0,781.7926,-284.3665
720.0,40.0,782.5748,-283.8764
720.0,50.0,783.4838,-283.247
720.0,60.0,784.5192,-282.4789
720.0,70.0,785.6806,-281.5723
720.0,80.0,786.9673,-280.5279
720.0,90.0,788.3788,-279.3463
720.0,100.0,789.9144,-278.028
720.0,110.0,791.5733,-276.5739
720.0,120.0,793.3548,-274.9848
720.0,130.0,795.2581,-273.2615
720.0,140.0,797.2823,-271.4051
720.0,150.0,799.4264,-269.4165
720.0,160.0,801.6895,-267.2968
720.0,170.0,804.0707,-265.0471
720.0,180.0,806.5688,-262.6687
720.0,190.0,809.1828,-260.1627
720.0,200.0,811.9116,-257.5305
720.0,210.0,814.7539,-254.7734
720.0,220.0,817.7087,-251.8927
720.0,230.0,820.7747,-248.89
720.0,240.0,823.9507,-245.7666
720.0,250.0,827.2353,-242.5241
720.0,260.0,830.6274,-239.164
720.0,270.0,834.1255,-235.6877
720.0,280.0,837.7285,-232.097
720.0,290.0,841.4348,-228.3934
720.0,300.0,845.2432,-224.5785
720.0,310.0,849.1524,-220.654
720.0,320.0,853.1608,-216.6215
720.0,330.0,857.2671,-212.4826
720.0,340.0,861.4699,-208.239
720.0,350.0,865.7679,-203.8925
720.0,360.0,870.1595,-199.4446
720.0,370.0,874.6434,-194.8971
720.0,380.0,879.2182,-190.2516
720.0,390.0,883.8825,-185.5099
720.0,400.0,888.6348,-180.6735
720.0,410.0,893.4738,-175.7442
720.0,420.0,898.398,-170.7236
720.0,430.0,903.4061,-165.6133
720.0,440.0,908.4966,-160.4151
720.0,450.0,913.6683,-155.1304
720.0,460.0,918.9196,-149.761
720.0,470.0,924.2494,-144.3084
720.0,480.0,929.6561,-138.7742
720.0,490.0,935.1385,-133.16
720.0,500.0,940.6953,-127.4673
720.0,510.0,946.3251,-121.6976
720.0,520.0,952.0266,-115.8525
720.0,530.0,957.7987,-109.9334
720.0,540.0,963.6399,-103.9418
720.0,550.0,969.5491,-97.8791
720.0,560.0,975.525,-91.7468
720.0,570.0,981.5664,-85.5463
720.0,580.0,987.6721,-79.2789
720.0,590.0,993.8409,-72.946
720.0,600.0,1000.0717,-66.549
720.0,610.0,1006.3632,-60.0891
720.0,620.0,1012.7144,-53.5676
720.0,630.0,1019.1241,-46.9858
720.0,640.0,1025.5913,-40.345
720.0,650.0,1032.1149,-33.6463
720.0,660.0,1038.6938,-26.8909
720.0,670.0,1045.3269,-20.0801
720.0,680.0,1052.0133,-13.2149
720.0,690.0,1058.7518,-6.2966
720.0,700.0,1065.5417,0.6739
720.0,710.0,1072.3817,7.6954
720.0,720.0,1079.2711,14.7668
720.0,730.0,1086.2089,21.8872
720.0,740.0,1093.1941,29.0555
720.0,750.0,1100.2258,36.2707
720.0,760.0,1107.3032,43.5319
720.0,770.0,1114.4254,50.838
720.0,780.0,1121.5916,58.1882
720.0,790.0,1128.8008,65.5815
720.0,800.0,1136.0523,73.0171
720.0,810.0,1143.3452,80.4941
720.0,820.0,1150.6789,88.0116
720.0,830.0,1158.0524,95.5688
720.0,840.0,1165.4652,103.1649
720.0,850.0,1172.9163,110.799
720.0,860.0,1180.4051,118.4705
720.0,870.0,1187.9309,126.1785
720.0,880.0,1195.4929,133.9223
720.0,890.0,1203.0906,141.7011
720.0,900.0,1210.7231,149.5143
720.0,910.0,1218.3899,157.3612
720.0,920.0,1226.0904,165.241
720.0,930.0,1233.8238,173.1532
720.0,940.0,1241.5896,181.097
720.0,950.0,1249.3872,189.0719
720.0,960.0,1257.2159,197.0771
720.0,970.0,1265.0753,205.1122
720.0,980.0,1272.9647,213.1765
720.0,990.0,1280.8835,221.2694
720.0,1000.0,1288.8313,229.3903
730.0,-1000.0,1282.8058,235.233
730.0,-990.0,1274.8205,227.1507
730.0,-980.0,1266.8637,219.0969
730.0,-970.0,1258.9361,211.072
730.0,-960.0,1251.0382,203.0767
730.0,-950.0,1243.1705,195.1117
730.0,-940.0,1235.3337,187.1774
730.0,-930.0,1227.5283,179.2745
730.0,-920.0,1219.755,171.4037
730.0,-910.0,1212.0143,163.5656
730.0,-900.0,1204.3069,155.7609
730.0,-890.0,1196.6334,147.9902
730.0,-880.0,1188.9945,140.2542
730.0,-870.0,1181.3908,132.5537
730.0,-860.0,1173.8231,124.8894
730.0,-850.0,1166.2921,117.262
730.0,-840.0,1158.7983,109.6723
730.0,-830.0,1151.3427,102.1211
730.0,-820.0,1143.9259,94.6092
730.0,-810.0,1136.5487,87.1373
730.0,-800.0,1129.2118,79.7063
730.0,-790.0,1121.9161,72.3171
730.0,-780.0,1114.6624,64.9705
730.0,-770.0,1107.4514,57.6675
730.0,-760.0,1100.2841,50.4088
730.0,-750.0,1093.1612,43.1956
730.0,-740.0,1086.0837,36.0286
730.0,-730.0,1079.0525,28.9089
730.0,-720.0,1072.0684,21.8374
730.0,-710.0,1065.1325,14.8153
730.0,-700.0,1058.2455,7.8434
730.0,-690.0,1051.4086,0.9228
730.0,-680.0,1044.6226,-5.9453
730.0,-670.0,1037.8887,-12.7599
730.0,-660.0,1031.2077,-19.5199
730.0,-650.0,1024.5808,-26.2241
730.0,-640.0,1018.0089,-32.8714
730.0,-630.0,1011.4933,-39.4605
730.0,-620.0,1005.0348,-45.9904
730.0,-610.0,998.6348,-52.4597
730.0,-600.0,992.2943,-58.8673
730.0,-590.0,986.0144,-65.2117
730.0,-580.0,979.7963,-71.4919
730.0,-570.0,973.6412,-77.7063
730.0,-560.0,967.5503,-83.8538
730.0,-550.0,961.5248,-89.9329
730.0,-540.0,955.566,-95.9423
730.0,-530.0,949.6751,-101.8805
730.0,-520.0,943.8534,-107.7462
730.0,-510.0,938.1022,-113.5379
730.0,-500.0,932.4227,-119.2541
730.0,-490.0,926.8164,-124.8934
730.0,-480.0,921.2844,-130.4542
730.0,-470.0,915.8283,-135.9351
730.0,-460.0,910.4493,-141.3345
730.0,-450.0,905.1488,-146.6509
730.0,-440.0,899.9282,-151.8827
730.0,-430.0,894.7889,-157.0284
730.0,-420.0,889.7323,-162.0863
730.0,-410.0,884.7599,-167.0548
730.0,-400.0,879.873,-171.9324
730.0,-390.0,875.0731,-176.7174
730.0,-380.0,870.3616,-181.4083
730.0,-370.0,865.74,-186.0033
730.0,-360.0,861.2097,-190.5008
730.0,-350.0,856.7722,-194.8993
730.0,-340.0,852.4289,-199.197
730.0,-330.0,848.1812,-203.3924
730.0,-320.0,844.0307,-207.4838
730.0,-310.0,839.9787,-211.4696
730.0,-300.0,836.0267,-215.3482
730.0,-290.0,832.1761,-219.118
730.0,-280.0,828.4284,-222.7774
730.0,-270.0,824.7848,-226.3249
730.0,-260.0,821.2469,-229.7588
730.0,-250.0,817.8159,-233.0777
730.0,-240.0,814.4933,-236.2802
730.0,-230.0,811.2803,-239.3646
730.0,-220.0,808.1783,-242.3296
730.0,-210.0,805.1885,-245.1737
730.0,-200.0,802.3123,-247.8956
730.0,-190.0,799.5508,-250.494
730.0,-180.0,796.9052,-252.9675
730.0,-170.0,794.3767,-255.315
730.0,-160.0,791.9664,-257.5352
730.0,-150.0,789.6753,-259.6269
730.0,-140.0,787.5046,-261.5892
730.0,-130.0,785.4553,-263.4209
730.0,-120.0,783.5282,-265.1211
730.0,-110.0,781.7243,-266.6888
730.0,-100.0,780.0444,-268.1233
730.0,-90.0,778.4894,-269.4236
730.0,-80.0,777.0599,-270.5892
730.0,-70.0,775.7568,-271.6194
730.0,-60.0,774.5805,-272.5135
730.0,-50.0,773.5318,-273.2711
730.0,-40.0,772.6111,-273.8918
730.0,-30.0,771.8188,-274.3752
730.0,-20.0,771.1554,-274.721
730.0,-10.0,770.6213,-274.9291
730.0,0.0,770.2166,-274.9992
730.0,10.0,770.6213,-274.9291
730.0,20.0,771.1554,-274.721
730.0,30.0,771.8188,-274.3752
730.0,40.0,772.6111,-273.8918
730.0,50.0,773.5318,-273.2711
730.0,60.0,774.5805,-272.5135
730.0,70.0,775.7568,-271.6194
730.0,80.0,777.0599,-270.5892
730.0,90.0,778.4894,-269.4236
730.0,100.0,780.0444,-268.1233
730.0,110.0,781.7243,-266.6888
730.0,120.0,783.5282,-265.1211
730.0,130.0,785.4553,-263.4209
730.0,140.0,787.5046,-261.5892
730.0,150.0,789.6753,-259.6269
730.0,160.0,791.9664,-257.5352
730.0,170.0,794.3767,-255.315
730.0,180.0,796.9052,-252.9675
730.0,190.0,799.5508,-250.494
730.0,200.0,802.3123,-247.8956
730.0,210.0,805.1885,-245.1737
730.0,220.0,808.1783,-242.3296
730.0,230.0,811.2803,-239.3646
730.0,240.0,814.4933,-236.2802
730.0,250.0,817.8159,-233.0777
730.0,260.0,821.2469,-229.7588
730.0,270.0,824.7848,-226.3249
730.0,280.0,828.4284,-222.7774
730.0,290.0,832.1761,-219.118
730.0,300.0,836.0267,-215.3482
730.0,310.0,839.9787,-211.4696
730.0,320.0,844.0307,-207.4838
730.0,330.0,848.1812,-203.3924
730.0,340.0,852.4289,-199.197
730.0,350.0,856.7722,-194.8993
730.0,360.0,861.2097,-190.5008
730.0,370.0,865.74,-186.0033
730.0,380.0,870.3616,-181.4083
730.0,390.0,875.0731,-176.7174
730.0,400.0,879.873,-171.9324
730.0,410.0,884.7599,-167.0548
730.0,420.0,889.7323,-162.0863
730.0,430.0,894.7889,-157.0284
730.0,440.0,899.9282,-151.8827
730.0,450.0,905.1488,-146.6509
730.0,460.0,910.4493,-141.3345
730.0,470.0,915.8283,-135.9351
730.0,480.0,921.2844,-130.4542
730.0,490.0,926.8164,-124.8934
730.0,500.0,932.4227,-119.2541
730.0,510.0,938.1022,-113.5379
730.0,520.0,943.8534,-107.7462
730.0,530.0,949.6751,-101.8805
730.0,540.0,955.566,-95.9423
730.0,550.0,961.5248,-89.9329
730.0,560.0,967.5503,-83.8538
730.0,570.0,973.6412,-77.7063
730.0,580.0,979.7963,-71.4919
730.0,590.0,986.0144,-65.2117
730.0,600.0,992.2943,-58.8673
730.0,610.0,998.6348,-52.4597
730.0,620.0,1005.0348,-45.9904
730.0,630.0,1011.4933,-39.4605
730.0,640.0,1018.0089,-32.8714
730.0,650.0,1024.5808,-26.2241
730.0,660.0,1031.2077,-19.5199
730.0,670.0,1037.8887,-12.7599
730.0,680.0,1044.6226,-5.9453
730.0,690.0,1051.4086,0.9228
730.0,700.0,1058.2455,7.8434
730.0,710.0,1065.1325,14.8153
730.0,720.0,1072.0684,21.8374
730.0,730.0,1079.0525,28.9089
730.0,740.0,1086.0837,36.0286
730.0,750.0,1093.1612,43.1956
730.0,760.0,1100.2841,50.4088
730.0,770.0,1107.4514,57.6675
730.0,780.0,1114.6624,64.9705
730.0,790.0,1121.9161,72.3171
730.0,800.0,1129.2118,79.7063
730.0,810.0,1136.5487,87.1373
730.0,820.0,1143.9259,94.6092
730.0,830.0,1151.3427,102.1211
730.0,840.0,1158.7983,109.6723
730.0,850.0,1166.2921,117.262
730.0,860.0,1173.8231,124.8894
730.0,870.0,1181.3908,132.5537
730.0,880.0,1188.9945,140.2542
730.0,890.0,1196.6334,147.9902
730.0,900.0,1204.3069,155.7609
730.0,910.0,1212.0143,163.5656
730.0,920.0,1219.755,171.4037
730.0,930.0,1227.5283,179.2745
730.0,940.0,1235.3337,187.1774
730.0,950.0,1243.1705,195.1117
730.0,960.0,1251.0382,203.0767
730.0,970.0,1258.9361,211.072
730.0,980.0,1266.8637,219.0969
730.0,990.0,1274.8205,227.1507
730.0,1000.0,1282.8058,235.233
740.0,-1000.0,1276.8302,241.1288
740.0,-990.0,1268.8072,233.0851
740.0,-980.0,1260.8125,225.0703
740.0,-970.0,1252.8466,217.0848
740.0,-960.0,1244.9101,209.1293
740.0,-950.0,1237.0034,201.2044
740.0,-940.0,1229.1273,193.3106
740.0,-930.0,1221.2822,185.4486
740.0,-920.0,1213.4689,177.6191
740.0,-910.0,1205.6878,169.8226
740.0,-900.0,1197.9397,162.0599
740.0,-890.0,1190.2252,154.3316
740.0,-880.0,1182.5449,146.6384
740.0,-870.0,1174.8995,138.9811
740.0,-860.0,1167.2897,131.3603
740.0,-850.0,1159.7162,123.7769
740.0,-840.0,1152.1798,116.2315
740.0,-830.0,1144.681,108.7249
740.0,-820.0,1137.2208,101.258
740.0,-810.0,1129.7997,93.8316
740.0,-800.0,1122.4188,86.4464
740.0,-790.0,1115.0786,79.1033
740.0,-780.0,1107.7801,71.8033
740.0,-770.0,1100.524,64.5471
740.0,-760.0,1093.3113,57.3357
740.0,-750.0,1086.1427,50.17
740.0,-740.0,1079.0192,43.0509
740.0,-730.0,1071.9416,35.9795
740.0,-720.0,1064.9109,28.9566
740.0,-710.0,1057.928,21.9834
740.0,-700.0,1050.9939,15.0607
740.0,-690.0,1044.1095,8.1897
740.0,-680.0,1037.2758,1.3715
740.0,-670.0,1030.4938,-5.393
740.0,-660.0,1023.7646,-12.1026
740.0,-650.0,1017.0891,-18.7561
740.0,-640.0,1010.4686,-25.3525
740.0,-630.0,1003.904,-31.8905
740.0,-620.0,997.3964,-38.3689
740.0,-610.0,990.947,-44.7866
740.0,-600.0,984.557,-51.1423
740.0,-590.0,978.2274,-57.4348
740.0,-580.0,971.9595,-63.6628
740.0,-570.0,965.7545,-69.825
740.0,-560.0,959.6135,-75.92
740.0,-550.0,953.5379,-81.9466
740.0,-540.0,947.5289,-87.9033
740.0,-530.0,941.5877,-93.7889
740.0,-520.0,935.7157,-99.6018
740.0,-510.0,929.9141,-105.3408
740.0,-500.0,924.1844,-111.0043
740.0,-490.0,918.5277,-116.5909
740.0,-480.0,912.9456,-122.0992
740.0,-470.0,907.4393,-127.5276
740.0,-460.0,902.0102,-132.8746
740.0,-450.0,896.6598,-138.1388
740.0,-440.0,891.3895,-143.3187
740.0,-430.0,886.2007,-148.4126
740.0,-420.0,881.0949,-153.419
740.0,-410.0,876.0734,-158.3364
740.0,-400.0,871.1378,-163.1631
740.0,-390.0,866.2895,-167.8977
740.0,-380.0,861.53,-172.5386
740.0,-370.0,856.8607,-177.084
740.0,-360.0,852.2832,-181.5326
740.0,-350.0,847.799,-185.8826
740.0,-340.0,843.4095,-190.1324
740.0,-330.0,839.1162,-194.2806
740.0,-320.0,834.9206,-198.3255
740.0,-310.0,830.8242,-202.2656
740.0,-300.0,826.8284,-206.0992
740.0,-290.0,822.9348,-209.8249
740.0,-280.0,819.1448,-213.441
740.0,-270.0,815.4597,-216.9462
740.0,-260.0,811.8811,-220.3389
740.0,-250.0,808.4104,-223.6175
740.0,-240.0,805.049,-226.7807
740.0,-230.0,801.7982,-229.8271
740.0,-220.0,798.6593,-232.7552
740.0,-210.0,795.6338,-235.5638
740.0,-200.0,792.7229,-238.2513
740.0,-190.0,789.9278,-240.8167
740.0,-180.0,787.2499,-243.2586
740.0,-170.0,784.6903,-245.5759
740.0,-160.0,782.2501,-247.7673
740.0,-150.0,779.9306,-249.8318
740.0,-140.0,777.7327,-251.7684
740.0,-130.0,775.6575,-253.576
740.0,-120.0,773.706,-255.2537
740.0,-110.0,771.8791,-256.8006
740.0,-100.0,770.1778,-258.2159
740.0,-90.0,768.6028,-259.4989
740.0,-80.0,767.1549,-260.6489
740.0,-70.0,765.8349,-261.6652
740.0,-60.0,764.6434,-262.5472
740.0,-50.0,763.581,-263.2946
740.0,-40.0,762.6483,-263.9069
740.0,-30.0,761.8457,-264.3837
740.0,-20.0,761.1736,-264.7248
740.0,-10.0,760.6324,-264.93
740.0,0.0,760.2224,-264.9992
740.0,10.0,760.6324,-264.93
740.0,20.0,761.1736,-264.7248
740.0,30.0,761.8457,-264.3837
740.0,40.0,762.6483,-263.9069
740.0,50.0,763.581,-263.2946
740.0,60.0,764.6434,-262.5472
740.0,70.0,765.8349,-261.6652
740.0,80.0,767.1549,-260.6489
740.0,90.0,768.6028,-259.4989
740.0,100.0,770.1778,-258.2159
740.0,110.0,771.8791,-256.8006
740.0,120.0,773.706,-255.2537
740.0,130.0,775.6575,-253.576
740.0,140.0,777.7327,-251.7684
740.0,150.0,779.9306,-249.8318
740.0,160.0,782.2501,-247.7673
740.0,170.0,784.6903,-245.5759
740.0,180.0,787.2499,-243.2586
740.0,190.0,789.9278,-240.8167
740.0,200.0,792.7229,-238.2513
740.0,210.0,795.6338,-235.5638
740.0,220.0,798.6593,-232.7552
740.0,230.0,801.7982,-229.8271
740.0,240.0,805.049,-226.7807
740.0,250.0,808.4104,-223.6175
740.0,260.0,811.8811,-220.3389
740.0,270.0,815.4597,-216.9462
740.0,280.0,819.1448,-213.441
740.0,290.0,822.9348,-209.8249
740.0,300.0,826.8284,-206.0992
740.0,310.0,830.8242,-202.2656
740.0,320.0,834.9206,-198.3255
740.0,330.0,839.1162,-194.2806
740.0,340.0,843.4095,-190.1324
740.0,350.0,847.799,-185.8826
740.0,360.0,852.2832,-181.5326
740.0,370.0,856.8607,-177.084
740.0,380.0,861.53,-172.5386
740.0,390.0,866.2895,-167.8977
740.0,400.0,871.1378,-163.1631
740.0,410.0,876.0734,-158.3364
740.0,420.0,881.0949,-153.419
740.0,430.0,886.2007,-148.4126
740.0,440.0,891.3895,-143.3187
740.0,450.0,896.6598,-138.1388
740.0,460.0,902.0102,-132.8746
740.0,470.0,907.4393,-127.5276
740.0,480.0,912.9456,-122.0992
740.0,490.0,918.5277,-116.5909
740.0,500.0,924.1844,-111.0043
740.0,510.0,929.9141,-105.3408
740.0,520.0,935.7157,-99.6018
740.0,530.0,941.5877,-93.7889
740.0,540.0,947.5289,-87.9033
740.0,550.0,953.5379,-81.9466
740.0,560.0,959.6135,-75.92
740.0,570.0,965.7545,-69.825
740.0,580.0,971.9595,-63.6628
740.0,590.0,978.2274,-57.4348
740.0,600.0,984.557,-51.1423
740.0,610.0,990.947,-44.7866
740.0,620.0,997.3964,-38.3689
740.0,630.0,1003.904,-31.8905
740.0,640.0,1010.4686,-25.3525
740.0,650.0,1017.0891,-18.7561
740.0,660.0,1023.7646,-12.1026
740.0,670.0,1030.4938,-5.393
740.0,680.0,1037.2758,1.3715
740.0,690.0,1044.1095,8.1897
740.0,700.0,1050.9939,15.0607
740.0,710.0,1057.928,21.9834
740.0,720.0,1064.9109,28.9566
740.0,730.0,1071.9416,35.9795
740.0,740.0,1079.0192,43.0509
740.0,750.0,1086.1427,50.17
740.0,760.0,1093.3113,57.3357
740.0,770.0,1100.524,64.5471
740.0,780.0,1107.7801,71.8033
740.0,790.0,1115.0786,79.1033
740.0,800.0,1122.4188,86.4464
740.0,810.0,1129.7997,93.8316
740.0,820.0,1137.2208,101.258
740.0,830.0,1144.681,108.7249
740.0,840.0,1152.1798,116.2315
740.0,850.0,1159.7162,123.7769
740.0,860.0,1167.2897,131.3603
740.0,870.0,1174.8995,138.9811
740.0,880.0,1182.5449,146.6384
740.0,890.0,1190.2252,154.3316
740.0,900.0,1197.9397,162.0599
740.0,910.0,1205.6878,169.8226
740.0,920.0,1213.4689,177.6191
740.0,930.0,1221.2822,185.4486
740.0,940.0,1229.1273,193.3106
740.0,950.0,1237.0034,201.2044
740.0,960.0,1244.9101,209.1293
740.0,970.0,1252.8466,217.0848
740.0,980.0,1260.8125,225.0703
740.0,990.0,1268.8072,233.0851
740.0,1000.0,1276.8302,241.1288
750.0,-1000.0,1270.9052,247.0768
750.0,-990.0,1262.8445,239.0718
750.0,-980.0,1254.8118,231.0959
750.0,-970.0,1246.8076,223.1498
750.0,-960.0,1238.8324,215.234
750.0,-950.0,1230.8867,207.3491
750.0,-940.0,1222.9712,199.4958
750.0,-930.0,1215.0864,191.6746
750.0,-920.0,1207.2329,183.8863
750.0,-910.0,1199.4114,176.1314
750.0,-900.0,1191.6225,168.4106
750.0,-890.0,1183.8668,160.7245
750.0,-880.0,1176.145,153.074
750.0,-870.0,1168.4577,145.4597
750.0,-860.0,1160.8057,137.8823
750.0,-850.0,1153.1896,130.3426
750.0,-840.0,1145.6102,122.8414
750.0,-830.0,1138.0682,115.3793
750.0,-820.0,1130.5643,107.9572
750.0,-810.0,1123.0993,100.576
750.0,-800.0,1115.674,93.2364
750.0,-790.0,1108.2892,85.9392
750.0,-780.0,1100.9456,78.6854
750.0,-770.0,1093.6442,71.4759
750.0,-760.0,1086.3858,64.3114
750.0,-750.0,1079.1713,57.193
750.0,-740.0,1072.0014,50.1216
750.0,-730.0,1064.8772,43.0981
750.0,-720.0,1057.7995,36.1234
750.0,-710.0,1050.7694,29.1987
750.0,-700.0,1043.7877,22.325
750.0,-690.0,1036.8554,15.5031
750.0,-680.0,1029.9736,8.7343
750.0,-670.0,1023.1432,2.0195
750.0,-660.0,1016.3653,-4.6401
750.0,-650.0,1009.641,-11.2434
750.0,-640.0,1002.9712,-17.7893
750.0,-630.0,996.3572,-24.2766
750.0,-620.0,989.8001,-30.7042
750.0,-610.0,983.3009,-37.0708
750.0,-600.0,976.8608,-43.3753
750.0,-590.0,970.481,-49.6163
750.0,-580.0,964.1628,-55.7927
750.0,-570.0,957.9073,-61.9032
750.0,-560.0,951.7157,-67.9464
750.0,-550.0,945.5893,-73.9211
750.0,-540.0,939.5294,-79.8259
750.0,-530.0,933.5374,-85.6595
750.0,-520.0,927.6144,-91.4204
750.0,-510.0,921.7618,-97.1073
750.0,-500.0,915.9811,-102.7189
750.0,-490.0,910.2734,-108.2536
750.0,-480.0,904.6403,-113.71
750.0,-470.0,899.0832,-119.0867
750.0,-460.0,893.6034,-124.3823
750.0,-450.0,888.2024,-129.5951
750.0,-440.0,882.8816,-134.7238
750.0,-430.0,877.6425,-139.7668
750.0,-420.0,872.4865,-144.7226
750.0,-410.0,867.4152,-149.5897
750.0,-400.0,862.43,-154.3665
750.0,-390.0,857.5325,-159.0516
750.0,-380.0,852.7241,-163.6433
750.0,-370.0,848.0064,-168.1402
750.0,-360.0,843.3809,-172.5407
750.0,-350.0,838.849,-176.8431
750.0,-340.0,834.4125,-181.0461
750.0,-330.0,830.0726,-185.148
750.0,-320.0,825.8311,-189.1474
750.0,-310.0,821.6894,-193.0426
750.0,-300.0,817.649,-196.8322
750.0,-290.0,813.7114,-200.5147
750.0,-280.0,809.8782,-204.0886
750.0,-270.0,806.1508,-207.5524
750.0,-260.0,802.5307,-210.9046
750.0,-250.0,799.0194,-214.1439
750.0,-240.0,795.6183,-217.2689
750.0,-230.0,792.3287,-220.2781
750.0,-220.0,789.1523,-223.1702
750.0,-210.0,786.0901,-225.9439
750.0,-200.0,783.1437,-228.598
750.0,-190.0,780.3144,-231.1312
750.0,-180.0,777.6034,-233.5422
750.0,-170.0,775.0119,-235.83
750.0,-160.0,772.5412,-237.9934
750.0,-150.0,770.1924,-240.0314
750.0,-140.0,767.9666,-241.9429
750.0,-130.0,765.865,-243.727
750.0,-120.0,763.8884,-245.3828
750.0,-110.0,762.038,-246.9095
750.0,-100.0,760.3147,-248.3062
750.0,-90.0,758.7192,-249.5722
750.0,-80.0,757.2524,-250.7069
750.0,-70.0,755.9151,-251.7097
750.0,-60.0,754.708,-252.58
750.0,-50.0,753.6316,-253.3174
750.0,-40.0,752.6865,-253.9215
750.0,-30.0,751.8733,-254.3919
750.0,-20.0,751.1923,-254.7285
750.0,-10.0,750.6439,-254.931
750.0,0.0,750.2284,-254.9992
750.0,10.0,750.6439,-254.931
750.0,20.0,751.1923,-254.7285
750.0,30.0,751.8733,-254.3919
750.0,40.0,752.6865,-253.9215
750.0,50.0,753.6316,-253.3174
750.0,60.0,754.708,-252.58
750.0,70.0,755.9151,-251.7097
750.0,80.0,757.2524,-250.7069
750.0,90.0,758.7192,-249.5722
750.0,100.0,760.3147,-248.3062
750.0,110.0,762.038,-246.9095
750.0,120.0,763.8884,-245.3828
750.0,130.0,765.865,-243.727
750.0,140.0,767.9666,-241.9429
750.0,150.0,770.1924,-240.0314
750.0,160.0,772.5412,-237.9934
750.0,170.0,775.0119,-235.83
750.0,180.0,777.6034,-233.5422
750.0,190.0,780.3144,-231.1312
750.0,200.0,783.1437,-228.598
750.0,210.0,786.0901,-225.9439
750.0,220.0,789.1523,-223.1702
750.0,230.0,792.3287,-220.2781
750.0,240.0,795.6183,-217.2689
750.0,250.0,799.0194,-214.1439
750.0,260.0,802.5307,-210.9046
750.0,270.0,806.1508,-207.5524
750.0,280.0,809.8782,-204.0886
750.0,290.0,813.7114,-200.5147
750.0,300.0,817.649,-196.8322
750.0,310.0,821.6894,-193.0426
750.0,320.0,825.8311,-189.1474
750.0,330.0,830.0726,-185.148
750.0,340.0,834.4125,-181.0461
750.0,350.0,838.849,-176.8431
750.0,360.0,843.3809,-172.5407
750.0,370.0,848.0064,-168.1402
750.0,380.0,852.7241,-163.6433
750.0,390.0,857.5325,-159.0516
750.0,400.0,862.43,-154.3665
750.0,410.0,867.4152,-149.5897
750.0,420.0,872.4865,-144.7226
750.0,430.0,877.6425,-139.7668
750.0,440.0,882.8816,-134.7238
750.0,450.0,888.2024,-129.5951
750.0,460.0,893.6034,-124.3823
750.0,470.0,899.0832,-119.0867
750.0,480.0,904.6403,-113.71
750.0,490.0,910.2734,-108.2536
750.0,500.0,915.9811,-102.7189
750.0,510.0,921.7618,-97.1073
750.0,520.0,927.6144,-91.4204
750.0,530.0,933.5374,-85.6595
750.0,540.0,939.5294,-79.8259
750.0,550.0,945.5893,-73.9211
750.0,560.0,951.7157,-67.9464
750.0,570.0,957.9073,-61.9032
750.0,580.0,964.1628,-55.7927
750.0,590.0,970.481,-49.6163
750.0,600.0,976.8608,-43.3753
750.0,610.0,983.3009,-37.0708
750.0,620.0,989.8001,-30.7042
750.0,630.0,996.3572,-24.2766
750.0,640.0,1002.9712,-17.7893
750.0,650.0,1009.641,-11.2434
750.0,660.0,1016.3653,-4.6401
750.0,670.0,1023.1432,2.0195
750.0,680.0,1029.9736,8.7343
750.0,690.0,1036.8554,15.5031
750.0,700.0,1043.7877,22.325
750.0,710.0,1050.7694,29.1987
750.0,720.0,1057.7995,36.1234
750.0,730.0,1064.8772,43.0981
750.0,740.0,1072.0014,50.1216
750.0,750.0,1079.1713,57.193
750.0,760.0,1086.3858,64.3114
750.0,770.0,1093.6442,71.4759
750.0,780.0,1100.9456,78.6854
750.0,790.0,1108.2892,85.9392
750.0,800.0,1115.674,93.2364
750.0,810.0,1123.0993,100.576
750.0,820.0,1130.5643,107.9572
750.0,830.0,1138.0682,115.3793
750.0,840.0,1145.6102,122.8414
750.0,850.0,1153.1896,130.3426
750.0,860.0,1160.8057,137.8823
750.0,870.0,1168.4577,145.4597
750.0,880.0,1176.145,153.074
750.0,890.0,1183.8668,160.7245
750.0,900.0,1191.6225,168.4106
750.0,910.0,1199.4114,176.1314
750.0,920.0,1207.2329,183.8863
750.0,930.0,1215.0864,191.6746
750.0,940.0,1222.9712,199.4958
750.0,950.0,1230.8867,207.3491
750.0,960.0,1238.8324,215.234
750.0,970.0,1246.8076,223.1498
750.0,980.0,1254.8118,231.0959
750.0,990.0,1262.8445,239.0718
750.0,1000.0,1270.9052,247.0768
760.0,-1000.0,1265.0314,253.0765
760.0,-990.0,1256.9331,245.11
760.0,-980.0,1248.8624,237.1731
760.0,-970.0,1240.8198,229.2662
760.0,-960.0,1232.8058,221.3901
760.0,-950.0,1224.8211,213.5452
760.0,-940.0,1216.8661,205.7322
760.0,-930.0,1208.9415,197.9518
760.0,-920.0,1201.0478,190.2045
760.0,-910.0,1193.1858,182.491
760.0,-900.0,1185.356,174.812
760.0,-890.0,1177.559,167.1681
760.0,-880.0,1169.7955,159.5601
760.0,-870.0,1162.0663,151.9887
760.0,-860.0,1154.3719,144.4546
760.0,-850.0,1146.7131,136.9584
760.0,-840.0,1139.0906,129.5011
760.0,-830.0,1131.5051,122.0833
760.0,-820.0,1123.9574,114.7059
760.0,-810.0,1116.4482,107.3696
760.0,-800.0,1108.9784,100.0754
760.0,-790.0,1101.5487,92.8239
760.0,-780.0,1094.1599,85.6161
760.0,-770.0,1086.8129,78.4528
760.0,-760.0,1079.5086,71.3351
760.0,-750.0,1072.2477,64.2636
760.0,-740.0,1065.0313,57.2395
760.0,-730.0,1057.8601,50.2636
760.0,-720.0,1050.7352,43.3369
760.0,-710.0,1043.6575,36.4604
760.0,-700.0,1036.6279,29.635
760.0,-690.0,1029.6474,22.862
760.0,-680.0,1022.717,16.1421
760.0,-670.0,1015.8379,9.4766
760.0,-660.0,1009.0109,2.8666
760.0,-650.0,1002.2372,-3.687
760.0,-640.0,995.5179,-10.1829
760.0,-630.0,988.854,-16.6201
760.0,-620.0,982.2468,-22.9973
760.0,-610.0,975.6973,-29.3133
760.0,-600.0,969.2067,-35.5671
760.0,-590.0,962.7762,-41.7573
760.0,-580.0,956.407,-47.8827
760.0,-570.0,950.1005,-53.9421
760.0,-560.0,943.8577,-59.9341
760.0,-550.0,937.68,-65.8575
760.0,-540.0,931.5687,-71.711
760.0,-530.0,925.525,-77.4933
760.0,-520.0,919.5504,-83.2029
760.0,-510.0,913.6462,-88.8386
760.0,-500.0,907.8138,-94.3989
760.0,-490.0,902.0545,-99.8824
760.0,-480.0,896.3697,-105.2878
760.0,-470.0,890.761,-110.6136
760.0,-460.0,885.2297,-115.8584
760.0,-450.0,879.7772,-121.0207
760.0,-440.0,874.4052,-126.099
760.0,-430.0,869.115,-131.0919
760.0,-420.0,864.002,-135.998
760.0,-410.0,859.1843,-140.8157
760.0,-400.0,854.4565,-145.5435
760.0,-390.0,849.8201,-150.1799
760.0,-380.0,845.2766,-154.7234
760.0,-370.0,840.8274,-159.1726
760.0,-360.0,836.4741,-163.5259
760.0,-350.0,832.2183,-167.7817
760.0,-340.0,828.0613,-171.9387
760.0,-330.0,824.0047,-175.9953
760.0,-320.0,820.05,-179.95
760.0,-310.0,816.1987,-183.8013
760.0,-300.0,812.4522,-187.5478
760.0,-290.0,808.8119,-191.1881
760.0,-280.0,805.2795,-194.7205
760.0,-270.0,801.8561,-198.1439
760.0,-260.0,798.5434,-201.4566
760.0,-250.0,795.3426,-204.6574
760.0,-240.0,792.255,-207.745
760.0,-230.0,789.2821,-210.7179
760.0,-220.0,786.4252,-213.5748
760.0,-210.0,783.6854,-216.3146
760.0,-200.0,781.0641,-218.9359
760.0,-190.0,778.5623,-221.4377
760.0,-180.0,776.1814,-223.8186
760.0,-170.0,773.9224,-226.0776
760.0,-160.0,771.7863,-228.2137
760.0,-150.0,769.7742,-230.2258
760.0,-140.0,767.8871,-232.1129
760.0,-130.0,766.1259,-233.8741
760.0,-120.0,764.4914,-235.5086
760.0,-110.0,762.9845,-237.0155
760.0,-100.0,761.6059,-238.3941
760.0,-90.0,760.3564,-239.6436
760.0,-80.0,759.2365,-240.7635
760.0,-70.0,758.2469,-241.7531
760.0,-60.0,757.388,-242.612
760.0,-50.0,756.6603,-243.3397
760.0,-40.0,756.0642,-243.9358
760.0,-30.0,755.6,-244.4
760.0,-20.0,755.2679,-244.7321
760.0,-10.0,755.0681,-244.9319
760.0,0.0,755.0008,-244.9992
760.0,10.0,755.0681,-244.9319
760.0,20.0,755.2679,-244.7321
760.0,30.0,755.6,-244.4
760.0,40.0,756.0642,-243.9358
760.0,50.0,756.6603,-243.3397
760.0,60.0,757.388,-242.612
760.0,70.0,758.2469,-241.7531
760.0,80.0,759.2365,-240.7635
760.0,90.0,760.3564,-239.6436
760.0,100.0,761.6059,-238.3941
760.0,110.0,762.9845,-237.0155
760.0,120.0,764.4914,-235.5086
760.0,130.0,766.1259,-233.8741
760.0,140.0,767.8871,-232.1129
760.0,150.0,769.7742,-230.2258
760.0,160.0,771.7863,-228.2137
760.0,170.0,773.9224,-226.0776
760.0,180.0,776.1814,-223.8186
760.0,190.0,778.5623,-221.4377
760.0,200.0,781.0641,-218.9359
760.0,210.0,783.6854,-216.3146
760.0,220.0,786.4252,-213.5748
760.0,230.0,789.2821,-210.7179
760.0,240.0,792.255,-207.745
760.0,250.0,795.3426,-204.6574
760.0,260.0,798.5434,-201.4566
760.0,270.0,801.8561,-198.1439
760.0,280.0,805.2795,-194.7205
760.0,290.0,808.8119,-191.1881
760.0,300.0,812.4522,-187.5478
760.0,310.0,816.1987,-183.8013
760.0,320.0,820.05,-179.95
760.0,330.0,824.0047,-175.9953
760.0,340.0,828.0613,-171.9387
760.0,350.0,832.2183,-167.7817
760.0,360.0,836.4741,-163.5259
760.0,370.0,840.8274,-159.1726
760.0,380.0,845.2766,-154.7234
760.0,390.0,849.8201,-150.1799
760.0,400.0,854.4565,-145.5435
760.0,410.0,859.1843,-140.8157
760.0,420.0,864.002,-135.998
760.0,430.0,869.115,-131.0919
760.0,440.0,874.4052,-126.099
760.0,450.0,879.7772,-121.0207
760.0,460.0,885.2297,-115.8584
760.0,470.0,890.761,-110.6136
760.0,480.0,896.3697,-105.2878
760.0,490.0,902.0545,-99.8824
760.0,500.0,907.8138,-94.3989
760.0,510.0,913.6462,-88.8386
760.0,520.0,919.5504,-83.2029
760.0,530.0,925.525,-77.4933
760.0,540.0,931.5687,-71.711
760.0,550.0,937.68,-65.8575
760.0,560.0,943.8577,-59.9341
760.0,570.0,950.1005,-53.9421
760.0,580.0,956.407,-47.8827
760.0,590.0,962.7762,-41.7573
760.0,600.0,969.2067,-35.5671
760.0,610.0,975.6973,-29.3133
760.0,620.0,982.2468,-22.9973
760.0,630.0,988.854,-16.6201
760.0,640.0,995.5179,-10.1829
760.0,650.0,1002.2372,-3.687
760.0,660.0,1009.0109,2.8666
760.0,670.0,1015.8379,9.4766
760.0,680.0,1022.717,16.1421
760.0,690.0,1029.6474,22.862
760.0,700.0,1036.6279,29.635
760.0,710.0,1043.6575,36.4604
760.0,720.0,1050.7352,43.3369
760.0,730.0,1057.8601,50.2636
760.0,740.0,1065.0313,57.2395
760.0,750.0,1072.2477,64.2636
760.0,760.0,1079.5086,71.3351
760.0,770.0,1086.8129,78.4528
760.0,780.0,1094.1599,85.6161
760.0,790.0,1101.5487,92.8239
760.0,800.0,1108.9784,100.0754
760.0,810.0,1116.4482,107.3696
760.0,820.0,1123.9574,114.7059
760.0,830.0,1131.5051,122.0833
760.0,840.0,1139.0906,129.5011
760.0,850.0,1146.7131,136.9584
760.0,860.0,1154.3719,144.4546
760.0,870.0,1162.0663,151.9887
760.0,880.0,1169.7955,159.5601
760.0,890.0,1177.559,167.1681
760.0,900.0,1185.356,174.812
760.0,910.0,1193.1858,182.491
760.0,920.0,1201.0478,190.2045
760.0,930.0,1208.9415,197.9518
760.0,940.0,1216.8661,205.7322
760.0,950.0,1224.8211,213.5452
760.0,960.0,1232.8058,221.3901
760.0,970.0,1240.8198,229.2662
760.0,980.0,1248.8624,237.1731
760.0,990.0,1256.9331,245.11
760.0,1000.0,1265.0314,253.0765
770.0,-1000.0,1259.2097,259.127
770.0,-990.0,1251.199,251.199
770.0,-980.0,1243.3009,243.3009
770.0,-970.0,1235.4333,235.4333
770.0,-960.0,1227.5967,227.5967
770.0,-950.0,1219.7918,219.7918
770.0,-940.0,1212.0191,212.0191
770.0,-930.0,1204.2792,204.2792
770.0,-920.0,1196.5729,196.5729
770.0,-910.0,1188.9007,188.9007
770.0,-900.0,1181.2634,181.2634
770.0,-890.0,1173.6616,173.6616
770.0,-880.0,1166.0959,166.0959
770.0,-870.0,1158.5672,158.5672
770.0,-860.0,1151.0761,151.0761
770.0,-850.0,1143.6234,143.6234
770.0,-840.0,1136.2098,136.2098
770.0,-830.0,1128.8361,128.8361
770.0,-820.0,1121.5031,121.5031
770.0,-810.0,1114.2116,114.2116
770.0,-800.0,1106.9624,106.9624
770.0,-790.0,1099.7564,99.7564
770.0,-780.0,1092.5943,92.5943
770.0,-770.0,1085.4771,85.4771
770.0,-760.0,1078.4057,78.4057
770.0,-750.0,1071.3809,71.3809
770.0,-740.0,1064.4037,64.4037
770.0,-730.0,1057.4751,57.4751
770.0,-720.0,1050.5959,50.5959
770.0,-710.0,1043.7673,43.7673
770.0,-700.0,1036.99,36.99
770.0,-690.0,1030.2653,30.2653
770.0,-680.0,1023.5941,23.5941
770.0,-670.0,1016.9774,16.9774
770.0,-660.0,1010.4164,10.4164
770.0,-650.0,1003.9122,3.9122
770.0,-640.0,997.4657,-2.5343
770.0,-630.0,991.0783,-8.9217
770.0,-620.0,984.7509,-15.2491
770.0,-610.0,978.4849,-21.5151
770.0,-600.0,972.2813,-27.7187
770.0,-590.0,966.1414,-33.8586
770.0,-580.0,960.0664,-39.9336
770.0,-570.0,954.0575,-45.9425
770.0,-560.0,948.116,-51.884
770.0,-550.0,942.2432,-57.7568
770.0,-540.0,936.4403,-63.5597
770.0,-530.0,930.7087,-69.2913
770.0,-520.0,925.0497,-74.9503
770.0,-510.0,919.4646,-80.5354
770.0,-500.0,913.9548,-86.0452
770.0,-490.0,908.5217,-91.4783
770.0,-480.0,903.1666,-96.8334
770.0,-470.0,897.891,-102.109
770.0,-460.0,892.6962,-107.3038
770.0,-450.0,887.5836,-112.4164
770.0,-440.0,882.5548,-117.4452
770.0,-430.0,877.6111,-122.3889
770.0,-420.0,872.754,-127.246
770.0,-410.0,867.9849,-132.0151
770.0,-400.0,863.3053,-136.6947
770.0,-390.0,858.7166,-141.2834
770.0,-380.0,854.2204,-145.7796
770.0,-370.0,849.8181,-150.1819
770.0,-360.0,845.5111,-154.4889
770.0,-350.0,841.3009,-158.6991
770.0,-340.0,837.1891,-162.8109
770.0,-330.0,833.1769,-166.8231
770.0,-320.0,829.266,-170.734
770.0,-310.0,825.4576,-174.5424
770.0,-300.0,821.7533,-178.2467
770.0,-290.0,818.1545,-181.8455
770.0,-280.0,814.6625,-185.3375
770.0,-270.0,811.2788,-188.7212
770.0,-260.0,808.0047,-191.9953
770.0,-250.0,804.8415,-195.1585
770.0,-240.0,801.7905,-198.2095
770.0,-230.0,798.8531,-201.1469
770.0,-220.0,796.0305,-203.9695
770.0,-210.0,793.3239,-206.6761
770.0,-200.0,790.7345,-209.2655
770.0,-190.0,788.2635,-211.7365
770.0,-180.0,785.9119,-214.0881
770.0,-170.0,783.681,-216.319
770.0,-160.0,781.5716,-218.4284
770.0,-150.0,779.5847,-220.4153
770.0,-140.0,777.7214,-222.2786
770.0,-130.0,775.9825,-224.0175
770.0,-120.0,774.3688,-225.6312
770.0,-110.0,772.8812,-227.1188
770.0,-100.0,771.5203,-228.4797
770.0,-90.0,770.2869,-229.7131
770.0,-80.0,769.1815,-230.8185
770.0,-70.0,768.2047,-231.7953
770.0,-60.0,767.3569,-232.6431
770.0,-50.0,766.6387,-233.3613
770.0,-40.0,766.0504,-233.9496
770.0,-30.0,765.5922,-234.4078
770.0,-20.0,765.2644,-234.7356
770.0,-10.0,765.0673,-234.9327
770.0,0.0,765.0008,-234.9992
770.0,10.0,765.0673,-234.9327
770.0,20.0,765.2644,-234.7356
770.0,30.0,765.5922,-234.4078
770.0,40.0,766.0504,-233.9496
770.0,50.0,766.6387,-233.3613
770.0,60.0,767.3569,-232.6431
770.0,70.0,768.2047,-231.7953
770.0,80.0,769.1815,-230.8185
770.0,90.0,770.2869,-229.7131
770.0,100.0,771.5203,-228.4797
770.0,110.0,772.8812,-227.1188
770.0,120.0,774.3688,-225.6312
770.0,130.0,775.9825,-224.0175
770.0,140.0,777.7214,-222.2786
770.0,150.0,779.5847,-220.4153
770.0,160.0,781.5716,-218.4284
770.0,170.0,783.681,-216.319
770.0,180.0,785.9119,-214.0881
770.0,190.0,788.2635,-211.7365
770.0,200.0,790.7345,-209.2655
770.0,210.0,793.3239,-206.6761
770.0,220.0,796.0305,-203.9695
770.0,230.0,798.8531,-201.1469
770.0,240.0,801.7905,-198.2095
770.0,250.0,804.8415,-195.1585
770.0,260.0,808.0047,-191.9953
770.0,270.0,811.2788,-188.7212
770.0,280.0,814.6625,-185.3375
770.0,290.0,818.1545,-181.8455
770.0,300.0,821.7533,-178.2467
770.0,310.0,825.4576,-174.5424
770.0,320.0,829.266,-170.734
770.0,330.0,833.1769,-166.8231
770.0,340.0,837.1891,-162.8109
770.0,350.0,841.3009,-158.6991
770.0,360.0,845.5111,-154.4889
770.0,370.0,849.8181,-150.1819
770.0,380.0,854.2204,-145.7796
770.0,390.0,858.7166,-141.2834
770.0,400.0,863.3053,-136.6947
770.0,410.0,867.9849,-132.0151
770.0,420.0,872.754,-127.246
770.0,430.0,877.6111,-122.3889
770.0,440.0,882.5548,-117.4452
770.0,450.0,887.5836,-112.4164
770.0,460.0,892.6962,-107.3038
770.0,470.0,897.891,-102.109
770.0,480.0,903.1666,-96.8334
770.0,490.0,908.5217,-91.4783
770.0,500.0,913.9548,-86.0452
770.0,510.0,919.4646,-80.5354
770.0,520.0,925.0497,-74.9503
770.0,530.0,930.7087,-69.2913
770.0,540.0,936.4403,-63.5597
770.0,550.0,942.2432,-57.7568
770.0,560.0,948.116,-51.884
770.0,570.0,954.0575,-45.9425
770.0,580.0,960.0664,-39.9336
770.0,590.0,966.1414,-33.8586
770.0,600.0,972.2813,-27.7187
770.0,610.0,978.4849,-21.5151
770.0,620.0,984.7509,-15.2491
770.0,630.0,991.0783,-8.9217
770.0,640.0,997.4657,-2.5343
770.0,650.0,1003.9122,3.9122
770.0,660.0,1010.4164,10.4164
770.0,670.0,1016.9774,16.9774
770.0,680.0,1023.5941,23.5941
770.0,690.0,1030.2653,30.2653
770.0,700.0,1036.99,36.99
770.0,710.0,1043.7673,43.7673
770.0,720.0,1050.5959,50.5959
770.0,730.0,1057.4751,57.4751
770.0,740.0,1064.4037,64.4037
770.0,750.0,1071.3809,71.3809
770.0,760.0,1078.4057,78.4057
770.0,770.0,1085.4771,85.4771
770.0,780.0,1092.5943,92.5943
770.0,790.0,1099.7564,99.7564
770.0,800.0,1106.9624,106.9624
770.0,810.0,1114.2116,114.2116
770.0,820.0,1121.5031,121.5031
770.0,830.0,1128.8361,128.8361
770.0,840.0,1136.2098,136.2098
770.0,850.0,1143.6234,143.6234
770.0,860.0,1151.0761,151.0761
770.0,870.0,1158.5672,158.5672
770.0,880.0,1166.0959,166.0959
770.0,890.0,1173.6616,173.6616
770.0,900.0,1181.2634,181.2634
770.0,910.0,1188.9007,188.9007
770.0,920.0,1196.5729,196.5729
770.0,930.0,1204.2792,204.2792
770.0,940.0,1212.0191,212.0191
770.0,950.0,1219.7918,219.7918
770.0,960.0,1227.5967,227.5967
770.0,970.0,1235.4333,235.4333
770.0,980.0,1243.3009,243.3009
770.0,990.0,1251.199,251.199
770.0,1000.0,1259.2097,259.127
780.0,-1000.0,1265.2275,265.2275
780.0,-990.0,1257.338,257.338
780.0,-980.0,1249.4788,249.4788
780.0,-970.0,1241.6503,241.6503
780.0,-960.0,1233.8532,233.8532
780.0,-950.0,1226.0881,226.0881
780.0,-940.0,1218.3555,218.3555
780.0,-930.0,1210.6562,210.6562
780.0,-920.0,1202.9908,202.9908
780.0,-910.0,1195.3598,195.3598
780.0,-900.0,1187.764,187.764
780.0,-890.0,1180.204,180.204
780.0,-880.0,1172.6806,172.6806
780.0,-870.0,1165.1944,165.1944
780.0,-860.0,1157.7462,157.7462
780.0,-850.0,1150.3367,150.3367
780.0,-840.0,1142.9667,142.9667
780.0,-830.0,1135.6368,135.6368
780.0,-820.0,1128.348,128.348
780.0,-810.0,1121.101,121.101
780.0,-800.0,1113.8967,113.8967
780.0,-790.0,1106.7358,106.7358
780.0,-780.0,1099.6192,99.6192
780.0,-770.0,1092.5477,92.5477
780.0,-760.0,1085.5224,85.5224
780.0,-750.0,1078.544,78.544
780.0,-740.0,1071.6134,71.6134
780.0,-730.0,1064.7317,64.7317
780.0,-720.0,1057.8997,57.8997
780.0,-710.0,1051.1185,51.1185
780.0,-700.0,1044.389,44.389
780.0,-690.0,1037.7122,37.7122
780.0,-680.0,1031.0892,31.0892
780.0,-670.0,1024.5209,24.5209
780.0,-660.0,1018.0085,18.0085
780.0,-650.0,1011.5531,11.5531
780.0,-640.0,1005.1557,5.1557
780.0,-630.0,998.8174,-1.1826
780.0,-620.0,992.5394,-7.4606
780.0,-610.0,986.3228,-13.6772
780.0,-600.0,980.1688,-19.8312
780.0,-590.0,974.0786,-25.9214
780.0,-580.0,968.0534,-31.9466
780.0,-570.0,962.0944,-37.9056
780.0,-560.0,956.2029,-43.7971
780.0,-550.0,950.38,-49.62
780.0,-540.0,944.6271,-55.3729
780.0,-530.0,938.9455,-61.0545
780.0,-520.0,933.3365,-66.6635
780.0,-510.0,927.8013,-72.1987
780.0,-500.0,922.3413,-77.6587
780.0,-490.0,916.9579,-83.0421
780.0,-480.0,911.6523,-88.3477
780.0,-470.0,906.4261,-93.5739
780.0,-460.0,901.2805,-98.7195
780.0,-450.0,896.2169,-103.7831
780.0,-440.0,891.2368,-108.7632
780.0,-430.0,886.3415,-113.6585
780.0,-420.0,881.5325,-118.4675
780.0,-410.0,876.8111,-123.1889
780.0,-400.0,872.1789,-127.8211
780.0,-390.0,867.6372,-132.3628
780.0,-380.0,863.1874,-136.8126
780.0,-370.0,858.831,-141.169
780.0,-360.0,854.5695,-145.4305
780.0,-350.0,850.4042,-149.5958
780.0,-340.0,846.3365,-153.6635
780.0,-330.0,842.368,-157.632
780.0,-320.0,838.4999,-161.5001
780.0,-310.0,834.7337,-165.2663
780.0,-300.0,831.0707,-168.9293
780.0,-290.0,827.5124,-172.4876
780.0,-280.0,824.0601,-175.9399
780.0,-270.0,820.7151,-179.2849
780.0,-260.0,817.4788,-182.5212
780.0,-250.0,814.3524,-185.6476
780.0,-240.0,811.3372,-188.6628
780.0,-230.0,808.4345,-191.5655
780.0,-220.0,805.6454,-194.3546
780.0,-210.0,802.9713,-197.0287
780.0,-200.0,800.4131,-199.5869
780.0,-190.0,797.972,-202.028
780.0,-180.0,795.6492,-204.3508
780.0,-170.0,793.4456,-206.5544
780.0,-160.0,791.3622,-208.6378
780.0,-150.0,789.4,-210.6
780.0,-140.0,787.5599,-212.4401
780.0,-130.0,785.8428,-214.1572
780.0,-120.0,784.2494,-215.7506
780.0,-110.0,782.7805,-217.2195
780.0,-100.0,781.4369,-218.5631
780.0,-90.0,780.2191,-219.7809
780.0,-80.0,779.1278,-220.8722
780.0,-70.0,778.1635,-221.8365
780.0,-60.0,777.3266,-222.6734
780.0,-50.0,776.6176,-223.3824
780.0,-40.0,776.0368,-223.9632
780.0,-30.0,775.5846,-224.4154
780.0,-20.0,775.261,-224.739
780.0,-10.0,775.0664,-224.9336
780.0,0.0,775.0008,-224.9992
780.0,10.0,775.0664,-224.9336
780.0,20.0,775.261,-224.739
780.0,30.0,775.5846,-224.4154
780.0,40.0,776.0368,-223.9632
780.0,50.0,776.6176,-223.3824
780.0,60.0,777.3266,-222.6734
780.0,70.0,778.1635,-221.8365
780.0,80.0,779.1278,-220.8722
780.0,90.0,780.2191,-219.7809
780.0,100.0,781.4369,-218.5631
780.0,110.0,782.7805,-217.2195
780.0,120.0,784.2494,-215.7506
780.0,130.0,785.8428,-214.1572
780.0,140.0,787.5599,-212.4401
780.0,150.0,789.4,-210.6
780.0,160.0,791.3622,-208.6378
780.0,170.0,793.4456,-206.5544
780.0,180.0,795.6492,-204.3508
780.0,190.0,797.972,-202.028
780.0,200.0,800.4131,-199.5869
780.0,210.0,802.9713,-197.0287
780.0,220.0,805.6454,-194.3546
780.0,230.0,808.4345,-191.5655
780.0,240.0,811.3372,-188.6628
780.0,250.0,814.3524,-185.6476
780.0,260.0,817.4788,-182.5212
780.0,270.0,820.7151,-179.2849
780.0,280.0,824.0601,-175.9399
780.0,290.0,827.5124,-172.4876
780.0,300.0,831.0707,-168.9293
780.0,310.0,834.7337,-165.2663
780.0,320.0,838.4999,-161.5001
780.0,330.0,842.368,-157.632
780.0,340.0,846.3365,-153.6635
780.0,350.0,850.4042,-149.5958
780.0,360.0,854.5695,-145.4305
780.0,370.0,858.831,-141.169
780.0,380.0,863.1874,-136.8126
780.0,390.0,867.6372,-132.3628
780.0,400.0,872.1789,-127.8211
780.0,410.0,876.8111,-123.1889
780.0,420.0,881.5325,-118.4675
780.0,430.0,886.3415,-113.6585
780.0,440.0,891.2368,-108.7632
780.0,450.0,896.2169,-103.7831
780.0,460.0,901.2805,-98.7195
780.0,470.0,906.4261,-93.5739
780.0,480.0,911.6523,-88.3477
780.0,490.0,916.9579,-83.0421
780.0,500.0,922.3413,-77.6587
780.0,510.0,927.8013,-72.1987
780.0,520.0,933.3365,-66.6635
780.0,530.0,938.9455,-61.0545
780.0,540.0,944.6271,-55.3729
780.0,550.0,950.38,-49.62
780.0,560.0,956.2029,-43.7971
780.0,570.0,962.0944,-37.9056
780.0,580.0,968.0534,-31.9466
780.0,590.0,974.0786,-25.9214
780.0,600.0,980.1688,-19.8312
780.0,610.0,986.3228,-13.6772
780.0,620.0,992.5394,-7.4606
780.0,630.0,998.8174,-1.1826
780.0,640.0,1005.1557,5.1557
780.0,650.0,1011.5531,11.5531
780.0,660.0,1018.0085,18.0085
780.0,670.0,1024.5209,24.5209
780.0,680.0,1031.0892,31.0892
780.0,690.0,1037.7122,37.7122
780.0,700.0,1044.389,44.389
780.0,710.0,1051.1185,51.1185
780.0,720.0,1057.8997,57.8997
780.0,730.0,1064.7317,64.7317
780.0,740.0,1071.6134,71.6134
780.0,750.0,1078.544,78.544
780.0,760.0,1085.5224,85.5224
780.0,770.0,1092.5477,92.5477
780.0,780.0,1099.6192,99.6192
780.0,790.0,1106.7358,106.7358
780.0,800.0,1113.8967,113.8967
780.0,810.0,1121.101,121.101
780.0,820.0,1128.348,128.348
780.0,830.0,1135.6368,135.6368
780.0,840.0,1142.9667,142.9667
780.0,850.0,1150.3367,150.3367
780.0,860.0,1157.7462,157.7462
780.0,870.0,1165.1944,165.1944
780.0,880.0,1172.6806,172.6806
780.0,890.0,1180.204,180.204
780.0,900.0,1187.764,187.764
780.0,910.0,1195.3598,195.3598
780.0,920.0,1202.9908,202.9908
780.0,930.0,1210.6562,210.6562
780.0,940.0,1218.3555,218.3555
780.0,950.0,1226.0881,226.0881
780.0,960.0,1233.8532,233.8532
780.0,970.0,1241.6503,241.6503
780.0,980.0,1249.4788,249.4788
780.0,990.0,1257.338,257.338
780.0,1000.0,1265.2275,265.2275
790.0,-1000.0,1271.3775,271.3775
790.0,-990.0,1263.5264,263.5264
790.0,-980.0,1255.7059,255.7059
790.0,-970.0,1247.9165,247.9165
790.0,-960.0,1240.1588,240.1588
790.0,-950.0,1232.4334,232.4334
790.0,-940.0,1224.7409,224.7409
790.0,-930.0,1217.082,217.082
790.0,-920.0,1209.4572,209.4572
790.0,-910.0,1201.8673,201.8673
790.0,-900.0,1194.3129,194.3129
790.0,-890.0,1186.7946,186.7946
790.0,-880.0,1179.3133,179.3133
790.0,-870.0,1171.8695,171.8695
790.0,-860.0,1164.464,164.464
790.0,-850.0,1157.0975,157.0975
790.0,-840.0,1149.7708,149.7708
790.0,-830.0,1142.4846,142.4846
790.0,-820.0,1135.2398,135.2398
790.0,-810.0,1128.037,128.037
790.0,-800.0,1120.8773,120.8773
790.0,-790.0,1113.7612,113.7612
790.0,-780.0,1106.6898,106.6898
790.0,-770.0,1099.6639,99.6639
790.0,-760.0,1092.6842,92.6842
790.0,-750.0,1085.7519,85.7519
790.0,-740.0,1078.8676,78.8676
790.0,-730.0,1072.0325,72.0325
790.0,-720.0,1065.2473,65.2473
790.0,-710.0,1058.5132,58.5132
790.0,-700.0,1051.831,51.831
790.0,-690.0,1045.2017,45.2017
790.0,-680.0,1038.6264,38.6264
790.0,-670.0,1032.1062,32.1062
790.0,-660.0,1025.6419,25.6419
790.0,-650.0,1019.2348,19.2348
790.0,-640.0,1012.8859,12.8859
790.0,-630.0,1006.5963,6.5963
790.0,-620.0,1000.3671,0.3671
790.0,-610.0,994.1995,-5.8005
790.0,-600.0,988.0946,-11.9054
790.0,-590.0,982.0535,-17.9465
790.0,-580.0,976.0776,-23.9224
790.0,-570.0,970.1679,-29.8321
790.0,-560.0,964.3256,-35.6744
790.0,-550.0,958.5521,-41.4479
790.0,-540.0,952.8486,-47.1514
790.0,-530.0,947.2163,-52.7837
790.0,-520.0,941.6565,-58.3435
790.0,-510.0,936.1705,-63.8295
790.0,-500.0,930.7596,-69.2404
790.0,-490.0,925.4252,-74.5748
790.0,-480.0,920.1684,-79.8316
790.0,-470.0,914.9908,-85.0092
790.0,-460.0,909.8937,-90.1063
790.0,-450.0,904.8783,-95.1217
790.0,-440.0,899.9461,-100.0539
790.0,-430.0,895.0985,-104.9015
790.0,-420.0,890.3367,-109.6633
790.0,-410.0,885.6623,-114.3377
790.0,-400.0,881.0766,-118.9234
790.0,-390.0,876.581,-123.419
790.0,-380.0,872.1769,-127.8231
790.0,-370.0,867.8656,-132.1344
790.0,-360.0,863.6487,-136.3513
790.0,-350.0,859.5274,-140.4726
790.0,-340.0,855.5031,-144.4969
790.0,-330.0,851.5772,-148.4228
790.0,-320.0,847.7512,-152.2488
790.0,-310.0,844.0262,-155.9738
790.0,-300.0,840.4038,-159.5962
790.0,-290.0,836.8852,-163.1148
790.0,-280.0,833.4717,-166.5283
790.0,-270.0,830.1646,-169.8354
790.0,-260.0,826.9653,-173.0347
790.0,-250.0,823.8749,-176.1251
790.0,-240.0,820.8947,-179.1053
790.0,-230.0,818.0259,-181.9741
790.0,-220.0,815.2696,-184.7304
790.0,-210.0,812.6271,-187.3729
790.0,-200.0,810.0994,-189.9006
790.0,-190.0,807.6877,-192.3123
790.0,-180.0,805.3928,-194.6072
790.0,-170.0,803.216,-196.784
790.0,-160.0,801.158,-198.842
790.0,-150.0,799.2199,-200.7801
790.0,-140.0,797.4024,-202.5976
790.0,-130.0,795.7065,-204.2935
790.0,-120.0,794.133,-205.867
790.0,-110.0,792.6824,-207.3176
790.0,-100.0,791.3556,-208.6444
790.0,-90.0,790.1531,-209.8469
790.0,-80.0,789.0755,-210.9245
790.0,-70.0,788.1234,-211.8766
790.0,-60.0,787.2971,-212.7029
790.0,-50.0,786.5971,-213.4029
790.0,-40.0,786.0237,-213.9763
790.0,-30.0,785.5771,-214.4229
790.0,-20.0,785.2577,-214.7423
790.0,-10.0,785.0656,-214.9344
790.0,0.0,785.0008,-214.9992
790.0,10.0,785.0656,-214.9344
790.0,20.0,785.2577,-214.7423
790.0,30.0,785.5771,-214.4229
790.0,40.0,786.0237,-213.9763
790.0,50.0,786.5971,-213.4029
790.0,60.0,787.2971,-212.7029
790.0,70.0,788.1234,-211.8766
790.0,80.0,789.0755,-210.9245
790.0,90.0,790.1531,-209.8469
790.0,100.0,791.3556,-208.6444
790.0,110.0,792.6824,-207.3176
790.0,120.0,794.133,-205.867
790.0,130.0,795.7065,-204.2935
790.0,140.0,797.4024,-202.5976
790.0,150.0,799.2199,-200.7801
790.0,160.0,801.158,-198.842
790.0,170.0,803.216,-196.784
790.0,180.0,805.3928,-194.6072
790.0,190.0,807.6877,-192.3123
790.0,200.0,810.0994,-189.9006
790.0,210.0,812.6271,-187.3729
790.0,220.0,815.2696,-184.7304
790.0,230.0,818.0259,-181.9741
790.0,240.0,820.8947,-179.1053
790.0,250.0,823.8749,-176.1251
790.0,260.0,826.9653,-173.0347
790.0,270.0,830.1646,-169.8354
790.0,280.0,833.4717,-166.5283
790.0,290.0,836.8852,-163.1148
790.0,300.0,840.4038,-159.5962
790.0,310.0,844.0262,-155.9738
790.0,320.0,847.7512,-152.2488
790.0,330.0,851.5772,-148.4228
790.0,340.0,855.5031,-144.4969
790.0,350.0,859.5274,-140.4726
790.0,360.0,863.6487,-136.3513
790.0,370.0,867.8656,-132.1344
790.0,380.0,872.1769,-127.8231
790.0,390.0,876.581,-123.419
790.0,400.0,881.0766,-118.9234
790.0,410.0,885.6623,-114.3377
790.0,420.0,890.3367,-109.6633
790.0,430.0,895.0985,-104.9015
790.0,440.0,899.9461,-100.0539
790.0,450.0,904.8783,-95.1217
790.0,460.0,909.8937,-90.1063
790.0,470.0,914.9908,-85.0092
790.0,480.0,920.1684,-79.8316
790.0,490.0,925.4252,-74.5748
790.0,500.0,930.7596,-69.2404
790.0,510.0,936.1705,-63.8295
790.0,520.0,941.6565,-58.3435
790.0,530.0,947.2163,-52.7837
790.0,540.0,952.8486,-47.1514
790.0,550.0,958.5521,-41.4479
790.0,560.0,964.3256,-35.6744
790.0,570.0,970.1679,-29.8321
790.0,580.0,976.0776,-23.9224
790.0,590.0,982.0535,-17.9465
790.0,600.0,988.0946,-11.9054
790.0,610.0,994.1995,-5.8005
790.0,620.0,1000.3671,0.3671
790.0,630.0,1006.5963,6.5963
790.0,640.0,1012.8859,12.8859
790.0,650.0,1019.2348,19.2348
790.0,660.0,1025.6419,25.6419
790.0,670.0,1032.1062,32.1062
790.0,680.0,1038.6264,38.6264
790.0,690.0,1045.2017,45.2017
790.0,700.0,1051.831,51.831
790.0,710.0,1058.5132,58.5132
790.0,720.0,1065.2473,65.2473
790.0,730.0,1072.0325,72.0325
790.0,740.0,1078.8676,78.8676
790.0,750.0,1085.7519,85.7519
790.0,760.0,1092.6842,92.6842
790.0,770.0,1099.6639,99.6639
790.0,780.0,1106.6898,106.6898
790.0,790.0,1113.7612,113.7612
790.0,800.0,1120.8773,120.8773
790.0,810.0,1128.037,128.037
790.0,820.0,1135.2398,135.2398
790.0,830.0,1142.4846,142.4846
790.0,840.0,1149.7708,149.7708
790.0,850.0,1157.0975,157.0975
790.0,860.0,1164.464,164.464
790.0,870.0,1171.8695,171.8695
790.0,880.0,1179.3133,179.3133
790.0,890.0,1186.7946,186.7946
790.0,900.0,1194.3129,194.3129
790.0,910.0,1201.8673,201.8673
790.0,920.0,1209.4572,209.4572
790.0,930.0,1217.082,217.082
790.0,940.0,1224.7409,224.7409
790.0,950.0,1232.4334,232.4334
790.0,960.0,1240.1588,240.1588
790.0,970.0,1247.9165,247.9165
790.0,980.0,1255.7059,255.7059
790.0,990.0,1263.5264,263.5264
790.0,1000.0,1271.3775,271.3775
800.0,-1000.0,1277.5761,277.5761
800.0,-990.0,1269.7634,269.7634
800.0,-980.0,1261.9815,261.9815
800.0,-970.0,1254.231,254.231
800.0,-960.0,1246.5126,246.5126
800.0,-950.0,1238.8269,238.8269
800.0,-940.0,1231.1743,231.1743
800.0,-930.0,1223.5557,223.5557
800.0,-920.0,1215.9715,215.9715
800.0,-910.0,1208.4225,208.4225
800.0,-900.0,1200.9094,200.9094
800.0,-890.0,1193.4327,193.4327
800.0,-880.0,1185.9932,185.9932
800.0,-870.0,1178.5916,178.5916
800.0,-860.0,1171.2285,171.2285
800.0,-850.0,1163.9049,163.9049
800.0,-840.0,1156.6213,156.6213
800.0,-830.0,1149.3786,149.3786
800.0,-820.0,1142.1775,142.1775
800.0,-810.0,1135.0188,135.0188
800.0,-800.0,1127.9033,127.9033
800.0,-790.0,1120.8319,120.8319
800.0,-780.0,1113.8053,113.8053
800.0,-770.0,1106.8246,106.8246
800.0,-760.0,1099.8904,99.8904
800.0,-750.0,1093.0037,93.0037
800.0,-740.0,1086.1654,86.1654
800.0,-730.0,1079.3765,79.3765
800.0,-720.0,1072.6378,72.6378
800.0,-710.0,1065.9503,65.9503
800.0,-700.0,1059.3151,59.3151
800.0,-690.0,1052.7329,52.7329
800.0,-680.0,1046.205,46.205
800.0,-670.0,1039.7322,39.7322
800.0,-660.0,1033.3157,33.3157
800.0,-650.0,1026.9565,26.9565
800.0,-640.0,1020.6556,20.6556
800.0,-630.0,1014.4142,14.4142
800.0,-620.0,1008.2333,8.2333
800.0,-610.0,1002.1141,2.1141
800.0,-600.0,996.0577,-3.9423
800.0,-590.0,990.0652,-9.9348
800.0,-580.0,984.1379,-15.8621
800.0,-570.0,978.2769,-21.7231
800.0,-560.0,972.4834,-27.5166
800.0,-550.0,966.7586,-33.2414
800.0,-540.0,961.1038,-38.8962
800.0,-530.0,955.5201,-44.4799
800.0,-520.0,950.0089,-49.9911
800.0,-510.0,944.5715,-55.4285
800.0,-500.0,939.209,-60.791
800.0,-490.0,933.9228,-66.0772
800.0,-480.0,928.7142,-71.2858
800.0,-470.0,923.5845,-76.4155
800.0,-460.0,918.535,-81.465
800.0,-450.0,913.567,-86.433
800.0,-440.0,908.682,-91.318
800.0,-430.0,903.8812,-96.1188
800.0,-420.0,899.166,-100.834
800.0,-410.0,894.5377,-105.4623
800.0,-400.0,889.9978,-110.0022
800.0,-390.0,885.5474,-114.4526
800.0,-380.0,881.1881,-118.8119
800.0,-370.0,876.9212,-123.0788
800.0,-360.0,872.748,-127.252
800.0,-350.0,868.6698,-131.3302
800.0,-340.0,864.6881,-135.3119
800.0,-330.0,860.8042,-139.1958
800.0,-320.0,857.0193,-142.9807
800.0,-310.0,853.3348,-146.6652
800.0,-300.0,849.7521,-150.2479
800.0,-290.0,846.2723,-153.7277
800.0,-280.0,842.8968,-157.1032
800.0,-270.0,839.6269,-160.3731
800.0,-260.0,836.4637,-163.5363
800.0,-250.0,833.4086,-166.5914
800.0,-240.0,830.4626,-169.5374
800.0,-230.0,827.6269,-172.3731
800.0,-220.0,824.9028,-175.0972
800.0,-210.0,822.2912,-177.7088
800.0,-200.0,819.7933,-180.2067
800.0,-190.0,817.4102,-182.5898
800.0,-180.0,815.1427,-184.8573
800.0,-170.0,812.9919,-187.0081
800.0,-160.0,810.9588,-189.0412
800.0,-150.0,809.0441,-190.9559
800.0,-140.0,807.2488,-192.7512
800.0,-130.0,805.5737,-194.4263
800.0,-120.0,804.0194,-195.9806
800.0,-110.0,802.5867,-197.4133
800.0,-100.0,801.2763,-198.7237
800.0,-90.0,800.0887,-199.9113
800.0,-80.0,799.0245,-200.9755
800.0,-70.0,798.0842,-201.9158
800.0,-60.0,797.2683,-202.7317
800.0,-50.0,796.577,-203.423
800.0,-40.0,796.0108,-203.9892
800.0,-30.0,795.5699,-204.4301
800.0,-20.0,795.2545,-204.7455
800.0,-10.0,795.0648,-204.9352
800.0,0.0,795.0008,-204.9992
800.0,10.0,795.0648,-204.9352
800.0,20.0,795.2545,-204.7455
800.0,30.0,795.5699,-204.4301
800.0,40.0,796.0108,-203.9892
800.0,50.0,796.577,-203.423
800.0,60.0,797.2683,-202.7317
800.0,70.0,798.0842,-201.9158
800.0,80.0,799.0245,-200.9755
800.0,90.0,800.0887,-199.9113
800.0,100.0,801.2763,-198.7237
800.0,110.0,802.5867,-197.4133
800.0,120.0,804.0194,-195.9806
800.0,130.0,805.5737,-194.4263
800.0,140.0,807.2488,-192.7512
800.0,150.0,809.0441,-190.9559
800.0,160.0,810.9588,-189.0412
800.0,170.0,812.9919,-187.0081
800.0,180.0,815.1427,-184.8573
800.0,190.0,817.4102,-182.5898
800.0,200.0,819.7933,-180.2067
800.0,210.0,822.2912,-177.7088
800.0,220.0,824.9028,-175.0972
800.0,230.0,827.6269,-172.3731
800.0,240.0,830.4626,-169.5374
800.0,250.0,833.4086,-166.5914
800.0,260.0,836.4637,-163.5363
800.0,270.0,839.6269,-160.3731
800.0,280.0,842.8968,-157.1032
800.0,290.0,846.2723,-153.7277
800.0,300.0,849.7521,-150.2479
800.0,310.0,853.3348,-146.6652
800.0,320.0,857.0193,-142.9807
800.0,330.0,860.8042,-139.1958
800.0,340.0,864.6881,-135.3119
800.0,350.0,868.6698,-131.3302
800.0,360.0,872.748,-127.252
800.0,370.0,876.9212,-123.0788
800.0,380.0,881.1881,-118.8119
800.0,390.0,885.5474,-114.4526
800.0,400.0,889.9978,-110.0022
800.0,410.0,894.5377,-105.4623
800.0,420.0,899.166,-100.834
800.0,430.0,903.8812,-96.1188
800.0,440.0,908.682,-91.318
800.0,450.0,913.567,-86.433
800.0,460.0,918.535,-81.465
800.0,470.0,923.5845,-76.4155
800.0,480.0,928.7142,-71.2858
800.0,490.0,933.9228,-66.0772
800.0,500.0,939.209,-60.791
800.0,510.0,944.5715,-55.4285
800.0,520.0,950.0089,-49.9911
800.0,530.0,955.5201,-44.4799
800.0,540.0,961.1038,-38.8962
800.0,550.0,966.7586,-33.2414
800.0,560.0,972.4834,-27.5166
800.0,570.0,978.2769,-21.7231
800.0,580.0,984.1379,-15.8621
800.0,590.0,990.0652,-9.9348
800.0,600.0,996.0577,-3.9423
800.0,610.0,1002.1141,2.1141
800.0,620.0,1008.2333,8.2333
800.0,630.0,1014.4142,14.4142
800.0,640.0,1020.6556,20.6556
800.0,650.0,1026.9565,26.9565
800.0,660.0,1033.3157,33.3157
800.0,670.0,1039.7322,39.7322
800.0,680.0,1046.205,46.205
800.0,690.0,1052.7329,52.7329
800.0,700.0,1059.3151,59.3151
800.0,710.0,1065.9503,65.9503
800.0,720.0,1072.6378,72.6378
800.0,730.0,1079.3765,79.3765
800.0,740.0,1086.1654,86.1654
800.0,750.0,1093.0037,93.0037
800.0,760.0,1099.8904,99.8904
800.0,770.0,1106.8246,106.8246
800.0,780.0,1113.8053,113.8053
800.0,790.0,1120.8319,120.8319
800.0,800.0,1127.9033,127.9033
800.0,810.0,1135.0188,135.0188
800.0,820.0,1142.1775,142.1775
800.0,830.0,1149.3786,149.3786
800.0,840.0,1156.6213,156.6213
800.0,850.0,1163.9049,163.9049
800.0,860.0,1171.2285,171.2285
800.0,870.0,1178.5916,178.5916
800.0,880.0,1185.9932,185.9932
800.0,890.0,1193.4327,193.4327
800.0,900.0,1200.9094,200.9094
800.0,910.0,1208.4225,208.4225
800.0,920.0,1215.9715,215.9715
800.0,930.0,1223.5557,223.5557
800.0,940.0,1231.1743,231.1743
800.0,950.0,1238.8269,238.8269
800.0,960.0,1246.5126,246.5126
800.0,970.0,1254.231,254.231
800.0,980.0,1261.9815,261.9815
800.0,990.0,1269.7634,269.7634
800.0,1000.0,1277.5761,277.5761
810.0,-1000.0,1283.8227,283.8227
810.0,-990.0,1276.0482,276.0482
810.0,-980.0,1268.3049,268.3049
810.0,-970.0,1260.5933,260.5933
810.0,-960.0,1252.9141,252.9141
810.0,-950.0,1245.2679,245.2679
810.0,-940.0,1237.6552,237.6552
810.0,-930.0,1230.0766,230.0766
810.0,-920.0,1222.5329,222.5329
810.0,-910.0,1215.0247,215.0247
810.0,-900.0,1207.5526,207.5526
810.0,-890.0,1200.1173,200.1173
810.0,-880.0,1192.7195,192.7195
810.0,-870.0,1185.3599,185.3599
810.0,-860.0,1178.0392,178.0392
810.0,-850.0,1170.7581,170.7581
810.0,-840.0,1163.5174,163.5174
810.0,-830.0,1156.3179,156.3179
810.0,-820.0,1149.1603,149.1603
810.0,-810.0,1142.0454,142.0454
810.0,-800.0,1134.9739,134.9739
810.0,-790.0,1127.9469,127.9469
810.0,-780.0,1120.9649,120.9649
810.0,-770.0,1114.029,114.029
810.0,-760.0,1107.14,107.14
810.0,-750.0,1100.2987,100.2987
810.0,-740.0,1093.506,93.506
810.0,-730.0,1086.7629,86.7629
810.0,-720.0,1080.0703,80.0703
810.0,-710.0,1073.4292,73.4292
810.0,-700.0,1066.8404,66.8404
810.0,-690.0,1060.305,60.305
810.0,-680.0,1053.8239,53.8239
810.0,-670.0,1047.3983,47.3983
810.0,-660.0,1041.029,41.029
810.0,-650.0,1034.7172,34.7172
810.0,-640.0,1028.4639,28.4639
810.0,-630.0,1022.2701,22.2701
810.0,-620.0,1016.137,16.137
810.0,-610.0,1010.0657,10.0657
810.0,-600.0,1004.0572,4.0572
810.0,-590.0,998.1128,-1.8872
810.0,-580.0,992.2336,-7.7664
810.0,-570.0,986.4207,-13.5793
810.0,-560.0,980.6753,-19.3247
810.0,-550.0,974.9986,-25.0014
810.0,-540.0,969.3918,-30.6082
810.0,-530.0,963.8562,-36.1438
810.0,-520.0,958.3929,-41.6071
810.0,-510.0,953.0033,-46.9967
810.0,-500.0,947.6885,-52.3115
810.0,-490.0,942.4499,-57.5501
810.0,-480.0,937.2886,-62.7114
810.0,-470.0,932.2061,-67.7939
810.0,-460.0,927.2036,-72.7964
810.0,-450.0,922.2824,-77.7176
810.0,-440.0,917.4437,-82.5563
810.0,-430.0,912.689,-87.311
810.0,-420.0,908.0196,-91.9804
810.0,-410.0,903.4367,-96.5633
810.0,-400.0,898.9416,-101.0584
810.0,-390.0,894.5358,-105.4642
810.0,-380.0,890.2205,-109.7795
810.0,-370.0,885.9971,-114.0029
810.0,-360.0,881.8668,-118.1332
810.0,-350.0,877.831,-122.169
810.0,-340.0,873.8911,-126.1089
810.0,-330.0,870.0482,-129.9518
810.0,-320.0,866.3037,-133.6963
810.0,-310.0,862.6589,-137.3411
810.0,-300.0,859.115,-140.885
810.0,-290.0,855.6733,-144.3267
810.0,-280.0,852.3351,-147.6649
810.0,-270.0,849.1015,-150.8985
810.0,-260.0,845.9738,-154.0262
810.0,-250.0,842.9531,-157.0469
810.0,-240.0,840.0405,-159.9595
810.0,-230.0,837.2373,-162.7627
810.0,-220.0,834.5446,-165.4554
810.0,-210.0,831.9633,-168.0367
810.0,-200.0,829.4945,-170.5055
810.0,-190.0,827.1393,-172.8607
810.0,-180.0,824.8986,-175.1014
810.0,-170.0,822.7733,-177.2267
810.0,-160.0,820.7644,-179.2356
810.0,-150.0,818.8726,-181.1274
810.0,-140.0,817.0989,-182.9011
810.0,-130.0,815.444,-184.556
810.0,-120.0,813.9086,-186.0914
810.0,-110.0,812.4933,-187.5067
810.0,-100.0,811.1989,-188.8011
810.0,-90.0,810.0259,-189.9741
810.0,-80.0,808.9748,-191.0252
810.0,-70.0,808.0461,-191.9539
810.0,-60.0,807.2402,-192.7598
810.0,-50.0,806.5575,-193.4425
810.0,-40.0,805.9983,-194.0017
810.0,-30.0,805.5628,-194.4372
810.0,-20.0,805.2513,-194.7487
810.0,-10.0,805.064,-194.936
810.0,0.0,805.0008,-194.9992
810.0,10.0,805.064,-194.936
810.0,20.0,805.2513,-194.7487
810.0,30.0,805.5628,-194.4372
810.0,40.0,805.9983,-194.0017
810.0,50.0,806.5575,-193.4425
810.0,60.0,807.2402,-192.7598
810.0,70.0,808.0461,-191.9539
810.0,80.0,808.9748,-191.0252
810.0,90.0,810.0259,-189.9741
810.0,100.0,811.1989,-188.8011
810.0,110.0,812.4933,-187.5067
810.0,120.0,813.9086,-186.0914
810.0,130.0,815.444,-184.556
810.0,140.0,817.0989,-182.9011
810.0,150.0,818.8726,-181.1274
810.0,160.0,820.7644,-179.2356
810.0,170.0,822.7733,-177.2267
810.0,180.0,824.8986,-175.1014
810.0,190.0,827.1393,-172.8607
810.0,200.0,829.4945,-170.5055
810.0,210.0,831.9633,-168.0367
810.0,220.0,834.5446,-165.4554
810.0,230.0,837.2373,-162.7627
810.0,240.0,840.0405,-159.9595
810.0,250.0,842.9531,-157.0469
810.0,260.0,845.9738,-154.0262
810.0,270.0,849.1015,-150.8985
810.0,280.0,852.3351,-147.6649
810.0,290.0,855.6733,-144.3267
810.0,300.0,859.115,-140.885
810.0,310.0,862.6589,-137.3411
810.0,320.0,866.3037,-133.6963
810.0,330.0,870.0482,-129.9518
810.0,340.0,873.8911,-126.1089
810.0,350.0,877.831,-122.169
810.0,360.0,881.8668,-118.1332
810.0,370.0,885.9971,-114.0029
810.0,380.0,890.2205,-109.7795
810.0,390.0,894.5358,-105.4642
810.0,400.0,898.9416,-101.0584
810.0,410.0,903.4367,-96.5633
810.0,420.0,908.0196,-91.9804
810.0,430.0,912.689,-87.311
810.0,440.0,917.4437,-82.5563
810.0,450.0,922.2824,-77.7176
810.0,460.0,927.2036,-72.7964
810.0,470.0,932.2061,-67.7939
810.0,480.0,937.2886,-62.7114
810.0,490.0,942.4499,-57.5501
810.0,500.0,947.6885,-52.3115
810.0,510.0,953.0033,-46.9967
810.0,520.0,958.3929,-41.6071
810.0,530.0,963.8562,-36.1438
810.0,540.0,969.3918,-30.6082
810.0,550.0,974.9986,-25.0014
810.0,560.0,980.6753,-19.3247
810.0,570.0,986.4207,-13.5793
810.0,580.0,992.2336,-7.7664
810.0,590.0,998.1128,-1.8872
810.0,600.0,1004.0572,4.0572
810.0,610.0,1010.0657,10.0657
810.0,620.0,1016.137,16.137
810.0,630.0,1022.2701,22.2701
810.0,640.0,1028.4639,28.4639
810.0,650.0,1034.7172,34.7172
810.0,660.0,1041.029,41.029
810.0,670.0,1047.3983,47.3983
810.0,680.0,1053.8239,53.8239
810.0,690.0,1060.305,60.305
810.0,700.0,1066.8404,66.8404
810.0,710.0,1073.4292,73.4292
810.0,720.0,1080.0703,80.0703
810.0,730.0,1086.7629,86.7629
810.0,740.0,1093.506,93.506
810.0,750.0,1100.2987,100.2987
810.0,760.0,1107.14,107.14
810.0,770.0,1114.029,114.029
810.0,780.0,1120.9649,120.9649
810.0,790.0,1127.9469,127.9469
810.0,800.0,1134.9739,134.9739
810.0,810.0,1142.0454,142.0454
810.0,820.0,1149.1603,149.1603
810.0,830.0,1156.3179,156.3179
810.0,840.0,1163.5174,163.5174
810.0,850.0,1170.7581,170.7581
810.0,860.0,1178.0392,178.0392
810.0,870.0,1185.3599,185.3599
810.0,880.0,1192.7195,192.7195
810.0,890.0,1200.1173,200.1173
810.0,900.0,1207.5526,207.5526
810.0,910.0,1215.0247,215.0247
810.0,920.0,1222.5329,222.5329
810.0,930.0,1230.0766,230.0766
810.0,940.0,1237.6552,237.6552
810.0,950.0,1245.2679,245.2679
810.0,960.0,1252.9141,252.9141
810.0,970.0,1260.5933,260.5933
810.0,980.0,1268.3049,268.3049
810.0,990.0,1276.0482,276.0482
810.0,1000.0,1283.8227,283.8227
820.0,-1000.0,1290.1166,290.1166
820.0,-990.0,1282.3802,282.3802
820.0,-980.0,1274.6754,274.6754
820.0,-970.0,1267.0026,267.0026
820.0,-960.0,1259.3625,259.3625
820.0,-950.0,1251.7556,251.7556
820.0,-940.0,1244.1826,244.1826
820.0,-930.0,1236.6441,236.6441
820.0,-920.0,1229.1407,229.1407
820.0,-910.0,1221.6731,221.6731
820.0,-900.0,1214.2419,214.2419
820.0,-890.0,1206.8478,206.8478
820.0,-880.0,1199.4915,199.4915
820.0,-870.0,1192.1737,192.1737
820.0,-860.0,1184.8951,184.8951
820.0,-850.0,1177.6564,177.6564
820.0,-840.0,1170.4584,170.4584
820.0,-830.0,1163.3018,163.3018
820.0,-820.0,1156.1874,156.1874
820.0,-810.0,1149.116,149.116
820.0,-800.0,1142.0884,142.0884
820.0,-790.0,1135.1053,135.1053
820.0,-780.0,1128.1677,128.1677
820.0,-770.0,1121.2763,121.2763
820.0,-760.0,1114.4321,114.4321
820.0,-750.0,1107.6358,107.6358
820.0,-740.0,1100.8885,100.8885
820.0,-730.0,1094.1909,94.1909
820.0,-720.0,1087.544,87.544
820.0,-710.0,1080.9487,80.9487
820.0,-700.0,1074.4061,74.4061
820.0,-690.0,1067.917,67.917
820.0,-680.0,1061.4824,61.4824
820.0,-670.0,1055.1034,55.1034
820.0,-660.0,1048.7809,48.7809
820.0,-650.0,1042.516,42.516
820.0,-640.0,1036.3098,36.3098
820.0,-630.0,1030.1632,30.1632
820.0,-620.0,1024.0774,24.0774
820.0,-610.0,1018.0534,18.0534
820.0,-600.0,1012.0924,12.0924
820.0,-590.0,1006.1954,6.1954
820.0,-580.0,1000.3637,0.3637
820.0,-570.0,994.5983,-5.4017
820.0,-560.0,988.9004,-11.0996
820.0,-550.0,983.2712,-16.7288
820.0,-540.0,977.7119,-22.2881
820.0,-530.0,972.2236,-27.7764
820.0,-520.0,966.8076,-33.1924
820.0,-510.0,961.4652,-38.5348
820.0,-500.0,956.1974,-43.8026
820.0,-490.0,951.0057,-48.9943
820.0,-480.0,945.8911,-54.1089
820.0,-470.0,940.8551,-59.1449
820.0,-460.0,935.8988,-64.1012
820.0,-450.0,931.0235,-68.9765
820.0,-440.0,926.2306,-73.7694
820.0,-430.0,921.5212,-78.4788
820.0,-420.0,916.8967,-83.1033
820.0,-410.0,912.3584,-87.6416
820.0,-400.0,907.9075,-92.0925
820.0,-390.0,903.5454,-96.4546
820.0,-380.0,899.2734,-100.7266
820.0,-370.0,895.0926,-104.9074
820.0,-360.0,891.0045,-108.9955
820.0,-350.0,887.0103,-112.9897
820.0,-340.0,883.1113,-116.8887
820.0,-330.0,879.3087,-120.6913
820.0,-320.0,875.6038,-124.3962
820.0,-310.0,871.9979,-128.0021
820.0,-300.0,868.4921,-131.5079
820.0,-290.0,865.0878,-134.9122
820.0,-280.0,861.786,-138.214
820.0,-270.0,858.588,-141.412
820.0,-260.0,855.495,-144.505
820.0,-250.0,852.508,-147.492
820.0,-240.0,849.6282,-150.3718
820.0,-230.0,846.8568,-153.1432
820.0,-220.0,844.1947,-155.8053
820.0,-210.0,841.643,-158.357
820.0,-200.0,839.2027,-160.7973
820.0,-190.0,836.8748,-163.1252
820.0,-180.0,834.6602,-165.3398
820.0,-170.0,832.5599,-167.4401
820.0,-160.0,830.5746,-169.4254
820.0,-150.0,828.7053,-171.2947
820.0,-140.0,826.9526,-173.0474
820.0,-130.0,825.3175,-174.6825
820.0,-120.0,823.8005,-176.1995
820.0,-110.0,822.4022,-177.5978
820.0,-100.0,821.1234,-178.8766
820.0,-90.0,819.9646,-180.0354
820.0,-80.0,818.9263,-181.0737
820.0,-70.0,818.0088,-181.9912
820.0,-60.0,817.2128,-182.7872
820.0,-50.0,816.5384,-183.4616
820.0,-40.0,815.986,-184.014
820.0,-30.0,815.5559,-184.4441
820.0,-20.0,815.2483,-184.7517
820.0,-10.0,815.0632,-184.9368
820.0,0.0,815.0008,-184.9992
820.0,10.0,815.0632,-184.9368
820.0,20.0,815.2483,-184.7517
820.0,30.0,815.5559,-184.4441
820.0,40.0,815.986,-184.014
820.0,50.0,816.5384,-183.4616
820.0,60.0,817.2128,-182.7872
820.0,70.0,818.0088,-181.9912
820.0,80.0,818.9263,-181.0737
820.0,90.0,819.9646,-180.0354
820.0,100.0,821.1234,-178.8766
820.0,110.0,822.4022,-177.5978
820.0,120.0,823.8005,-176.1995
820.0,130.0,825.3175,-174.6825
820.0,140.0,826.9526,-173.0474
820.0,150.0,828.7053,-171.2947
820.0,160.0,830.5746,-169.4254
820.0,170.0,832.5599,-167.4401
820.0,180.0,834.6602,-165.3398
820.0,190.0,836.8748,-163.1252
820.0,200.0,839.2027,-160.7973
820.0,210.0,841.643,-158.357
820.0,220.0,844.1947,-155.8053
820.0,230.0,846.8568,-153.1432
820.0,240.0,849.6282,-150.3718
820.0,250.0,852.508,-147.492
820.0,260.0,855.495,-144.505
820.0,270.0,858.588,-141.412
820.0,280.0,861.786,-138.214
820.0,290.0,865.0878,-134.9122
820.0,300.0,868.4921,-131.5079
820.0,310.0,871.9979,-128.0021
820.0,320.0,875.6038,-124.3962
820.0,330.0,879.3087,-120.6913
820.0,340.0,883.1113,-116.8887
820.0,350.0,887.0103,-112.9897
820.0,360.0,891.0045,-108.9955
820.0,370.0,895.0926,-104.9074
820.0,380.0,899.2734,-100.7266
820.0,390.0,903.5454,-96.4546
820.0,400.0,907.9075,-92.0925
820.0,410.0,912.3584,-87.6416
820.0,420.0,916.8967,-83.1033
820.0,430.0,921.5212,-78.4788
820.0,440.0,926.2306,-73.7694
820.0,450.0,931.0235,-68.9765
820.0,460.0,935.8988,-64.1012
820.0,470.0,940.8551,-59.1449
820.0,480.0,945.8911,-54.1089
820.0,490.0,951.0057,-48.9943
820.0,500.0,956.1974,-43.8026
820.0,510.0,961.4652,-38.5348
820.0,520.0,966.8076,-33.1924
820.0,530.0,972.2236,-27.7764
820.0,540.0,977.7119,-22.2881
820.0,550.0,983.2712,-16.7288
820.0,560.0,988.9004,-11.0996
820.0,570.0,994.5983,-5.4017
820.0,580.0,1000.3637,0.3637
820.0,590.0,1006.1954,6.1954
820.0,600.0,1012.0924,12.0924
820.0,610.0,1018.0534,18.0534
820.0,620.0,1024.0774,24.0774
820.0,630.0,1030.1632,30.1632
820.0,640.0,1036.3098,36.3098
820.0,650.0,1042.516,42.516
820.0,660.0,1048.7809,48.7809
820.0,670.0,1055.1034,55.1034
820.0,680.0,1061.4824,61.4824
820.0,690.0,1067.917,67.917
820.0,700.0,1074.4061,74.4061
820.0,710.0,1080.9487,80.9487
820.0,720.0,1087.544,87.544
820.0,730.0,1094.1909,94.1909
820.0,740.0,1100.8885,100.8885
820.0,750.0,1107.6358,107.6358
820.0,760.0,1114.4321,114.4321
820.0,770.0,1121.2763,121.2763
820.0,780.0,1128.1677,128.1677
820.0,790.0,1135.1053,135.1053
820.0,800.0,1142.0884,142.0884
820.0,810.0,1149.116,149.116
820.0,820.0,1156.1874,156.1874
820.0,830.0,1163.3018,163.3018
820.0,840.0,1170.4584,170.4584
820.0,850.0,1177.6564,177.6564
820.0,860.0,1184.8951,184.8951
820.0,870.0,1192.1737,192.1737
820.0,880.0,1199.4915,199.4915
820.0,890.0,1206.8478,206.8478
820.0,900.0,1214.2419,214.2419
820.0,910.0,1221.6731,221.6731
820.0,920.0,1229.1407,229.1407
820.0,930.0,1236.6441,236.6441
820.0,940.0,1244.1826,244.1826
820.0,950.0,1251.7556,251.7556
820.0,960.0,1259.3625,259.3625
820.0,970.0,1267.0026,267.0026
820.0,980.0,1274.6754,274.6754
820.0,990.0,1282.3802,282.3802
820.0,1000.0,1290.1166,290.1166
830.0,-1000.0,1296.457,296.457
830.0,-990.0,1288.7587,288.7587
830.0,-980.0,1281.0922,281.0922
830.0,-970.0,1273.4581,273.4581
830.0,-960.0,1265.8569,265.8569
830.0,-950.0,1258.2893,258.2893
830.0,-940.0,1250.7559,250.7559
830.0,-930.0,1243.2572,243.2572
830.0,-920.0,1235.794,235.794
830.0,-910.0,1228.3668,228.3668
830.0,-900.0,1220.9764,220.9764
830.0,-890.0,1213.6233,213.6233
830.0,-880.0,1206.3084,206.3084
830.0,-870.0,1199.0322,199.0322
830.0,-860.0,1191.7954,191.7954
830.0,-850.0,1184.5989,184.5989
830.0,-840.0,1177.4434,177.4434
830.0,-830.0,1170.3295,170.3295
830.0,-820.0,1163.2581,163.2581
830.0,-810.0,1156.2299,156.2299
830.0,-800.0,1149.2458,149.2458
830.0,-790.0,1142.3065,142.3065
830.0,-780.0,1135.4129,135.4129
830.0,-770.0,1128.5657,128.5657
830.0,-760.0,1121.766,121.766
830.0,-750.0,1115.0144,115.0144
830.0,-740.0,1108.312,108.312
830.0,-730.0,1101.6595,101.6595
830.0,-720.0,1095.058,95.058
830.0,-710.0,1088.5082,88.5082
830.0,-700.0,1082.0113,82.0113
830.0,-690.0,1075.5681,75.5681
830.0,-680.0,1069.1796,69.1796
830.0,-670.0,1062.8467,62.8467
830.0,-660.0,1056.5706,56.5706
830.0,-650.0,1050.3522,50.3522
830.0,-640.0,1044.1925,44.1925
830.0,-630.0,1038.0926,38.0926
830.0,-620.0,1032.0535,32.0535
830.0,-610.0,1026.0764,26.0764
830.0,-600.0,1020.1622,20.1622
830.0,-590.0,1014.3122,14.3122
830.0,-580.0,1008.5274,8.5274
830.0,-570.0,1002.8089,2.8089
830.0,-560.0,997.158,-2.842
830.0,-550.0,991.5756,-8.4244
830.0,-540.0,986.0631,-13.9369
830.0,-530.0,980.6216,-19.3784
830.0,-520.0,975.2523,-24.7477
830.0,-510.0,969.9563,-30.0437
830.0,-500.0,964.735,-35.265
830.0,-490.0,959.5894,-40.4106
830.0,-480.0,954.5208,-45.4792
830.0,-470.0,949.5306,-50.4694
830.0,-460.0,944.6198,-55.3802
830.0,-450.0,939.7898,-60.2102
830.0,-440.0,935.0417,-64.9583
830.0,-430.0,930.377,-69.623
830.0,-420.0,925.7967,-74.2033
830.0,-410.0,921.3022,-78.6978
830.0,-400.0,916.8948,-83.1052
830.0,-390.0,912.5757,-87.4243
830.0,-380.0,908.3461,-91.6539
830.0,-370.0,904.2073,-95.7927
830.0,-360.0,900.1606,-99.8394
830.0,-350.0,896.2072,-103.7928
830.0,-340.0,892.3484,-107.6516
830.0,-330.0,888.5853,-111.4147
830.0,-320.0,884.9193,-115.0807
830.0,-310.0,881.3514,-118.6486
830.0,-300.0,877.883,-122.117
830.0,-290.0,874.5152,-125.4848
830.0,-280.0,871.2492,-128.7508
830.0,-270.0,868.086,-131.914
830.0,-260.0,865.027,-134.973
830.0,-250.0,862.073,-137.927
830.0,-240.0,859.2253,-140.7747
830.0,-230.0,856.4849,-143.5151
830.0,-220.0,853.8528,-146.1472
830.0,-210.0,851.3301,-148.6699
830.0,-200.0,848.9176,-151.0824
830.0,-190.0,846.6165,-153.3835
830.0,-180.0,844.4274,-155.5726
830.0,-170.0,842.3514,-157.6486
830.0,-160.0,840.3893,-159.6107
830.0,-150.0,838.5419,-161.4581
830.0,-140.0,836.8098,-163.1902
830.0,-130.0,835.194,-164.806
830.0,-120.0,833.6949,-166.3051
830.0,-110.0,832.3133,-167.6867
830.0,-100.0,831.0498,-168.9502
830.0,-90.0,829.9048,-170.0952
830.0,-80.0,828.8789,-171.1211
830.0,-70.0,827.9725,-172.0275
830.0,-60.0,827.186,-172.814
830.0,-50.0,826.5198,-173.4802
830.0,-40.0,825.9741,-174.0259
830.0,-30.0,825.5492,-174.4508
830.0,-20.0,825.2453,-174.7547
830.0,-10.0,825.0624,-174.9376
830.0,0.0,825.0008,-174.9992
830.0,10.0,825.0624,-174.9376
830.0,20.0,825.2453,-174.7547
830.0,30.0,825.5492,-174.4508
830.0,40.0,825.9741,-174.0259
830.0,50.0,826.5198,-173.4802
830.0,60.0,827.186,-172.814
830.0,70.0,827.9725,-172.0275
830.0,80.0,828.8789,-171.1211
830.0,90.0,829.9048,-170.0952
830.0,100.0,831.0498,-168.9502
830.0,110.0,832.3133,-167.6867
830.0,120.0,833.6949,-166.3051
830.0,130.0,835.194,-164.806
830.0,140.0,836.8098,-163.1902
830.0,150.0,838.5419,-161.4581
830.0,160.0,840.3893,-159.6107
830.0,170.0,842.3514,-157.6486
830.0,180.0,844.4274,-155.5726
830.0,190.0,846.6165,-153.3835
830.0,200.0,848.9176,-151.0824
830.0,210.0,851.3301,-148.6699
830.0,220.0,853.8528,-146.1472
830.0,230.0,856.4849,-143.5151
830.0,240.0,859.2253,-140.7747
830.0,250.0,862.073,-137.927
830.0,260.0,865.027,-134.973
830.0,270.0,868.086,-131.914
830.0,280.0,871.2492,-128.7508
830.0,290.0,874.5152,-125.4848
830.0,300.0,877.883,-122.117
830.0,310.0,881.3514,-118.6486
830.0,320.0,884.9193,-115.0807
830.0,330.0,888.5853,-111.4147
830.0,340.0,892.3484,-107.6516
830.0,350.0,896.2072,-103.7928
830.0,360.0,900.1606,-99.8394
830.0,370.0,904.2073,-95.7927
830.0,380.0,908.3461,-91.6539
830.0,390.0,912.5757,-87.4243
830.0,400.0,916.8948,-83.1052
830.0,410.0,921.3022,-78.6978
830.0,420.0,925.7967,-74.2033
830.0,430.0,930.377,-69.623
830.0,440.0,935.0417,-64.9583
830.0,450.0,939.7898,-60.2102
830.0,460.0,944.6198,-55.3802
830.0,470.0,949.5306,-50.4694
830.0,480.0,954.5208,-45.4792
830.0,490.0,959.5894,-40.4106
830.0,500.0,964.735,-35.265
830.0,510.0,969.9563,-30.0437
830.0,520.0,975.2523,-24.7477
830.0,530.0,980.6216,-19.3784
830.0,540.0,986.0631,-13.9369
830.0,550.0,991.5756,-8.4244
830.0,560.0,997.158,-2.842
830.0,570.0,1002.8089,2.8089
830.0,580.0,1008.5274,8.5274
830.0,590.0,1014.3122,14.3122
830.0,600.0,1020.1622,20.1622
830.0,610.0,1026.0764,26.0764
830.0,620.0,1032.0535,32.0535
830.0,630.0,1038.0926,38.0926
830.0,640.0,1044.1925,44.1925
830.0,650.0,1050.3522,50.3522
830.0,660.0,1056.5706,56.5706
830.0,670.0,1062.8467,62.8467
830.0,680.0,1069.1796,69.1796
830.0,690.0,1075.5681,75.5681
830.0,700.0,1082.0113,82.0113
830.0,710.0,1088.5082,88.5082
830.0,720.0,1095.058,95.058
830.0,730.0,1101.6595,101.6595
830.0,740.0,1108.312,108.312
830.0,750.0,1115.0144,115.0144
830.0,760.0,1121.766,121.766
830.0,770.0,1128.5657,128.5657
830.0,780.0,1135.4129,135.4129
830.0,790.0,1142.3065,142.3065
830.0,800.0,1149.2458,149.2458
830.0,810.0,1156.2299,156.2299
830.0,820.0,1163.2581,163.2581
830.0,830.0,1170.3295,170.3295
830.0,840.0,1177.4434,177.4434
830.0,850.0,1184.5989,184.5989
830.0,860.0,1191.7954,191.7954
830.0,870.0,1199.0322,199.0322
830.0,880.0,1206.3084,206.3084
830.0,890.0,1213.6233,213.6233
830.0,900.0,1220.9764,220.9764
830.0,910.0,1228.3668,228.3668
830.0,920.0,1235.794,235.794
830.0,930.0,1243.2572,243.2572
830.0,940.0,1250.7559,250.7559
830.0,950.0,1258.2893,258.2893
830.0,960.0,1265.8569,265.8569
830.0,970.0,1273.4581,273.4581
830.0,980.0,1281.0922,281.0922
830.0,990.0,1288.7587,288.7587
830.0,1000.0,1296.457,296.457
840.0,-1000.0,1302.8434,302.8434
840.0,-990.0,1295.183,295.183
840.0,-980.0,1287.5548,287.5548
840.0,-970.0,1279.9592,279.9592
840.0,-960.0,1272.3969,272.3969
840.0,-950.0,1264.8684,264.8684
840.0,-940.0,1257.3744,257.3744
840.0,-930.0,1249.9154,249.9154
840.0,-920.0,1242.4922,242.4922
840.0,-910.0,1235.1053,235.1053
840.0,-900.0,1227.7554,227.7554
840.0,-890.0,1220.4432,220.4432
840.0,-880.0,1213.1693,213.1693
840.0,-870.0,1205.9345,205.9345
840.0,-860.0,1198.7395,198.7395
840.0,-850.0,1191.5849,191.5849
840.0,-840.0,1184.4716,184.4716
840.0,-830.0,1177.4002,177.4002
840.0,-820.0,1170.3715,170.3715
840.0,-810.0,1163.3863,163.3863
840.0,-800.0,1156.4454,156.4454
840.0,-790.0,1149.5495,149.5495
840.0,-780.0,1142.6996,142.6996
840.0,-770.0,1135.8964,135.8964
840.0,-760.0,1129.1408,129.1408
840.0,-750.0,1122.4336,122.4336
840.0,-740.0,1115.7757,115.7757
840.0,-730.0,1109.168,109.168
840.0,-720.0,1102.6114,102.6114
840.0,-710.0,1096.1068,96.1068
840.0,-700.0,1089.6552,89.6552
840.0,-690.0,1083.2574,83.2574
840.0,-680.0,1076.9146,76.9146
840.0,-670.0,1070.6275,70.6275
840.0,-660.0,1064.3972,64.3972
840.0,-650.0,1058.2248,58.2248
840.0,-640.0,1052.1112,52.1112
840.0,-630.0,1046.0575,46.0575
840.0,-620.0,1040.0647,40.0647
840.0,-610.0,1034.1338,34.1338
840.0,-600.0,1028.266,28.266
840.0,-590.0,1022.4623,22.4623
840.0,-580.0,1016.7239,16.7239
840.0,-570.0,1011.0518,11.0518
840.0,-560.0,1005.4472,5.4472
840.0,-550.0,999.9111,-0.0889
840.0,-540.0,994.4448,-5.5552
840.0,-530.0,989.0494,-10.9506
840.0,-520.0,983.7261,-16.2739
840.0,-510.0,978.476,-21.524
840.0,-500.0,973.3003,-26.6997
840.0,-490.0,968.2003,-31.7997
840.0,-480.0,963.1771,-36.8229
840.0,-470.0,958.2319,-41.7681
840.0,-460.0,953.3659,-46.6341
840.0,-450.0,948.5804,-51.4196
840.0,-440.0,943.8766,-56.1234
840.0,-430.0,939.2557,-60.7443
840.0,-420.0,934.719,-65.281
840.0,-410.0,930.2676,-69.7324
840.0,-400.0,925.9029,-74.0971
840.0,-390.0,921.6259,-78.3741
840.0,-380.0,917.4381,-82.5619
840.0,-370.0,913.3405,-86.6595
840.0,-360.0,909.3344,-90.6656
840.0,-350.0,905.4211,-94.5789
840.0,-340.0,901.6017,-98.3983
840.0,-330.0,897.8774,-102.1226
840.0,-320.0,894.2495,-105.7505
840.0,-310.0,890.719,-109.281
840.0,-300.0,887.2872,-112.7128
840.0,-290.0,883.9553,-116.0447
840.0,-280.0,880.7242,-119.2758
840.0,-270.0,877.5952,-122.4048
840.0,-260.0,874.5694,-125.4306
840.0,-250.0,871.6478,-128.3522
840.0,-240.0,868.8315,-131.1685
840.0,-230.0,866.1215,-133.8785
840.0,-220.0,863.5188,-136.4812
840.0,-210.0,861.0243,-138.9757
840.0,-200.0,858.6391,-141.3609
840.0,-190.0,856.3641,-143.6359
840.0,-180.0,854.2,-145.8
840.0,-170.0,852.1478,-147.8522
840.0,-160.0,850.2083,-149.7917
840.0,-150.0,848.3823,-151.6177
840.0,-140.0,846.6704,-153.3296
840.0,-130.0,845.0734,-154.9266
840.0,-120.0,843.5919,-156.4081
840.0,-110.0,842.2265,-157.7735
840.0,-100.0,840.9778,-159.0222
840.0,-90.0,839.8464,-160.1536
840.0,-80.0,838.8327,-161.1673
840.0,-70.0,837.937,-162.063
840.0,-60.0,837.1599,-162.8401
840.0,-50.0,836.5016,-163.4984
840.0,-40.0,835.9625,-164.0375
840.0,-30.0,835.5426,-164.4574
840.0,-20.0,835.2423,-164.7577
840.0,-10.0,835.0617,-164.9383
840.0,0.0,835.0008,-164.9992
840.0,10.0,835.0617,-164.9383
840.0,20.0,835.2423,-164.7577
840.0,30.0,835.5426,-164.4574
840.0,40.0,835.9625,-164.0375
840.0,50.0,836.5016,-163.4984
840.0,60.0,837.1599,-162.8401
840.0,70.0,837.937,-162.063
840.0,80.0,838.8327,-161.1673
840.0,90.0,839.8464,-160.1536
840.0,100.0,840.9778,-159.0222
840.0,110.0,842.2265,-157.7735
840.0,120.0,843.5919,-156.4081
840.0,130.0,845.0734,-154.9266
840.0,140.0,846.6704,-153.3296
840.0,150.0,848.3823,-151.6177
840.0,160.0,850.2083,-149.7917
840.0,170.0,852.1478,-147.8522
840.0,180.0,854.2,-145.8
840.0,190.0,856.3641,-143.6359
840.0,200.0,858.6391,-141.3609
840.0,210.0,861.0243,-138.9757
840.0,220.0,863.5188,-136.4812
840.0,230.0,866.1215,-133.8785
840.0,240.0,868.8315,-131.1685
840.0,250.0,871.6478,-128.3522
840.0,260.0,874.5694,-125.4306
840.0,270.0,877.5952,-122.4048
840.0,280.0,880.7242,-119.2758
840.0,290.0,883.9553,-116.0447
840.0,300.0,887.2872,-112.7128
840.0,310.0,890.719,-109.281
840.0,320.0,894.2495,-105.7505
840.0,330.0,897.8774,-102.1226
840.0,340.0,901.6017,-98.3983
840.0,350.0,905.4211,-94.5789
840.0,360.0,909.3344,-90.6656
840.0,370.0,913.3405,-86.6595
840.0,380.0,917.4381,-82.5619
840.0,390.0,921.6259,-78.3741
840.0,400.0,925.9029,-74.0971
840.0,410.0,930.2676,-69.7324
840.0,420.0,934.719,-65.281
840.0,430.0,939.2557,-60.7443
840.0,440.0,943.8766,-56.1234
840.0,450.0,948.5804,-51.4196
840.0,460.0,953.3659,-46.6341
840.0,470.0,958.2319,-41.7681
840.0,480.0,963.1771,-36.8229
840.0,490.0,968.2003,-31.7997
840.0,500.0,973.3003,-26.6997
840.0,510.0,978.476,-21.524
840.0,520.0,983.7261,-16.2739
840.0,530.0,989.0494,-10.9506
840.0,540.0,994.4448,-5.5552
840.0,550.0,999.9111,-0.0889
840.0,560.0,1005.4472,5.4472
840.0,570.0,1011.0518,11.0518
840.0,580.0,1016.7239,16.7239
840.0,590.0,1022.4623,22.4623
840.0,600.0,1028.266,28.266
840.0,610.0,1034.1338,34.1338
840.0,620.0,1040.0647,40.0647
840.0,630.0,1046.0575,46.0575
840.0,640.0,1052.1112,52.1112
840.0,650.0,1058.2248,58.2248
840.0,660.0,1064.3972,64.3972
840.0,670.0,1070.6275,70.6275
840.0,680.0,1076.9146,76.9146
840.0,690.0,1083.2574,83.2574
840.0,700.0,1089.6552,89.6552
840.0,710.0,1096.1068,96.1068
840.0,720.0,1102.6114,102.6114
840.0,730.0,1109.168,109.168
840.0,740.0,1115.7757,115.7757
840.0,750.0,1122.4336,122.4336
840.0,760.0,1129.1408,129.1408
840.0,770.0,1135.8964,135.8964
840.0,780.0,1142.6996,142.6996
840.0,790.0,1149.5495,149.5495
840.0,800.0,1156.4454,156.4454
840.0,810.0,1163.3863,163.3863
840.0,820.0,1170.3715,170.3715
840.0,830.0,1177.4002,177.4002
840.0,840.0,1184.4716,184.4716
840.0,850.0,1191.5849,191.5849
840.0,860.0,1198.7395,198.7395
840.0,870.0,1205.9345,205.9345
840.0,880.0,1213.1693,213.1693
840.0,890.0,1220.4432,220.4432
840.0,900.0,1227.7554,227.7554
840.0,910.0,1235.1053,235.1053
840.0,920.0,1242.4922,242.4922
840.0,930.0,1249.9154,249.9154
840.0,940.0,1257.3744,257.3744
840.0,950.0,1264.8684,264.8684
840.0,960.0,1272.3969,272.3969
840.0,970.0,1279.9592,279.9592
840.0,980.0,1287.5548,287.5548
840.0,990.0,1295.183,295.183
840.0,1000.0,1302.8434,302.8434
850.0,-1000.0,1309.2749,309.2749
850.0,-990.0,1301.6524,301.6524
850.0,-980.0,1294.0623,294.0623
850.0,-970.0,1286.5052,286.5052
850.0,-960.0,1278.9816,278.9816
850.0,-950.0,1271.4921,271.4921
850.0,-940.0,1264.0373,264.0373
850.0,-930.0,1256.6179,256.6179
850.0,-920.0,1249.2345,249.2345
850.0,-910.0,1241.8877,241.8877
850.0,-900.0,1234.5782,234.5782
850.0,-890.0,1227.3067,227.3067
850.0,-880.0,1220.0737,220.0737
850.0,-870.0,1212.8801,212.8801
850.0,-860.0,1205.7265,205.7265
850.0,-850.0,1198.6136,198.6136
850.0,-840.0,1191.5422,191.5422
850.0,-830.0,1184.513,184.513
850.0,-820.0,1177.5268,177.5268
850.0,-810.0,1170.5843,170.5843
850.0,-800.0,1163.6863,163.6863
850.0,-790.0,1156.8337,156.8337
850.0,-780.0,1150.0271,150.0271
850.0,-770.0,1143.2675,143.2675
850.0,-760.0,1136.5557,136.5557
850.0,-750.0,1129.8926,129.8926
850.0,-740.0,1123.2789,123.2789
850.0,-730.0,1116.7156,116.7156
850.0,-720.0,1110.2036,110.2036
850.0,-710.0,1103.7437,103.7437
850.0,-700.0,1097.337,97.337
850.0,-690.0,1090.9843,90.9843
850.0,-680.0,1084.6866,84.6866
850.0,-670.0,1078.4448,78.4448
850.0,-660.0,1072.26,72.26
850.0,-650.0,1066.1331,66.1331
850.0,-640.0,1060.0651,60.0651
850.0,-630.0,1054.057,54.057
850.0,-620.0,1048.11,48.11
850.0,-610.0,1042.2249,42.2249
850.0,-600.0,1036.4029,36.4029
850.0,-590.0,1030.6451,30.6451
850.0,-580.0,1024.9524,24.9524
850.0,-570.0,1019.3261,19.3261
850.0,-560.0,1013.7672,13.7672
850.0,-550.0,1008.2769,8.2769
850.0,-540.0,1002.8562,2.8562
850.0,-530.0,997.5063,-2.4937
850.0,-520.0,992.2283,-7.7717
850.0,-510.0,987.0235,-12.9765
850.0,-500.0,981.8928,-18.1072
850.0,-490.0,976.8377,-23.1623
850.0,-480.0,971.8591,-28.1409
850.0,-470.0,966.9583,-33.0417
850.0,-460.0,962.1365,-37.8635
850.0,-450.0,957.3948,-42.6052
850.0,-440.0,952.7345,-47.2655
850.0,-430.0,948.1568,-51.8432
850.0,-420.0,943.6629,-56.3371
850.0,-410.0,939.2539,-60.7461
850.0,-400.0,934.9311,-65.0689
850.0,-390.0,930.6956,-69.3044
850.0,-380.0,926.5488,-73.4512
850.0,-370.0,922.4917,-77.5083
850.0,-360.0,918.5255,-81.4745
850.0,-350.0,914.6515,-85.3485
850.0,-340.0,910.8708,-89.1292
850.0,-330.0,907.1846,-92.8154
850.0,-320.0,903.594,-96.406
850.0,-310.0,900.1002,-99.8998
850.0,-300.0,896.7043,-103.2957
850.0,-290.0,893.4075,-106.5925
850.0,-280.0,890.2107,-109.7893
850.0,-270.0,887.1152,-112.8848
850.0,-260.0,884.122,-115.878
850.0,-250.0,881.232,-118.768
850.0,-240.0,878.4465,-121.5535
850.0,-230.0,875.7662,-124.2338
850.0,-220.0,873.1922,-126.8078
850.0,-210.0,870.7255,-129.2745
850.0,-200.0,868.367,-131.633
850.0,-190.0,866.1175,-133.8825
850.0,-180.0,863.9778,-136.0222
850.0,-170.0,861.9489,-138.0511
850.0,-160.0,860.0315,-139.9685
850.0,-150.0,858.2264,-141.7736
850.0,-140.0,856.5341,-143.4659
850.0,-130.0,854.9555,-145.0445
850.0,-120.0,853.4912,-146.5088
850.0,-110.0,852.1417,-147.8583
850.0,-100.0,850.9076,-149.0924
850.0,-90.0,849.7894,-150.2106
850.0,-80.0,848.7875,-151.2125
850.0,-70.0,847.9024,-152.0976
850.0,-60.0,847.1344,-152.8656
850.0,-50.0,846.4839,-153.5161
850.0,-40.0,845.9511,-154.0489
850.0,-30.0,845.5362,-154.4638
850.0,-20.0,845.2395,-154.7605
850.0,-10.0,845.061,-154.939
850.0,0.0,845.0008,-154.9992
850.0,10.0,845.061,-154.939
850.0,20.0,845.2395,-154.7605
850.0,30.0,845.5362,-154.4638
850.0,40.0,845.9511,-154.0489
850.0,50.0,846.4839,-153.5161
850.0,60.0,847.1344,-152.8656
850.0,70.0,847.9024,-152.0976
850.0,80.0,848.7875,-151.2125
850.0,90.0,849.7894,-150.2106
850.0,100.0,850.9076,-149.0924
850.0,110.0,852.1417,-147.8583
850.0,120.0,853.4912,-146.5088
850.0,130.0,854.9555,-145.0445
850.0,140.0,856.5341,-143.4659
850.0,150.0,858.2264,-141.7736
850.0,160.0,860.0315,-139.9685
850.0,170.0,861.9489,-138.0511
850.0,180.0,863.9778,-136.0222
850.0,190.0,866.1175,-133.8825
850.0,200.0,868.367,-131.633
850.0,210.0,870.7255,-129.2745
850.0,220.0,873.1922,-126.8078
850.0,230.0,875.7662,-124.2338
850.0,240.0,878.4465,-121.5535
850.0,250.0,881.232,-118.768
850.0,260.0,884.122,-115.878
850.0,270.0,887.1152,-112.8848
850.0,280.0,890.2107,-109.7893
850.0,290.0,893.4075,-106.5925
850.0,300.0,896.7043,-103.2957
850.0,310.0,900.1002,-99.8998
850.0,320.0,903.594,-96.406
850.0,330.0,907.1846,-92.8154
850.0,340.0,910.8708,-89.1292
850.0,350.0,914.6515,-85.3485
850.0,360.0,918.5255,-81.4745
850.0,370.0,922.4917,-77.5083
850.0,380.0,926.5488,-73.4512
850.0,390.0,930.6956,-69.3044
850.0,400.0,934.9311,-65.0689
850.0,410.0,939.2539,-60.7461
850.0,420.0,943.6629,-56.3371
850.0,430.0,948.1568,-51.8432
850.0,440.0,952.7345,-47.2655
850.0,450.0,957.3948,-42.6052
850.0,460.0,962.1365,-37.8635
850.0,470.0,966.9583,-33.0417
850.0,480.0,971.8591,-28.1409
850.0,490.0,976.8377,-23.1623
850.0,500.0,981.8928,-18.1072
850.0,510.0,987.0235,-12.9765
850.0,520.0,992.2283,-7.7717
850.0,530.0,997.5063,-2.4937
850.0,540.0,1002.8562,2.8562
850.0,550.0,1008.2769,8.2769
850.0,560.0,1013.7672,13.7672
850.0,570.0,1019.3261,19.3261
850.0,580.0,1024.9524,24.9524
850.0,590.0,1030.6451,30.6451
850.0,600.0,1036.4029,36.4029
850.0,610.0,1042.2249,42.2249
850.0,620.0,1048.11,48.11
850.0,630.0,1054.057,54.057
850.0,640.0,1060.0651,60.0651
850.0,650.0,1066.1331,66.1331
850.0,660.0,1072.26,72.26
850.0,670.0,1078.4448,78.4448
850.0,680.0,1084.6866,84.6866
850.0,690.0,1090.9843,90.9843
850.0,700.0,1097.337,97.337
850.0,710.0,1103.7437,103.7437
850.0,720.0,1110.2036,110.2036
850.0,730.0,1116.7156,116.7156
850.0,740.0,1123.2789,123.2789
850.0,750.0,1129.8926,129.8926
850.0,760.0,1136.5557,136.5557
850.0,770.0,1143.2675,143.2675
850.0,780.0,1150.0271,150.0271
850.0,790.0,1156.8337,156.8337
850.0,800.0,1163.6863,163.6863
850.0,810.0,1170.5843,170.5843
850.0,820.0,1177.5268,177.5268
850.0,830.0,1184.513,184.513
850.0,840.0,1191.5422,191.5422
850.0,850.0,1198.6136,198.6136
850.0,860.0,1205.7265,205.7265
850.0,870.0,1212.8801,212.8801
850.0,880.0,1220.0737,220.0737
850.0,890.0,1227.3067,227.3067
850.0,900.0,1234.5782,234.5782
850.0,910.0,1241.8877,241.8877
850.0,920.0,1249.2345,249.2345
850.0,930.0,1256.6179,256.6179
850.0,940.0,1264.0373,264.0373
850.0,950.0,1271.4921,271.4921
850.0,960.0,1278.9816,278.9816
850.0,970.0,1286.5052,286.5052
850.0,980.0,1294.0623,294.0623
850.0,990.0,1301.6524,301.6524
850.0,1000.0,1309.2749,309.2749
860.0,-1000.0,1315.7511,315.7511
860.0,-990.0,1308.1663,308.1663
860.0,-980.0,1300.6142,300.6142
860.0,-970.0,1293.0954,293.0954
860.0,-960.0,1285.6103,285.6103
860.0,-950.0,1278.1597,278.1597
860.0,-940.0,1270.744,270.744
860.0,-930.0,1263.364,263.364
860.0,-920.0,1256.0203,256.0203
860.0,-910.0,1248.7134,248.7134
860.0,-900.0,1241.4441,241.4441
860.0,-890.0,1234.213,234.213
860.0,-880.0,1227.0207,227.0207
860.0,-870.0,1219.8681,219.8681
860.0,-860.0,1212.7557,212.7557
860.0,-850.0,1205.6843,205.6843
860.0,-840.0,1198.6546,198.6546
860.0,-830.0,1191.6674,191.6674
860.0,-820.0,1184.7234,184.7234
860.0,-810.0,1177.8233,177.8233
860.0,-800.0,1170.9679,170.9679
860.0,-790.0,1164.1581,164.1581
860.0,-780.0,1157.3947,157.3947
860.0,-770.0,1150.6784,150.6784
860.0,-760.0,1144.01,144.01
860.0,-750.0,1137.3905,137.3905
860.0,-740.0,1130.8207,130.8207
860.0,-730.0,1124.3014,124.3014
860.0,-720.0,1117.8336,117.8336
860.0,-710.0,1111.4181,111.4181
860.0,-700.0,1105.0559,105.0559
860.0,-690.0,1098.7478,98.7478
860.0,-680.0,1092.4948,92.4948
860.0,-670.0,1086.298,86.298
860.0,-660.0,1080.1581,80.1581
860.0,-650.0,1074.0762,74.0762
860.0,-640.0,1068.0534,68.0534
860.0,-630.0,1062.0905,62.0905
860.0,-620.0,1056.1887,56.1887
860.0,-610.0,1050.3489,50.3489
860.0,-600.0,1044.5722,44.5722
860.0,-590.0,1038.8596,38.8596
860.0,-580.0,1033.2122,33.2122
860.0,-570.0,1027.6312,27.6312
860.0,-560.0,1022.1174,22.1174
860.0,-550.0,1016.6722,16.6722
860.0,-540.0,1011.2965,11.2965
860.0,-530.0,1005.9915,5.9915
860.0,-520.0,1000.7582,0.7582
860.0,-510.0,995.598,-4.402
860.0,-500.0,990.5118,-9.4882
860.0,-490.0,985.5008,-14.4992
860.0,-480.0,980.5662,-19.4338
860.0,-470.0,975.7091,-24.2909
860.0,-460.0,970.9308,-29.0692
860.0,-450.0,966.2323,-33.7677
860.0,-440.0,961.6148,-38.3852
860.0,-430.0,957.0796,-42.9204
860.0,-420.0,952.6277,-47.3723
860.0,-410.0,948.2604,-51.7396
860.0,-400.0,943.9789,-56.0211
860.0,-390.0,939.7842,-60.2158
860.0,-380.0,935.6776,-64.3224
860.0,-370.0,931.6603,-68.3397
860.0,-360.0,927.7333,-72.2667
860.0,-350.0,923.8979,-76.1021
860.0,-340.0,920.1552,-79.8448
860.0,-330.0,916.5064,-83.4936
860.0,-320.0,912.9524,-87.0476
860.0,-310.0,909.4946,-90.5054
860.0,-300.0,906.1339,-93.8661
860.0,-290.0,902.8715,-97.1285
860.0,-280.0,899.7084,-100.2916
860.0,-270.0,896.6457,-103.3543
860.0,-260.0,893.6843,-106.3157
860.0,-250.0,890.8254,-109.1746
860.0,-240.0,888.0699,-111.9301
860.0,-230.0,885.4188,-114.5812
860.0,-220.0,882.873,-117.127
860.0,-210.0,880.4334,-119.5666
860.0,-200.0,878.1009,-121.8991
860.0,-190.0,875.8764,-124.1236
860.0,-180.0,873.7607,-126.2393
860.0,-170.0,871.7545,-128.2455
860.0,-160.0,869.8587,-130.1413
860.0,-150.0,868.074,-131.926
860.0,-140.0,866.401,-133.599
860.0,-130.0,864.8404,-135.1596
860.0,-120.0,863.3929,-136.6071
860.0,-110.0,862.0589,-137.9411
860.0,-100.0,860.839,-139.161
860.0,-90.0,859.7337,-140.2663
860.0,-80.0,858.7434,-141.2566
860.0,-70.0,857.8686,-142.1314
860.0,-60.0,857.1096,-142.8904
860.0,-50.0,856.4666,-143.5334
860.0,-40.0,855.94,-144.06
860.0,-30.0,855.53,-144.47
860.0,-20.0,855.2367,-144.7633
860.0,-10.0,855.0603,-144.9397
860.0,0.0,855.0008,-144.9992
860.0,10.0,855.0603,-144.9397
860.0,20.0,855.2367,-144.7633
860.0,30.0,855.53,-144.47
860.0,40.0,855.94,-144.06
860.0,50.0,856.4666,-143.5334
860.0,60.0,857.1096,-142.8904
860.0,70.0,857.8686,-142.1314
860.0,80.0,858.7434,-141.2566
860.0,90.0,859.7337,-140.2663
860.0,100.0,860.839,-139.161
860.0,110.0,862.0589,-137.9411
860.0,120.0,863.3929,-136.6071
860.0,130.0,864.8404,-135.1596
860.0,140.0,866.401,-133.599
860.0,150.0,868.074,-131.926
860.0,160.0,869.8587,-130.1413
860.0,170.0,871.7545,-128.2455
860.0,180.0,873.7607,-126.2393
860.0,190.0,875.8764,-124.1236
860.0,200.0,878.1009,-121.8991
860.0,210.0,880.4334,-119.5666
860.0,220.0,882.873,-117.127
860.0,230.0,885.4188,-114.5812
860.0,240.0,888.0699,-111.9301
860.0,250.0,890.8254,-109.1746
860.0,260.0,893.6843,-106.3157
860.0,270.0,896.6457,-103.3543
860.0,280.0,899.7084,-100.2916
860.0,290.0,902.8715,-97.1285
860.0,300.0,906.1339,-93.8661
860.0,310.0,909.4946,-90.5054
860.0,320.0,912.9524,-87.0476
860.0,330.0,916.5064,-83.4936
860.0,340.0,920.1552,-79.8448
860.0,350.0,923.8979,-76.1021
860.0,360.0,927.7333,-72.2667
860.0,370.0,931.6603,-68.3397
860.0,380.0,935.6776,-64.3224
860.0,390.0,939.7842,-60.2158
860.0,400.0,943.9789,-56.0211
860.0,410.0,948.2604,-51.7396
860.0,420.0,952.6277,-47.3723
860.0,430.0,957.0796,-42.9204
860.0,440.0,961.6148,-38.3852
860.0,450.0,966.2323,-33.7677
860.0,460.0,970.9308,-29.0692
860.0,470.0,975.7091,-24.2909
860.0,480.0,980.5662,-19.4338
860.0,490.0,985.5008,-14.4992
860.0,500.0,990.5118,-9.4882
860.0,510.0,995.598,-4.402
860.0,520.0,1000.7582,0.7582
860.0,530.0,1005.9915,5.9915
860.0,540.0,1011.2965,11.2965
860.0,550.0,1016.6722,16.6722
860.0,560.0,1022.1174,22.1174
860.0,570.0,1027.6312,27.6312
860.0,580.0,1033.2122,33.2122
860.0,590.0,1038.8596,38.8596
860.0,600.0,1044.5722,44.5722
860.0,610.0,1050.3489,50.3489
860.0,620.0,1056.1887,56.1887
860.0,630.0,1062.0905,62.0905
860.0,640.0,1068.0534,68.0534
860.0,650.0,1074.0762,74.0762
860.0,660.0,1080.1581,80.1581
860.0,670.0,1086.298,86.298
860.0,680.0,1092.4948,92.4948
860.0,690.0,1098.7478,98.7478
860.0,700.0,1105.0559,105.0559
860.0,710.0,1111.4181,111.4181
860.0,720.0,1117.8336,117.8336
860.0,730.0,1124.3014,124.3014
860.0,740.0,1130.8207,130.8207
860.0,750.0,1137.3905,137.3905
860.0,760.0,1144.01,144.01
860.0,770.0,1150.6784,150.6784
860.0,780.0,1157.3947,157.3947
860.0,790.0,1164.1581,164.1581
860.0,800.0,1170.9679,170.9679
860.0,810.0,1177.8233,177.8233
860.0,820.0,1184.7234,184.7234
860.0,830.0,1191.6674,191.6674
860.0,840.0,1198.6546,198.6546
860.0,850.0,1205.6843,205.6843
860.0,860.0,1212.7557,212.7557
860.0,870.0,1219.8681,219.8681
860.0,880.0,1227.0207,227.0207
860.0,890.0,1234.213,234.213
860.0,900.0,1241.4441,241.4441
860.0,910.0,1248.7134,248.7134
860.0,920.0,1256.0203,256.0203
860.0,930.0,1263.364,263.364
860.0,940.0,1270.744,270.744
860.0,950.0,1278.1597,278.1597
860.0,960.0,1285.6103,285.6103
860.0,970.0,1293.0954,293.0954
860.0,980.0,1300.6142,300.6142
860.0,990.0,1308.1663,308.1663
860.0,1000.0,1315.7511,315.7511
870.0,-1000.0,1322.2711,322.2711
870.0,-990.0,1314.724,314.724
870.0,-980.0,1307.2098,307.2098
870.0,-970.0,1299.7291,299.7291
870.0,-960.0,1292.2824,292.2824
870.0,-950.0,1284.8705,284.8705
870.0,-940.0,1277.4938,277.4938
870.0,-930.0,1270.153,270.153
870.0,-920.0,1262.8487,262.8487
870.0,-910.0,1255.5816,255.5816
870.0,-900.0,1248.3523,248.3523
870.0,-890.0,1241.1614,241.1614
870.0,-880.0,1234.0097,234.0097
870.0,-870.0,1226.8978,226.8978
870.0,-860.0,1219.8264,219.8264
870.0,-850.0,1212.7962,212.7962
870.0,-840.0,1205.808,205.808
870.0,-830.0,1198.8625,198.8625
870.0,-820.0,1191.9603,191.9603
870.0,-810.0,1185.1024,185.1024
870.0,-800.0,1178.2894,178.2894
870.0,-790.0,1171.5222,171.5222
870.0,-780.0,1164.8015,164.8015
870.0,-770.0,1158.1281,158.1281
870.0,-760.0,1151.5029,151.5029
870.0,-750.0,1144.9267,144.9267
870.0,-740.0,1138.4004,138.4004
870.0,-730.0,1131.9248,131.9248
870.0,-720.0,1125.5008,125.5008
870.0,-710.0,1119.1292,119.1292
870.0,-700.0,1112.8111,112.8111
870.0,-690.0,1106.5472,106.5472
870.0,-680.0,1100.3386,100.3386
870.0,-670.0,1094.1861,94.1861
870.0,-660.0,1088.0908,88.0908
870.0,-650.0,1082.0535,82.0535
870.0,-640.0,1076.0753,76.0753
870.0,-630.0,1070.1571,70.1571
870.0,-620.0,1064.3,64.3
870.0,-610.0,1058.505,58.505
870.0,-600.0,1052.773,52.773
870.0,-590.0,1047.1052,47.1052
870.0,-580.0,1041.5025,41.5025
870.0,-570.0,1035.9661,35.9661
870.0,-560.0,1030.497,30.497
870.0,-550.0,1025.0962,25.0962
870.0,-540.0,1019.765,19.765
870.0,-530.0,1014.5042,14.5042
870.0,-520.0,1009.3152,9.3152
870.0,-510.0,1004.1989,4.1989
870.0,-500.0,999.1564,-0.8436
870.0,-490.0,994.189,-5.811
870.0,-480.0,989.2978,-10.7022
870.0,-470.0,984.4838,-15.5162
870.0,-460.0,979.7482,-20.2518
870.0,-450.0,975.0922,-24.9078
870.0,-440.0,970.5169,-29.4831
870.0,-430.0,966.0235,-33.9765
870.0,-420.0,961.613,-38.387
870.0,-410.0,957.2867,-42.7133
870.0,-400.0,953.0457,-46.9543
870.0,-390.0,948.8911,-51.1089
870.0,-380.0,944.8241,-55.1759
870.0,-370.0,940.8458,-59.1542
870.0,-360.0,936.9574,-63.0426
870.0,-350.0,933.1599,-66.8401
870.0,-340.0,929.4545,-70.5455
870.0,-330.0,925.8423,-74.1577
870.0,-320.0,922.3243,-77.6757
870.0,-310.0,918.9018,-81.0982
870.0,-300.0,915.5756,-84.4244
870.0,-290.0,912.3469,-87.6531
870.0,-280.0,909.2168,-90.7832
870.0,-270.0,906.1862,-93.8138
870.0,-260.0,903.2562,-96.7438
870.0,-250.0,900.4277,-99.5723
870.0,-240.0,897.7016,-102.2984
870.0,-230.0,895.079,-104.921
870.0,-220.0,892.5608,-107.4392
870.0,-210.0,890.1477,-109.8523
870.0,-200.0,887.8408,-112.1592
870.0,-190.0,885.6407,-114.3593
870.0,-180.0,883.5484,-116.4516
870.0,-170.0,881.5645,-118.4355
870.0,-160.0,879.6899,-120.3101
870.0,-150.0,877.9251,-122.0749
870.0,-140.0,876.2709,-123.7291
870.0,-130.0,874.728,-125.272
870.0,-120.0,873.2968,-126.7032
870.0,-110.0,871.9779,-128.0221
870.0,-100.0,870.7719,-129.2281
870.0,-90.0,869.6793,-130.3207
870.0,-80.0,868.7003,-131.2997
870.0,-70.0,867.8355,-132.1645
870.0,-60.0,867.0852,-132.9148
870.0,-50.0,866.4497,-133.5503
870.0,-40.0,865.9292,-134.0708
870.0,-30.0,865.5239,-134.4761
870.0,-20.0,865.234,-134.766
870.0,-10.0,865.0596,-134.9404
870.0,0.0,865.0008,-134.9992
870.0,10.0,865.0596,-134.9404
870.0,20.0,865.234,-134.766
870.0,30.0,865.5239,-134.4761
870.0,40.0,865.9292,-134.0708
870.0,50.0,866.4497,-133.5503
870.0,60.0,867.0852,-132.9148
870.0,70.0,867.8355,-132.1645
870.0,80.0,868.7003,-131.2997
870.0,90.0,869.6793,-130.3207
870.0,100.0,870.7719,-129.2281
870.0,110.0,871.9779,-128.0221
870.0,120.0,873.2968,-126.7032
870.0,130.0,874.728,-125.272
870.0,140.0,876.2709,-123.7291
870.0,150.0,877.9251,-122.0749
870.0,160.0,879.6899,-120.3101
870.0,170.0,881.5645,-118.4355
870.0,180.0,883.5484,-116.4516
870.0,190.0,885.6407,-114.3593
870.0,200.0,887.8408,-112.1592
870.0,210.0,890.1477,-109.8523
870.0,220.0,892.5608,-107.4392
870.0,230.0,895.079,-104.921
870.0,240.0,897.7016,-102.2984
870.0,250.0,900.4277,-99.5723
870.0,260.0,903.2562,-96.7438
870.0,270.0,906.1862,-93.8138
870.0,280.0,909.2168,-90.7832
870.0,290.0,912.3469,-87.6531
870.0,300.0,915.5756,-84.4244
870.0,310.0,918.9018,-81.0982
870.0,320.0,922.3243,-77.6757
870.0,330.0,925.8423,-74.1577
870.0,340.0,929.4545,-70.5455
870.0,350.0,933.1599,-66.8401
870.0,360.0,936.9574,-63.0426
870.0,370.0,940.8458,-59.1542
870.0,380.0,944.8241,-55.1759
870.0,390.0,948.8911,-51.1089
870.0,400.0,953.0457,-46.9543
870.0,410.0,957.2867,-42.7133
870.0,420.0,961.613,-38.387
870.0,430.0,966.0235,-33.9765
870.0,440.0,970.5169,-29.4831
870.0,450.0,975.0922,-24.9078
870.0,460.0,979.7482,-20.2518
870.0,470.0,984.4838,-15.5162
870.0,480.0,989.2978,-10.7022
870.0,490.0,994.189,-5.811
870.0,500.0,999.1564,-0.8436
870.0,510.0,1004.1989,4.1989
870.0,520.0,1009.3152,9.3152
870.0,530.0,1014.5042,14.5042
870.0,540.0,1019.765,19.765
870.0,550.0,1025.0962,25.0962
870.0,560.0,1030.497,30.497
870.0,570.0,1035.9661,35.9661
870.0,580.0,1041.5025,41.5025
870.0,590.0,1047.1052,47.1052
870.0,600.0,1052.773,52.773
870.0,610.0,1058.505,58.505
870.0,620.0,1064.3,64.3
870.0,630.0,1070.1571,70.1571
870.0,640.0,1076.0753,76.0753
870.0,650.0,1082.0535,82.0535
870.0,660.0,1088.0908,88.0908
870.0,670.0,1094.1861,94.1861
870.0,680.0,1100.3386,100.3386
870.0,690.0,1106.5472,106.5472
870.0,700.0,1112.8111,112.8111
870.0,710.0,1119.1292,119.1292
870.0,720.0,1125.5008,125.5008
870.0,730.0,1131.9248,131.9248
870.0,740.0,1138.4004,138.4004
870.0,750.0,1144.9267,144.9267
870.0,760.0,1151.5029,151.5029
870.0,770.0,1158.1281,158.1281
870.0,780.0,1164.8015,164.8015
870.0,790.0,1171.5222,171.5222
870.0,800.0,1178.2894,178.2894
870.0,810.0,1185.1024,185.1024
870.0,820.0,1191.9603,191.9603
870.0,830.0,1198.8625,198.8625
870.0,840.0,1205.808,205.808
870.0,850.0,1212.7962,212.7962
870.0,860.0,1219.8264,219.8264
870.0,870.0,1226.8978,226.8978
870.0,880.0,1234.0097,234.0097
870.0,890.0,1241.1614,241.1614
870.0,900.0,1248.3523,248.3523
870.0,910.0,1255.5816,255.5816
870.0,920.0,1262.8487,262.8487
870.0,930.0,1270.153,270.153
870.0,940.0,1277.4938,277.4938
870.0,950.0,1284.8705,284.8705
870.0,960.0,1292.2824,292.2824
870.0,970.0,1299.7291,299.7291
870.0,980.0,1307.2098,307.2098
870.0,990.0,1314.724,314.724
870.0,1000.0,1322.2711,322.2711
880.0,-1000.0,1328.8344,328.8344
880.0,-990.0,1321.3248,321.3248
880.0,-980.0,1313.8483,313.8483
880.0,-970.0,1306.4056,306.4056
880.0,-960.0,1298.9973,298.9973
880.0,-950.0,1291.6238,291.6238
880.0,-940.0,1284.2859,284.2859
880.0,-930.0,1276.9842,276.9842
880.0,-920.0,1269.7192,269.7192
880.0,-910.0,1262.4916,262.4916
880.0,-900.0,1255.3021,255.3021
880.0,-890.0,1248.1513,248.1513
880.0,-880.0,1241.0399,241.0399
880.0,-870.0,1233.9685,233.9685
880.0,-860.0,1226.9378,226.9378
880.0,-850.0,1219.9486,219.9486
880.0,-840.0,1213.0016,213.0016
880.0,-830.0,1206.0975,206.0975
880.0,-820.0,1199.237,199.237
880.0,-810.0,1192.4209,192.4209
880.0,-800.0,1185.65,185.65
880.0,-790.0,1178.925,178.925
880.0,-780.0,1172.2468,172.2468
880.0,-770.0,1165.616,165.616
880.0,-760.0,1159.0336,159.0336
880.0,-750.0,1152.5004,152.5004
880.0,-740.0,1146.0172,146.0172
880.0,-730.0,1139.5849,139.5849
880.0,-720.0,1133.2043,133.2043
880.0,-710.0,1126.8763,126.8763
880.0,-700.0,1120.6019,120.6019
880.0,-690.0,1114.3818,114.3818
880.0,-680.0,1108.217,108.217
880.0,-670.0,1102.1086,102.1086
880.0,-660.0,1096.0573,96.0573
880.0,-650.0,1090.0641,90.0641
880.0,-640.0,1084.1301,84.1301
880.0,-630.0,1078.2561,78.2561
880.0,-620.0,1072.4433,72.4433
880.0,-610.0,1066.6925,66.6925
880.0,-600.0,1061.0047,61.0047
880.0,-590.0,1055.3811,55.3811
880.0,-580.0,1049.8226,49.8226
880.0,-570.0,1044.3303,44.3303
880.0,-560.0,1038.9052,38.9052
880.0,-550.0,1033.5484,33.5484
880.0,-540.0,1028.261,28.261
880.0,-530.0,1023.0439,23.0439
880.0,-520.0,1017.8984,17.8984
880.0,-510.0,1012.8254,12.8254
880.0,-500.0,1007.8262,7.8262
880.0,-490.0,1002.9017,2.9017
880.0,-480.0,998.0532,-1.9468
880.0,-470.0,993.2816,-6.7184
880.0,-460.0,988.5882,-11.4118
880.0,-450.0,983.974,-16.026
880.0,-440.0,979.4402,-20.5598
880.0,-430.0,974.9879,-25.0121
880.0,-420.0,970.6182,-29.3818
880.0,-410.0,966.3322,-33.6678
880.0,-400.0,962.131,-37.869
880.0,-390.0,958.0159,-41.9841
880.0,-380.0,953.9878,-46.0122
880.0,-370.0,950.0478,-49.9522
880.0,-360.0,946.1972,-53.8028
880.0,-350.0,942.437,-57.563
880.0,-340.0,938.7682,-61.2318
880.0,-330.0,935.1919,-64.8081
880.0,-320.0,931.7093,-68.2907
880.0,-310.0,928.3213,-71.6787
880.0,-300.0,925.029,-74.971
880.0,-290.0,921.8335,-78.1665
880.0,-280.0,918.7357,-81.2643
880.0,-270.0,915.7366,-84.2634
880.0,-260.0,912.8372,-87.1628
880.0,-250.0,910.0384,-89.9616
880.0,-240.0,907.3413,-92.6587
880.0,-230.0,904.7466,-95.2534
880.0,-220.0,902.2554,-97.7446
880.0,-210.0,899.8683,-100.1317
880.0,-200.0,897.5863,-102.4137
880.0,-190.0,895.4102,-104.5898
880.0,-180.0,893.3408,-106.6592
880.0,-170.0,891.3787,-108.6213
880.0,-160.0,889.5247,-110.4753
880.0,-150.0,887.7795,-112.2205
880.0,-140.0,886.1438,-113.8562
880.0,-130.0,884.618,-115.382
880.0,-120.0,883.2029,-116.7971
880.0,-110.0,881.8988,-118.1012
880.0,-100.0,880.7064,-119.2936
880.0,-90.0,879.6261,-120.3739
880.0,-80.0,878.6582,-121.3418
880.0,-70.0,877.8033,-122.1967
880.0,-60.0,877.0615,-122.9385
880.0,-50.0,876.4332,-123.5668
880.0,-40.0,875.9186,-124.0814
880.0,-30.0,875.5179,-124.4821
880.0,-20.0,875.2313,-124.7687
880.0,-10.0,875.0589,-124.9411
880.0,0.0,875.0008,-124.9992
880.0,10.0,875.0589,-124.9411
880.0,20.0,875.2313,-124.7687
880.0,30.0,875.5179,-124.4821
880.0,40.0,875.9186,-124.0814
880.0,50.0,876.4332,-123.5668
880.0,60.0,877.0615,-122.9385
880.0,70.0,877.8033,-122.1967
880.0,80.0,878.6582,-121.3418
880.0,90.0,879.6261,-120.3739
880.0,100.0,880.7064,-119.2936
880.0,110.0,881.8988,-118.1012
880.0,120.0,883.2029,-116.7971
880.0,130.0,884.618,-115.382
880.0,140.0,886.1438,-113.8562
880.0,150.0,887.7795,-112.2205
880.0,160.0,889.5247,-110.4753
880.0,170.0,891.3787,-108.6213
880.0,180.0,893.3408,-106.6592
880.0,190.0,895.4102,-104.5898
880.0,200.0,897.5863,-102.4137
880.0,210.0,899.8683,-100.1317
880.0,220.0,902.2554,-97.7446
880.0,230.0,904.7466,-95.2534
880.0,240.0,907.3413,-92.6587
880.0,250.0,910.0384,-89.9616
880.0,260.0,912.8372,-87.1628
880.0,270.0,915.7366,-84.2634
880.0,280.0,918.7357,-81.2643
880.0,290.0,921.8335,-78.1665
880.0,300.0,925.029,-74.971
880.0,310.0,928.3213,-71.6787
880.0,320.0,931.7093,-68.2907
880.0,330.0,935.1919,-64.8081
880.0,340.0,938.7682,-61.2318
880.0,350.0,942.437,-57.563
880.0,360.0,946.1972,-53.8028
880.0,370.0,950.0478,-49.9522
880.0,380.0,953.9878,-46.0122
880.0,390.0,958.0159,-41.9841
880.0,400.0,962.131,-37.869
880.0,410.0,966.3322,-33.6678
880.0,420.0,970.6182,-29.3818
880.0,430.0,974.9879,-25.0121
880.0,440.0,979.4402,-20.5598
880.0,450.0,983.974,-16.026
880.0,460.0,988.5882,-11.4118
880.0,470.0,993.2816,-6.7184
880.0,480.0,998.0532,-1.9468
880.0,490.0,1002.9017,2.9017
880.0,500.0,1007.8262,7.8262
880.0,510.0,1012.8254,12.8254
880.0,520.0,1017.8984,17.8984
880.0,530.0,1023.0439,23.0439
880.0,540.0,1028.261,28.261
880.0,550.0,1033.5484,33.5484
880.0,560.0,1038.9052,38.9052
880.0,570.0,1044.3303,44.3303
880.0,580.0,1049.8226,49.8226
880.0,590.0,1055.3811,55.3811
880.0,600.0,1061.0047,61.0047
880.0,610.0,1066.6925,66.6925
880.0,620.0,1072.4433,72.4433
880.0,630.0,1078.2561,78.2561
880.0,640.0,1084.1301,84.1301
880.0,650.0,1090.0641,90.0641
880.0,660.0,1096.0573,96.0573
880.0,670.0,1102.1086,102.1086
880.0,680.0,1108.217,108.217
880.0,690.0,1114.3818,114.3818
880.0,700.0,1120.6019,120.6019
880.0,710.0,1126.8763,126.8763
880.0,720.0,1133.2043,133.2043
880.0,730.0,1139.5849,139.5849
880.0,740.0,1146.0172,146.0172
880.0,750.0,1152.5004,152.5004
880.0,760.0,1159.0336,159.0336
880.0,770.0,1165.616,165.616
880.0,780.0,1172.2468,172.2468
880.0,790.0,1178.925,178.925
880.0,800.0,1185.65,185.65
880.0,810.0,1192.4209,192.4209
880.0,820.0,1199.237,199.237
880.0,830.0,1206.0975,206.0975
880.0,840.0,1213.0016,213.0016
880.0,850.0,1219.9486,219.9486
880.0,860.0,1226.9378,226.9378
880.0,870.0,1233.9685,233.9685
880.0,880.0,1241.0399,241.0399
880.0,890.0,1248.1513,248.1513
880.0,900.0,1255.3021,255.3021
880.0,910.0,1262.4916,262.4916
880.0,920.0,1269.7192,269.7192
880.0,930.0,1276.9842,276.9842
880.0,940.0,1284.2859,284.2859
880.0,950.0,1291.6238,291.6238
880.0,960.0,1298.9973,298.9973
880.0,970.0,1306.4056,306.4056
880.0,980.0,1313.8483,313.8483
880.0,990.0,1321.3248,321.3248
880.0,1000.0,1328.8344,328.8344
890.0,-1000.0,1335.4403,335.4403
890.0,-990.0,1327.968,327.968
890.0,-980.0,1320.5292,320.5292
890.0,-970.0,1313.1244,313.1244
890.0,-960.0,1305.7541,305.7541
890.0,-950.0,1298.4191,298.4191
890.0,-940.0,1291.1198,291.1198
890.0,-930.0,1283.8569,283.8569
890.0,-920.0,1276.6311,276.6311
890.0,-910.0,1269.4429,269.4429
890.0,-900.0,1262.2929,262.2929
890.0,-890.0,1255.1819,255.1819
890.0,-880.0,1248.1105,248.1105
890.0,-870.0,1241.0794,241.0794
890.0,-860.0,1234.0893,234.0893
890.0,-850.0,1227.1409,227.1409
890.0,-840.0,1220.2348,220.2348
890.0,-830.0,1213.3718,213.3718
890.0,-820.0,1206.5527,206.5527
890.0,-810.0,1199.7782,199.7782
890.0,-800.0,1193.049,193.049
890.0,-790.0,1186.366,186.366
890.0,-780.0,1179.7298,179.7298
890.0,-770.0,1173.1414,173.1414
890.0,-760.0,1166.6015,166.6015
890.0,-750.0,1160.1109,160.1109
890.0,-740.0,1153.6704,153.6704
890.0,-730.0,1147.281,147.281
890.0,-720.0,1140.9435,140.9435
890.0,-710.0,1134.6587,134.6587
890.0,-700.0,1128.4275,128.4275
890.0,-690.0,1122.2508,122.2508
890.0,-680.0,1116.1295,116.1295
890.0,-670.0,1110.0645,110.0645
890.0,-660.0,1104.0569,104.0569
890.0,-650.0,1098.1074,98.1074
890.0,-640.0,1092.217,92.217
890.0,-630.0,1086.3868,86.3868
890.0,-620.0,1080.6177,80.6177
890.0,-610.0,1074.9106,74.9106
890.0,-600.0,1069.2666,69.2666
890.0,-590.0,1063.6867,63.6867
890.0,-580.0,1058.1718,58.1718
890.0,-570.0,1052.7231,52.7231
890.0,-560.0,1047.3414,47.3414
890.0,-550.0,1042.028,42.028
890.0,-540.0,1036.7838,36.7838
890.0,-530.0,1031.6098,31.6098
890.0,-520.0,1026.5072,26.5072
890.0,-510.0,1021.477,21.477
890.0,-500.0,1016.5203,16.5203
890.0,-490.0,1011.6382,11.6382
890.0,-480.0,1006.8317,6.8317
890.0,-470.0,1002.102,2.102
890.0,-460.0,997.4501,-2.5499
890.0,-450.0,992.8771,-7.1229
890.0,-440.0,988.3841,-11.6159
890.0,-430.0,983.9723,-16.0277
890.0,-420.0,979.6426,-20.3574
890.0,-410.0,975.3963,-24.6037
890.0,-400.0,971.2344,-28.7656
890.0,-390.0,967.1579,-32.8421
890.0,-380.0,963.168,-36.832
890.0,-370.0,959.2658,-40.7342
890.0,-360.0,955.4523,-44.5477
890.0,-350.0,951.7287,-48.2713
890.0,-340.0,948.0958,-51.9042
890.0,-330.0,944.5549,-55.4451
890.0,-320.0,941.1069,-58.8931
890.0,-310.0,937.7529,-62.2471
890.0,-300.0,934.4938,-65.5062
890.0,-290.0,931.3308,-68.6692
890.0,-280.0,928.2646,-71.7354
890.0,-270.0,925.2964,-74.7036
890.0,-260.0,922.4271,-77.5729
890.0,-250.0,919.6575,-80.3425
890.0,-240.0,916.9887,-83.0113
890.0,-230.0,914.4214,-85.5786
890.0,-220.0,911.9566,-88.0434
890.0,-210.0,909.595,-90.405
890.0,-200.0,907.3375,-92.6625
890.0,-190.0,905.1848,-94.8152
890.0,-180.0,903.1377,-96.8623
890.0,-170.0,901.197,-98.803
890.0,-160.0,899.3633,-100.6367
890.0,-150.0,897.6372,-102.3628
890.0,-140.0,896.0194,-103.9806
890.0,-130.0,894.5105,-105.4895
890.0,-120.0,893.111,-106.889
890.0,-110.0,891.8215,-108.1785
890.0,-100.0,890.6424,-109.3576
890.0,-90.0,889.5741,-110.4259
890.0,-80.0,888.6171,-111.3829
890.0,-70.0,887.7717,-112.2283
890.0,-60.0,887.0382,-112.9618
890.0,-50.0,886.417,-113.583
890.0,-40.0,885.9082,-114.0918
890.0,-30.0,885.5121,-114.4879
890.0,-20.0,885.2287,-114.7713
890.0,-10.0,885.0582,-114.9418
890.0,0.0,885.0008,-114.9992
890.0,10.0,885.0582,-114.9418
890.0,20.0,885.2287,-114.7713
890.0,30.0,885.5121,-114.4879
890.0,40.0,885.9082,-114.0918
890.0,50.0,886.417,-113.583
890.0,60.0,887.0382,-112.9618
890.0,70.0,887.7717,-112.2283
890.0,80.0,888.6171,-111.3829
890.0,90.0,889.5741,-110.4259
890.0,100.0,890.6424,-109.3576
890.0,110.0,891.8215,-108.1785
890.0,120.0,893.111,-106.889
890.0,130.0,894.5105,-105.4895
890.0,140.0,896.0194,-103.9806
890.0,150.0,897.6372,-102.3628
890.0,160.0,899.3633,-100.6367
890.0,170.0,901.197,-98.803
890.0,180.0,903.1377,-96.8623
890.0,190.0,905.1848,-94.8152
890.0,200.0,907.3375,-92.6625
890.0,210.0,909.595,-90.405
890.0,220.0,911.9566,-88.0434
890.0,230.0,914.4214,-85.5786
890.0,240.0,916.9887,-83.0113
890.0,250.0,919.6575,-80.3425
890.0,260.0,922.4271,-77.5729
890.0,270.0,925.2964,-74.7036
890.0,280.0,928.2646,-71.7354
890.0,290.0,931.3308,-68.6692
890.0,300.0,934.4938,-65.5062
890.0,310.0,937.7529,-62.2471
890.0,320.0,941.1069,-58.8931
890.0,330.0,944.5549,-55.4451
890.0,340.0,948.0958,-51.9042
890.0,350.0,951.7287,-48.2713
890.0,360.0,955.4523,-44.5477
890.0,370.0,959.2658,-40.7342
890.0,380.0,963.168,-36.832
890.0,390.0,967.1579,-32.8421
890.0,400.0,971.2344,-28.7656
890.0,410.0,975.3963,-24.6037
890.0,420.0,979.6426,-20.3574
890.0,430.0,983.9723,-16.0277
890.0,440.0,988.3841,-11.6159
890.0,450.0,992.8771,-7.1229
890.0,460.0,997.4501,-2.5499
890.0,470.0,1002.102,2.102
890.0,480.0,1006.8317,6.8317
890.0,490.0,1011.6382,11.6382
890.0,500.0,1016.5203,16.5203
890.0,510.0,1021.477,21.477
890.0,520.0,1026.5072,26.5072
890.0,530.0,1031.6098,31.6098
890.0,540.0,1036.7838,36.7838
890.0,550.0,1042.028,42.028
890.0,560.0,1047.3414,47.3414
890.0,570.0,1052.7231,52.7231
890.0,580.0,1058.1718,58.1718
890.0,590.0,1063.6867,63.6867
890.0,600.0,1069.2666,69.2666
890.0,610.0,1074.9106,74.9106
890.0,620.0,1080.6177,80.6177
890.0,630.0,1086.3868,86.3868
890.0,640.0,1092.217,92.217
890.0,650.0,1098.1074,98.1074
890.0,660.0,1104.0569,104.0569
890.0,670.0,1110.0645,110.0645
890.0,680.0,1116.1295,116.1295
890.0,690.0,1122.2508,122.2508
890.0,700.0,1128.4275,128.4275
890.0,710.0,1134.6587,134.6587
890.0,720.0,1140.9435,140.9435
890.0,730.0,1147.281,147.281
890.0,740.0,1153.6704,153.6704
890.0,750.0,1160.1109,160.1109
890.0,760.0,1166.6015,166.6015
890.0,770.0,1173.1414,173.1414
890.0,780.0,1179.7298,179.7298
890.0,790.0,1186.366,186.366
890.0,800.0,1193.049,193.049
890.0,810.0,1199.7782,199.7782
890.0,820.0,1206.5527,206.5527
890.0,830.0,1213.3718,213.3718
890.0,840.0,1220.2348,220.2348
890.0,850.0,1227.1409,227.1409
890.0,860.0,1234.0893,234.0893
890.0,870.0,1241.0794,241.0794
890.0,880.0,1248.1105,248.1105
890.0,890.0,1255.1819,255.1819
890.0,900.0,1262.2929,262.2929
890.0,910.0,1269.4429,269.4429
890.0,920.0,1276.6311,276.6311
890.0,930.0,1283.8569,283.8569
890.0,940.0,1291.1198,291.1198
890.0,950.0,1298.4191,298.4191
890.0,960.0,1305.7541,305.7541
890.0,970.0,1313.1244,313.1244
890.0,980.0,1320.5292,320.5292
890.0,990.0,1327.968,327.968
890.0,1000.0,1335.4403,335.4403
900.0,-1000.0,1342.0883,342.0883
900.0,-990.0,1334.6532,334.6532
900.0,-980.0,1327.2518,327.2518
900.0,-970.0,1319.8847,319.8847
900.0,-960.0,1312.5524,312.5524
900.0,-950.0,1305.2556,305.2556
900.0,-940.0,1297.9948,297.9948
900.0,-930.0,1290.7706,290.7706
900.0,-920.0,1283.5836,283.5836
900.0,-910.0,1276.4346,276.4346
900.0,-900.0,1269.324,269.324
900.0,-890.0,1262.2526,262.2526
900.0,-880.0,1255.2211,255.2211
900.0,-870.0,1248.23,248.23
900.0,-860.0,1241.2802,241.2802
900.0,-850.0,1234.3722,234.3722
900.0,-840.0,1227.5068,227.5068
900.0,-830.0,1220.6847,220.6847
900.0,-820.0,1213.9067,213.9067
900.0,-810.0,1207.1734,207.1734
900.0,-800.0,1200.4857,200.4857
900.0,-790.0,1193.8443,193.8443
900.0,-780.0,1187.25,187.25
900.0,-770.0,1180.7035,180.7035
900.0,-760.0,1174.2057,174.2057
900.0,-750.0,1167.7574,167.7574
900.0,-740.0,1161.3593,161.3593
900.0,-730.0,1155.0125,155.0125
900.0,-720.0,1148.7176,148.7176
900.0,-710.0,1142.4755,142.4755
900.0,-700.0,1136.2872,136.2872
900.0,-690.0,1130.1534,130.1534
900.0,-680.0,1124.0752,124.0752
900.0,-670.0,1118.0534,118.0534
900.0,-660.0,1112.0888,112.0888
900.0,-650.0,1106.1825,106.1825
900.0,-640.0,1100.3354,100.3354
900.0,-630.0,1094.5485,94.5485
900.0,-620.0,1088.8226,88.8226
900.0,-610.0,1083.1587,83.1587
900.0,-600.0,1077.5579,77.5579
900.0,-590.0,1072.0211,72.0211
900.0,-580.0,1066.5494,66.5494
900.0,-570.0,1061.1437,61.1437
900.0,-560.0,1055.805,55.805
900.0,-550.0,1050.5343,50.5343
900.0,-540.0,1045.3328,45.3328
900.0,-530.0,1040.2014,40.2014
900.0,-520.0,1035.1411,35.1411
900.0,-510.0,1030.1531,30.1531
900.0,-500.0,1025.2383,25.2383
900.0,-490.0,1020.3979,20.3979
900.0,-480.0,1015.6329,15.6329
900.0,-470.0,1010.9443,10.9443
900.0,-460.0,1006.3333,6.3333
900.0,-450.0,1001.8008,1.8008
900.0,-440.0,997.3481,-2.6519
900.0,-430.0,992.976,-7.024
900.0,-420.0,988.6858,-11.3142
900.0,-410.0,984.4785,-15.5215
900.0,-400.0,980.3551,-19.6449
900.0,-390.0,976.3168,-23.6832
900.0,-380.0,972.3645,-27.6355
900.0,-370.0,968.4993,-31.5007
900.0,-360.0,964.7223,-35.2777
900.0,-350.0,961.0346,-38.9654
900.0,-340.0,957.4371,-42.5629
900.0,-330.0,953.9308,-46.0692
900.0,-320.0,950.5168,-49.4832
900.0,-310.0,947.1961,-52.8039
900.0,-300.0,943.9697,-56.0303
900.0,-290.0,940.8384,-59.1616
900.0,-280.0,937.8034,-62.1966
900.0,-270.0,934.8655,-65.1345
900.0,-260.0,932.0256,-67.9744
900.0,-250.0,929.2847,-70.7153
900.0,-240.0,926.6435,-73.3565
900.0,-230.0,924.1031,-75.8969
900.0,-220.0,921.6641,-78.3359
900.0,-210.0,919.3275,-80.6725
900.0,-200.0,917.0939,-82.9061
900.0,-190.0,914.9642,-85.0358
900.0,-180.0,912.9391,-87.0609
900.0,-170.0,911.0192,-88.9808
900.0,-160.0,909.2053,-90.7947
900.0,-150.0,907.498,-92.502
900.0,-140.0,905.8978,-94.1022
900.0,-130.0,904.4054,-95.5946
900.0,-120.0,903.0212,-96.9788
900.0,-110.0,901.7458,-98.2542
900.0,-100.0,900.5797,-99.4203
900.0,-90.0,899.5233,-100.4767
900.0,-80.0,898.5768,-101.4232
900.0,-70.0,897.7408,-102.2592
900.0,-60.0,897.0155,-102.9845
900.0,-50.0,896.4012,-103.5988
900.0,-40.0,895.8981,-104.1019
900.0,-30.0,895.5063,-104.4937
900.0,-20.0,895.2262,-104.7738
900.0,-10.0,895.0576,-104.9424
900.0,0.0,895.0008,-104.9992
900.0,10.0,895.0576,-104.9424
900.0,20.0,895.2262,-104.7738
900.0,30.0,895.5063,-104.4937
900.0,40.0,895.8981,-104.1019
900.0,50.0,896.4012,-103.5988
900.0,60.0,897.0155,-102.9845
900.0,70.0,897.7408,-102.2592
900.0,80.0,898.5768,-101.4232
900.0,90.0,899.5233,-100.4767
900.0,100.0,900.5797,-99.4203
900.0,110.0,901.7458,-98.2542
900.0,120.0,903.0212,-96.9788
900.0,130.0,904.4054,-95.5946
900.0,140.0,905.8978,-94.1022
900.0,150.0,907.498,-92.502
900.0,160.0,909.2053,-90.7947
900.0,170.0,911.0192,-88.9808
900.0,180.0,912.9391,-87.0609
900.0,190.0,914.9642,-85.0358
900.0,200.0,917.0939,-82.9061
900.0,210.0,919.3275,-80.6725
900.0,220.0,921.6641,-78.3359
900.0,230.0,924.1031,-75.8969
900.0,240.0,926.6435,-73.3565
900.0,250.0,929.2847,-70.7153
900.0,260.0,932.0256,-67.9744
900.0,270.0,934.8655,-65.1345
900.0,280.0,937.8034,-62.1966
900.0,290.0,940.8384,-59.1616
900.0,300.0,943.9697,-56.0303
900.0,310.0,947.1961,-52.8039
900.0,320.0,950.5168,-49.4832
900.0,330.0,953.9308,-46.0692
900.0,340.0,957.4371,-42.5629
900.0,350.0,961.0346,-38.9654
900.0,360.0,964.7223,-35.2777
900.0,370.0,968.4993,-31.5007
900.0,380.0,972.3645,-27.6355
900.0,390.0,976.3168,-23.6832
900.0,400.0,980.3551,-19.6449
900.0,410.0,984.4785,-15.5215
900.0,420.0,988.6858,-11.3142
900.0,430.0,992.976,-7.024
900.0,440.0,997.3481,-2.6519
900.0,450.0,1001.8008,1.8008
900.0,460.0,1006.3333,6.3333
900.0,470.0,1010.9443,10.9443
900.0,480.0,1015.6329,15.6329
900.0,490.0,1020.3979,20.3979
900.0,500.0,1025.2383,25.2383
900.0,510.0,1030.1531,30.1531
900.0,520.0,1035.1411,35.1411
900.0,530.0,1040.2014,40.2014
900.0,540.0,1045.3328,45.3328
900.0,550.0,1050.5343,50.5343
900.0,560.0,1055.805,55.805
900.0,570.0,1061.1437,61.1437
900.0,580.0,1066.5494,66.5494
900.0,590.0,1072.0211,72.0211
900.0,600.0,1077.5579,77.5579
900.0,610.0,1083.1587,83.1587
900.0,620.0,1088.8226,88.8226
900.0,630.0,1094.5485,94.5485
900.0,640.0,1100.3354,100.3354
900.0,650.0,1106.1825,106.1825
900.0,660.0,1112.0888,112.0888
900.0,670.0,1118.0534,118.0534
900.0,680.0,1124.0752,124.0752
900.0,690.0,1130.1534,130.1534
900.0,700.0,1136.2872,136.2872
900.0,710.0,1142.4755,142.4755
900.0,720.0,1148.7176,148.7176
900.0,730.0,1155.0125,155.0125
900.0,740.0,1161.3593,161.3593
900.0,750.0,1167.7574,167.7574
900.0,760.0,1174.2057,174.2057
900.0,770.0,1180.7035,180.7035
900.0,780.0,1187.25,187.25
900.0,790.0,1193.8443,193.8443
900.0,800.0,1200.4857,200.4857
900.0,810.0,1207.1734,207.1734
900.0,820.0,1213.9067,213.9067
900.0,830.0,1220.6847,220.6847
900.0,840.0,1227.5068,227.5068
900.0,850.0,1234.3722,234.3722
900.0,860.0,1241.2802,241.2802
900.0,870.0,1248.23,248.23
900.0,880.0,1255.2211,255.2211
900.0,890.0,1262.2526,262.2526
900.0,900.0,1269.324,269.324
900.0,910.0,1276.4346,276.4346
900.0,920.0,1283.5836,283.5836
900.0,930.0,1290.7706,290.7706
900.0,940.0,1297.9948,297.9948
900.0,950.0,1305.2556,305.2556
900.0,960.0,1312.5524,312.5524
900.0,970.0,1319.8847,319.8847
900.0,980.0,1327.2518,327.2518
900.0,990.0,1334.6532,334.6532
900.0,1000.0,1342.0883,342.0883
910.0,-1000.0,1348.7776,348.7776
910.0,-990.0,1341.3796,341.3796
910.0,-980.0,1334.0155,334.0155
910.0,-970.0,1326.686,326.686
910.0,-960.0,1319.3915,319.3915
910.0,-950.0,1312.1327,312.1327
910.0,-940.0,1304.9101,304.9101
910.0,-930.0,1297.7244,297.7244
910.0,-920.0,1290.5762,290.5762
910.0,-910.0,1283.4661,283.4661
910.0,-900.0,1276.3947,276.3947
910.0,-890.0,1269.3627,269.3627
910.0,-880.0,1262.3708,262.3708
910.0,-870.0,1255.4195,255.4195
910.0,-860.0,1248.5097,248.5097
910.0,-850.0,1241.6419,241.6419
910.0,-840.0,1234.817,234.817
910.0,-830.0,1228.0355,228.0355
910.0,-820.0,1221.2983,221.2983
910.0,-810.0,1214.606,214.606
910.0,-800.0,1207.9594,207.9594
910.0,-790.0,1201.3593,201.3593
910.0,-780.0,1194.8065,194.8065
910.0,-770.0,1188.3016,188.3016
910.0,-760.0,1181.8456,181.8456
910.0,-750.0,1175.4392,175.4392
910.0,-740.0,1169.0832,169.0832
910.0,-730.0,1162.7785,162.7785
910.0,-720.0,1156.5259,156.5259
910.0,-710.0,1150.3262,150.3262
910.0,-700.0,1144.1803,144.1803
910.0,-690.0,1138.0891,138.0891
910.0,-680.0,1132.0535,132.0535
910.0,-670.0,1126.0743,126.0743
910.0,-660.0,1120.1525,120.1525
910.0,-650.0,1114.2889,114.2889
910.0,-640.0,1108.4846,108.4846
910.0,-630.0,1102.7404,102.7404
910.0,-620.0,1097.0572,97.0572
910.0,-610.0,1091.4361,91.4361
910.0,-600.0,1085.878,85.878
910.0,-590.0,1080.3839,80.3839
910.0,-580.0,1074.9547,74.9547
910.0,-570.0,1069.5914,69.5914
910.0,-560.0,1064.2951,64.2951
910.0,-550.0,1059.0667,59.0667
910.0,-540.0,1053.9073,53.9073
910.0,-530.0,1048.8179,48.8179
910.0,-520.0,1043.7994,43.7994
910.0,-510.0,1038.8529,38.8529
910.0,-500.0,1033.9795,33.9795
910.0,-490.0,1029.1802,29.1802
910.0,-480.0,1024.456,24.456
910.0,-470.0,1019.808,19.808
910.0,-460.0,1015.2372,15.2372
910.0,-450.0,1010.7447,10.7447
910.0,-440.0,1006.3315,6.3315
910.0,-430.0,1001.9987,1.9987
910.0,-420.0,997.7473,-2.2527
910.0,-410.0,993.5784,-6.4216
910.0,-400.0,989.4929,-10.5071
910.0,-390.0,985.492,-14.508
910.0,-380.0,981.5766,-18.4234
910.0,-370.0,977.7479,-22.2521
910.0,-360.0,974.0068,-25.9932
910.0,-350.0,970.3543,-29.6457
910.0,-340.0,966.7915,-33.2085
910.0,-330.0,963.3193,-36.6807
910.0,-320.0,959.9387,-40.0613
910.0,-310.0,956.6507,-43.3493
910.0,-300.0,953.4562,-46.5438
910.0,-290.0,950.3562,-49.6438
910.0,-280.0,947.3517,-52.6483
910.0,-270.0,944.4435,-55.5565
910.0,-260.0,941.6325,-58.3675
910.0,-250.0,938.9196,-61.0804
910.0,-240.0,936.3057,-63.6943
910.0,-230.0,933.7915,-66.2085
910.0,-220.0,931.3779,-68.6221
910.0,-210.0,929.0657,-70.9343
910.0,-200.0,926.8556,-73.1444
910.0,-190.0,924.7484,-75.2516
910.0,-180.0,922.7447,-77.2553
910.0,-170.0,920.8453,-79.1547
910.0,-160.0,919.0508,-80.9492
910.0,-150.0,917.3617,-82.6383
910.0,-140.0,915.7788,-84.2212
910.0,-130.0,914.3025,-85.6975
910.0,-120.0,912.9334,-87.0666
910.0,-110.0,911.6719,-88.3281
910.0,-100.0,910.5184,-89.4816
910.0,-90.0,909.4735,-90.5265
910.0,-80.0,908.5375,-91.4625
910.0,-70.0,907.7106,-92.2894
910.0,-60.0,906.9933,-93.0067
910.0,-50.0,906.3857,-93.6143
910.0,-40.0,905.8882,-94.1118
910.0,-30.0,905.5008,-94.4992
910.0,-20.0,905.2237,-94.7763
910.0,-10.0,905.057,-94.943
910.0,0.0,905.0008,-94.9992
910.0,10.0,905.057,-94.943
910.0,20.0,905.2237,-94.7763
910.0,30.0,905.5008,-94.4992
910.0,40.0,905.8882,-94.1118
910.0,50.0,906.3857,-93.6143
910.0,60.0,906.9933,-93.0067
910.0,70.0,907.7106,-92.2894
910.0,80.0,908.5375,-91.4625
910.0,90.0,909.4735,-90.5265
910.0,100.0,910.5184,-89.4816
910.0,110.0,911.6719,-88.3281
910.0,120.0,912.9334,-87.0666
910.0,130.0,914.3025,-85.6975
910.0,140.0,915.7788,-84.2212
910.0,150.0,917.3617,-82.6383
910.0,160.0,919.0508,-80.9492
910.0,170.0,920.8453,-79.1547
910.0,180.0,922.7447,-77.2553
910.0,190.0,924.7484,-75.2516
910.0,200.0,926.8556,-73.1444
910.0,210.0,929.0657,-70.9343
910.0,220.0,931.3779,-68.6221
910.0,230.0,933.7915,-66.2085
910.0,240.0,936.3057,-63.6943
910.0,250.0,938.9196,-61.0804
910.0,260.0,941.6325,-58.3675
910.0,270.0,944.4435,-55.5565
910.0,280.0,947.3517,-52.6483
910.0,290.0,950.3562,-49.6438
910.0,300.0,953.4562,-46.5438
910.0,310.0,956.6507,-43.3493
910.0,320.0,959.9387,-40.0613
910.0,330.0,963.3193,-36.6807
910.0,340.0,966.7915,-33.2085
910.0,350.0,970.3543,-29.6457
910.0,360.0,974.0068,-25.9932
910.0,370.0,977.7479,-22.2521
910.0,380.0,981.5766,-18.4234
910.0,390.0,985.492,-14.508
910.0,400.0,989.4929,-10.5071
910.0,410.0,993.5784,-6.4216
910.0,420.0,997.7473,-2.2527
910.0,430.0,1001.9987,1.9987
910.0,440.0,1006.3315,6.3315
910.0,450.0,1010.7447,10.7447
910.0,460.0,1015.2372,15.2372
910.0,470.0,1019.808,19.808
910.0,480.0,1024.456,24.456
910.0,490.0,1029.1802,29.1802
910.0,500.0,1033.9795,33.9795
910.0,510.0,1038.8529,38.8529
910.0,520.0,1043.7994,43.7994
910.0,530.0,1048.8179,48.8179
910.0,540.0,1053.9073,53.9073
910.0,550.0,1059.0667,59.0667
910.0,560.0,1064.2951,64.2951
910.0,570.0,1069.5914,69.5914
910.0,580.0,1074.9547,74.9547
910.0,590.0,1080.3839,80.3839
910.0,600.0,1085.878,85.878
910.0,610.0,1091.4361,91.4361
910.0,620.0,1097.0572,97.0572
910.0,630.0,1102.7404,102.7404
910.0,640.0,1108.4846,108.4846
910.0,650.0,1114.2889,114.2889
910.0,660.0,1120.1525,120.1525
910.0,670.0,1126.0743,126.0743
910.0,680.0,1132.0535,132.0535
910.0,690.0,1138.0891,138.0891
910.0,700.0,1144.1803,144.1803
910.0,710.0,1150.3262,150.3262
910.0,720.0,1156.5259,156.5259
910.0,730.0,1162.7785,162.7785
910.0,740.0,1169.0832,169.0832
910.0,750.0,1175.4392,175.4392
910.0,760.0,1181.8456,181.8456
910.0,770.0,1188.3016,188.3016
910.0,780.0,1194.8065,194.8065
910.0,790.0,1201.3593,201.3593
910.0,800.0,1207.9594,207.9594
910.0,810.0,1214.606,214.606
910.0,820.0,1221.2983,221.2983
910.0,830.0,1228.0355,228.0355
910.0,840.0,1234.817,234.817
910.0,850.0,1241.6419,241.6419
910.0,860.0,1248.5097,248.5097
910.0,870.0,1255.4195,255.4195
910.0,880.0,1262.3708,262.3708
910.0,890.0,1269.3627,269.3627
910.0,900.0,1276.3947,276.3947
910.0,910.0,1283.4661,283.4661
910.0,920.0,1290.5762,290.5762
910.0,930.0,1297.7244,297.7244
910.0,940.0,1304.9101,304.9101
910.0,950.0,1312.1327,312.1327
910.0,960.0,1319.3915,319.3915
910.0,970.0,1326.686,326.686
910.0,980.0,1334.0155,334.0155
910.0,990.0,1341.3796,341.3796
910.0,1000.0,1348.7776,348.7776
920.0,-1000.0,1355.5076,355.5076
920.0,-990.0,1348.1466,348.1466
920.0,-980.0,1340.8197,340.8197
920.0,-970.0,1333.5275,333.5275
920.0,-960.0,1326.2707,326.2707
920.0,-950.0,1319.0497,319.0497
920.0,-940.0,1311.8653,311.8653
920.0,-930.0,1304.7179,304.7179
920.0,-920.0,1297.6082,297.6082
920.0,-910.0,1290.5368,290.5368
920.0,-900.0,1283.5044,283.5044
920.0,-890.0,1276.5115,276.5115
920.0,-880.0,1269.559,269.559
920.0,-870.0,1262.6473,262.6473
920.0,-860.0,1255.7772,255.7772
920.0,-850.0,1248.9495,248.9495
920.0,-840.0,1242.1646,242.1646
920.0,-830.0,1235.4235,235.4235
920.0,-820.0,1228.7268,228.7268
920.0,-810.0,1222.0752,222.0752
920.0,-800.0,1215.4695,215.4695
920.0,-790.0,1208.9104,208.9104
920.0,-780.0,1202.3987,202.3987
920.0,-770.0,1195.9351,195.9351
920.0,-760.0,1189.5205,189.5205
920.0,-750.0,1183.1557,183.1557
920.0,-740.0,1176.8413,176.8413
920.0,-730.0,1170.5784,170.5784
920.0,-720.0,1164.3677,164.3677
920.0,-710.0,1158.21,158.21
920.0,-700.0,1152.1061,152.1061
920.0,-690.0,1146.0571,146.0571
920.0,-680.0,1140.0636,140.0636
920.0,-670.0,1134.1267,134.1267
920.0,-660.0,1128.2471,128.2471
920.0,-650.0,1122.4259,122.4259
920.0,-640.0,1116.6638,116.6638
920.0,-630.0,1110.9619,110.9619
920.0,-620.0,1105.321,105.321
920.0,-610.0,1099.7422,99.7422
920.0,-600.0,1094.2263,94.2263
920.0,-590.0,1088.7743,88.7743
920.0,-580.0,1083.3871,83.3871
920.0,-570.0,1078.0658,78.0658
920.0,-560.0,1072.8113,72.8113
920.0,-550.0,1067.6246,67.6246
920.0,-540.0,1062.5068,62.5068
920.0,-530.0,1057.4587,57.4587
920.0,-520.0,1052.4814,52.4814
920.0,-510.0,1047.576,47.576
920.0,-500.0,1042.7433,42.7433
920.0,-490.0,1037.9845,37.9845
920.0,-480.0,1033.3006,33.3006
920.0,-470.0,1028.6926,28.6926
920.0,-460.0,1024.1615,24.1615
920.0,-450.0,1019.7083,19.7083
920.0,-440.0,1015.334,15.334
920.0,-430.0,1011.0398,11.0398
920.0,-420.0,1006.8265,6.8265
920.0,-410.0,1002.6953,2.6953
920.0,-400.0,998.6472,-1.3528
920.0,-390.0,994.6831,-5.3169
920.0,-380.0,990.8041,-9.1959
920.0,-370.0,987.0111,-12.9889
920.0,-360.0,983.3053,-16.6947
920.0,-350.0,979.6874,-20.3126
920.0,-340.0,976.1587,-23.8413
920.0,-330.0,972.7199,-27.2801
920.0,-320.0,969.3721,-30.6279
920.0,-310.0,966.1162,-33.8838
920.0,-300.0,962.9531,-37.0469
920.0,-290.0,959.8839,-40.1161
920.0,-280.0,956.9092,-43.0908
920.0,-270.0,954.0301,-45.9699
920.0,-260.0,951.2475,-48.7525
920.0,-250.0,948.5621,-51.4379
920.0,-240.0,945.9748,-54.0252
920.0,-230.0,943.4864,-56.5136
920.0,-220.0,941.0977,-58.9023
920.0,-210.0,938.8094,-61.1906
920.0,-200.0,936.6223,-63.3777
920.0,-190.0,934.5371,-65.4629
920.0,-180.0,932.5545,-67.4455
920.0,-170.0,930.6751,-69.3249
920.0,-160.0,928.8995,-71.1005
920.0,-150.0,927.2284,-72.7716
920.0,-140.0,925.6624,-74.3376
920.0,-130.0,924.2019,-75.7981
920.0,-120.0,922.8474,-77.1526
920.0,-110.0,921.5995,-78.4005
920.0,-100.0,920.4585,-79.5415
920.0,-90.0,919.4249,-80.5751
920.0,-80.0,918.499,-81.501
920.0,-70.0,917.6811,-82.3189
920.0,-60.0,916.9716,-83.0284
920.0,-50.0,916.3706,-83.6294
920.0,-40.0,915.8785,-84.1215
920.0,-30.0,915.4953,-84.5047
920.0,-20.0,915.2212,-84.7788
920.0,-10.0,915.0564,-84.9436
920.0,0.0,915.0008,-84.9992
920.0,10.0,915.0564,-84.9436
920.0,20.0,915.2212,-84.7788
920.0,30.0,915.4953,-84.5047
920.0,40.0,915.8785,-84.1215
920.0,50.0,916.3706,-83.6294
920.0,60.0,916.9716,-83.0284
920.0,70.0,917.6811,-82.3189
920.0,80.0,918.499,-81.501
920.0,90.0,919.4249,-80.5751
920.0,100.0,920.4585,-79.5415
920.0,110.0,921.5995,-78.4005
920.0,120.0,922.8474,-77.1526
920.0,130.0,924.2019,-75.7981
920.0,140.0,925.6624,-74.3376
920.0,150.0,927.2284,-72.7716
920.0,160.0,928.8995,-71.1005
920.0,170.0,930.6751,-69.3249
920.0,180.0,932.5545,-67.4455
920.0,190.0,934.5371,-65.4629
920.0,200.0,936.6223,-63.3777
920.0,210.0,938.8094,-61.1906
920.0,220.0,941.0977,-58.9023
920.0,230.0,943.4864,-56.5136
920.0,240.0,945.9748,-54.0252
920.0,250.0,948.5621,-51.4379
920.0,260.0,951.2475,-48.7525
920.0,270.0,954.0301,-45.9699
920.0,280.0,956.9092,-43.0908
920.0,290.0,959.8839,-40.1161
920.0,300.0,962.9531,-37.0469
920.0,310.0,966.1162,-33.8838
920.0,320.0,969.3721,-30.6279
920.0,330.0,972.7199,-27.2801
920.0,340.0,976.1587,-23.8413
920.0,350.0,979.6874,-20.3126
920.0,360.0,983.3053,-16.6947
920.0,370.0,987.0111,-12.9889
920.0,380.0,990.8041,-9.1959
920.0,390.0,994.6831,-5.3169
920.0,400.0,998.6472,-1.3528
920.0,410.0,1002.6953,2.6953
920.0,420.0,1006.8265,6.8265
920.0,430.0,1011.0398,11.0398
920.0,440.0,1015.334,15.334
920.0,450.0,1019.7083,19.7083
920.0,460.0,1024.1615,24.1615
920.0,470.0,1028.6926,28.6926
920.0,480.0,1033.3006,33.3006
920.0,490.0,1037.9845,37.9845
920.0,500.0,1042.7433,42.7433
920.0,510.0,1047.576,47.576
920.0,520.0,1052.4814,52.4814
920.0,530.0,1057.4587,57.4587
920.0,540.0,1062.5068,62.5068
920.0,550.0,1067.6246,67.6246
920.0,560.0,1072.8113,72.8113
920.0,570.0,1078.0658,78.0658
920.0,580.0,1083.3871,83.3871
920.0,590.0,1088.7743,88.7743
920.0,600.0,1094.2263,94.2263
920.0,610.0,1099.7422,99.7422
920.0,620.0,1105.321,105.321
920.0,630.0,1110.9619,110.9619
920.0,640.0,1116.6638,116.6638
920.0,650.0,1122.4259,122.4259
920.0,660.0,1128.2471,128.2471
920.0,670.0,1134.1267,134.1267
920.0,680.0,1140.0636,140.0636
920.0,690.0,1146.0571,146.0571
920.0,700.0,1152.1061,152.1061
920.0,710.0,1158.21,158.21
920.0,720.0,1164.3677,164.3677
920.0,730.0,1170.5784,170.5784
920.0,740.0,1176.8413,176.8413
920.0,750.0,1183.1557,183.1557
920.0,760.0,1189.5205,189.5205
920.0,770.0,1195.9351,195.9351
920.0,780.0,1202.3987,202.3987
920.0,790.0,1208.9104,208.9104
920.0,800.0,1215.4695,215.4695
920.0,810.0,1222.0752,222.0752
920.0,820.0,1228.7268,228.7268
920.0,830.0,1235.4235,235.4235
920.0,840.0,1242.1646,242.1646
920.0,850.0,1248.9495,248.9495
920.0,860.0,1255.7772,255.7772
920.0,870.0,1262.6473,262.6473
920.0,880.0,1269.559,269.559
920.0,890.0,1276.5115,276.5115
920.0,900.0,1283.5044,283.5044
920.0,910.0,1290.5368,290.5368
920.0,920.0,1297.6082,297.6082
920.0,930.0,1304.7179,304.7179
920.0,940.0,1311.8653,311.8653
920.0,950.0,1319.0497,319.0497
920.0,960.0,1326.2707,326.2707
920.0,970.0,1333.5275,333.5275
920.0,980.0,1340.8197,340.8197
920.0,990.0,1348.1466,348.1466
920.0,1000.0,1355.5076,355.5076
930.0,-1000.0,1362.2778,362.2778
930.0,-990.0,1354.9536,354.9536
930.0,-980.0,1347.6637,347.6637
930.0,-970.0,1340.4088,340.4088
930.0,-960.0,1333.1894,333.1894
930.0,-950.0,1326.0061,326.0061
930.0,-940.0,1318.8595,318.8595
930.0,-930.0,1311.7503,311.7503
930.0,-920.0,1304.6789,304.6789
930.0,-910.0,1297.646,297.646
930.0,-900.0,1290.6523,290.6523
930.0,-890.0,1283.6985,283.6985
930.0,-880.0,1276.785,276.785
930.0,-870.0,1269.9127,269.9127
930.0,-860.0,1263.0821,263.0821
930.0,-850.0,1256.2941,256.2941
930.0,-840.0,1249.5491,249.5491
930.0,-830.0,1242.848,242.848
930.0,-820.0,1236.1915,236.1915
930.0,-810.0,1229.5803,229.5803
930.0,-800.0,1223.0151,223.0151
930.0,-790.0,1216.4967,216.4967
930.0,-780.0,1210.0258,210.0258
930.0,-770.0,1203.6033,203.6033
930.0,-760.0,1197.2297,197.2297
930.0,-750.0,1190.9061,190.9061
930.0,-740.0,1184.6331,184.6331
930.0,-730.0,1178.4116,178.4116
930.0,-720.0,1172.2423,172.2423
930.0,-710.0,1166.1262,166.1262
930.0,-700.0,1160.064,160.064
930.0,-690.0,1154.0567,154.0567
930.0,-680.0,1148.105,148.105
930.0,-670.0,1142.2099,142.2099
930.0,-660.0,1136.3721,136.3721
930.0,-650.0,1130.5927,130.5927
930.0,-640.0,1124.8725,124.8725
930.0,-630.0,1119.2124,119.2124
930.0,-620.0,1113.6133,113.6133
930.0,-610.0,1108.0762,108.0762
930.0,-600.0,1102.602,102.602
930.0,-590.0,1097.1916,97.1916
930.0,-580.0,1091.846,91.846
930.0,-570.0,1086.5661,86.5661
930.0,-560.0,1081.3529,81.3529
930.0,-550.0,1076.2074,76.2074
930.0,-540.0,1071.1306,71.1306
930.0,-530.0,1066.1233,66.1233
930.0,-520.0,1061.1867,61.1867
930.0,-510.0,1056.3216,56.3216
930.0,-500.0,1051.5292,51.5292
930.0,-490.0,1046.8104,46.8104
930.0,-480.0,1042.1661,42.1661
930.0,-470.0,1037.5974,37.5974
930.0,-460.0,1033.1054,33.1054
930.0,-450.0,1028.6909,28.6909
930.0,-440.0,1024.355,24.355
930.0,-430.0,1020.0988,20.0988
930.0,-420.0,1015.9231,15.9231
930.0,-410.0,1011.829,11.829
930.0,-400.0,1007.8176,7.8176
930.0,-390.0,1003.8897,3.8897
930.0,-380.0,1000.0464,0.0464
930.0,-370.0,996.2886,-3.7114
930.0,-360.0,992.6174,-7.3826
930.0,-350.0,989.0336,-10.9664
930.0,-340.0,985.5383,-14.4617
930.0,-330.0,982.1324,-17.8676
930.0,-320.0,978.8168,-21.1832
930.0,-310.0,975.5924,-24.4076
930.0,-300.0,972.4602,-27.5398
930.0,-290.0,969.421,-30.579
930.0,-280.0,966.4757,-33.5243
930.0,-270.0,963.6252,-36.3748
930.0,-260.0,960.8703,-39.1297
930.0,-250.0,958.2119,-41.7881
930.0,-240.0,955.6507,-44.3493
930.0,-230.0,953.1876,-46.8124
930.0,-220.0,950.8232,-49.1768
930.0,-210.0,948.5584,-51.4416
930.0,-200.0,946.3939,-53.6061
930.0,-190.0,944.3302,-55.6698
930.0,-180.0,942.3682,-57.6318
930.0,-170.0,940.5084,-59.4916
930.0,-160.0,938.7515,-61.2485
930.0,-150.0,937.098,-62.902
930.0,-140.0,935.5484,-64.4516
930.0,-130.0,934.1034,-65.8966
930.0,-120.0,932.7633,-67.2367
930.0,-110.0,931.5286,-68.4714
930.0,-100.0,930.3998,-69.6002
930.0,-90.0,929.3773,-70.6227
930.0,-80.0,928.4613,-71.5387
930.0,-70.0,927.6522,-72.3478
930.0,-60.0,926.9503,-73.0497
930.0,-50.0,926.3558,-73.6442
930.0,-40.0,925.869,-74.131
930.0,-30.0,925.49,-74.51
930.0,-20.0,925.2188,-74.7812
930.0,-10.0,925.0558,-74.9442
930.0,0.0,925.0008,-74.9992
930.0,10.0,925.0558,-74.9442
930.0,20.0,925.2188,-74.7812
930.0,30.0,925.49,-74.51
930.0,40.0,925.869,-74.131
930.0,50.0,926.3558,-73.6442
930.0,60.0,926.9503,-73.0497
930.0,70.0,927.6522,-72.3478
930.0,80.0,928.4613,-71.5387
930.0,90.0,929.3773,-70.6227
930.0,100.0,930.3998,-69.6002
930.0,110.0,931.5286,-68.4714
930.0,120.0,932.7633,-67.2367
930.0,130.0,934.1034,-65.8966
930.0,140.0,935.5484,-64.4516
930.0,150.0,937.098,-62.902
930.0,160.0,938.7515,-61.2485
930.0,170.0,940.5084,-59.4916
930.0,180.0,942.3682,-57.6318
930.0,190.0,944.3302,-55.6698
930.0,200.0,946.3939,-53.6061
930.0,210.0,948.5584,-51.4416
930.0,220.0,950.8232,-49.1768
930.0,230.0,953.1876,-46.8124
930.0,240.0,955.6507,-44.3493
930.0,250.0,958.2119,-41.7881
930.0,260.0,960.8703,-39.1297
930.0,270.0,963.6252,-36.3748
930.0,280.0,966.4757,-33.5243
930.0,290.0,969.421,-30.579
930.0,300.0,972.4602,-27.5398
930.0,310.0,975.5924,-24.4076
930.0,320.0,978.8168,-21.1832
930.0,330.0,982.1324,-17.8676
930.0,340.0,985.5383,-14.4617
930.0,350.0,989.0336,-10.9664
930.0,360.0,992.6174,-7.3826
930.0,370.0,996.2886,-3.7114
930.0,380.0,1000.0464,0.0464
930.0,390.0,1003.8897,3.8897
930.0,400.0,1007.8176,7.8176
930.0,410.0,1011.829,11.829
930.0,420.0,1015.9231,15.9231
930.0,430.0,1020.0988,20.0988
930.0,440.0,1024.355,24.355
930.0,450.0,1028.6909,28.6909
930.0,460.0,1033.1054,33.1054
930.0,470.0,1037.5974,37.5974
930.0,480.0,1042.1661,42.1661
930.0,490.0,1046.8104,46.8104
930.0,500.0,1051.5292,51.5292
930.0,510.0,1056.3216,56.3216
930.0,520.0,1061.1867,61.1867
930.0,530.0,1066.1233,66.1233
930.0,540.0,1071.1306,71.1306
930.0,550.0,1076.2074,76.2074
930.0,560.0,1081.3529,81.3529
930.0,570.0,1086.5661,86.5661
930.0,580.0,1091.846,91.846
930.0,590.0,1097.1916,97.1916
930.0,600.0,1102.602,102.602
930.0,610.0,1108.0762,108.0762
930.0,620.0,1113.6133,113.6133
930.0,630.0,1119.2124,119.2124
930.0,640.0,1124.8725,124.8725
930.0,650.0,1130.5927,130.5927
930.0,660.0,1136.3721,136.3721
930.0,670.0,1142.2099,142.2099
930.0,680.0,1148.105,148.105
930.0,690.0,1154.0567,154.0567
930.0,700.0,1160.064,160.064
930.0,710.0,1166.1262,166.1262
930.0,720.0,1172.2423,172.2423
930.0,730.0,1178.4116,178.4116
930.0,740.0,1184.6331,184.6331
930.0,750.0,1190.9061,190.9061
930.0,760.0,1197.2297,197.2297
930.0,770.0,1203.6033,203.6033
930.0,780.0,1210.0258,210.0258
930.0,790.0,1216.4967,216.4967
930.0,800.0,1223.0151,223.0151
930.0,810.0,1229.5803,229.5803
930.0,820.0,1236.1915,236.1915
930.0,830.0,1242.848,242.848
930.0,840.0,1249.5491,249.5491
930.0,850.0,1256.2941,256.2941
930.0,860.0,1263.0821,263.0821
930.0,870.0,1269.9127,269.9127
930.0,880.0,1276.785,276.785
930.0,890.0,1283.6985,283.6985
930.0,900.0,1290.6523,290.6523
930.0,910.0,1297.646,297.646
930.0,920.0,1304.6789,304.6789
930.0,930.0,1311.7503,311.7503
930.0,940.0,1318.8595,318.8595
930.0,950.0,1326.0061,326.0061
930.0,960.0,1333.1894,333.1894
930.0,970.0,1340.4088,340.4088
930.0,980.0,1347.6637,347.6637
930.0,990.0,1354.9536,354.9536
930.0,1000.0,1362.2778,362.2778
940.0,-1000.0,1369.0876,369.0876
940.0,-990.0,1361.8,361.8
940.0,-980.0,1354.547,354.547
940.0,-970.0,1347.3291,347.3291
940.0,-960.0,1340.147,340.147
940.0,-950.0,1333.0012,333.0012
940.0,-940.0,1325.8923,325.8923
940.0,-930.0,1318.821,318.821
940.0,-920.0,1311.7877,311.7877
940.0,-910.0,1304.7932,304.7932
940.0,-900.0,1297.838,297.838
940.0,-890.0,1290.9228,290.9228
940.0,-880.0,1284.0483,284.0483
940.0,-870.0,1277.215,277.215
940.0,-860.0,1270.4238,270.4238
940.0,-850.0,1263.6751,263.6751
940.0,-840.0,1256.9698,256.9698
940.0,-830.0,1250.3085,250.3085
940.0,-820.0,1243.6919,243.6919
940.0,-810.0,1237.1208,237.1208
940.0,-800.0,1230.5958,230.5958
940.0,-790.0,1224.1178,224.1178
940.0,-780.0,1217.6874,217.6874
940.0,-770.0,1211.3054,211.3054
940.0,-760.0,1204.9726,204.9726
940.0,-750.0,1198.6898,198.6898
940.0,-740.0,1192.4578,192.4578
940.0,-730.0,1186.2773,186.2773
940.0,-720.0,1180.1492,180.1492
940.0,-710.0,1174.0742,174.0742
940.0,-700.0,1168.0533,168.0533
940.0,-690.0,1162.0873,162.0873
940.0,-680.0,1156.1769,156.1769
940.0,-670.0,1150.3232,150.3232
940.0,-660.0,1144.5268,144.5268
940.0,-650.0,1138.7888,138.7888
940.0,-640.0,1133.1099,133.1099
940.0,-630.0,1127.4912,127.4912
940.0,-620.0,1121.9334,121.9334
940.0,-610.0,1116.4376,116.4376
940.0,-600.0,1111.0046,111.0046
940.0,-590.0,1105.6353,105.6353
940.0,-580.0,1100.3307,100.3307
940.0,-570.0,1095.0917,95.0917
940.0,-560.0,1089.9193,89.9193
940.0,-550.0,1084.8145,84.8145
940.0,-540.0,1079.7781,79.7781
940.0,-530.0,1074.8111,74.8111
940.0,-520.0,1069.9146,69.9146
940.0,-510.0,1065.0894,65.0894
940.0,-500.0,1060.3366,60.3366
940.0,-490.0,1055.6571,55.6571
940.0,-480.0,1051.052,51.052
940.0,-470.0,1046.5221,46.5221
940.0,-460.0,1042.0685,42.0685
940.0,-450.0,1037.6921,37.6921
940.0,-440.0,1033.394,33.394
940.0,-430.0,1029.1751,29.1751
940.0,-420.0,1025.0365,25.0365
940.0,-410.0,1020.9789,20.9789
940.0,-400.0,1017.0036,17.0036
940.0,-390.0,1013.1113,13.1113
940.0,-380.0,1009.3031,9.3031
940.0,-370.0,1005.5799,5.5799
940.0,-360.0,1001.9427,1.9427
940.0,-350.0,998.3925,-1.6075
940.0,-340.0,994.93,-5.07
940.0,-330.0,991.5564,-8.4436
940.0,-320.0,988.2724,-11.7276
940.0,-310.0,985.0789,-14.9211
940.0,-300.0,981.977,-18.023
940.0,-290.0,978.9673,-21.0327
940.0,-280.0,976.0509,-23.9491
940.0,-270.0,973.2284,-26.7716
940.0,-260.0,970.5008,-29.4992
940.0,-250.0,967.8688,-32.1312
940.0,-240.0,965.3333,-34.6667
940.0,-230.0,962.8949,-37.1051
940.0,-220.0,960.5544,-39.4456
940.0,-210.0,958.3126,-41.6874
940.0,-200.0,956.1701,-43.8299
940.0,-190.0,954.1277,-45.8723
940.0,-180.0,952.1858,-47.8142
940.0,-170.0,950.3453,-49.6547
940.0,-160.0,948.6065,-51.3935
940.0,-150.0,946.9702,-53.0298
940.0,-140.0,945.4369,-54.5631
940.0,-130.0,944.0069,-55.9931
940.0,-120.0,942.681,-57.319
940.0,-110.0,941.4593,-58.5407
940.0,-100.0,940.3424,-59.6576
940.0,-90.0,939.3307,-60.6693
940.0,-80.0,938.4244,-61.5756
940.0,-70.0,937.6239,-62.3761
940.0,-60.0,936.9295,-63.0705
940.0,-50.0,936.3414,-63.6586
940.0,-40.0,935.8597,-64.1403
940.0,-30.0,935.4847,-64.5153
940.0,-20.0,935.2165,-64.7835
940.0,-10.0,935.0552,-64.9448
940.0,0.0,935.0008,-64.9992
940.0,10.0,935.0552,-64.9448
940.0,20.0,935.2165,-64.7835
940.0,30.0,935.4847,-64.5153
940.0,40.0,935.8597,-64.1403
940.0,50.0,936.3414,-63.6586
940.0,60.0,936.9295,-63.0705
940.0,70.0,937.6239,-62.3761
940.0,80.0,938.4244,-61.5756
940.0,90.0,939.3307,-60.6693
940.0,100.0,940.3424,-59.6576
940.0,110.0,941.4593,-58.5407
940.0,120.0,942.681,-57.319
940.0,130.0,944.0069,-55.9931
940.0,140.0,945.4369,-54.5631
940.0,150.0,946.9702,-53.0298
940.0,160.0,948.6065,-51.3935
940.0,170.0,950.3453,-49.6547
940.0,180.0,952.1858,-47.8142
940.0,190.0,954.1277,-45.8723
940.0,200.0,956.1701,-43.8299
940.0,210.0,958.3126,-41.6874
940.0,220.0,960.5544,-39.4456
940.0,230.0,962.8949,-37.1051
940.0,240.0,965.3333,-34.6667
940.0,250.0,967.8688,-32.1312
940.0,260.0,970.5008,-29.4992
940.0,270.0,973.2284,-26.7716
940.0,280.0,976.0509,-23.9491
940.0,290.0,978.9673,-21.0327
940.0,300.0,981.977,-18.023
940.0,310.0,985.0789,-14.9211
940.0,320.0,988.2724,-11.7276
940.0,330.0,991.5564,-8.4436
940.0,340.0,994.93,-5.07
940.0,350.0,998.3925,-1.6075
940.0,360.0,1001.9427,1.9427
940.0,370.0,1005.5799,5.5799
940.0,380.0,1009.3031,9.3031
940.0,390.0,1013.1113,13.1113
940.0,400.0,1017.0036,17.0036
940.0,410.0,1020.9789,20.9789
940.0,420.0,1025.0365,25.0365
940.0,430.0,1029.1751,29.1751
940.0,440.0,1033.394,33.394
940.0,450.0,1037.6921,37.6921
940.0,460.0,1042.0685,42.0685
940.0,470.0,1046.5221,46.5221
940.0,480.0,1051.052,51.052
940.0,490.0,1055.6571,55.6571
940.0,500.0,1060.3366,60.3366
940.0,510.0,1065.0894,65.0894
940.0,520.0,1069.9146,69.9146
940.0,530.0,1074.8111,74.8111
940.0,540.0,1079.7781,79.7781
940.0,550.0,1084.8145,84.8145
940.0,560.0,1089.9193,89.9193
940.0,570.0,1095.0917,95.0917
940.0,580.0,1100.3307,100.3307
940.0,590.0,1105.6353,105.6353
940.0,600.0,1111.0046,111.0046
940.0,610.0,1116.4376,116.4376
940.0,620.0,1121.9334,121.9334
940.0,630.0,1127.4912,127.4912
940.0,640.0,1133.1099,133.1099
940.0,650.0,1138.7888,138.7888
940.0,660.0,1144.5268,144.5268
940.0,670.0,1150.3232,150.3232
940.0,680.0,1156.1769,156.1769
940.0,690.0,1162.0873,162.0873
940.0,700.0,1168.0533,168.0533
940.0,710.0,1174.0742,174.0742
940.0,720.0,1180.1492,180.1492
940.0,730.0,1186.2773,186.2773
940.0,740.0,1192.4578,192.4578
940.0,750.0,1198.6898,198.6898
940.0,760.0,1204.9726,204.9726
940.0,770.0,1211.3054,211.3054
940.0,780.0,1217.6874,217.6874
940.0,790.0,1224.1178,224.1178
940.0,800.0,1230.5958,230.5958
940.0,810.0,1237.1208,237.1208
940.0,820.0,1243.6919,243.6919
940.0,830.0,1250.3085,250.3085
940.0,840.0,1256.9698,256.9698
940.0,850.0,1263.6751,263.6751
940.0,860.0,1270.4238,270.4238
940.0,870.0,1277.215,277.215
940.0,880.0,1284.0483,284.0483
940.0,890.0,1290.9228,290.9228
940.0,900.0,1297.838,297.838
940.0,910.0,1304.7932,304.7932
940.0,920.0,1311.7877,311.7877
940.0,930.0,1318.821,318.821
940.0,940.0,1325.8923,325.8923
940.0,950.0,1333.0012,333.0012
940.0,960.0,1340.147,340.147
940.0,970.0,1347.3291,347.3291
940.0,980.0,1354.547,354.547
940.0,990.0,1361.8,361.8
940.0,1000.0,1369.0876,369.0876
950.0,-1000.0,1375.9364,375.9364
950.0,-990.0,1368.6852,368.6852
950.0,-980.0,1361.4689,361.4689
950.0,-970.0,1354.2879,354.2879
950.0,-960.0,1347.1429,347.1429
950.0,-950.0,1340.0344,340.0344
950.0,-940.0,1332.9631,332.9631
950.0,-930.0,1325.9294,325.9294
950.0,-920.0,1318.934,318.934
950.0,-910.0,1311.9776,311.9776
950.0,-900.0,1305.0607,305.0607
950.0,-890.0,1298.184,298.184
950.0,-880.0,1291.3481,291.3481
950.0,-870.0,1284.5537,284.5537
950.0,-860.0,1277.8014,277.8014
950.0,-850.0,1271.092,271.092
950.0,-840.0,1264.426,264.426
950.0,-830.0,1257.8042,257.8042
950.0,-820.0,1251.2272,251.2272
950.0,-810.0,1244.6959,244.6959
950.0,-800.0,1238.2108,238.2108
950.0,-790.0,1231.7728,231.7728
950.0,-780.0,1225.3826,225.3826
950.0,-770.0,1219.0409,219.0409
950.0,-760.0,1212.7486,212.7486
950.0,-750.0,1206.5063,206.5063
950.0,-740.0,1200.3148,200.3148
950.0,-730.0,1194.175,194.175
950.0,-720.0,1188.0876,188.0876
950.0,-710.0,1182.0535,182.0535
950.0,-700.0,1176.0734,176.0734
950.0,-690.0,1170.1482,170.1482
950.0,-680.0,1164.2788,164.2788
950.0,-670.0,1158.466,158.466
950.0,-660.0,1152.7106,152.7106
950.0,-650.0,1147.0135,147.0135
950.0,-640.0,1141.3755,141.3755
950.0,-630.0,1135.7977,135.7977
950.0,-620.0,1130.2808,130.2808
950.0,-610.0,1124.8257,124.8257
950.0,-600.0,1119.4334,119.4334
950.0,-590.0,1114.1048,114.1048
950.0,-580.0,1108.8407,108.8407
950.0,-570.0,1103.6421,103.6421
950.0,-560.0,1098.51,98.51
950.0,-550.0,1093.4452,93.4452
950.0,-540.0,1088.4488,88.4488
950.0,-530.0,1083.5215,83.5215
950.0,-520.0,1078.6645,78.6645
950.0,-510.0,1073.8787,73.8787
950.0,-500.0,1069.165,69.165
950.0,-490.0,1064.5243,64.5243
950.0,-480.0,1059.9576,59.9576
950.0,-470.0,1055.466,55.466
950.0,-460.0,1051.0503,51.0503
950.0,-450.0,1046.7115,46.7115
950.0,-440.0,1042.4506,42.4506
950.0,-430.0,1038.2685,38.2685
950.0,-420.0,1034.1662,34.1662
950.0,-410.0,1030.1447,30.1447
950.0,-400.0,1026.2048,26.2048
950.0,-390.0,1022.3475,22.3475
950.0,-380.0,1018.5739,18.5739
950.0,-370.0,1014.8847,14.8847
950.0,-360.0,1011.281,11.281
950.0,-350.0,1007.7636,7.7636
950.0,-340.0,1004.3335,4.3335
950.0,-330.0,1000.9915,0.9915
950.0,-320.0,997.7386,-2.2614
950.0,-310.0,994.5756,-5.4244
950.0,-300.0,991.5033,-8.4967
950.0,-290.0,988.5227,-11.4773
950.0,-280.0,985.6345,-14.3655
950.0,-270.0,982.8395,-17.1605
950.0,-260.0,980.1387,-19.8613
950.0,-250.0,977.5326,-22.4674
950.0,-240.0,975.0222,-24.9778
950.0,-230.0,972.6081,-27.3919
950.0,-220.0,970.2911,-29.7089
950.0,-210.0,968.0718,-31.9282
950.0,-200.0,965.951,-34.049
950.0,-190.0,963.9293,-36.0707
950.0,-180.0,962.0072,-37.9928
950.0,-170.0,960.1855,-39.8145
950.0,-160.0,958.4646,-41.5354
950.0,-150.0,956.8451,-43.1549
950.0,-140.0,955.3276,-44.6724
950.0,-130.0,953.9125,-46.0875
950.0,-120.0,952.6003,-47.3997
950.0,-110.0,951.3914,-48.6086
950.0,-100.0,950.2862,-49.7138
950.0,-90.0,949.2851,-50.7149
950.0,-80.0,948.3883,-51.6117
950.0,-70.0,947.5963,-52.4037
950.0,-60.0,946.9091,-53.0909
950.0,-50.0,946.3272,-53.6728
950.0,-40.0,945.8506,-54.1494
950.0,-30.0,945.4796,-54.5204
950.0,-20.0,945.2142,-54.7858
950.0,-10.0,945.0546,-54.9454
950.0,0.0,945.0008,-54.9992
950.0,10.0,945.0546,-54.9454
950.0,20.0,945.2142,-54.7858
950.0,30.0,945.4796,-54.5204
950.0,40.0,945.8506,-54.1494
950.0,50.0,946.3272,-53.6728
950.0,60.0,946.9091,-53.0909
950.0,70.0,947.5963,-52.4037
950.0,80.0,948.3883,-51.6117
950.0,90.0,949.2851,-50.7149
950.0,100.0,950.2862,-49.7138
950.0,110.0,951.3914,-48.6086
950.0,120.0,952.6003,-47.3997
950.0,130.0,953.9125,-46.0875
950.0,140.0,955.3276,-44.6724
950.0,150.0,956.8451,-43.1549
950.0,160.0,958.4646,-41.5354
950.0,170.0,960.1855,-39.8145
950.0,180.0,962.0072,-37.9928
950.0,190.0,963.9293,-36.0707
950.0,200.0,965.951,-34.049
950.0,210.0,968.0718,-31.9282
950.0,220.0,970.2911,-29.7089
950.0,230.0,972.6081,-27.3919
950.0,240.0,975.0222,-24.9778
950.0,250.0,977.5326,-22.4674
950.0,260.0,980.1387,-19.8613
950.0,270.0,982.8395,-17.1605
950.0,280.0,985.6345,-14.3655
950.0,290.0,988.5227,-11.4773
950.0,300.0,991.5033,-8.4967
950.0,310.0,994.5756,-5.4244
950.0,320.0,997.7386,-2.2614
950.0,330.0,1000.9915,0.9915
950.0,340.0,1004.3335,4.3335
950.0,350.0,1007.7636,7.7636
950.0,360.0,1011.281,11.281
950.0,370.0,1014.8847,14.8847
950.0,380.0,1018.5739,18.5739
950.0,390.0,1022.3475,22.3475
950.0,400.0,1026.2048,26.2048
950.0,410.0,1030.1447,30.1447
950.0,420.0,1034.1662,34.1662
950.0,430.0,1038.2685,38.2685
950.0,440.0,1042.4506,42.4506
950.0,450.0,1046.7115,46.7115
950.0,460.0,1051.0503,51.0503
950.0,470.0,1055.466,55.466
950.0,480.0,1059.9576,59.9576
950.0,490.0,1064.5243,64.5243
950.0,500.0,1069.165,69.165
950.0,510.0,1073.8787,73.8787
950.0,520.0,1078.6645,78.6645
950.0,530.0,1083.5215,83.5215
950.0,540.0,1088.4488,88.4488
950.0,550.0,1093.4452,93.4452
950.0,560.0,1098.51,98.51
950.0,570.0,1103.6421,103.6421
950.0,580.0,1108.8407,108.8407
950.0,590.0,1114.1048,114.1048
950.0,600.0,1119.4334,119.4334
950.0,610.0,1124.8257,124.8257
950.0,620.0,1130.2808,130.2808
950.0,630.0,1135.7977,135.7977
950.0,640.0,1141.3755,141.3755
950.0,650.0,1147.0135,147.0135
950.0,660.0,1152.7106,152.7106
950.0,670.0,1158.466,158.466
950.0,680.0,1164.2788,164.2788
950.0,690.0,1170.1482,170.1482
950.0,700.0,1176.0734,176.0734
950.0,710.0,1182.0535,182.0535
950.0,720.0,1188.0876,188.0876
950.0,730.0,1194.175,194.175
950.0,740.0,1200.3148,200.3148
950.0,750.0,1206.5063,206.5063
950.0,760.0,1212.7486,212.7486
950.0,770.0,1219.0409,219.0409
950.0,780.0,1225.3826,225.3826
950.0,790.0,1231.7728,231.7728
950.0,800.0,1238.2108,238.2108
950.0,810.0,1244.6959,244.6959
950.0,820.0,1251.2272,251.2272
950.0,830.0,1257.8042,257.8042
950.0,840.0,1264.426,264.426
950.0,850.0,1271.092,271.092
950.0,860.0,1277.8014,277.8014
950.0,870.0,1284.5537,284.5537
950.0,880.0,1291.3481,291.3481
950.0,890.0,1298.184,298.184
950.0,900.0,1305.0607,305.0607
950.0,910.0,1311.9776,311.9776
950.0,920.0,1318.934,318.934
950.0,930.0,1325.9294,325.9294
950.0,940.0,1332.9631,332.9631
950.0,950.0,1340.0344,340.0344
950.0,960.0,1347.1429,347.1429
950.0,970.0,1354.2879,354.2879
950.0,980.0,1361.4689,361.4689
950.0,990.0,1368.6852,368.6852
950.0,1000.0,1375.9364,375.9364
960.0,-1000.0,1382.8236,382.8236
960.0,-990.0,1375.6087,375.6087
960.0,-980.0,1368.4288,368.4288
960.0,-970.0,1361.2846,361.2846
960.0,-960.0,1354.1765,354.1765
960.0,-950.0,1347.1051,347.1051
960.0,-940.0,1340.0711,340.0711
960.0,-930.0,1333.0749,333.0749
960.0,-920.0,1326.1173,326.1173
960.0,-910.0,1319.1987,319.1987
960.0,-900.0,1312.3199,312.3199
960.0,-890.0,1305.4814,305.4814
960.0,-880.0,1298.684,298.684
960.0,-870.0,1291.9281,291.9281
960.0,-860.0,1285.2146,285.2146
960.0,-850.0,1278.544,278.544
960.0,-840.0,1271.9171,271.9171
960.0,-830.0,1265.3345,265.3345
960.0,-820.0,1258.7969,258.7969
960.0,-810.0,1252.305,252.305
960.0,-800.0,1245.8596,245.8596
960.0,-790.0,1239.4613,239.4613
960.0,-780.0,1233.1109,233.1109
960.0,-770.0,1226.8092,226.8092
960.0,-760.0,1220.5569,220.5569
960.0,-750.0,1214.3547,214.3547
960.0,-740.0,1208.2035,208.2035
960.0,-730.0,1202.1039,202.1039
960.0,-720.0,1196.0569,196.0569
960.0,-710.0,1190.0632,190.0632
960.0,-700.0,1184.1236,184.1236
960.0,-690.0,1178.2389,178.2389
960.0,-680.0,1172.41,172.41
960.0,-670.0,1166.6376,166.6376
960.0,-660.0,1160.9228,160.9228
960.0,-650.0,1155.2662,155.2662
960.0,-640.0,1149.6687,149.6687
960.0,-630.0,1144.1313,144.1313
960.0,-620.0,1138.6548,138.6548
960.0,-610.0,1133.24,133.24
960.0,-600.0,1127.8879,127.8879
960.0,-590.0,1122.5994,122.5994
960.0,-580.0,1117.3754,117.3754
960.0,-570.0,1112.2167,112.2167
960.0,-560.0,1107.1243,107.1243
960.0,-550.0,1102.0991,102.0991
960.0,-540.0,1097.1421,97.1421
960.0,-530.0,1092.2541,92.2541
960.0,-520.0,1087.4361,87.4361
960.0,-510.0,1082.689,82.689
960.0,-500.0,1078.0138,78.0138
960.0,-490.0,1073.4114,73.4114
960.0,-480.0,1068.8827,68.8827
960.0,-470.0,1064.4287,64.4287
960.0,-460.0,1060.0503,60.0503
960.0,-450.0,1055.7485,55.7485
960.0,-440.0,1051.5243,51.5243
960.0,-430.0,1047.3784,47.3784
960.0,-420.0,1043.3119,43.3119
960.0,-410.0,1039.3258,39.3258
960.0,-400.0,1035.4208,35.4208
960.0,-390.0,1031.598,31.598
960.0,-380.0,1027.8583,27.8583
960.0,-370.0,1024.2026,24.2026
960.0,-360.0,1020.6318,20.6318
960.0,-350.0,1017.1468,17.1468
960.0,-340.0,1013.7484,13.7484
960.0,-330.0,1010.4376,10.4376
960.0,-320.0,1007.2151,7.2151
960.0,-310.0,1004.082,4.082
960.0,-300.0,1001.0389,1.0389
960.0,-290.0,998.0867,-1.9133
960.0,-280.0,995.2263,-4.7737
960.0,-270.0,992.4584,-7.5416
960.0,-260.0,989.7837,-10.2163
960.0,-250.0,987.2032,-12.7968
960.0,-240.0,984.7174,-15.2826
960.0,-230.0,982.3271,-17.6729
960.0,-220.0,980.0331,-19.9669
960.0,-210.0,977.8359,-22.1641
960.0,-200.0,975.7363,-24.2637
960.0,-190.0,973.7349,-26.2651
960.0,-180.0,971.8322,-28.1678
960.0,-170.0,970.0289,-29.9711
960.0,-160.0,968.3256,-31.6744
960.0,-150.0,966.7226,-33.2774
960.0,-140.0,965.2206,-34.7794
960.0,-130.0,963.8201,-36.1799
960.0,-120.0,962.5214,-37.4786
960.0,-110.0,961.325,-38.675
960.0,-100.0,960.2312,-39.7688
960.0,-90.0,959.2404,-40.7596
960.0,-80.0,958.353,-41.647
960.0,-70.0,957.5692,-42.4308
960.0,-60.0,956.8892,-43.1108
960.0,-50.0,956.3133,-43.6867
960.0,-40.0,955.8417,-44.1583
960.0,-30.0,955.4746,-44.5254
960.0,-20.0,955.212,-44.788
960.0,-10.0,955.054,-44.946
960.0,0.0,955.0008,-44.9992
960.0,10.0,955.054,-44.946
960.0,20.0,955.212,-44.788
960.0,30.0,955.4746,-44.5254
960.0,40.0,955.8417,-44.1583
960.0,50.0,956.3133,-43.6867
960.0,60.0,956.8892,-43.1108
960.0,70.0,957.5692,-42.4308
960.0,80.0,958.353,-41.647
960.0,90.0,959.2404,-40.7596
960.0,100.0,960.2312,-39.7688
960.0,110.0,961.325,-38.675
960.0,120.0,962.5214,-37.4786
960.0,130.0,963.8201,-36.1799
960.0,140.0,965.2206,-34.7794
960.0,150.0,966.7226,-33.2774
960.0,160.0,968.3256,-31.6744
960.0,170.0,970.0289,-29.9711
960.0,180.0,971.8322,-28.1678
960.0,190.0,973.7349,-26.2651
960.0,200.0,975.7363,-24.2637
960.0,210.0,977.8359,-22.1641
960.0,220.0,980.0331,-19.9669
960.0,230.0,982.3271,-17.6729
960.0,240.0,984.7174,-15.2826
960.0,250.0,987.2032,-12.7968
960.0,260.0,989.7837,-10.2163
960.0,270.0,992.4584,-7.5416
960.0,280.0,995.2263,-4.7737
960.0,290.0,998.0867,-1.9133
960.0,300.0,1001.0389,1.0389
960.0,310.0,1004.082,4.082
960.0,320.0,1007.2151,7.2151
960.0,330.0,1010.4376,10.4376
960.0,340.0,1013.7484,13.7484
960.0,350.0,1017.1468,17.1468
960.0,360.0,1020.6318,20.6318
960.0,370.0,1024.2026,24.2026
960.0,380.0,1027.8583,27.8583
960.0,390.0,1031.598,31.598
960.0,400.0,1035.4208,35.4208
960.0,410.0,1039.3258,39.3258
960.0,420.0,1043.3119,43.3119
960.0,430.0,1047.3784,47.3784
960.0,440.0,1051.5243,51.5243
960.0,450.0,1055.7485,55.7485
960.0,460.0,1060.0503,60.0503
960.0,470.0,1064.4287,64.4287
960.0,480.0,1068.8827,68.8827
960.0,490.0,1073.4114,73.4114
960.0,500.0,1078.0138,78.0138
960.0,510.0,1082.689,82.689
960.0,520.0,1087.4361,87.4361
960.0,530.0,1092.2541,92.2541
960.0,540.0,1097.1421,97.1421
960.0,550.0,1102.0991,102.0991
960.0,560.0,1107.1243,107.1243
960.0,570.0,1112.2167,112.2167
960.0,580.0,1117.3754,117.3754
960.0,590.0,1122.5994,122.5994
960.0,600.0,1127.8879,127.8879
960.0,610.0,1133.24,133.24
960.0,620.0,1138.6548,138.6548
960.0,630.0,1144.1313,144.1313
960.0,640.0,1149.6687,149.6687
960.0,650.0,1155.2662,155.2662
960.0,660.0,1160.9228,160.9228
960.0,670.0,1166.6376,166.6376
960.0,680.0,1172.41,172.41
960.0,690.0,1178.2389,178.2389
960.0,700.0,1184.1236,184.1236
960.0,710.0,1190.0632,190.0632
960.0,720.0,1196.0569,196.0569
960.0,730.0,1202.1039,202.1039
960.0,740.0,1208.2035,208.2035
960.0,750.0,1214.3547,214.3547
960.0,760.0,1220.5569,220.5569
960.0,770.0,1226.8092,226.8092
960.0,780.0,1233.1109,233.1109
960.0,790.0,1239.4613,239.4613
960.0,800.0,1245.8596,245.8596
960.0,810.0,1252.305,252.305
960.0,820.0,1258.7969,258.7969
960.0,830.0,1265.3345,265.3345
960.0,840.0,1271.9171,271.9171
960.0,850.0,1278.544,278.544
960.0,860.0,1285.2146,285.2146
960.0,870.0,1291.9281,291.9281
960.0,880.0,1298.684,298.684
960.0,890.0,1305.4814,305.4814
960.0,900.0,1312.3199,312.3199
960.0,910.0,1319.1987,319.1987
960.0,920.0,1326.1173,326.1173
960.0,930.0,1333.0749,333.0749
960.0,940.0,1340.0711,340.0711
960.0,950.0,1347.1051,347.1051
960.0,960.0,1354.1765,354.1765
960.0,970.0,1361.2846,361.2846
960.0,980.0,1368.4288,368.4288
960.0,990.0,1375.6087,375.6087
960.0,1000.0,1382.8236,382.8236
970.0,-1000.0,1389.7485,389.7485
970.0,-990.0,1382.5698,382.5698
970.0,-980.0,1375.4263,375.4263
970.0,-970.0,1368.3186,368.3186
970.0,-960.0,1361.2472,361.2472
970.0,-950.0,1354.2128,354.2128
970.0,-940.0,1347.2158,347.2158
970.0,-930.0,1340.257,340.257
970.0,-920.0,1333.3368,333.3368
970.0,-910.0,1326.4559,326.4559
970.0,-900.0,1319.6149,319.6149
970.0,-890.0,1312.8145,312.8145
970.0,-880.0,1306.0552,306.0552
970.0,-870.0,1299.3376,299.3376
970.0,-860.0,1292.6626,292.6626
970.0,-850.0,1286.0306,286.0306
970.0,-840.0,1279.4425,279.4425
970.0,-830.0,1272.8988,272.8988
970.0,-820.0,1266.4002,266.4002
970.0,-810.0,1259.9476,259.9476
970.0,-800.0,1253.5414,253.5414
970.0,-790.0,1247.1826,247.1826
970.0,-780.0,1240.8717,240.8717
970.0,-770.0,1234.6096,234.6096
970.0,-760.0,1228.397,228.397
970.0,-750.0,1222.2346,222.2346
970.0,-740.0,1216.1232,216.1232
970.0,-730.0,1210.0636,210.0636
970.0,-720.0,1204.0565,204.0565
970.0,-710.0,1198.1028,198.1028
970.0,-700.0,1192.2033,192.2033
970.0,-690.0,1186.3587,186.3587
970.0,-680.0,1180.5698,180.5698
970.0,-670.0,1174.8376,174.8376
970.0,-660.0,1169.1628,169.1628
970.0,-650.0,1163.5463,163.5463
970.0,-640.0,1157.9888,157.9888
970.0,-630.0,1152.4914,152.4914
970.0,-620.0,1147.0548,147.0548
970.0,-610.0,1141.6799,141.6799
970.0,-600.0,1136.3675,136.3675
970.0,-590.0,1131.1187,131.1187
970.0,-580.0,1125.9341,125.9341
970.0,-570.0,1120.8149,120.8149
970.0,-560.0,1115.7617,115.7617
970.0,-550.0,1110.7756,110.7756
970.0,-540.0,1105.8575,105.8575
970.0,-530.0,1101.0082,101.0082
970.0,-520.0,1096.2286,96.2286
970.0,-510.0,1091.5198,91.5198
970.0,-500.0,1086.8826,86.8826
970.0,-490.0,1082.3179,82.3179
970.0,-480.0,1077.8266,77.8266
970.0,-470.0,1073.4098,73.4098
970.0,-460.0,1069.0682,69.0682
970.0,-450.0,1064.8028,64.8028
970.0,-440.0,1060.6146,60.6146
970.0,-430.0,1056.5044,56.5044
970.0,-420.0,1052.4732,52.4732
970.0,-410.0,1048.5218,48.5218
970.0,-400.0,1044.6513,44.6513
970.0,-390.0,1040.8624,40.8624
970.0,-380.0,1037.1561,37.1561
970.0,-370.0,1033.5333,33.5333
970.0,-360.0,1029.9948,29.9948
970.0,-350.0,1026.5416,26.5416
970.0,-340.0,1023.1744,23.1744
970.0,-330.0,1019.8941,19.8941
970.0,-320.0,1016.7017,16.7017
970.0,-310.0,1013.5978,13.5978
970.0,-300.0,1010.5834,10.5834
970.0,-290.0,1007.6592,7.6592
970.0,-280.0,1004.826,4.826
970.0,-270.0,1002.0846,2.0846
970.0,-260.0,999.4358,-0.5642
970.0,-250.0,996.8802,-3.1198
970.0,-240.0,994.4186,-5.5814
970.0,-230.0,992.0517,-7.9483
970.0,-220.0,989.7802,-10.2198
970.0,-210.0,987.6047,-12.3953
970.0,-200.0,985.5259,-14.4741
970.0,-190.0,983.5444,-16.4556
970.0,-180.0,981.6608,-18.3392
970.0,-170.0,979.8756,-20.1244
970.0,-160.0,978.1893,-21.8107
970.0,-150.0,976.6026,-23.3974
970.0,-140.0,975.1158,-24.8842
970.0,-130.0,973.7295,-26.2705
970.0,-120.0,972.444,-27.556
970.0,-110.0,971.2598,-28.7402
970.0,-100.0,970.1773,-29.8227
970.0,-90.0,969.1967,-30.8033
970.0,-80.0,968.3184,-31.6816
970.0,-70.0,967.5426,-32.4574
970.0,-60.0,966.8697,-33.1303
970.0,-50.0,966.2997,-33.7003
970.0,-40.0,965.833,-34.167
970.0,-30.0,965.4697,-34.5303
970.0,-20.0,965.2098,-34.7902
970.0,-10.0,965.0535,-34.9465
970.0,0.0,965.0008,-34.9992
970.0,10.0,965.0535,-34.9465
970.0,20.0,965.2098,-34.7902
970.0,30.0,965.4697,-34.5303
970.0,40.0,965.833,-34.167
970.0,50.0,966.2997,-33.7003
970.0,60.0,966.8697,-33.1303
970.0,70.0,967.5426,-32.4574
970.0,80.0,968.3184,-31.6816
970.0,90.0,969.1967,-30.8033
970.0,100.0,970.1773,-29.8227
970.0,110.0,971.2598,-28.7402
970.0,120.0,972.444,-27.556
970.0,130.0,973.7295,-26.2705
970.0,140.0,975.1158,-24.8842
970.0,150.0,976.6026,-23.3974
970.0,160.0,978.1893,-21.8107
970.0,170.0,979.8756,-20.1244
970.0,180.0,981.6608,-18.3392
970.0,190.0,983.5444,-16.4556
970.0,200.0,985.5259,-14.4741
970.0,210.0,987.6047,-12.3953
970.0,220.0,989.7802,-10.2198
970.0,230.0,992.0517,-7.9483
970.0,240.0,994.4186,-5.5814
970.0,250.0,996.8802,-3.1198
970.0,260.0,999.4358,-0.5642
970.0,270.0,1002.0846,2.0846
970.0,280.0,1004.826,4.826
970.0,290.0,1007.6592,7.6592
970.0,300.0,1010.5834,10.5834
970.0,310.0,1013.5978,13.5978
970.0,320.0,1016.7017,16.7017
970.0,330.0,1019.8941,19.8941
970.0,340.0,1023.1744,23.1744
970.0,350.0,1026.5416,26.5416
970.0,360.0,1029.9948,29.9948
970.0,370.0,1033.5333,33.5333
970.0,380.0,1037.1561,37.1561
970.0,390.0,1040.8624,40.8624
970.0,400.0,1044.6513,44.6513
970.0,410.0,1048.5218,48.5218
970.0,420.0,1052.4732,52.4732
970.0,430.0,1056.5044,56.5044
970.0,440.0,1060.6146,60.6146
970.0,450.0,1064.8028,64.8028
970.0,460.0,1069.0682,69.0682
970.0,470.0,1073.4098,73.4098
970.0,480.0,1077.8266,77.8266
970.0,490.0,1082.3179,82.3179
970.0,500.0,1086.8826,86.8826
970.0,510.0,1091.5198,91.5198
970.0,520.0,1096.2286,96.2286
970.0,530.0,1101.0082,101.0082
970.0,540.0,1105.8575,105.8575
970.0,550.0,1110.7756,110.7756
970.0,560.0,1115.7617,115.7617
970.0,570.0,1120.8149,120.8149
970.0,580.0,1125.9341,125.9341
970.0,590.0,1131.1187,131.1187
970.0,600.0,1136.3675,136.3675
970.0,610.0,1141.6799,141.6799
970.0,620.0,1147.0548,147.0548
970.0,630.0,1152.4914,152.4914
970.0,640.0,1157.9888,157.9888
970.0,650.0,1163.5463,163.5463
970.0,660.0,1169.1628,169.1628
970.0,670.0,1174.8376,174.8376
970.0,680.0,1180.5698,180.5698
970.0,690.0,1186.3587,186.3587
970.0,700.0,1192.2033,192.2033
970.0,710.0,1198.1028,198.1028
970.0,720.0,1204.0565,204.0565
970.0,730.0,1210.0636,210.0636
970.0,740.0,1216.1232,216.1232
970.0,750.0,1222.2346,222.2346
970.0,760.0,1228.397,228.397
970.0,770.0,1234.6096,234.6096
970.0,780.0,1240.8717,240.8717
970.0,790.0,1247.1826,247.1826
970.0,800.0,1253.5414,253.5414
970.0,810.0,1259.9476,259.9476
970.0,820.0,1266.4002,266.4002
970.0,830.0,1272.8988,272.8988
970.0,840.0,1279.4425,279.4425
970.0,850.0,1286.0306,286.0306
970.0,860.0,1292.6626,292.6626
970.0,870.0,1299.3376,299.3376
970.0,880.0,1306.0552,306.0552
970.0,890.0,1312.8145,312.8145
970.0,900.0,1319.6149,319.6149
970.0,910.0,1326.4559,326.4559
970.0,920.0,1333.3368,333.3368
970.0,930.0,1340.257,340.257
970.0,940.0,1347.2158,347.2158
970.0,950.0,1354.2128,354.2128
970.0,960.0,1361.2472,361.2472
970.0,970.0,1368.3186,368.3186
970.0,980.0,1375.4263,375.4263
970.0,990.0,1382.5698,382.5698
970.0,1000.0,1389.7485,389.7485
980.0,-1000.0,1396.7108,396.7108
980.0,-990.0,1389.568,389.568
980.0,-980.0,1382.4607,382.4607
980.0,-970.0,1375.3893,375.3893
980.0,-960.0,1368.3545,368.3545
980.0,-950.0,1361.3568,361.3568
980.0,-940.0,1354.3967,354.3967
980.0,-930.0,1347.475,347.475
980.0,-920.0,1340.5921,340.5921
980.0,-910.0,1333.7486,333.7486
980.0,-900.0,1326.9452,326.9452
980.0,-890.0,1320.1825,320.1825
980.0,-880.0,1313.4611,313.4611
980.0,-870.0,1306.7817,306.7817
980.0,-860.0,1300.1448,300.1448
980.0,-850.0,1293.5513,293.5513
980.0,-840.0,1287.0016,287.0016
980.0,-830.0,1280.4965,280.4965
980.0,-820.0,1274.0367,274.0367
980.0,-810.0,1267.6229,267.6229
980.0,-800.0,1261.2558,261.2558
980.0,-790.0,1254.936,254.936
980.0,-780.0,1248.6643,248.6643
980.0,-770.0,1242.4415,242.4415
980.0,-760.0,1236.2682,236.2682
980.0,-750.0,1230.1453,230.1453
980.0,-740.0,1224.0734,224.0734
980.0,-730.0,1218.0533,218.0533
980.0,-720.0,1212.0859,212.0859
980.0,-710.0,1206.1718,206.1718
980.0,-700.0,1200.3119,200.3119
980.0,-690.0,1194.507,194.507
980.0,-680.0,1188.7578,188.7578
980.0,-670.0,1183.0653,183.0653
980.0,-660.0,1177.4301,177.4301
980.0,-650.0,1171.8532,171.8532
980.0,-640.0,1166.3354,166.3354
980.0,-630.0,1160.8774,160.8774
980.0,-620.0,1155.4803,155.4803
980.0,-610.0,1150.1448,150.1448
980.0,-600.0,1144.8717,144.8717
980.0,-590.0,1139.662,139.662
980.0,-580.0,1134.5165,134.5165
980.0,-570.0,1129.4361,129.4361
980.0,-560.0,1124.4217,124.4217
980.0,-550.0,1119.4742,119.4742
980.0,-540.0,1114.5944,114.5944
980.0,-530.0,1109.7833,109.7833
980.0,-520.0,1105.0417,105.0417
980.0,-510.0,1100.3706,100.3706
980.0,-500.0,1095.7708,95.7708
980.0,-490.0,1091.2433,91.2433
980.0,-480.0,1086.789,86.789
980.0,-470.0,1082.4087,82.4087
980.0,-460.0,1078.1033,78.1033
980.0,-450.0,1073.8738,73.8738
980.0,-440.0,1069.7211,69.7211
980.0,-430.0,1065.6461,65.6461
980.0,-420.0,1061.6496,61.6496
980.0,-410.0,1057.7325,57.7325
980.0,-400.0,1053.8958,53.8958
980.0,-390.0,1050.1403,50.1403
980.0,-380.0,1046.4668,46.4668
980.0,-370.0,1042.8763,42.8763
980.0,-360.0,1039.3697,39.3697
980.0,-350.0,1035.9477,35.9477
980.0,-340.0,1032.6112,32.6112
980.0,-330.0,1029.361,29.361
980.0,-320.0,1026.198,26.198
980.0,-310.0,1023.123,23.123
980.0,-300.0,1020.1367,20.1367
980.0,-290.0,1017.2399,17.2399
980.0,-280.0,1014.4335,14.4335
980.0,-270.0,1011.7181,11.7181
980.0,-260.0,1009.0946,9.0946
980.0,-250.0,1006.5635,6.5635
980.0,-240.0,1004.1257,4.1257
980.0,-230.0,1001.7817,1.7817
980.0,-220.0,999.5323,-0.4677
980.0,-210.0,997.3781,-2.6219
980.0,-200.0,995.3197,-4.6803
980.0,-190.0,993.3578,-6.6422
980.0,-180.0,991.4928,-8.5072
980.0,-170.0,989.7253,-10.2747
980.0,-160.0,988.0559,-11.9441
980.0,-150.0,986.485,-13.515
980.0,-140.0,985.0132,-14.9868
980.0,-130.0,983.6408,-16.3592
980.0,-120.0,982.3683,-17.6317
980.0,-110.0,981.1961,-18.8039
980.0,-100.0,980.1245,-19.8755
980.0,-90.0,979.1538,-20.8462
980.0,-80.0,978.2844,-21.7156
980.0,-70.0,977.5166,-22.4834
980.0,-60.0,976.8505,-23.1495
980.0,-50.0,976.2864,-23.7136
980.0,-40.0,975.8245,-24.1755
980.0,-30.0,975.4649,-24.5351
980.0,-20.0,975.2077,-24.7923
980.0,-10.0,975.0529,-24.9471
980.0,0.0,975.0008,-24.9992
980.0,10.0,975.0529,-24.9471
980.0,20.0,975.2077,-24.7923
980.0,30.0,975.4649,-24.5351
980.0,40.0,975.8245,-24.1755
980.0,50.0,976.2864,-23.7136
980.0,60.0,976.8505,-23.1495
980.0,70.0,977.5166,-22.4834
980.0,80.0,978.2844,-21.7156
980.0,90.0,979.1538,-20.8462
980.0,100.0,980.1245,-19.8755
980.0,110.0,981.1961,-18.8039
980.0,120.0,982.3683,-17.6317
980.0,130.0,983.6408,-16.3592
980.0,140.0,985.0132,-14.9868
980.0,150.0,986.485,-13.515
980.0,160.0,988.0559,-11.9441
980.0,170.0,989.7253,-10.2747
980.0,180.0,991.4928,-8.5072
980.0,190.0,993.3578,-6.6422
980.0,200.0,995.3197,-4.6803
980.0,210.0,997.3781,-2.6219
980.0,220.0,999.5323,-0.4677
980.0,230.0,1001.7817,1.7817
980.0,240.0,1004.1257,4.1257
980.0,250.0,1006.5635,6.5635
980.0,260.0,1009.0946,9.0946
980.0,270.0,1011.7181,11.7181
980.0,280.0,1014.4335,14.4335
980.0,290.0,1017.2399,17.2399
980.0,300.0,1020.1367,20.1367
980.0,310.0,1023.123,23.123
980.0,320.0,1026.198,26.198
980.0,330.0,1029.361,29.361
980.0,340.0,1032.6112,32.6112
980.0,350.0,1035.9477,35.9477
980.0,360.0,1039.3697,39.3697
980.0,370.0,1042.8763,42.8763
980.0,380.0,1046.4668,46.4668
980.0,390.0,1050.1403,50.1403
980.0,400.0,1053.8958,53.8958
980.0,410.0,1057.7325,57.7325
980.0,420.0,1061.6496,61.6496
980.0,430.0,1065.6461,65.6461
980.0,440.0,1069.7211,69.7211
980.0,450.0,1073.8738,73.8738
980.0,460.0,1078.1033,78.1033
980.0,470.0,1082.4087,82.4087
980.0,480.0,1086.789,86.789
980.0,490.0,1091.2433,91.2433
980.0,500.0,1095.7708,95.7708
980.0,510.0,1100.3706,100.3706
980.0,520.0,1105.0417,105.0417
980.0,530.0,1109.7833,109.7833
980.0,540.0,1114.5944,114.5944
980.0,550.0,1119.4742,119.4742
980.0,560.0,1124.4217,124.4217
980.0,570.0,1129.4361,129.4361
980.0,580.0,1134.5165,134.5165
980.0,590.0,1139.662,139.662
980.0,600.0,1144.8717,144.8717
980.0,610.0,1150.1448,150.1448
980.0,620.0,1155.4803,155.4803
980.0,630.0,1160.8774,160.8774
980.0,640.0,1166.3354,166.3354
980.0,650.0,1171.8532,171.8532
980.0,660.0,1177.4301,177.4301
980.0,670.0,1183.0653,183.0653
980.0,680.0,1188.7578,188.7578
980.0,690.0,1194.507,194.507
980.0,700.0,1200.3119,200.3119
980.0,710.0,1206.1718,206.1718
980.0,720.0,1212.0859,212.0859
980.0,730.0,1218.0533,218.0533
980.0,740.0,1224.0734,224.0734
980.0,750.0,1230.1453,230.1453
980.0,760.0,1236.2682,236.2682
980.0,770.0,1242.4415,242.4415
980.0,780.0,1248.6643,248.6643
980.0,790.0,1254.936,254.936
980.0,800.0,1261.2558,261.2558
980.0,810.0,1267.6229,267.6229
980.0,820.0,1274.0367,274.0367
980.0,830.0,1280.4965,280.4965
980.0,840.0,1287.0016,287.0016
980.0,850.0,1293.5513,293.5513
980.0,860.0,1300.1448,300.1448
980.0,870.0,1306.7817,306.7817
980.0,880.0,1313.4611,313.4611
980.0,890.0,1320.1825,320.1825
980.0,900.0,1326.9452,326.9452
980.0,910.0,1333.7486,333.7486
980.0,920.0,1340.5921,340.5921
980.0,930.0,1347.475,347.475
980.0,940.0,1354.3967,354.3967
980.0,950.0,1361.3568,361.3568
980.0,960.0,1368.3545,368.3545
980.0,970.0,1375.3893,375.3893
980.0,980.0,1382.4607,382.4607
980.0,990.0,1389.568,389.568
980.0,1000.0,1396.7108,396.7108
990.0,-1000.0,1403.7097,403.7097
990.0,-990.0,1396.6028,396.6028
990.0,-980.0,1389.5314,389.5314
990.0,-970.0,1382.4962,382.4962
990.0,-960.0,1375.4977,375.4977
990.0,-950.0,1368.5366,368.5366
990.0,-940.0,1361.6132,361.6132
990.0,-930.0,1354.7283,354.7283
990.0,-920.0,1347.8824,347.8824
990.0,-910.0,1341.0762,341.0762
990.0,-900.0,1334.3102,334.3102
990.0,-890.0,1327.585,327.585
990.0,-880.0,1320.9012,320.9012
990.0,-870.0,1314.2596,314.2596
990.0,-860.0,1307.6607,307.6607
990.0,-850.0,1301.1052,301.1052
990.0,-840.0,1294.5938,294.5938
990.0,-830.0,1288.1271,288.1271
990.0,-820.0,1281.7057,281.7057
990.0,-810.0,1275.3305,275.3305
990.0,-800.0,1269.002,269.002
990.0,-790.0,1262.721,262.721
990.0,-780.0,1256.4882,256.4882
990.0,-770.0,1250.3043,250.3043
990.0,-760.0,1244.1701,244.1701
990.0,-750.0,1238.0862,238.0862
990.0,-740.0,1232.0534,232.0534
990.0,-730.0,1226.0726,226.0726
990.0,-720.0,1220.1443,220.1443
990.0,-710.0,1214.2695,214.2695
990.0,-700.0,1208.4489,208.4489
990.0,-690.0,1202.6832,202.6832
990.0,-680.0,1196.9733,196.9733
990.0,-670.0,1191.32,191.32
990.0,-660.0,1185.7241,185.7241
990.0,-650.0,1180.1864,180.1864
990.0,-640.0,1174.7077,174.7077
990.0,-630.0,1169.2889,169.2889
990.0,-620.0,1163.9307,163.9307
990.0,-610.0,1158.6341,158.6341
990.0,-600.0,1153.3999,153.3999
990.0,-590.0,1148.2288,148.2288
990.0,-580.0,1143.1219,143.1219
990.0,-570.0,1138.08,138.08
990.0,-560.0,1133.1038,133.1038
990.0,-550.0,1128.1944,128.1944
990.0,-540.0,1123.3525,123.3525
990.0,-530.0,1118.579,118.579
990.0,-520.0,1113.8749,113.8749
990.0,-510.0,1109.241,109.241
990.0,-500.0,1104.6781,104.6781
990.0,-490.0,1100.1873,100.1873
990.0,-480.0,1095.7693,95.7693
990.0,-470.0,1091.425,91.425
990.0,-460.0,1087.1554,87.1554
990.0,-450.0,1082.9612,82.9612
990.0,-440.0,1078.8435,78.8435
990.0,-430.0,1074.803,74.803
990.0,-420.0,1070.8407,70.8407
990.0,-410.0,1066.9574,66.9574
990.0,-400.0,1063.1539,63.1539
990.0,-390.0,1059.4312,59.4312
990.0,-380.0,1055.7901,55.7901
990.0,-370.0,1052.2315,52.2315
990.0,-360.0,1048.7561,48.7561
990.0,-350.0,1045.3648,45.3648
990.0,-340.0,1042.0585,42.0585
990.0,-330.0,1038.8379,38.8379
990.0,-320.0,1035.7038,35.7038
990.0,-310.0,1032.6571,32.6571
990.0,-300.0,1029.6984,29.6984
990.0,-290.0,1026.8287,26.8287
990.0,-280.0,1024.0485,24.0485
990.0,-270.0,1021.3587,21.3587
990.0,-260.0,1018.76,18.76
990.0,-250.0,1016.253,16.253
990.0,-240.0,1013.8384,13.8384
990.0,-230.0,1011.517,11.517
990.0,-220.0,1009.2893,9.2893
990.0,-210.0,1007.156,7.156
990.0,-200.0,1005.1176,5.1176
990.0,-190.0,1003.1748,3.1748
990.0,-180.0,1001.3281,1.3281
990.0,-170.0,999.578,-0.422
990.0,-160.0,997.9251,-2.0749
990.0,-150.0,996.3698,-3.6302
990.0,-140.0,994.9125,-5.0875
990.0,-130.0,993.5538,-6.4462
990.0,-120.0,992.294,-7.706
990.0,-110.0,991.1335,-8.8665
990.0,-100.0,990.0727,-9.9273
990.0,-90.0,989.1118,-10.8882
990.0,-80.0,988.2512,-11.7488
990.0,-70.0,987.4911,-12.5089
990.0,-60.0,986.8318,-13.1682
990.0,-50.0,986.2734,-13.7266
990.0,-40.0,985.8162,-14.1838
990.0,-30.0,985.4602,-14.5398
990.0,-20.0,985.2056,-14.7944
990.0,-10.0,985.0524,-14.9476
990.0,0.0,985.0008,-14.9992
990.0,10.0,985.0524,-14.9476
990.0,20.0,985.2056,-14.7944
990.0,30.0,985.4602,-14.5398
990.0,40.0,985.8162,-14.1838
990.0,50.0,986.2734,-13.7266
990.0,60.0,986.8318,-13.1682
990.0,70.0,987.4911,-12.5089
990.0,80.0,988.2512,-11.7488
990.0,90.0,989.1118,-10.8882
990.0,100.0,990.0727,-9.9273
990.0,110.0,991.1335,-8.8665
990.0,120.0,992.294,-7.706
990.0,130.0,993.5538,-6.4462
990.0,140.0,994.9125,-5.0875
990.0,150.0,996.3698,-3.6302
990.0,160.0,997.9251,-2.0749
990.0,170.0,999.578,-0.422
990.0,180.0,1001.3281,1.3281
990.0,190.0,1003.1748,3.1748
990.0,200.0,1005.1176,5.1176
990.0,210.0,1007.156,7.156
990.0,220.0,1009.2893,9.2893
990.0,230.0,1011.517,11.517
990.0,240.0,1013.8384,13.8384
990.0,250.0,1016.253,16.253
990.0,260.0,1018.76,18.76
990.0,270.0,1021.3587,21.3587
990.0,280.0,1024.0485,24.0485
990.0,290.0,1026.8287,26.8287
990.0,300.0,1029.6984,29.6984
990.0,310.0,1032.6571,32.6571
990.0,320.0,1035.7038,35.7038
990.0,330.0,1038.8379,38.8379
990.0,340.0,1042.0585,42.0585
990.0,350.0,1045.3648,45.3648
990.0,360.0,1048.7561,48.7561
990.0,370.0,1052.2315,52.2315
990.0,380.0,1055.7901,55.7901
990.0,390.0,1059.4312,59.4312
990.0,400.0,1063.1539,63.1539
990.0,410.0,1066.9574,66.9574
990.0,420.0,1070.8407,70.8407
990.0,430.0,1074.803,74.803
990.0,440.0,1078.8435,78.8435
990.0,450.0,1082.9612,82.9612
990.0,460.0,1087.1554,87.1554
990.0,470.0,1091.425,91.425
990.0,480.0,1095.7693,95.7693
990.0,490.0,1100.1873,100.1873
990.0,500.0,1104.6781,104.6781
990.0,510.0,1109.241,109.241
990.0,520.0,1113.8749,113.8749
990.0,530.0,1118.579,118.579
990.0,540.0,1123.3525,123.3525
990.0,550.0,1128.1944,128.1944
990.0,560.0,1133.1038,133.1038
990.0,570.0,1138.08,138.08
990.0,580.0,1143.1219,143.1219
990.0,590.0,1148.2288,148.2288
990.0,600.0,1153.3999,153.3999
990.0,610.0,1158.6341,158.6341
990.0,620.0,1163.9307,163.9307
990.0,630.0,1169.2889,169.2889
990.0,640.0,1174.7077,174.7077
990.0,650.0,1180.1864,180.1864
990.0,660.0,1185.7241,185.7241
990.0,670.0,1191.32,191.32
990.0,680.0,1196.9733,196.9733
990.0,690.0,1202.6832,202.6832
990.0,700.0,1208.4489,208.4489
990.0,710.0,1214.2695,214.2695
990.0,720.0,1220.1443,220.1443
990.0,730.0,1226.0726,226.0726
990.0,740.0,1232.0534,232.0534
990.0,750.0,1238.0862,238.0862
990.0,760.0,1244.1701,244.1701
990.0,770.0,1250.3043,250.3043
990.0,780.0,1256.4882,256.4882
990.0,790.0,1262.721,262.721
990.0,800.0,1269.002,269.002
990.0,810.0,1275.3305,275.3305
990.0,820.0,1281.7057,281.7057
990.0,830.0,1288.1271,288.1271
990.0,840.0,1294.5938,294.5938
990.0,850.0,1301.1052,301.1052
990.0,860.0,1307.6607,307.6607
990.0,870.0,1314.2596,314.2596
990.0,880.0,1320.9012,320.9012
990.0,890.0,1327.585,327.585
990.0,900.0,1334.3102,334.3102
990.0,910.0,1341.0762,341.0762
990.0,920.0,1347.8824,347.8824
990.0,930.0,1354.7283,354.7283
990.0,940.0,1361.6132,361.6132
990.0,950.0,1368.5366,368.5366
990.0,960.0,1375.4977,375.4977
990.0,970.0,1382.4962,382.4962
990.0,980.0,1389.5314,389.5314
990.0,990.0,1396.6028,396.6028
990.0,1000.0,1403.7097,403.7097
1000.0,-1000.0,1410.7449,410.7449
1000.0,-990.0,1403.6735,403.6735
1000.0,-980.0,1396.6379,396.6379
1000.0,-970.0,1389.6387,389.6387
1000.0,-960.0,1382.6764,382.6764
1000.0,-950.0,1375.7515,375.7515
1000.0,-940.0,1368.8647,368.8647
1000.0,-930.0,1362.0165,362.0165
1000.0,-920.0,1355.2074,355.2074
1000.0,-910.0,1348.4381,348.4381
1000.0,-900.0,1341.7092,341.7092
1000.0,-890.0,1335.0213,335.0213
1000.0,-880.0,1328.375,328.375
1000.0,-870.0,1321.7709,321.7709
1000.0,-860.0,1315.2097,315.2097
1000.0,-850.0,1308.692,308.692
1000.0,-840.0,1302.2185,302.2185
1000.0,-830.0,1295.7899,295.7899
1000.0,-820.0,1289.4067,289.4067
1000.0,-810.0,1283.0697,283.0697
1000.0,-800.0,1276.7796,276.7796
1000.0,-790.0,1270.5371,270.5371
1000.0,-780.0,1264.3428,264.3428
1000.0,-770.0,1258.1975,258.1975
1000.0,-760.0,1252.1019,252.1019
1000.0,-750.0,1246.0567,246.0567
1000.0,-740.0,1240.0628,240.0628
1000.0,-730.0,1234.1207,234.1207
1000.0,-720.0,1228.2313,228.2313
1000.0,-710.0,1222.3954,222.3954
1000.0,-700.0,1216.6136,216.6136
1000.0,-690.0,1210.8868,210.8868
1000.0,-680.0,1205.2158,205.2158
1000.0,-670.0,1199.6014,199.6014
1000.0,-660.0,1194.0443,194.0443
1000.0,-650.0,1188.5453,188.5453
1000.0,-640.0,1183.1053,183.1053
1000.0,-630.0,1177.7251,177.7251
1000.0,-620.0,1172.4055,172.4055
1000.0,-610.0,1167.1474,167.1474
1000.0,-600.0,1161.9515,161.9515
1000.0,-590.0,1156.8187,156.8187
1000.0,-580.0,1151.7499,151.7499
1000.0,-570.0,1146.7458,146.7458
1000.0,-560.0,1141.8075,141.8075
1000.0,-550.0,1136.9356,136.9356
1000.0,-540.0,1132.1311,132.1311
1000.0,-530.0,1127.3948,127.3948
1000.0,-520.0,1122.7276,122.7276
1000.0,-510.0,1118.1304,118.1304
1000.0,-500.0,1113.604,113.604
1000.0,-490.0,1109.1492,109.1492
1000.0,-480.0,1104.7671,104.7671
1000.0,-470.0,1100.4583,100.4583
1000.0,-460.0,1096.2239,96.2239
1000.0,-450.0,1092.0646,92.0646
1000.0,-440.0,1087.9813,87.9813
1000.0,-430.0,1083.9749,83.9749
1000.0,-420.0,1080.0462,80.0462
1000.0,-410.0,1076.1961,76.1961
1000.0,-400.0,1072.4254,72.4254
1000.0,-390.0,1068.735,68.735
1000.0,-380.0,1065.1257,65.1257
1000.0,-370.0,1061.5984,61.5984
1000.0,-360.0,1058.1537,58.1537
1000.0,-350.0,1054.7927,54.7927
1000.0,-340.0,1051.516,51.516
1000.0,-330.0,1048.3244,48.3244
1000.0,-320.0,1045.2188,45.2188
1000.0,-310.0,1042.1999,42.1999
1000.0,-300.0,1039.2684,39.2684
1000.0,-290.0,1036.4252,36.4252
1000.0,-280.0,1033.6708,33.6708
1000.0,-270.0,1031.0061,31.0061
1000.0,-260.0,1028.4318,28.4318
1000.0,-250.0,1025.9484,25.9484
1000.0,-240.0,1023.5567,23.5567
1000.0,-230.0,1021.2574,21.2574
1000.0,-220.0,1019.051,19.051
1000.0,-210.0,1016.9381,16.9381
1000.0,-200.0,1014.9194,14.9194
1000.0,-190.0,1012.9954,12.9954
1000.0,-180.0,1011.1666,11.1666
1000.0,-170.0,1009.4336,9.4336
1000.0,-160.0,1007.7968,7.7968
1000.0,-150.0,1006.2568,6.2568
1000.0,-140.0,1004.8139,4.8139
1000.0,-130.0,1003.4686,3.4686
1000.0,-120.0,1002.2213,2.2213
1000.0,-110.0,1001.0723,1.0723
1000.0,-100.0,1000.022,0.022
1000.0,-90.0,999.0707,-0.9293
1000.0,-80.0,998.2187,-1.7813
1000.0,-70.0,997.4662,-2.5338
1000.0,-60.0,996.8134,-3.1866
1000.0,-50.0,996.2606,-3.7394
1000.0,-40.0,995.808,-4.192
1000.0,-30.0,995.4556,-4.5444
1000.0,-20.0,995.2035,-4.7965
1000.0,-10.0,995.0519,-4.9481
1000.0,0.0,995.0008,-4.9992
1000.0,10.0,995.0519,-4.9481
1000.0,20.0,995.2035,-4.7965
1000.0,30.0,995.4556,-4.5444
1000.0,40.0,995.808,-4.192
1000.0,50.0,996.2606,-3.7394
1000.0,60.0,996.8134,-3.1866
1000.0,70.0,997.4662,-2.5338
1000.0,80.0,998.2187,-1.7813
1000.0,90.0,999.0707,-0.9293
1000.0,100.0,1000.022,0.022
1000.0,110.0,1001.0723,1.0723
1000.0,120.0,1002.2213,2.2213
1000.0,130.0,1003.4686,3.4686
1000.0,140.0,1004.8139,4.8139
1000.0,150.0,1006.2568,6.2568
1000.0,160.0,1007.7968,7.7968
1000.0,170.0,1009.4336,9.4336
1000.0,180.0,1011.1666,11.1666
1000.0,190.0,1012.9954,12.9954
1000.0,200.0,1014.9194,14.9194
1000.0,210.0,1016.9381,16.9381
1000.0,220.0,1019.051,19.051
1000.0,230.0,1021.2574,21.2574
1000.0,240.0,1023.5567,23.5567
1000.0,250.0,1025.9484,25.9484
1000.0,260.0,1028.4318,28.4318
1000.0,270.0,1031.0061,31.0061
1000.0,280.0,1033.6708,33.6708
1000.0,290.0,1036.4252,36.4252
1000.0,300.0,1039.2684,39.2684
1000.0,310.0,1042.1999,42.1999
1000.0,320.0,1045.2188,45.2188
1000.0,330.0,1048.3244,48.3244
1000.0,340.0,1051.516,51.516
1000.0,350.0,1054.7927,54.7927
1000.0,360.0,1058.1537,58.1537
1000.0,370.0,1061.5984,61.5984
1000.0,380.0,1065.1257,65.1257
1000.0,390.0,1068.735,68.735
1000.0,400.0,1072.4254,72.4254
1000.0,410.0,1076.1961,76.1961
1000.0,420.0,1080.0462,80.0462
1000.0,430.0,1083.9749,83.9749
1000.0,440.0,1087.9813,87.9813
1000.0,450.0,1092.0646,92.0646
1000.0,460.0,1096.2239,96.2239
1000.0,470.0,1100.4583,100.4583
1000.0,480.0,1104.7671,104.7671
1000.0,490.0,1109.1492,109.1492
1000.0,500.0,1113.604,113.604
1000.0,510.0,1118.1304,118.1304
1000.0,520.0,1122.7276,122.7276
1000.0,530.0,1127.3948,127.3948
1000.0,540.0,1132.1311,132.1311
1000.0,550.0,1136.9356,136.9356
1000.0,560.0,1141.8075,141.8075
1000.0,570.0,1146.7458,146.7458
1000.0,580.0,1151.7499,151.7499
1000.0,590.0,1156.8187,156.8187
1000.0,600.0,1161.9515,161.9515
1000.0,610.0,1167.1474,167.1474
1000.0,620.0,1172.4055,172.4055
1000.0,630.0,1177.7251,177.7251
1000.0,640.0,1183.1053,183.1053
1000.0,650.0,1188.5453,188.5453
1000.0,660.0,1194.0443,194.0443
1000.0,670.0,1199.6014,199.6014
1000.0,680.0,1205.2158,205.2158
1000.0,690.0,1210.8868,210.8868
1000.0,700.0,1216.6136,216.6136
1000.0,710.0,1222.3954,222.3954
1000.0,720.0,1228.2313,228.2313
1000.0,730.0,1234.1207,234.1207
1000.0,740.0,1240.0628,240.0628
1000.0,750.0,1246.0567,246.0567
1000.0,760.0,1252.1019,252.1019
1000.0,770.0,1258.1975,258.1975
1000.0,780.0,1264.3428,264.3428
1000.0,790.0,1270.5371,270.5371
1000.0,800.0,1276.7796,276.7796
1000.0,810.0,1283.0697,283.0697
1000.0,820.0,1289.4067,289.4067
1000.0,830.0,1295.7899,295.7899
1000.0,840.0,1302.2185,302.2185
1000.0,850.0,1308.692,308.692
1000.0,860.0,1315.2097,315.2097
1000.0,870.0,1321.7709,321.7709
1000.0,880.0,1328.375,328.375
1000.0,890.0,1335.0213,335.0213
1000.0,900.0,1341.7092,341.7092
1000.0,910.0,1348.4381,348.4381
1000.0,920.0,1355.2074,355.2074
1000.0,930.0,1362.0165,362.0165
1000.0,940.0,1368.8647,368.8647
1000.0,950.0,1375.7515,375.7515
1000.0,960.0,1382.6764,382.6764
1000.0,970.0,1389.6387,389.6387
1000.0,980.0,1396.6379,396.6379
1000.0,990.0,1403.6735,403.6735
1000.0,1000.0,1410.7449,410.7449
1010.0,-1000.0,1417.8156,417.8156
1010.0,-990.0,1410.7797,410.7797
1010.0,-980.0,1403.7797,403.7797
1010.0,-970.0,1396.8163,396.8163
1010.0,-960.0,1389.89,389.89
1010.0,-950.0,1383.0012,383.0012
1010.0,-940.0,1376.1506,376.1506
1010.0,-930.0,1369.3388,369.3388
1010.0,-920.0,1362.5664,362.5664
1010.0,-910.0,1355.8338,355.8338
1010.0,-900.0,1349.1418,349.1418
1010.0,-890.0,1342.4909,342.4909
1010.0,-880.0,1335.8818,335.8818
1010.0,-870.0,1329.315,329.315
1010.0,-860.0,1322.7912,322.7912
1010.0,-850.0,1316.3111,316.3111
1010.0,-840.0,1309.8752,309.8752
1010.0,-830.0,1303.4843,303.4843
1010.0,-820.0,1297.139,297.139
1010.0,-810.0,1290.84,290.84
1010.0,-800.0,1284.5879,284.5879
1010.0,-790.0,1278.3835,278.3835
1010.0,-780.0,1272.2274,272.2274
1010.0,-770.0,1266.1204,266.1204
1010.0,-760.0,1260.0632,260.0632
1010.0,-750.0,1254.0564,254.0564
1010.0,-740.0,1248.1008,248.1008
1010.0,-730.0,1242.1972,242.1972
1010.0,-720.0,1236.3463,236.3463
1010.0,-710.0,1230.5488,230.5488
1010.0,-700.0,1224.8056,224.8056
1010.0,-690.0,1219.1173,219.1173
1010.0,-680.0,1213.4847,213.4847
1010.0,-670.0,1207.9087,207.9087
1010.0,-660.0,1202.39,202.39
1010.0,-650.0,1196.9294,196.9294
1010.0,-640.0,1191.5277,191.5277
1010.0,-630.0,1186.1857,186.1857
1010.0,-620.0,1180.9042,180.9042
1010.0,-610.0,1175.6841,175.6841
1010.0,-600.0,1170.5261,170.5261
1010.0,-590.0,1165.431,165.431
1010.0,-580.0,1160.3998,160.3998
1010.0,-570.0,1155.4333,155.4333
1010.0,-560.0,1150.5322,150.5322
1010.0,-550.0,1145.6974,145.6974
1010.0,-540.0,1140.9298,140.9298
1010.0,-530.0,1136.2302,136.2302
1010.0,-520.0,1131.5994,131.5994
1010.0,-510.0,1127.0384,127.0384
1010.0,-500.0,1122.5479,122.5479
1010.0,-490.0,1118.1288,118.1288
1010.0,-480.0,1113.782,113.782
1010.0,-470.0,1109.5083,109.5083
1010.0,-460.0,1105.3085,105.3085
1010.0,-450.0,1101.1835,101.1835
1010.0,-440.0,1097.1341,97.1341
1010.0,-430.0,1093.1613,93.1613
1010.0,-420.0,1089.2657,89.2657
1010.0,-410.0,1085.4483,85.4483
1010.0,-400.0,1081.7099,81.7099
1010.0,-390.0,1078.0513,78.0513
1010.0,-380.0,1074.4733,74.4733
1010.0,-370.0,1070.9767,70.9767
1010.0,-360.0,1067.5623,67.5623
1010.0,-350.0,1064.231,64.231
1010.0,-340.0,1060.9834,60.9834
1010.0,-330.0,1057.8205,57.8205
1010.0,-320.0,1054.7428,54.7428
1010.0,-310.0,1051.7512,51.7512
1010.0,-300.0,1048.8465,48.8465
1010.0,-290.0,1046.0292,46.0292
1010.0,-280.0,1043.3002,43.3002
1010.0,-270.0,1040.6602,40.6602
1010.0,-260.0,1038.1098,38.1098
1010.0,-250.0,1035.6496,35.6496
1010.0,-240.0,1033.2804,33.2804
1010.0,-230.0,1031.0028,31.0028
1010.0,-220.0,1028.8172,28.8172
1010.0,-210.0,1026.7245,26.7245
1010.0,-200.0,1024.7251,24.7251
1010.0,-190.0,1022.8195,22.8195
1010.0,-180.0,1021.0083,21.0083
1010.0,-170.0,1019.292,19.292
1010.0,-160.0,1017.6711,17.6711
1010.0,-150.0,1016.146,16.146
1010.0,-140.0,1014.7172,14.7172
1010.0,-130.0,1013.385,13.385
1010.0,-120.0,1012.1499,12.1499
1010.0,-110.0,1011.0122,11.0122
1010.0,-100.0,1009.9723,9.9723
1010.0,-90.0,1009.0303,9.0303
1010.0,-80.0,1008.1867,8.1867
1010.0,-70.0,1007.4417,7.4417
1010.0,-60.0,1006.7954,6.7954
1010.0,-50.0,1006.2481,6.2481
1010.0,-40.0,1005.7999,5.7999
1010.0,-30.0,1005.451,5.451
1010.0,-20.0,1005.2015,5.2015
1010.0,-10.0,1005.0514,5.0514
1010.0,0.0,1005.0008,5.0008
1010.0,10.0,1005.0514,5.0514
1010.0,20.0,1005.2015,5.2015
1010.0,30.0,1005.451,5.451
1010.0,40.0,1005.7999,5.7999
1010.0,50.0,1006.2481,6.2481
1010.0,60.0,1006.7954,6.7954
1010.0,70.0,1007.4417,7.4417
1010.0,80.0,1008.1867,8.1867
1010.0,90.0,1009.0303,9.0303
1010.0,100.0,1009.9723,9.9723
1010.0,110.0,1011.0122,11.0122
1010.0,120.0,1012.1499,12.1499
1010.0,130.0,1013.385,13.385
1010.0,140.0,1014.7172,14.7172
1010.0,150.0,1016.146,16.146
1010.0,160.0,1017.6711,17.6711
1010.0,170.0,1019.292,19.292
1010.0,180.0,1021.0083,21.0083
1010.0,190.0,1022.8195,22.8195
1010.0,200.0,1024.7251,24.7251
1010.0,210.0,1026.7245,26.7245
1010.0,220.0,1028.8172,28.8172
1010.0,230.0,1031.0028,31.0028
1010.0,240.0,1033.2804,33.2804
1010.0,250.0,1035.6496,35.6496
1010.0,260.0,1038.1098,38.1098
1010.0,270.0,1040.6602,40.6602
1010.0,280.0,1043.3002,43.3002
1010.0,290.0,1046.0292,46.0292
1010.0,300.0,1048.8465,48.8465
1010.0,310.0,1051.7512,51.7512
1010.0,320.0,1054.7428,54.7428
1010.0,330.0,1057.8205,57.8205
1010.0,340.0,1060.9834,60.9834
1010.0,350.0,1064.231,64.231
1010.0,360.0,1067.5623,67.5623
1010.0,370.0,1070.9767,70.9767
1010.0,380.0,1074.4733,74.4733
1010.0,390.0,1078.0513,78.0513
1010.0,400.0,1081.7099,81.7099
1010.0,410.0,1085.4483,85.4483
1010.0,420.0,1089.2657,89.2657
1010.0,430.0,1093.1613,93.1613
1010.0,440.0,1097.1341,97.1341
1010.0,450.0,1101.1835,101.1835
1010.0,460.0,1105.3085,105.3085
1010.0,470.0,1109.5083,109.5083
1010.0,480.0,1113.782,113.782
1010.0,490.0,1118.1288,118.1288
1010.0,500.0,1122.5479,122.5479
1010.0,510.0,1127.0384,127.0384
1010.0,520.0,1131.5994,131.5994
1010.0,530.0,1136.2302,136.2302
1010.0,540.0,1140.9298,140.9298
1010.0,550.0,1145.6974,145.6974
1010.0,560.0,1150.5322,150.5322
1010.0,570.0,1155.4333,155.4333
1010.0,580.0,1160.3998,160.3998
1010.0,590.0,1165.431,165.431
1010.0,600.0,1170.5261,170.5261
1010.0,610.0,1175.6841,175.6841
1010.0,620.0,1180.9042,180.9042
1010.0,630.0,1186.1857,186.1857
1010.0,640.0,1191.5277,191.5277
1010.0,650.0,1196.9294,196.9294
1010.0,660.0,1202.39,202.39
1010.0,670.0,1207.9087,207.9087
1010.0,680.0,1213.4847,213.4847
1010.0,690.0,1219.1173,219.1173
1010.0,700.0,1224.8056,224.8056
1010.0,710.0,1230.5488,230.5488
1010.0,720.0,1236.3463,236.3463
1010.0,730.0,1242.1972,242.1972
1010.0,740.0,1248.1008,248.1008
1010.0,750.0,1254.0564,254.0564
1010.0,760.0,1260.0632,260.0632
1010.0,770.0,1266.1204,266.1204
1010.0,780.0,1272.2274,272.2274
1010.0,790.0,1278.3835,278.3835
1010.0,800.0,1284.5879,284.5879
1010.0,810.0,1290.84,290.84
1010.0,820.0,1297.139,297.139
1010.0,830.0,1303.4843,303.4843
1010.0,840.0,1309.8752,309.8752
1010.0,850.0,1316.3111,316.3111
1010.0,860.0,1322.7912,322.7912
1010.0,870.0,1329.315,329.315
1010.0,880.0,1335.8818,335.8818
1010.0,890.0,1342.4909,342.4909
1010.0,900.0,1349.1418,349.1418
1010.0,910.0,1355.8338,355.8338
1010.0,920.0,1362.5664,362.5664
1010.0,930.0,1369.3388,369.3388
1010.0,940.0,1376.1506,376.1506
1010.0,950.0,1383.0012,383.0012
1010.0,960.0,1389.89,389.89
1010.0,970.0,1396.8163,396.8163
1010.0,980.0,1403.7797,403.7797
1010.0,990.0,1410.7797,410.7797
1010.0,1000.0,1417.8156,417.8156
1020.0,-1000.0,1424.9214,424.9214
1020.0,-990.0,1417.9208,417.9208
1020.0,-980.0,1410.9563,410.9563
1020.0,-970.0,1404.0284,404.0284
1020.0,-960.0,1397.1378,397.1378
1020.0,-950.0,1390.285,390.285
1020.0,-940.0,1383.4705,383.4705
1020.0,-930.0,1376.6949,376.6949
1020.0,-920.0,1369.9588,369.9588
1020.0,-910.0,1363.2628,363.2628
1020.0,-900.0,1356.6074,356.6074
1020.0,-890.0,1349.9933,349.9933
1020.0,-880.0,1343.4211,343.4211
1020.0,-870.0,1336.8913,336.8913
1020.0,-860.0,1330.4047,330.4047
1020.0,-850.0,1323.9618,323.9618
1020.0,-840.0,1317.5633,317.5633
1020.0,-830.0,1311.2099,311.2099
1020.0,-820.0,1304.9022,304.9022
1020.0,-810.0,1298.6408,298.6408
1020.0,-800.0,1292.4265,292.4265
1020.0,-790.0,1286.2599,286.2599
1020.0,-780.0,1280.1417,280.1417
1020.0,-770.0,1274.0726,274.0726
1020.0,-760.0,1268.0533,268.0533
1020.0,-750.0,1262.0846,262.0846
1020.0,-740.0,1256.1671,256.1671
1020.0,-730.0,1250.3015,250.3015
1020.0,-720.0,1244.4887,244.4887
1020.0,-710.0,1238.7294,238.7294
1020.0,-700.0,1233.0242,233.0242
1020.0,-690.0,1227.374,227.374
1020.0,-680.0,1221.7795,221.7795
1020.0,-670.0,1216.2415,216.2415
1020.0,-660.0,1210.7608,210.7608
1020.0,-650.0,1205.3381,205.3381
1020.0,-640.0,1199.9743,199.9743
1020.0,-630.0,1194.67,194.67
1020.0,-620.0,1189.4262,189.4262
1020.0,-610.0,1184.2436,184.2436
1020.0,-600.0,1179.1231,179.1231
1020.0,-590.0,1174.0654,174.0654
1020.0,-580.0,1169.0713,169.0713
1020.0,-570.0,1164.1418,164.1418
1020.0,-560.0,1159.2775,159.2775
1020.0,-550.0,1154.4793,154.4793
1020.0,-540.0,1149.7481,149.7481
1020.0,-530.0,1145.0847,145.0847
1020.0,-520.0,1140.4899,140.4899
1020.0,-510.0,1135.9646,135.9646
1020.0,-500.0,1131.5095,131.5095
1020.0,-490.0,1127.1256,127.1256
1020.0,-480.0,1122.8136,122.8136
1020.0,-470.0,1118.5744,118.5744
1020.0,-460.0,1114.4087,114.4087
1020.0,-450.0,1110.3176,110.3176
1020.0,-440.0,1106.3017,106.3017
1020.0,-430.0,1102.3618,102.3618
1020.0,-420.0,1098.4989,98.4989
1020.0,-410.0,1094.7137,94.7137
1020.0,-400.0,1091.007,91.007
1020.0,-390.0,1087.3797,87.3797
1020.0,-380.0,1083.8325,83.8325
1020.0,-370.0,1080.3662,80.3662
1020.0,-360.0,1076.9816,76.9816
1020.0,-350.0,1073.6795,73.6795
1020.0,-340.0,1070.4606,70.4606
1020.0,-330.0,1067.3257,67.3257
1020.0,-320.0,1064.2755,64.2755
1020.0,-310.0,1061.3108,61.3108
1020.0,-300.0,1058.4323,58.4323
1020.0,-290.0,1055.6406,55.6406
1020.0,-280.0,1052.9366,52.9366
1020.0,-270.0,1050.3207,50.3207
1020.0,-260.0,1047.7938,47.7938
1020.0,-250.0,1045.3565,45.3565
1020.0,-240.0,1043.0093,43.0093
1020.0,-230.0,1040.7529,40.7529
1020.0,-220.0,1038.588,38.588
1020.0,-210.0,1036.5149,36.5149
1020.0,-200.0,1034.5344,34.5344
1020.0,-190.0,1032.6469,32.6469
1020.0,-180.0,1030.853,30.853
1020.0,-170.0,1029.1532,29.1532
1020.0,-160.0,1027.5478,27.5478
1020.0,-150.0,1026.0374,26.0374
1020.0,-140.0,1024.6224,24.6224
1020.0,-130.0,1023.3031,23.3031
1020.0,-120.0,1022.08,22.08
1020.0,-110.0,1020.9534,20.9534
1020.0,-100.0,1019.9235,19.9235
1020.0,-90.0,1018.9908,18.9908
1020.0,-80.0,1018.1554,18.1554
1020.0,-70.0,1017.4177,17.4177
1020.0,-60.0,1016.7778,16.7778
1020.0,-50.0,1016.2358,16.2358
1020.0,-40.0,1015.7921,15.7921
1020.0,-30.0,1015.4466,15.4466
1020.0,-20.0,1015.1995,15.1995
1020.0,-10.0,1015.0509,15.0509
1020.0,0.0,1015.0008,15.0008
1020.0,10.0,1015.0509,15.0509
1020.0,20.0,1015.1995,15.1995
1020.0,30.0,1015.4466,15.4466
1020.0,40.0,1015.7921,15.7921
1020.0,50.0,1016.2358,16.2358
1020.0,60.0,1016.7778,16.7778
1020.0,70.0,1017.4177,17.4177
1020.0,80.0,1018.1554,18.1554
1020.0,90.0,1018.9908,18.9908
1020.0,100.0,1019.9235,19.9235
1020.0,110.0,1020.9534,20.9534
1020.0,120.0,1022.08,22.08
1020.0,130.0,1023.3031,23.3031
1020.0,140.0,1024.6224,24.6224
1020.0,150.0,1026.0374,26.0374
1020.0,160.0,1027.5478,27.5478
1020.0,170.0,1029.1532,29.1532
1020.0,180.0,1030.853,30.853
1020.0,190.0,1032.6469,32.6469
1020.0,200.0,1034.5344,34.5344
1020.0,210.0,1036.5149,36.5149
1020.0,220.0,1038.588,38.588
1020.0,230.0,1040.7529,40.7529
1020.0,240.0,1043.0093,43.0093
1020.0,250.0,1045.3565,45.3565
1020.0,260.0,1047.7938,47.7938
1020.0,270.0,1050.3207,50.3207
1020.0,280.0,1052.9366,52.9366
1020.0,290.0,1055.6406,55.6406
1020.0,300.0,1058.4323,58.4323
1020.0,310.0,1061.3108,61.3108
1020.0,320.0,1064.2755,64.2755
1020.0,330.0,1067.3257,67.3257
1020.0,340.0,1070.4606,70.4606
1020.0,350.0,1073.6795,73.6795
1020.0,360.0,1076.9816,76.9816
1020.0,370.0,1080.3662,80.3662
1020.0,380.0,1083.8325,83.8325
1020.0,390.0,1087.3797,87.3797
1020.0,400.0,1091.007,91.007
1020.0,410.0,1094.7137,94.7137
1020.0,420.0,1098.4989,98.4989
1020.0,430.0,1102.3618,102.3618
1020.0,440.0,1106.3017,106.3017
1020.0,450.0,1110.3176,110.3176
1020.0,460.0,1114.4087,114.4087
1020.0,470.0,1118.5744,118.5744
1020.0,480.0,1122.8136,122.8136
1020.0,490.0,1127.1256,127.1256
1020.0,500.0,1131.5095,131.5095
1020.0,510.0,1135.9646,135.9646
1020.0,520.0,1140.4899,140.4899
1020.0,530.0,1145.0847,145.0847
1020.0,540.0,1149.7481,149.7481
1020.0,550.0,1154.4793,154.4793
1020.0,560.0,1159.2775,159.2775
1020.0,570.0,1164.1418,164.1418
1020.0,580.0,1169.0713,169.0713
1020.0,590.0,1174.0654,174.0654
1020.0,600.0,1179.1231,179.1231
1020.0,610.0,1184.2436,184.2436
1020.0,620.0,1189.4262,189.4262
1020.0,630.0,1194.67,194.67
1020.0,640.0,1199.9743,199.9743
1020.0,650.0,1205.3381,205.3381
1020.0,660.0,1210.7608,210.7608
1020.0,670.0,1216.2415,216.2415
1020.0,680.0,1221.7795,221.7795
1020.0,690.0,1227.374,227.374
1020.0,700.0,1233.0242,233.0242
1020.0,710.0,1238.7294,238.7294
1020.0,720.0,1244.4887,244.4887
1020.0,730.0,1250.3015,250.3015
1020.0,740.0,1256.1671,256.1671
1020.0,750.0,1262.0846,262.0846
1020.0,760.0,1268.0533,268.0533
1020.0,770.0,1274.0726,274.0726
1020.0,780.0,1280.1417,280.1417
1020.0,790.0,1286.2599,286.2599
1020.0,800.0,1292.4265,292.4265
1020.0,810.0,1298.6408,298.6408
1020.0,820.0,1304.9022,304.9022
1020.0,830.0,1311.2099,311.2099
1020.0,840.0,1317.5633,317.5633
1020.0,850.0,1323.9618,323.9618
1020.0,860.0,1330.4047,330.4047
1020.0,870.0,1336.8913,336.8913
1020.0,880.0,1343.4211,343.4211
1020.0,890.0,1349.9933,349.9933
1020.0,900.0,1356.6074,356.6074
1020.0,910.0,1363.2628,363.2628
1020.0,920.0,1369.9588,369.9588
1020.0,930.0,1376.6949,376.6949
1020.0,940.0,1383.4705,383.4705
1020.0,950.0,1390.285,390.285
1020.0,960.0,1397.1378,397.1378
1020.0,970.0,1404.0284,404.0284
1020.0,980.0,1410.9563,410.9563
1020.0,990.0,1417.9208,417.9208
1020.0,1000.0,1424.9214,424.9214
1030.0,-1000.0,1432.0618,432.0618
1030.0,-990.0,1425.0963,425.0963
1030.0,-980.0,1418.167,418.167
1030.0,-970.0,1411.2746,411.2746
1030.0,-960.0,1404.4195,404.4195
1030.0,-950.0,1397.6024,397.6024
1030.0,-940.0,1390.8237,390.8237
1030.0,-930.0,1384.0841,384.0841
1030.0,-920.0,1377.3842,377.3842
1030.0,-910.0,1370.7244,370.7244
1030.0,-900.0,1364.1054,364.1054
1030.0,-890.0,1357.5279,357.5279
1030.0,-880.0,1350.9923,350.9923
1030.0,-870.0,1344.4993,344.4993
1030.0,-860.0,1338.0496,338.0496
1030.0,-850.0,1331.6437,331.6437
1030.0,-840.0,1325.2823,325.2823
1030.0,-830.0,1318.966,318.966
1030.0,-820.0,1312.6956,312.6956
1030.0,-810.0,1306.4716,306.4716
1030.0,-800.0,1300.2947,300.2947
1030.0,-790.0,1294.1655,294.1655
1030.0,-780.0,1288.0849,288.0849
1030.0,-770.0,1282.0534,282.0534
1030.0,-760.0,1276.0718,276.0718
1030.0,-750.0,1270.1407,270.1407
1030.0,-740.0,1264.2609,264.2609
1030.0,-730.0,1258.4331,258.4331
1030.0,-720.0,1252.6581,252.6581
1030.0,-710.0,1246.9364,246.9364
1030.0,-700.0,1241.269,241.269
1030.0,-690.0,1235.6565,235.6565
1030.0,-680.0,1230.0997,230.0997
1030.0,-670.0,1224.5993,224.5993
1030.0,-660.0,1219.1562,219.1562
1030.0,-650.0,1213.771,213.771
1030.0,-640.0,1208.4446,208.4446
1030.0,-630.0,1203.1777,203.1777
1030.0,-620.0,1197.9711,197.9711
1030.0,-610.0,1192.8256,192.8256
1030.0,-600.0,1187.7421,187.7421
1030.0,-590.0,1182.7212,182.7212
1030.0,-580.0,1177.7639,177.7639
1030.0,-570.0,1172.8709,172.8709
1030.0,-560.0,1168.0429,168.0429
1030.0,-550.0,1163.2809,163.2809
1030.0,-540.0,1158.5857,158.5857
1030.0,-530.0,1153.958,153.958
1030.0,-520.0,1149.3987,149.3987
1030.0,-510.0,1144.9085,144.9085
1030.0,-500.0,1140.4884,140.4884
1030.0,-490.0,1136.1391,136.1391
1030.0,-480.0,1131.8614,131.8614
1030.0,-470.0,1127.6562,127.6562
1030.0,-460.0,1123.5243,123.5243
1030.0,-450.0,1119.4664,119.4664
1030.0,-440.0,1115.4835,115.4835
1030.0,-430.0,1111.5762,111.5762
1030.0,-420.0,1107.7454,107.7454
1030.0,-410.0,1103.9919,103.9919
1030.0,-400.0,1100.3165,100.3165
1030.0,-390.0,1096.7199,96.7199
1030.0,-380.0,1093.203,93.203
1030.0,-370.0,1089.7666,89.7666
1030.0,-360.0,1086.4112,86.4112
1030.0,-350.0,1083.1379,83.1379
1030.0,-340.0,1079.9472,79.9472
1030.0,-330.0,1076.8399,76.8399
1030.0,-320.0,1073.8168,73.8168
1030.0,-310.0,1070.8785,70.8785
1030.0,-300.0,1068.0257,68.0257
1030.0,-290.0,1065.2592,65.2592
1030.0,-280.0,1062.5796,62.5796
1030.0,-270.0,1059.9876,59.9876
1030.0,-260.0,1057.4838,57.4838
1030.0,-250.0,1055.0688,55.0688
1030.0,-240.0,1052.7433,52.7433
1030.0,-230.0,1050.5078,50.5078
1030.0,-220.0,1048.363,48.363
1030.0,-210.0,1046.3093,46.3093
1030.0,-200.0,1044.3474,44.3474
1030.0,-190.0,1042.4777,42.4777
1030.0,-180.0,1040.7007,40.7007
1030.0,-170.0,1039.017,39.017
1030.0,-160.0,1037.4269,37.4269
1030.0,-150.0,1035.9309,35.9309
1030.0,-140.0,1034.5294,34.5294
1030.0,-130.0,1033.2228,33.2228
1030.0,-120.0,1032.0114,32.0114
1030.0,-110.0,1030.8956,30.8956
1030.0,-100.0,1029.8757,29.8757
1030.0,-90.0,1028.952,28.952
1030.0,-80.0,1028.1248,28.1248
1030.0,-70.0,1027.3942,27.3942
1030.0,-60.0,1026.7605,26.7605
1030.0,-50.0,1026.2238,26.2238
1030.0,-40.0,1025.7844,25.7844
1030.0,-30.0,1025.4422,25.4422
1030.0,-20.0,1025.1976,25.1976
1030.0,-10.0,1025.0504,25.0504
1030.0,0.0,1025.0008,25.0008
1030.0,10.0,1025.0504,25.0504
1030.0,20.0,1025.1976,25.1976
1030.0,30.0,1025.4422,25.4422
1030.0,40.0,1025.7844,25.7844
1030.0,50.0,1026.2238,26.2238
1030.0,60.0,1026.7605,26.7605
1030.0,70.0,1027.3942,27.3942
1030.0,80.0,1028.1248,28.1248
1030.0,90.0,1028.952,28.952
1030.0,100.0,1029.8757,29.8757
1030.0,110.0,1030.8956,30.8956
1030.0,120.0,1032.0114,32.0114
1030.0,130.0,1033.2228,33.2228
1030.0,140.0,1034.5294,34.5294
1030.0,150.0,1035.9309,35.9309
1030.0,160.0,1037.4269,37.4269
1030.0,170.0,1039.017,39.017
1030.0,180.0,1040.7007,40.7007
1030.0,190.0,1042.4777,42.4777
1030.0,200.0,1044.3474,44.3474
1030.0,210.0,1046.3093,46.3093
1030.0,220.0,1048.363,48.363
1030.0,230.0,1050.5078,50.5078
1030.0,240.0,1052.7433,52.7433
1030.0,250.0,1055.0688,55.0688
1030.0,260.0,1057.4838,57.4838
1030.0,270.0,1059.9876,59.9876
1030.0,280.0,1062.5796,62.5796
1030.0,290.0,1065.2592,65.2592
1030.0,300.0,1068.0257,68.0257
1030.0,310.0,1070.8785,70.8785
1030.0,320.0,1073.8168,73.8168
1030.0,330.0,1076.8399,76.8399
1030.0,340.0,1079.9472,79.9472
1030.0,350.0,1083.1379,83.1379
1030.0,360.0,1086.4112,86.4112
1030.0,370.0,1089.7666,89.7666
1030.0,380.0,1093.203,93.203
1030.0,390.0,1096.7199,96.7199
1030.0,400.0,1100.3165,100.3165
1030.0,410.0,1103.9919,103.9919
1030.0,420.0,1107.7454,107.7454
1030.0,430.0,1111.5762,111.5762
1030.0,440.0,1115.4835,115.4835
1030.0,450.0,1119.4664,119.4664
1030.0,460.0,1123.5243,123.5243
1030.0,470.0,1127.6562,127.6562
1030.0,480.0,1131.8614,131.8614
1030.0,490.0,1136.1391,136.1391
1030.0,500.0,1140.4884,140.4884
1030.0,510.0,1144.9085,144.9085
1030.0,520.0,1149.3987,149.3987
1030.0,530.0,1153.958,153.958
1030.0,540.0,1158.5857,158.5857
1030.0,550.0,1163.2809,163.2809
1030.0,560.0,1168.0429,168.0429
1030.0,570.0,1172.8709,172.8709
1030.0,580.0,1177.7639,177.7639
1030.0,590.0,1182.7212,182.7212
1030.0,600.0,1187.7421,187.7421
1030.0,610.0,1192.8256,192.8256
1030.0,620.0,1197.9711,197.9711
1030.0,630.0,1203.1777,203.1777
1030.0,640.0,1208.4446,208.4446
1030.0,650.0,1213.771,213.771
1030.0,660.0,1219.1562,219.1562
1030.0,670.0,1224.5993,224.5993
1030.0,680.0,1230.0997,230.0997
1030.0,690.0,1235.6565,235.6565
1030.0,700.0,1241.269,241.269
1030.0,710.0,1246.9364,246.9364
1030.0,720.0,1252.6581,252.6581
1030.0,730.0,1258.4331,258.4331
1030.0,740.0,1264.2609,264.2609
1030.0,750.0,1270.1407,270.1407
1030.0,760.0,1276.0718,276.0718
1030.0,770.0,1282.0534,282.0534
1030.0,780.0,1288.0849,288.0849
1030.0,790.0,1294.1655,294.1655
1030.0,800.0,1300.2947,300.2947
1030.0,810.0,1306.4716,306.4716
1030.0,820.0,1312.6956,312.6956
1030.0,830.0,1318.966,318.966
1030.0,840.0,1325.2823,325.2823
1030.0,850.0,1331.6437,331.6437
1030.0,860.0,1338.0496,338.0496
1030.0,870.0,1344.4993,344.4993
1030.0,880.0,1350.9923,350.9923
1030.0,890.0,1357.5279,357.5279
1030.0,900.0,1364.1054,364.1054
1030.0,910.0,1370.7244,370.7244
1030.0,920.0,1377.3842,377.3842
1030.0,930.0,1384.0841,384.0841
1030.0,940.0,1390.8237,390.8237
1030.0,950.0,1397.6024,397.6024
1030.0,960.0,1404.4195,404.4195
1030.0,970.0,1411.2746,411.2746
1030.0,980.0,1418.167,418.167
1030.0,990.0,1425.0963,425.0963
1030.0,1000.0,1432.0618,432.0618
1040.0,-1000.0,1439.2363,439.2363
1040.0,-990.0,1432.3056,432.3056
1040.0,-980.0,1425.4114,425.4114
1040.0,-970.0,1418.5541,418.5541
1040.0,-960.0,1411.7344,411.7344
1040.0,-950.0,1404.9528,404.9528
1040.0,-940.0,1398.2098,398.2098
1040.0,-930.0,1391.506,391.506
1040.0,-920.0,1384.8419,384.8419
1040.0,-910.0,1378.2182,378.2182
1040.0,-900.0,1371.6354,371.6354
1040.0,-890.0,1365.0941,365.0941
1040.0,-880.0,1358.5949,358.5949
1040.0,-870.0,1352.1385,352.1385
1040.0,-860.0,1345.7253,345.7253
1040.0,-850.0,1339.3562,339.3562
1040.0,-840.0,1333.0316,333.0316
1040.0,-830.0,1326.7522,326.7522
1040.0,-820.0,1320.5187,320.5187
1040.0,-810.0,1314.3317,314.3317
1040.0,-800.0,1308.192,308.192
1040.0,-790.0,1302.1,302.1
1040.0,-780.0,1296.0566,296.0566
1040.0,-770.0,1290.0624,290.0624
1040.0,-760.0,1284.1181,284.1181
1040.0,-750.0,1278.2243,278.2243
1040.0,-740.0,1272.3819,272.3819
1040.0,-730.0,1266.5915,266.5915
1040.0,-720.0,1260.8538,260.8538
1040.0,-710.0,1255.1695,255.1695
1040.0,-700.0,1249.5394,249.5394
1040.0,-690.0,1243.9642,243.9642
1040.0,-680.0,1238.4447,238.4447
1040.0,-670.0,1232.9816,232.9816
1040.0,-660.0,1227.5756,227.5756
1040.0,-650.0,1222.2275,222.2275
1040.0,-640.0,1216.9381,216.9381
1040.0,-630.0,1211.7081,211.7081
1040.0,-620.0,1206.5383,206.5383
1040.0,-610.0,1201.4296,201.4296
1040.0,-600.0,1196.3826,196.3826
1040.0,-590.0,1191.3982,191.3982
1040.0,-580.0,1186.4771,186.4771
1040.0,-570.0,1181.6201,181.6201
1040.0,-560.0,1176.8281,176.8281
1040.0,-550.0,1172.1018,172.1018
1040.0,-540.0,1167.442,167.442
1040.0,-530.0,1162.8496,162.8496
1040.0,-520.0,1158.3252,158.3252
1040.0,-510.0,1153.8698,153.8698
1040.0,-500.0,1149.4842,149.4842
1040.0,-490.0,1145.169,145.169
1040.0,-480.0,1140.9252,140.9252
1040.0,-470.0,1136.7535,136.7535
1040.0,-460.0,1132.6548,132.6548
1040.0,-450.0,1128.6298,128.6298
1040.0,-440.0,1124.6792,124.6792
1040.0,-430.0,1120.804,120.804
1040.0,-420.0,1117.0049,117.0049
1040.0,-410.0,1113.2826,113.2826
1040.0,-400.0,1109.638,109.638
1040.0,-390.0,1106.0717,106.0717
1040.0,-380.0,1102.5846,102.5846
1040.0,-370.0,1099.1775,99.1775
1040.0,-360.0,1095.851,95.851
1040.0,-350.0,1092.6059,92.6059
1040.0,-340.0,1089.4429,89.4429
1040.0,-330.0,1086.3628,86.3628
1040.0,-320.0,1083.3663,83.3663
1040.0,-310.0,1080.4539,80.4539
1040.0,-300.0,1077.6265,77.6265
1040.0,-290.0,1074.8847,74.8847
1040.0,-280.0,1072.2292,72.2292
1040.0,-270.0,1069.6606,69.6606
1040.0,-260.0,1067.1794,67.1794
1040.0,-250.0,1064.7865,64.7865
1040.0,-240.0,1062.4822,62.4822
1040.0,-230.0,1060.2673,60.2673
1040.0,-220.0,1058.1422,58.1422
1040.0,-210.0,1056.1076,56.1076
1040.0,-200.0,1054.1639,54.1639
1040.0,-190.0,1052.3116,52.3116
1040.0,-180.0,1050.5513,50.5513
1040.0,-170.0,1048.8833,48.8833
1040.0,-160.0,1047.3082,47.3082
1040.0,-150.0,1045.8264,45.8264
1040.0,-140.0,1044.4381,44.4381
1040.0,-130.0,1043.1439,43.1439
1040.0,-120.0,1041.9441,41.9441
1040.0,-110.0,1040.839,40.839
1040.0,-100.0,1039.8288,39.8288
1040.0,-90.0,1038.914,38.914
1040.0,-80.0,1038.0947,38.0947
1040.0,-70.0,1037.3711,37.3711
1040.0,-60.0,1036.7435,36.7435
1040.0,-50.0,1036.212,36.212
1040.0,-40.0,1035.7768,35.7768
1040.0,-30.0,1035.438,35.438
1040.0,-20.0,1035.1957,35.1957
1040.0,-10.0,1035.0499,35.0499
1040.0,0.0,1035.0008,35.0008
1040.0,10.0,1035.0499,35.0499
1040.0,20.0,1035.1957,35.1957
1040.0,30.0,1035.438,35.438
1040.0,40.0,1035.7768,35.7768
1040.0,50.0,1036.212,36.212
1040.0,60.0,1036.7435,36.7435
1040.0,70.0,1037.3711,37.3711
1040.0,80.0,1038.0947,38.0947
1040.0,90.0,1038.914,38.914
1040.0,100.0,1039.8288,39.8288
1040.0,110.0,1040.839,40.839
1040.0,120.0,1041.9441,41.9441
1040.0,130.0,1043.1439,43.1439
1040.0,140.0,1044.4381,44.4381
1040.0,150.0,1045.8264,45.8264
1040.0,160.0,1047.3082,47.3082
1040.0,170.0,1048.8833,48.8833
1040.0,180.0,1050.5513,50.5513
1040.0,190.0,1052.3116,52.3116
1040.0,200.0,1054.1639,54.1639
1040.0,210.0,1056.1076,56.1076
1040.0,220.0,1058.1422,58.1422
1040.0,230.0,1060.2673,60.2673
1040.0,240.0,1062.4822,62.4822
1040.0,250.0,1064.7865,64.7865
1040.0,260.0,1067.1794,67.1794
1040.0,270.0,1069.6606,69.6606
1040.0,280.0,1072.2292,72.2292
1040.0,290.0,1074.8847,74.8847
1040.0,300.0,1077.6265,77.6265
1040.0,310.0,1080.4539,80.4539
1040.0,320.0,1083.3663,83.3663
1040.0,330.0,1086.3628,86.3628
1040.0,340.0,1089.4429,89.4429
1040.0,350.0,1092.6059,92.6059
1040.0,360.0,1095.851,95.851
1040.0,370.0,1099.1775,99.1775
1040.0,380.0,1102.5846,102.5846
1040.0,390.0,1106.0717,106.0717
1040.0,400.0,1109.638,109.638
1040.0,410.0,1113.2826,113.2826
1040.0,420.0,1117.0049,117.0049
1040.0,430.0,1120.804,120.804
1040.0,440.0,1124.6792,124.6792
1040.0,450.0,1128.6298,128.6298
1040.0,460.0,1132.6548,132.6548
1040.0,470.0,1136.7535,136.7535
1040.0,480.0,1140.9252,140.9252
1040.0,490.0,1145.169,145.169
1040.0,500.0,1149.4842,149.4842
1040.0,510.0,1153.8698,153.8698
1040.0,520.0,1158.3252,158.3252
1040.0,530.0,1162.8496,162.8496
1040.0,540.0,1167.442,167.442
1040.0,550.0,1172.1018,172.1018
1040.0,560.0,1176.8281,176.8281
1040.0,570.0,1181.6201,181.6201
1040.0,580.0,1186.4771,186.4771
1040.0,590.0,1191.3982,191.3982
1040.0,600.0,1196.3826,196.3826
1040.0,610.0,1201.4296,201.4296
1040.0,620.0,1206.5383,206.5383
1040.0,630.0,1211.7081,211.7081
1040.0,640.0,1216.9381,216.9381
1040.0,650.0,1222.2275,222.2275
1040.0,660.0,1227.5756,227.5756
1040.0,670.0,1232.9816,232.9816
1040.0,680.0,1238.4447,238.4447
1040.0,690.0,1243.9642,243.9642
1040.0,700.0,1249.5394,249.5394
1040.0,710.0,1255.1695,255.1695
1040.0,720.0,1260.8538,260.8538
1040.0,730.0,1266.5915,266.5915
1040.0,740.0,1272.3819,272.3819
1040.0,750.0,1278.2243,278.2243
1040.0,760.0,1284.1181,284.1181
1040.0,770.0,1290.0624,290.0624
1040.0,780.0,1296.0566,296.0566
1040.0,790.0,1302.1,302.1
1040.0,800.0,1308.192,308.192
1040.0,810.0,1314.3317,314.3317
1040.0,820.0,1320.5187,320.5187
1040.0,830.0,1326.7522,326.7522
1040.0,840.0,1333.0316,333.0316
1040.0,850.0,1339.3562,339.3562
1040.0,860.0,1345.7253,345.7253
1040.0,870.0,1352.1385,352.1385
1040.0,880.0,1358.5949,358.5949
1040.0,890.0,1365.0941,365.0941
1040.0,900.0,1371.6354,371.6354
1040.0,910.0,1378.2182,378.2182
1040.0,920.0,1384.8419,384.8419
1040.0,930.0,1391.506,391.506
1040.0,940.0,1398.2098,398.2098
1040.0,950.0,1404.9528,404.9528
1040.0,960.0,1411.7344,411.7344
1040.0,970.0,1418.5541,418.5541
1040.0,980.0,1425.4114,425.4114
1040.0,990.0,1432.3056,432.3056
1040.0,1000.0,1439.2363,439.2363
1050.0,-1000.0,1446.4443,446.4443
1050.0,-990.0,1439.5483,439.5483
1050.0,-980.0,1432.689,432.689
1050.0,-970.0,1425.8667,425.8667
1050.0,-960.0,1419.0821,419.0821
1050.0,-950.0,1412.3358,412.3358
1050.0,-940.0,1405.6282,405.6282
1050.0,-930.0,1398.9599,398.9599
1050.0,-920.0,1392.3316,392.3316
1050.0,-910.0,1385.7436,385.7436
1050.0,-900.0,1379.1967,379.1967
1050.0,-890.0,1372.6915,372.6915
1050.0,-880.0,1366.2285,366.2285
1050.0,-870.0,1359.8082,359.8082
1050.0,-860.0,1353.4315,353.4315
1050.0,-850.0,1347.0987,347.0987
1050.0,-840.0,1340.8107,340.8107
1050.0,-830.0,1334.5679,334.5679
1050.0,-820.0,1328.3711,328.3711
1050.0,-810.0,1322.2208,322.2208
1050.0,-800.0,1316.1179,316.1179
1050.0,-790.0,1310.0628,310.0628
1050.0,-780.0,1304.0563,304.0563
1050.0,-770.0,1298.099,298.099
1050.0,-760.0,1292.1916,292.1916
1050.0,-750.0,1286.3349,286.3349
1050.0,-740.0,1280.5295,280.5295
1050.0,-730.0,1274.7761,274.7761
1050.0,-720.0,1269.0754,269.0754
1050.0,-710.0,1263.4281,263.4281
1050.0,-700.0,1257.835,257.835
1050.0,-690.0,1252.2967,252.2967
1050.0,-680.0,1246.8141,246.8141
1050.0,-670.0,1241.3877,241.3877
1050.0,-660.0,1236.0185,236.0185
1050.0,-650.0,1230.7071,230.7071
1050.0,-640.0,1225.4543,225.4543
1050.0,-630.0,1220.2609,220.2609
1050.0,-620.0,1215.1275,215.1275
1050.0,-610.0,1210.055,210.055
1050.0,-600.0,1205.0441,205.0441
1050.0,-590.0,1200.0956,200.0956
1050.0,-580.0,1195.2104,195.2104
1050.0,-570.0,1190.389,190.389
1050.0,-560.0,1185.6325,185.6325
1050.0,-550.0,1180.9414,180.9414
1050.0,-540.0,1176.3166,176.3166
1050.0,-530.0,1171.759,171.759
1050.0,-520.0,1167.2692,167.2692
1050.0,-510.0,1162.8481,162.8481
1050.0,-500.0,1158.4964,158.4964
1050.0,-490.0,1154.2149,154.2149
1050.0,-480.0,1150.0045,150.0045
1050.0,-470.0,1145.8659,145.8659
1050.0,-460.0,1141.7998,141.7998
1050.0,-450.0,1137.8072,137.8072
1050.0,-440.0,1133.8886,133.8886
1050.0,-430.0,1130.045,130.045
1050.0,-420.0,1126.277,126.277
1050.0,-410.0,1122.5855,122.5855
1050.0,-400.0,1118.9711,118.9711
1050.0,-390.0,1115.4347,115.4347
1050.0,-380.0,1111.977,111.977
1050.0,-370.0,1108.5987,108.5987
1050.0,-360.0,1105.3006,105.3006
1050.0,-350.0,1102.0833,102.0833
1050.0,-340.0,1098.9476,98.9476
1050.0,-330.0,1095.8942,95.8942
1050.0,-320.0,1092.9238,92.9238
1050.0,-310.0,1090.037,90.037
1050.0,-300.0,1087.2345,87.2345
1050.0,-290.0,1084.517,84.517
1050.0,-280.0,1081.8851,81.8851
1050.0,-270.0,1079.3395,79.3395
1050.0,-260.0,1076.8807,76.8807
1050.0,-250.0,1074.5093,74.5093
1050.0,-240.0,1072.2259,72.2259
1050.0,-230.0,1070.0312,70.0312
1050.0,-220.0,1067.9256,67.9256
1050.0,-210.0,1065.9096,65.9096
1050.0,-200.0,1063.9838,63.9838
1050.0,-190.0,1062.1487,62.1487
1050.0,-180.0,1060.4046,60.4046
1050.0,-170.0,1058.7522,58.7522
1050.0,-160.0,1057.1918,57.1918
1050.0,-150.0,1055.7238,55.7238
1050.0,-140.0,1054.3486,54.3486
1050.0,-130.0,1053.0666,53.0666
1050.0,-120.0,1051.8781,51.8781
1050.0,-110.0,1050.7834,50.7834
1050.0,-100.0,1049.7829,49.7829
1050.0,-90.0,1048.8767,48.8767
1050.0,-80.0,1048.0652,48.0652
1050.0,-70.0,1047.3485,47.3485
1050.0,-60.0,1046.7268,46.7268
1050.0,-50.0,1046.2004,46.2004
1050.0,-40.0,1045.7694,45.7694
1050.0,-30.0,1045.4338,45.4338
1050.0,-20.0,1045.1938,45.1938
1050.0,-10.0,1045.0494,45.0494
1050.0,0.0,1045.0008,45.0008
1050.0,10.0,1045.0494,45.0494
1050.0,20.0,1045.1938,45.1938
1050.0,30.0,1045.4338,45.4338
1050.0,40.0,1045.7694,45.7694
1050.0,50.0,1046.2004,46.2004
1050.0,60.0,1046.7268,46.7268
1050.0,70.0,1047.3485,47.3485
1050.0,80.0,1048.0652,48.0652
1050.0,90.0,1048.8767,48.8767
1050.0,100.0,1049.7829,49.7829
1050.0,110.0,1050.7834,50.7834
1050.0,120.0,1051.8781,51.8781
1050.0,130.0,1053.0666,53.0666
1050.0,140.0,1054.3486,54.3486
1050.0,150.0,1055.7238,55.7238
1050.0,160.0,1057.1918,57.1918
1050.0,170.0,1058.7522,58.7522
1050.0,180.0,1060.4046,60.4046
1050.0,190.0,1062.1487,62.1487
1050.0,200.0,1063.9838,63.9838
1050.0,210.0,1065.9096,65.9096
1050.0,220.0,1067.9256,67.9256
1050.0,230.0,1070.0312,70.0312
1050.0,240.0,1072.2259,72.2259
1050.0,250.0,1074.5093,74.5093
1050.0,260.0,1076.8807,76.8807
1050.0,270.0,1079.3395,79.3395
1050.0,280.0,1081.8851,81.8851
1050.0,290.0,1084.517,84.517
1050.0,300.0,1087.2345,87.2345
1050.0,310.0,1090.037,90.037
1050.0,320.0,1092.9238,92.9238
1050.0,330.0,1095.8942,95.8942
1050.0,340.0,1098.9476,98.9476
1050.0,350.0,1102.0833,102.0833
1050.0,360.0,1105.3006,105.3006
1050.0,370.0,1108.5987,108.5987
1050.0,380.0,1111.977,111.977
1050.0,390.0,1115.4347,115.4347
1050.0,400.0,1118.9711,118.9711
1050.0,410.0,1122.5855,122.5855
1050.0,420.0,1126.277,126.277
1050.0,430.0,1130.045,130.045
1050.0,440.0,1133.8886,133.8886
1050.0,450.0,1137.8072,137.8072
1050.0,460.0,1141.7998,141.7998
1050.0,470.0,1145.8659,145.8659
1050.0,480.0,1150.0045,150.0045
1050.0,490.0,1154.2149,154.2149
1050.0,500.0,1158.4964,158.4964
1050.0,510.0,1162.8481,162.8481
1050.0,520.0,1167.2692,167.2692
1050.0,530.0,1171.759,171.759
1050.0,540.0,1176.3166,176.3166
1050.0,550.0,1180.9414,180.9414
1050.0,560.0,1185.6325,185.6325
1050.0,570.0,1190.389,190.389
1050.0,580.0,1195.2104,195.2104
1050.0,590.0,1200.0956,200.0956
1050.0,600.0,1205.0441,205.0441
1050.0,610.0,1210.055,210.055
1050.0,620.0,1215.1275,215.1275
1050.0,630.0,1220.2609,220.2609
1050.0,640.0,1225.4543,225.4543
1050.0,650.0,1230.7071,230.7071
1050.0,660.0,1236.0185,236.0185
1050.0,670.0,1241.3877,241.3877
1050.0,680.0,1246.8141,246.8141
1050.0,690.0,1252.2967,252.2967
1050.0,700.0,1257.835,257.835
1050.0,710.0,1263.4281,263.4281
1050.0,720.0,1269.0754,269.0754
1050.0,730.0,1274.7761,274.7761
1050.0,740.0,1280.5295,280.5295
1050.0,750.0,1286.3349,286.3349
1050.0,760.0,1292.1916,292.1916
1050.0,770.0,1298.099,298.099
1050.0,780.0,1304.0563,304.0563
1050.0,790.0,1310.0628,310.0628
1050.0,800.0,1316.1179,316.1179
1050.0,810.0,1322.2208,322.2208
1050.0,820.0,1328.3711,328.3711
1050.0,830.0,1334.5679,334.5679
1050.0,840.0,1340.8107,340.8107
1050.0,850.0,1347.0987,347.0987
1050.0,860.0,1353.4315,353.4315
1050.0,870.0,1359.8082,359.8082
1050.0,880.0,1366.2285,366.2285
1050.0,890.0,1372.6915,372.6915
1050.0,900.0,1379.1967,379.1967
1050.0,910.0,1385.7436,385.7436
1050.0,920.0,1392.3316,392.3316
1050.0,930.0,1398.9599,398.9599
1050.0,940.0,1405.6282,405.6282
1050.0,950.0,1412.3358,412.3358
1050.0,960.0,1419.0821,419.0821
1050.0,970.0,1425.8667,425.8667
1050.0,980.0,1432.689,432.689
1050.0,990.0,1439.5483,439.5483
1050.0,1000.0,1446.4443,446.4443
