x,y,J
-50.0,-1000.0,
-50.0,-990.0,
-50.0,-980.0,
-50.0,-970.0,
-50.0,-960.0,
-50.0,-950.0,
-50.0,-940.0,
-50.0,-930.0,
-50.0,-920.0,
-50.0,-910.0,
-50.0,-900.0,
-50.0,-890.0,
-50.0,-880.0,
-50.0,-870.0,
-50.0,-860.0,
-50.0,-850.0,
-50.0,-840.0,
-50.0,-830.0,
-50.0,-820.0,
-50.0,-810.0,
-50.0,-800.0,
-50.0,-790.0,
-50.0,-780.0,
-50.0,-770.0,
-50.0,-760.0,
-50.0,-750.0,
-50.0,-740.0,
-50.0,-730.0,
-50.0,-720.0,
-50.0,-710.0,
-50.0,-700.0,
-50.0,-690.0,
-50.0,-680.0,
-50.0,-670.0,
-50.0,-660.0,
-50.0,-650.0,
-50.0,-640.0,
-50.0,-630.0,
-50.0,-620.0,
-50.0,-610.0,
-50.0,-600.0,
-50.0,-590.0,
-50.0,-580.0,
-50.0,-570.0,
-50.0,-560.0,
-50.0,-550.0,
-50.0,-540.0,
-50.0,-530.0,
-50.0,-520.0,
-50.0,-510.0,
-50.0,-500.0,
-50.0,-490.0,
-50.0,-480.0,
-50.0,-470.0,
-50.0,-460.0,
-50.0,-450.0,
-50.0,-440.0,
-50.0,-430.0,
-50.0,-420.0,
-50.0,-410.0,
-50.0,-400.0,
-50.0,-390.0,
-50.0,-380.0,
-50.0,-370.0,
-50.0,-360.0,
-50.0,-350.0,
-50.0,-340.0,
-50.0,-330.0,
-50.0,-320.0,
-50.0,-310.0,
-50.0,-300.0,
-50.0,-290.0,
-50.0,-280.0,
-50.0,-270.0,
-50.0,-260.0,
-50.0,-250.0,
-50.0,-240.0,
-50.0,-230.0,
-50.0,-220.0,
-50.0,-210.0,
-50.0,-200.0,
-50.0,-190.0,
-50.0,-180.0,
-50.0,-170.0,
-50.0,-160.0,
-50.0,-150.0,
-50.0,-140.0,
-50.0,-130.0,
-50.0,-120.0,
-50.0,-110.0,
-50.0,-100.0,
-50.0,-90.0,
-50.0,-80.0,
-50.0,-70.0,
-50.0,-60.0,
-50.0,-50.0,
-50.0,-40.0,
-50.0,-30.0,
-50.0,-20.0,
-50.0,-10.0,
-50.0,0.0,
-50.0,10.0,
-50.0,20.0,
-50.0,30.0,
-50.0,40.0,
-50.0,50.0,
-50.0,60.0,
-50.0,70.0,
-50.0,80.0,
-50.0,90.0,
-50.0,100.0,
-50.0,110.0,
-50.0,120.0,
-50.0,130.0,
-50.0,140.0,
-50.0,150.0,
-50.0,160.0,
-50.0,170.0,
-50.0,180.0,
-50.0,190.0,
-50.0,200.0,
-50.0,210.0,
-50.0,220.0,
-50.0,230.0,
-50.0,240.0,
-50.0,250.0,
-50.0,260.0,
-50.0,270.0,
-50.0,280.0,
-50.0,290.0,
-50.0,300.0,
-50.0,310.0,
-50.0,320.0,
-50.0,330.0,
-50.0,340.0,
-50.0,350.0,
-50.0,360.0,
-50.0,370.0,
-50.0,380.0,
-50.0,390.0,
-50.0,400.0,
-50.0,410.0,
-50.0,420.0,
-50.0,430.0,
-50.0,440.0,
-50.0,450.0,
-50.0,460.0,
-50.0,470.0,
-50.0,480.0,
-50.0,490.0,
-50.0,500.0,
-50.0,510.0,
-50.0,520.0,
-50.0,530.0,
-50.0,540.0,
-50.0,550.0,
-50.0,560.0,
-50.0,570.0,
-50.0,580.0,
-50.0,590.0,
-50.0,600.0,
-50.0,610.0,
-50.0,620.0,
-50.0,630.0,
-50.0,640.0,
-50.0,650.0,
-50.0,660.0,
-50.0,670.0,
-50.0,680.0,
-50.0,690.0,
-50.0,700.0,
-50.0,710.0,
-50.0,720.0,
-50.0,730.0,
-50.0,740.0,
-50.0,750.0,
-50.0,760.0,
-50.0,770.0,
-50.0,780.0,
-50.0,790.0,
-50.0,800.0,
-50.0,810.0,
-50.0,820.0,
-50.0,830.0,
-50.0,840.0,
-50.0,850.0,
-50.0,860.0,
-50.0,870.0,
-50.0,880.0,
-50.0,890.0,
-50.0,900.0,
-50.0,910.0,
-50.0,920.0,
-50.0,930.0,
-50.0,940.0,
-50.0,950.0,
-50.0,960.0,
-50.0,970.0,
-50.0,980.0,
-50.0,990.0,
-50.0,1000.0,
-40.0,-1000.0,
-40.0,-990.0,
-40.0,-980.0,
-40.0,-970.0,
-40.0,-960.0,
-40.0,-950.0,
-40.0,-940.0,
-40.0,-930.0,
-40.0,-920.0,
-40.0,-910.0,
-40.0,-900.0,
-40.0,-890.0,
-40.0,-880.0,
-40.0,-870.0,
-40.0,-860.0,
-40.0,-850.0,
-40.0,-840.0,
-40.0,-830.0,
-40.0,-820.0,
-40.0,-810.0,
-40.0,-800.0,
-40.0,-790.0,
-40.0,-780.0,
-40.0,-770.0,
-40.0,-760.0,
-40.0,-750.0,
-40.0,-740.0,
-40.0,-730.0,
-40.0,-720.0,
-40.0,-710.0,
-40.0,-700.0,
-40.0,-690.0,
-40.0,-680.0,
-40.0,-670.0,
-40.0,-660.0,
-40.0,-650.0,
-40.0,-640.0,
-40.0,-630.0,
-40.0,-620.0,
-40.0,-610.0,
-40.0,-600.0,
-40.0,-590.0,
-40.0,-580.0,
-40.0,-570.0,
-40.0,-560.0,
-40.0,-550.0,
-40.0,-540.0,
-40.0,-530.0,
-40.0,-520.0,
-40.0,-510.0,
-40.0,-500.0,
-40.0,-490.0,
-40.0,-480.0,
-40.0,-470.0,
-40.0,-460.0,
-40.0,-450.0,
-40.0,-440.0,
-40.0,-430.0,
-40.0,-420.0,
-40.0,-410.0,
-40.0,-400.0,
-40.0,-390.0,
-40.0,-380.0,
-40.0,-370.0,
-40.0,-360.0,
-40.0,-350.0,
-40.0,-340.0,
-40.0,-330.0,
-40.0,-320.0,
-40.0,-310.0,
-40.0,-300.0,
-40.0,-290.0,
-40.0,-280.0,
-40.0,-270.0,
-40.0,-260.0,
-40.0,-250.0,
-40.0,-240.0,
-40.0,-230.0,
-40.0,-220.0,
-40.0,-210.0,
-40.0,-200.0,
-40.0,-190.0,
-40.0,-180.0,
-40.0,-170.0,
-40.0,-160.0,
-40.0,-150.0,
-40.0,-140.0,
-40.0,-130.0,
-40.0,-120.0,
-40.0,-110.0,
-40.0,-100.0,
-40.0,-90.0,
-40.0,-80.0,
-40.0,-70.0,
-40.0,-60.0,
-40.0,-50.0,
-40.0,-40.0,
-40.0,-30.0,
-40.0,-20.0,
-40.0,-10.0,
-40.0,0.0,
-40.0,10.0,
-40.0,20.0,
-40.0,30.0,
-40.0,40.0,
-40.0,50.0,
-40.0,60.0,
-40.0,70.0,
-40.0,80.0,
-40.0,90.0,
-40.0,100.0,
-40.0,110.0,
-40.0,120.0,
-40.0,130.0,
-40.0,140.0,
-40.0,150.0,
-40.0,160.0,
-40.0,170.0,
-40.0,180.0,
-40.0,190.0,
-40.0,200.0,
-40.0,210.0,
-40.0,220.0,
-40.0,230.0,
-40.0,240.0,
-40.0,250.0,
-40.0,260.0,
-40.0,270.0,
-40.0,280.0,
-40.0,290.0,
-40.0,300.0,
-40.0,310.0,
-40.0,320.0,
-40.0,330.0,
-40.0,340.0,
-40.0,350.0,
-40.0,360.0,
-40.0,370.0,
-40.0,380.0,
-40.0,390.0,
-40.0,400.0,
-40.0,410.0,
-40.0,420.0,
-40.0,430.0,
-40.0,440.0,
-40.0,450.0,
-40.0,460.0,
-40.0,470.0,
-40.0,480.0,
-40.0,490.0,
-40.0,500.0,
-40.0,510.0,
-40.0,520.0,
-40.0,530.0,
-40.0,540.0,
-40.0,550.0,
-40.0,560.0,
-40.0,570.0,
-40.0,580.0,
-40.0,590.0,
-40.0,600.0,
-40.0,610.0,
-40.0,620.0,
-40.0,630.0,
-40.0,640.0,
-40.0,650.0,
-40.0,660.0,
-40.0,670.0,
-40.0,680.0,
-40.0,690.0,
-40.0,700.0,
-40.0,710.0,
-40.0,720.0,
-40.0,730.0,
-40.0,740.0,
-40.0,750.0,
-40.0,760.0,
-40.0,770.0,
-40.0,780.0,
-40.0,790.0,
-40.0,800.0,
-40.0,810.0,
-40.0,820.0,
-40.0,830.0,
-40.0,840.0,
-40.0,850.0,
-40.0,860.0,
-40.0,870.0,
-40.0,880.0,
-40.0,890.0,
-40.0,900.0,
-40.0,910.0,
-40.0,920.0,
-40.0,930.0,
-40.0,940.0,
-40.0,950.0,
-40.0,960.0,
-40.0,970.0,
-40.0,980.0,
-40.0,990.0,
-40.0,1000.0,
-30.0,-1000.0,
-30.0,-990.0,
-30.0,-980.0,
-30.0,-970.0,
-30.0,-960.0,
-30.0,-950.0,
-30.0,-940.0,
-30.0,-930.0,
-30.0,-920.0,
-30.0,-910.0,
-30.0,-900.0,
-30.0,-890.0,
-30.0,-880.0,
-30.0,-870.0,
-30.0,-860.0,
-30.0,-850.0,
-30.0,-840.0,
-30.0,-830.0,
-30.0,-820.0,
-30.0,-810.0,
-30.0,-800.0,
-30.0,-790.0,
-30.0,-780.0,
-30.0,-770.0,
-30.0,-760.0,
-30.0,-750.0,
-30.0,-740.0,
-30.0,-730.0,
-30.0,-720.0,
-30.0,-710.0,
-30.0,-700.0,
-30.0,-690.0,
-30.0,-680.0,
-30.0,-670.0,
-30.0,-660.0,
-30.0,-650.0,
-30.0,-640.0,
-30.0,-630.0,
-30.0,-620.0,
-30.0,-610.0,
-30.0,-600.0,
-30.0,-590.0,
-30.0,-580.0,
-30.0,-570.0,
-30.0,-560.0,
-30.0,-550.0,
-30.0,-540.0,
-30.0,-530.0,
-30.0,-520.0,
-30.0,-510.0,
-30.0,-500.0,
-30.0,-490.0,
-30.0,-480.0,
-30.0,-470.0,
-30.0,-460.0,
-30.0,-450.0,
-30.0,-440.0,
-30.0,-430.0,
-30.0,-420.0,
-30.0,-410.0,
-30.0,-400.0,
-30.0,-390.0,
-30.0,-380.0,
-30.0,-370.0,
-30.0,-360.0,
-30.0,-350.0,
-30.0,-340.0,
-30.0,-330.0,
-30.0,-320.0,
-30.0,-310.0,
-30.0,-300.0,
-30.0,-290.0,
-30.0,-280.0,
-30.0,-270.0,
-30.0,-260.0,
-30.0,-250.0,
-30.0,-240.0,
-30.0,-230.0,
-30.0,-220.0,
-30.0,-210.0,
-30.0,-200.0,
-30.0,-190.0,
-30.0,-180.0,
-30.0,-170.0,
-30.0,-160.0,
-30.0,-150.0,
-30.0,-140.0,
-30.0,-130.0,
-30.0,-120.0,
-30.0,-110.0,
-30.0,-100.0,
-30.0,-90.0,
-30.0,-80.0,
-30.0,-70.0,
-30.0,-60.0,
-30.0,-50.0,
-30.0,-40.0,
-30.0,-30.0,
-30.0,-20.0,
-30.0,-10.0,
-30.0,0.0,
-30.0,10.0,
-30.0,20.0,
-30.0,30.0,
-30.0,40.0,
-30.0,50.0,
-30.0,60.0,
-30.0,70.0,
-30.0,80.0,
-30.0,90.0,
-30.0,100.0,
-30.0,110.0,
-30.0,120.0,
-30.0,130.0,
-30.0,140.0,
-30.0,150.0,
-30.0,160.0,
-30.0,170.0,
-30.0,180.0,
-30.0,190.0,
-30.0,200.0,
-30.0,210.0,
-30.0,220.0,
-30.0,230.0,
-30.0,240.0,
-30.0,250.0,
-30.0,260.0,
-30.0,270.0,
-30.0,280.0,
-30.0,290.0,
-30.0,300.0,
-30.0,310.0,
-30.0,320.0,
-30.0,330.0,
-30.0,340.0,
-30.0,350.0,
-30.0,360.0,
-30.0,370.0,
-30.0,380.0,
-30.0,390.0,
-30.0,400.0,
-30.0,410.0,
-30.0,420.0,
-30.0,430.0,
-30.0,440.0,
-30.0,450.0,
-30.0,460.0,
-30.0,470.0,
-30.0,480.0,
-30.0,490.0,
-30.0,500.0,
-30.0,510.0,
-30.0,520.0,
-30.0,530.0,
-30.0,540.0,
-30.0,550.0,
-30.0,560.0,
-30.0,570.0,
-30.0,580.0,
-30.0,590.0,
-30.0,600.0,
-30.0,610.0,
-30.0,620.0,
-30.0,630.0,
-30.0,640.0,
-30.0,650.0,
-30.0,660.0,
-30.0,670.0,
-30.0,680.0,
-30.0,690.0,
-30.0,700.0,
-30.0,710.0,
-30.0,720.0,
-30.0,730.0,
-30.0,740.0,
-30.0,750.0,
-30.0,760.0,
-30.0,770.0,
-30.0,780.0,
-30.0,790.0,
-30.0,800.0,
-30.0,810.0,
-30.0,820.0,
-30.0,830.0,
-30.0,840.0,
-30.0,850.0,
-30.0,860.0,
-30.0,870.0,
-30.0,880.0,
-30.0,890.0,
-30.0,900.0,
-30.0,910.0,
-30.0,920.0,
-30.0,930.0,
-30.0,940.0,
-30.0,950.0,
-30.0,960.0,
-30.0,970.0,
-30.0,980.0,
-30.0,990.0,
-30.0,1000.0,
-20.0,-1000.0,
-20.0,-990.0,
-20.0,-980.0,
-20.0,-970.0,
-20.0,-960.0,
-20.0,-950.0,
-20.0,-940.0,
-20.0,-930.0,
-20.0,-920.0,
-20.0,-910.0,
-20.0,-900.0,
-20.0,-890.0,
-20.0,-880.0,
-20.0,-870.0,
-20.0,-860.0,
-20.0,-850.0,
-20.0,-840.0,
-20.0,-830.0,
-20.0,-820.0,
-20.0,-810.0,
-20.0,-800.0,
-20.0,-790.0,
-20.0,-780.0,
-20.0,-770.0,
-20.0,-760.0,
-20.0,-750.0,
-20.0,-740.0,
-20.0,-730.0,
-20.0,-720.0,
-20.0,-710.0,
-20.0,-700.0,
-20.0,-690.0,
-20.0,-680.0,
-20.0,-670.0,
-20.0,-660.0,
-20.0,-650.0,
-20.0,-640.0,
-20.0,-630.0,
-20.0,-620.0,
-20.0,-610.0,
-20.0,-600.0,
-20.0,-590.0,
-20.0,-580.0,
-20.0,-570.0,
-20.0,-560.0,
-20.0,-550.0,
-20.0,-540.0,
-20.0,-530.0,
-20.0,-520.0,
-20.0,-510.0,
-20.0,-500.0,
-20.0,-490.0,
-20.0,-480.0,
-20.0,-470.0,
-20.0,-460.0,
-20.0,-450.0,
-20.0,-440.0,
-20.0,-430.0,
-20.0,-420.0,
-20.0,-410.0,
-20.0,-400.0,
-20.0,-390.0,
-20.0,-380.0,
-20.0,-370.0,
-20.0,-360.0,
-20.0,-350.0,
-20.0,-340.0,
-20.0,-330.0,
-20.0,-320.0,
-20.0,-310.0,
-20.0,-300.0,
-20.0,-290.0,
-20.0,-280.0,
-20.0,-270.0,
-20.0,-260.0,
-20.0,-250.0,
-20.0,-240.0,
-20.0,-230.0,
-20.0,-220.0,
-20.0,-210.0,
-20.0,-200.0,
-20.0,-190.0,
-20.0,-180.0,
-20.0,-170.0,
-20.0,-160.0,
-20.0,-150.0,
-20.0,-140.0,
-20.0,-130.0,
-20.0,-120.0,
-20.0,-110.0,
-20.0,-100.0,
-20.0,-90.0,
-20.0,-80.0,
-20.0,-70.0,
-20.0,-60.0,
-20.0,-50.0,
-20.0,-40.0,
-20.0,-30.0,
-20.0,-20.0,
-20.0,-10.0,
-20.0,0.0,
-20.0,10.0,
-20.0,20.0,
-20.0,30.0,
-20.0,40.0,
-20.0,50.0,
-20.0,60.0,
-20.0,70.0,
-20.0,80.0,
-20.0,90.0,
-20.0,100.0,
-20.0,110.0,
-20.0,120.0,
-20.0,130.0,
-20.0,140.0,
-20.0,150.0,
-20.0,160.0,
-20.0,170.0,
-20.0,180.0,
-20.0,190.0,
-20.0,200.0,
-20.0,210.0,
-20.0,220.0,
-20.0,230.0,
-20.0,240.0,
-20.0,250.0,
-20.0,260.0,
-20.0,270.0,
-20.0,280.0,
-20.0,290.0,
-20.0,300.0,
-20.0,310.0,
-20.0,320.0,
-20.0,330.0,
-20.0,340.0,
-20.0,350.0,
-20.0,360.0,
-20.0,370.0,
-20.0,380.0,
-20.0,390.0,
-20.0,400.0,
-20.0,410.0,
-20.0,420.0,
-20.0,430.0,
-20.0,440.0,
-20.0,450.0,
-20.0,460.0,
-20.0,470.0,
-20.0,480.0,
-20.0,490.0,
-20.0,500.0,
-20.0,510.0,
-20.0,520.0,
-20.0,530.0,
-20.0,540.0,
-20.0,550.0,
-20.0,560.0,
-20.0,570.0,
-20.0,580.0,
-20.0,590.0,
-20.0,600.0,
-20.0,610.0,
-20.0,620.0,
-20.0,630.0,
-20.0,640.0,
-20.0,650.0,
-20.0,660.0,
-20.0,670.0,
-20.0,680.0,
-20.0,690.0,
-20.0,700.0,
-20.0,710.0,
-20.0,720.0,
-20.0,730.0,
-20.0,740.0,
-20.0,750.0,
-20.0,760.0,
-20.0,770.0,
-20.0,780.0,
-20.0,790.0,
-20.0,800.0,
-20.0,810.0,
-20.0,820.0,
-20.0,830.0,
-20.0,840.0,
-20.0,850.0,
-20.0,860.0,
-20.0,870.0,
-20.0,880.0,
-20.0,890.0,
-20.0,900.0,
-20.0,910.0,
-20.0,920.0,
-20.0,930.0,
-20.0,940.0,
-20.0,950.0,
-20.0,960.0,
-20.0,970.0,
-20.0,980.0,
-20.0,990.0,
-20.0,1000.0,
-10.0,-1000.0,
-10.0,-990.0,
-10.0,-980.0,
-10.0,-970.0,
-10.0,-960.0,
-10.0,-950.0,
-10.0,-940.0,
-10.0,-930.0,
-10.0,-920.0,
-10.0,-910.0,
-10.0,-900.0,
-10.0,-890.0,
-10.0,-880.0,
-10.0,-870.0,
-10.0,-860.0,
-10.0,-850.0,
-10.0,-840.0,
-10.0,-830.0,
-10.0,-820.0,
-10.0,-810.0,
-10.0,-800.0,
-10.0,-790.0,
-10.0,-780.0,
-10.0,-770.0,
-10.0,-760.0,
-10.0,-750.0,
-10.0,-740.0,
-10.0,-730.0,
-10.0,-720.0,
-10.0,-710.0,
-10.0,-700.0,
-10.0,-690.0,
-10.0,-680.0,
-10.0,-670.0,
-10.0,-660.0,
-10.0,-650.0,
-10.0,-640.0,
-10.0,-630.0,
-10.0,-620.0,
-10.0,-610.0,
-10.0,-600.0,
-10.0,-590.0,
-10.0,-580.0,
-10.0,-570.0,
-10.0,-560.0,
-10.0,-550.0,
-10.0,-540.0,
-10.0,-530.0,
-10.0,-520.0,
-10.0,-510.0,
-10.0,-500.0,
-10.0,-490.0,
-10.0,-480.0,
-10.0,-470.0,
-10.0,-460.0,
-10.0,-450.0,
-10.0,-440.0,
-10.0,-430.0,
-10.0,-420.0,
-10.0,-410.0,
-10.0,-400.0,
-10.0,-390.0,
-10.0,-380.0,
-10.0,-370.0,
-10.0,-360.0,
-10.0,-350.0,
-10.0,-340.0,
-10.0,-330.0,
-10.0,-320.0,
-10.0,-310.0,
-10.0,-300.0,
-10.0,-290.0,
-10.0,-280.0,
-10.0,-270.0,
-10.0,-260.0,
-10.0,-250.0,
-10.0,-240.0,
-10.0,-230.0,
-10.0,-220.0,
-10.0,-210.0,
-10.0,-200.0,
-10.0,-190.0,
-10.0,-180.0,
-10.0,-170.0,
-10.0,-160.0,
-10.0,-150.0,
-10.0,-140.0,
-10.0,-130.0,
-10.0,-120.0,
-10.0,-110.0,
-10.0,-100.0,
-10.0,-90.0,
-10.0,-80.0,
-10.0,-70.0,
-10.0,-60.0,
-10.0,-50.0,
-10.0,-40.0,
-10.0,-30.0,
-10.0,-20.0,
-10.0,-10.0,
-10.0,0.0,
-10.0,10.0,
-10.0,20.0,
-10.0,30.0,
-10.0,40.0,
-10.0,50.0,
-10.0,60.0,
-10.0,70.0,
-10.0,80.0,
-10.0,90.0,
-10.0,100.0,
-10.0,110.0,
-10.0,120.0,
-10.0,130.0,
-10.0,140.0,
-10.0,150.0,
-10.0,160.0,
-10.0,170.0,
-10.0,180.0,
-10.0,190.0,
-10.0,200.0,
-10.0,210.0,
-10.0,220.0,
-10.0,230.0,
-10.0,240.0,
-10.0,250.0,
-10.0,260.0,
-10.0,270.0,
-10.0,280.0,
-10.0,290.0,
-10.0,300.0,
-10.0,310.0,
-10.0,320.0,
-10.0,330.0,
-10.0,340.0,
-10.0,350.0,
-10.0,360.0,
-10.0,370.0,
-10.0,380.0,
-10.0,390.0,
-10.0,400.0,
-10.0,410.0,
-10.0,420.0,
-10.0,430.0,
-10.0,440.0,
-10.0,450.0,
-10.0,460.0,
-10.0,470.0,
-10.0,480.0,
-10.0,490.0,
-10.0,500.0,
-10.0,510.0,
-10.0,520.0,
-10.0,530.0,
-10.0,540.0,
-10.0,550.0,
-10.0,560.0,
-10.0,570.0,
-10.0,580.0,
-10.0,590.0,
-10.0,600.0,
-10.0,610.0,
-10.0,620.0,
-10.0,630.0,
-10.0,640.0,
-10.0,650.0,
-10.0,660.0,
-10.0,670.0,
-10.0,680.0,
-10.0,690.0,
-10.0,700.0,
-10.0,710.0,
-10.0,720.0,
-10.0,730.0,
-10.0,740.0,
-10.0,750.0,
-10.0,760.0,
-10.0,770.0,
-10.0,780.0,
-10.0,790.0,
-10.0,800.0,
-10.0,810.0,
-10.0,820.0,
-10.0,830.0,
-10.0,840.0,
-10.0,850.0,
-10.0,860.0,
-10.0,870.0,
-10.0,880.0,
-10.0,890.0,
-10.0,900.0,
-10.0,910.0,
-10.0,920.0,
-10.0,930.0,
-10.0,940.0,
-10.0,950.0,
-10.0,960.0,
-10.0,970.0,
-10.0,980.0,
-10.0,990.0,
-10.0,1000.0,
0.0,-1000.0,
0.0,-990.0,
0.0,-980.0,
0.0,-970.0,
0.0,-960.0,
0.0,-950.0,
0.0,-940.0,
0.0,-930.0,
0.0,-920.0,
0.0,-910.0,
0.0,-900.0,
0.0,-890.0,
0.0,-880.0,
0.0,-870.0,
0.0,-860.0,
0.0,-850.0,
0.0,-840.0,
0.0,-830.0,
0.0,-820.0,
0.0,-810.0,
0.0,-800.0,
0.0,-790.0,
0.0,-780.0,
0.0,-770.0,
0.0,-760.0,
0.0,-750.0,
0.0,-740.0,
0.0,-730.0,
0.0,-720.0,
0.0,-710.0,
0.0,-700.0,
0.0,-690.0,
0.0,-680.0,
0.0,-670.0,
0.0,-660.0,
0.0,-650.0,
0.0,-640.0,
0.0,-630.0,
0.0,-620.0,
0.0,-610.0,
0.0,-600.0,
0.0,-590.0,
0.0,-580.0,
0.0,-570.0,
0.0,-560.0,
0.0,-550.0,
0.0,-540.0,
0.0,-530.0,
0.0,-520.0,
0.0,-510.0,
0.0,-500.0,
0.0,-490.0,
0.0,-480.0,
0.0,-470.0,
0.0,-460.0,
0.0,-450.0,
0.0,-440.0,
0.0,-430.0,
0.0,-420.0,
0.0,-410.0,
0.0,-400.0,
0.0,-390.0,
0.0,-380.0,
0.0,-370.0,
0.0,-360.0,
0.0,-350.0,
0.0,-340.0,
0.0,-330.0,
0.0,-320.0,
0.0,-310.0,
0.0,-300.0,
0.0,-290.0,
0.0,-280.0,
0.0,-270.0,
0.0,-260.0,
0.0,-250.0,
0.0,-240.0,
0.0,-230.0,
0.0,-220.0,
0.0,-210.0,
0.0,-200.0,
0.0,-190.0,
0.0,-180.0,
0.0,-170.0,
0.0,-160.0,
0.0,-150.0,
0.0,-140.0,
0.0,-130.0,
0.0,-120.0,
0.0,-110.0,
0.0,-100.0,
0.0,-90.0,
0.0,-80.0,
0.0,-70.0,
0.0,-60.0,
0.0,-50.0,
0.0,-40.0,
0.0,-30.0,
0.0,-20.0,
0.0,-10.0,
0.0,0.0,1495.003
0.0,10.0,
0.0,20.0,
0.0,30.0,
0.0,40.0,
0.0,50.0,
0.0,60.0,
0.0,70.0,
0.0,80.0,
0.0,90.0,
0.0,100.0,
0.0,110.0,
0.0,120.0,
0.0,130.0,
0.0,140.0,
0.0,150.0,
0.0,160.0,
0.0,170.0,
0.0,180.0,
0.0,190.0,
0.0,200.0,
0.0,210.0,
0.0,220.0,
0.0,230.0,
0.0,240.0,
0.0,250.0,
0.0,260.0,
0.0,270.0,
0.0,280.0,
0.0,290.0,
0.0,300.0,
0.0,310.0,
0.0,320.0,
0.0,330.0,
0.0,340.0,
0.0,350.0,
0.0,360.0,
0.0,370.0,
0.0,380.0,
0.0,390.0,
0.0,400.0,
0.0,410.0,
0.0,420.0,
0.0,430.0,
0.0,440.0,
0.0,450.0,
0.0,460.0,
0.0,470.0,
0.0,480.0,
0.0,490.0,
0.0,500.0,
0.0,510.0,
0.0,520.0,
0.0,530.0,
0.0,540.0,
0.0,550.0,
0.0,560.0,
0.0,570.0,
0.0,580.0,
0.0,590.0,
0.0,600.0,
0.0,610.0,
0.0,620.0,
0.0,630.0,
0.0,640.0,
0.0,650.0,
0.0,660.0,
0.0,670.0,
0.0,680.0,
0.0,690.0,
0.0,700.0,
0.0,710.0,
0.0,720.0,
0.0,730.0,
0.0,740.0,
0.0,750.0,
0.0,760.0,
0.0,770.0,
0.0,780.0,
0.0,790.0,
0.0,800.0,
0.0,810.0,
0.0,820.0,
0.0,830.0,
0.0,840.0,
0.0,850.0,
0.0,860.0,
0.0,870.0,
0.0,880.0,
0.0,890.0,
0.0,900.0,
0.0,910.0,
0.0,920.0,
0.0,930.0,
0.0,940.0,
0.0,950.0,
0.0,960.0,
0.0,970.0,
0.0,980.0,
0.0,990.0,
0.0,1000.0,
10.0,-1000.0,
10.0,-990.0,
10.0,-980.0,
10.0,-970.0,
10.0,-960.0,
10.0,-950.0,
10.0,-940.0,
10.0,-930.0,
10.0,-920.0,
10.0,-910.0,
10.0,-900.0,
10.0,-890.0,
10.0,-880.0,
10.0,-870.0,
10.0,-860.0,
10.0,-850.0,
10.0,-840.0,
10.0,-830.0,
10.0,-820.0,
10.0,-810.0,
10.0,-800.0,
10.0,-790.0,
10.0,-780.0,
10.0,-770.0,
10.0,-760.0,
10.0,-750.0,
10.0,-740.0,
10.0,-730.0,
10.0,-720.0,
10.0,-710.0,
10.0,-700.0,
10.0,-690.0,
10.0,-680.0,
10.0,-670.0,
10.0,-660.0,
10.0,-650.0,
10.0,-640.0,
10.0,-630.0,
10.0,-620.0,
10.0,-610.0,
10.0,-600.0,
10.0,-590.0,
10.0,-580.0,
10.0,-570.0,
10.0,-560.0,
10.0,-550.0,
10.0,-540.0,
10.0,-530.0,
10.0,-520.0,
10.0,-510.0,
10.0,-500.0,
10.0,-490.0,
10.0,-480.0,
10.0,-470.0,
10.0,-460.0,
10.0,-450.0,
10.0,-440.0,
10.0,-430.0,
10.0,-420.0,
10.0,-410.0,
10.0,-400.0,
10.0,-390.0,
10.0,-380.0,
10.0,-370.0,
10.0,-360.0,
10.0,-350.0,
10.0,-340.0,
10.0,-330.0,
10.0,-320.0,
10.0,-310.0,
10.0,-300.0,
10.0,-290.0,
10.0,-280.0,
10.0,-270.0,
10.0,-260.0,
10.0,-250.0,
10.0,-240.0,
10.0,-230.0,
10.0,-220.0,
10.0,-210.0,
10.0,-200.0,
10.0,-190.0,
10.0,-180.0,
10.0,-170.0,
10.0,-160.0,
10.0,-150.0,
10.0,-140.0,
10.0,-130.0,
10.0,-120.0,697.148
10.0,-110.0,729.176
10.0,-100.0,764.381
10.0,-90.0,803.257
10.0,-80.0,846.399
10.0,-70.0,894.543
10.0,-60.0,948.602
10.0,-50.0,1009.727
10.0,-40.0,1079.386
10.0,-30.0,1159.488
10.0,-20.0,1252.554
10.0,-10.0,1361.987
10.0,0.0,1490.002
10.0,10.0,1361.987
10.0,20.0,1252.554
10.0,30.0,1159.488
10.0,40.0,1079.386
10.0,50.0,1009.727
10.0,60.0,948.602
10.0,70.0,894.543
10.0,80.0,846.399
10.0,90.0,803.257
10.0,100.0,764.381
10.0,110.0,729.176
10.0,120.0,697.148
10.0,130.0,
10.0,140.0,
10.0,150.0,
10.0,160.0,
10.0,170.0,
10.0,180.0,
10.0,190.0,
10.0,200.0,
10.0,210.0,
10.0,220.0,
10.0,230.0,
10.0,240.0,
10.0,250.0,
10.0,260.0,
10.0,270.0,
10.0,280.0,
10.0,290.0,
10.0,300.0,
10.0,310.0,
10.0,320.0,
10.0,330.0,
10.0,340.0,
10.0,350.0,
10.0,360.0,
10.0,370.0,
10.0,380.0,
10.0,390.0,
10.0,400.0,
10.0,410.0,
10.0,420.0,
10.0,430.0,
10.0,440.0,
10.0,450.0,
10.0,460.0,
10.0,470.0,
10.0,480.0,
10.0,490.0,
10.0,500.0,
10.0,510.0,
10.0,520.0,
10.0,530.0,
10.0,540.0,
10.0,550.0,
10.0,560.0,
10.0,570.0,
10.0,580.0,
10.0,590.0,
10.0,600.0,
10.0,610.0,
10.0,620.0,
10.0,630.0,
10.0,640.0,
10.0,650.0,
10.0,660.0,
10.0,670.0,
10.0,680.0,
10.0,690.0,
10.0,700.0,
10.0,710.0,
10.0,720.0,
10.0,730.0,
10.0,740.0,
10.0,750.0,
10.0,760.0,
10.0,770.0,
10.0,780.0,
10.0,790.0,
10.0,800.0,
10.0,810.0,
10.0,820.0,
10.0,830.0,
10.0,840.0,
10.0,850.0,
10.0,860.0,
10.0,870.0,
10.0,880.0,
10.0,890.0,
10.0,900.0,
10.0,910.0,
10.0,920.0,
10.0,930.0,
10.0,940.0,
10.0,950.0,
10.0,960.0,
10.0,970.0,
10.0,980.0,
10.0,990.0,
10.0,1000.0,
20.0,-1000.0,
20.0,-990.0,
20.0,-980.0,
20.0,-970.0,
20.0,-960.0,
20.0,-950.0,
20.0,-940.0,
20.0,-930.0,
20.0,-920.0,
20.0,-910.0,
20.0,-900.0,
20.0,-890.0,
20.0,-880.0,
20.0,-870.0,
20.0,-860.0,
20.0,-850.0,
20.0,-840.0,
20.0,-830.0,
20.0,-820.0,
20.0,-810.0,
20.0,-800.0,
20.0,-790.0,
20.0,-780.0,
20.0,-770.0,
20.0,-760.0,
20.0,-750.0,
20.0,-740.0,
20.0,-730.0,
20.0,-720.0,
20.0,-710.0,
20.0,-700.0,
20.0,-690.0,
20.0,-680.0,
20.0,-670.0,
20.0,-660.0,
20.0,-650.0,
20.0,-640.0,
20.0,-630.0,
20.0,-620.0,
20.0,-610.0,
20.0,-600.0,
20.0,-590.0,
20.0,-580.0,
20.0,-570.0,
20.0,-560.0,
20.0,-550.0,
20.0,-540.0,
20.0,-530.0,
20.0,-520.0,
20.0,-510.0,
20.0,-500.0,
20.0,-490.0,
20.0,-480.0,
20.0,-470.0,
20.0,-460.0,
20.0,-450.0,
20.0,-440.0,
20.0,-430.0,
20.0,-420.0,
20.0,-410.0,
20.0,-400.0,
20.0,-390.0,
20.0,-380.0,
20.0,-370.0,
20.0,-360.0,
20.0,-350.0,
20.0,-340.0,
20.0,-330.0,
20.0,-320.0,
20.0,-310.0,
20.0,-300.0,
20.0,-290.0,
20.0,-280.0,
20.0,-270.0,
20.0,-260.0,
20.0,-250.0,
20.0,-240.0,
20.0,-230.0,
20.0,-220.0,
20.0,-210.0,
20.0,-200.0,
20.0,-190.0,
20.0,-180.0,548.48
20.0,-170.0,567.927
20.0,-160.0,588.88
20.0,-150.0,611.52
20.0,-140.0,636.053
20.0,-130.0,662.722
20.0,-120.0,691.814
20.0,-110.0,723.668
20.0,-100.0,758.693
20.0,-90.0,797.379
20.0,-80.0,840.323
20.0,-70.0,888.261
20.0,-60.0,942.108
20.0,-50.0,1003.017
20.0,-40.0,1072.463
20.0,-30.0,1152.36
20.0,-20.0,1245.243
20.0,-10.0,1354.536
20.0,0.0,1480.003
20.0,10.0,1354.536
20.0,20.0,1245.243
20.0,30.0,1152.36
20.0,40.0,1072.463
20.0,50.0,1003.017
20.0,60.0,942.108
20.0,70.0,888.261
20.0,80.0,840.323
20.0,90.0,797.379
20.0,100.0,758.693
20.0,110.0,723.668
20.0,120.0,691.814
20.0,130.0,662.722
20.0,140.0,636.053
20.0,150.0,611.52
20.0,160.0,588.88
20.0,170.0,567.927
20.0,180.0,548.48
20.0,190.0,
20.0,200.0,
20.0,210.0,
20.0,220.0,
20.0,230.0,
20.0,240.0,
20.0,250.0,
20.0,260.0,
20.0,270.0,
20.0,280.0,
20.0,290.0,
20.0,300.0,
20.0,310.0,
20.0,320.0,
20.0,330.0,
20.0,340.0,
20.0,350.0,
20.0,360.0,
20.0,370.0,
20.0,380.0,
20.0,390.0,
20.0,400.0,
20.0,410.0,
20.0,420.0,
20.0,430.0,
20.0,440.0,
20.0,450.0,
20.0,460.0,
20.0,470.0,
20.0,480.0,
20.0,490.0,
20.0,500.0,
20.0,510.0,
20.0,520.0,
20.0,530.0,
20.0,540.0,
20.0,550.0,
20.0,560.0,
20.0,570.0,
20.0,580.0,
20.0,590.0,
20.0,600.0,
20.0,610.0,
20.0,620.0,
20.0,630.0,
20.0,640.0,
20.0,650.0,
20.0,660.0,
20.0,670.0,
20.0,680.0,
20.0,690.0,
20.0,700.0,
20.0,710.0,
20.0,720.0,
20.0,730.0,
20.0,740.0,
20.0,750.0,
20.0,760.0,
20.0,770.0,
20.0,780.0,
20.0,790.0,
20.0,800.0,
20.0,810.0,
20.0,820.0,
20.0,830.0,
20.0,840.0,
20.0,850.0,
20.0,860.0,
20.0,870.0,
20.0,880.0,
20.0,890.0,
20.0,900.0,
20.0,910.0,
20.0,920.0,
20.0,930.0,
20.0,940.0,
20.0,950.0,
20.0,960.0,
20.0,970.0,
20.0,980.0,
20.0,990.0,
20.0,1000.0,
30.0,-1000.0,
30.0,-990.0,
30.0,-980.0,
30.0,-970.0,
30.0,-960.0,
30.0,-950.0,
30.0,-940.0,
30.0,-930.0,
30.0,-920.0,
30.0,-910.0,
30.0,-900.0,
30.0,-890.0,
30.0,-880.0,
30.0,-870.0,
30.0,-860.0,
30.0,-850.0,
30.0,-840.0,
30.0,-830.0,
30.0,-820.0,
30.0,-810.0,
30.0,-800.0,
30.0,-790.0,
30.0,-780.0,
30.0,-770.0,
30.0,-760.0,
30.0,-750.0,
30.0,-740.0,
30.0,-730.0,
30.0,-720.0,
30.0,-710.0,
30.0,-700.0,
30.0,-690.0,
30.0,-680.0,
30.0,-670.0,
30.0,-660.0,
30.0,-650.0,
30.0,-640.0,
30.0,-630.0,
30.0,-620.0,
30.0,-610.0,
30.0,-600.0,
30.0,-590.0,
30.0,-580.0,
30.0,-570.0,
30.0,-560.0,
30.0,-550.0,
30.0,-540.0,
30.0,-530.0,
30.0,-520.0,
30.0,-510.0,
30.0,-500.0,
30.0,-490.0,
30.0,-480.0,
30.0,-470.0,
30.0,-460.0,
30.0,-450.0,
30.0,-440.0,
30.0,-430.0,
30.0,-420.0,
30.0,-410.0,
30.0,-400.0,
30.0,-390.0,
30.0,-380.0,
30.0,-370.0,
30.0,-360.0,
30.0,-350.0,
30.0,-340.0,
30.0,-330.0,
30.0,-320.0,
30.0,-310.0,
30.0,-300.0,
30.0,-290.0,
30.0,-280.0,
30.0,-270.0,
30.0,-260.0,
30.0,-250.0,
30.0,-240.0,
30.0,-230.0,
30.0,-220.0,478.969
30.0,-210.0,493.634
30.0,-200.0,509.294
30.0,-190.0,526.052
30.0,-180.0,544.023
30.0,-170.0,563.342
30.0,-160.0,584.162
30.0,-150.0,606.661
30.0,-140.0,631.045
30.0,-130.0,657.558
30.0,-120.0,686.485
30.0,-110.0,718.167
30.0,-100.0,753.01
30.0,-90.0,791.505
30.0,-80.0,834.25
30.0,-70.0,881.981
30.0,-60.0,935.615
30.0,-50.0,996.308
30.0,-40.0,1065.538
30.0,-30.0,1145.229
30.0,-20.0,1237.926
30.0,-10.0,1347.078
30.0,0.0,1470.005
30.0,10.0,1347.078
30.0,20.0,1237.926
30.0,30.0,1145.229
30.0,40.0,1065.538
30.0,50.0,996.308
30.0,60.0,935.615
30.0,70.0,881.981
30.0,80.0,834.25
30.0,90.0,791.505
30.0,100.0,753.01
30.0,110.0,718.167
30.0,120.0,686.485
30.0,130.0,657.558
30.0,140.0,631.045
30.0,150.0,606.661
30.0,160.0,584.162
30.0,170.0,563.342
30.0,180.0,544.023
30.0,190.0,526.052
30.0,200.0,509.294
30.0,210.0,493.634
30.0,220.0,478.969
30.0,230.0,
30.0,240.0,
30.0,250.0,
30.0,260.0,
30.0,270.0,
30.0,280.0,
30.0,290.0,
30.0,300.0,
30.0,310.0,
30.0,320.0,
30.0,330.0,
30.0,340.0,
30.0,350.0,
30.0,360.0,
30.0,370.0,
30.0,380.0,
30.0,390.0,
30.0,400.0,
30.0,410.0,
30.0,420.0,
30.0,430.0,
30.0,440.0,
30.0,450.0,
30.0,460.0,
30.0,470.0,
30.0,480.0,
30.0,490.0,
30.0,500.0,
30.0,510.0,
30.0,520.0,
30.0,530.0,
30.0,540.0,
30.0,550.0,
30.0,560.0,
30.0,570.0,
30.0,580.0,
30.0,590.0,
30.0,600.0,
30.0,610.0,
30.0,620.0,
30.0,630.0,
30.0,640.0,
30.0,650.0,
30.0,660.0,
30.0,670.0,
30.0,680.0,
30.0,690.0,
30.0,700.0,
30.0,710.0,
30.0,720.0,
30.0,730.0,
30.0,740.0,
30.0,750.0,
30.0,760.0,
30.0,770.0,
30.0,780.0,
30.0,790.0,
30.0,800.0,
30.0,810.0,
30.0,820.0,
30.0,830.0,
30.0,840.0,
30.0,850.0,
30.0,860.0,
30.0,870.0,
30.0,880.0,
30.0,890.0,
30.0,900.0,
30.0,910.0,
30.0,920.0,
30.0,930.0,
30.0,940.0,
30.0,950.0,
30.0,960.0,
30.0,970.0,
30.0,980.0,
30.0,990.0,
30.0,1000.0,
40.0,-1000.0,
40.0,-990.0,
40.0,-980.0,
40.0,-970.0,
40.0,-960.0,
40.0,-950.0,
40.0,-940.0,
40.0,-930.0,
40.0,-920.0,
40.0,-910.0,
40.0,-900.0,
40.0,-890.0,
40.0,-880.0,
40.0,-870.0,
40.0,-860.0,
40.0,-850.0,
40.0,-840.0,
40.0,-830.0,
40.0,-820.0,
40.0,-810.0,
40.0,-800.0,
40.0,-790.0,
40.0,-780.0,
40.0,-770.0,
40.0,-760.0,
40.0,-750.0,
40.0,-740.0,
40.0,-730.0,
40.0,-720.0,
40.0,-710.0,
40.0,-700.0,
40.0,-690.0,
40.0,-680.0,
40.0,-670.0,
40.0,-660.0,
40.0,-650.0,
40.0,-640.0,
40.0,-630.0,
40.0,-620.0,
40.0,-610.0,
40.0,-600.0,
40.0,-590.0,
40.0,-580.0,
40.0,-570.0,
40.0,-560.0,
40.0,-550.0,
40.0,-540.0,
40.0,-530.0,
40.0,-520.0,
40.0,-510.0,
40.0,-500.0,
40.0,-490.0,
40.0,-480.0,
40.0,-470.0,
40.0,-460.0,
40.0,-450.0,
40.0,-440.0,
40.0,-430.0,
40.0,-420.0,
40.0,-410.0,
40.0,-400.0,
40.0,-390.0,
40.0,-380.0,
40.0,-370.0,
40.0,-360.0,
40.0,-350.0,
40.0,-340.0,
40.0,-330.0,
40.0,-320.0,
40.0,-310.0,
40.0,-300.0,
40.0,-290.0,
40.0,-280.0,
40.0,-270.0,
40.0,-260.0,424.998
40.0,-250.0,436.393
40.0,-240.0,448.477
40.0,-230.0,461.313
40.0,-220.0,474.972
40.0,-210.0,489.531
40.0,-200.0,505.082
40.0,-190.0,521.724
40.0,-180.0,539.574
40.0,-170.0,558.766
40.0,-160.0,579.452
40.0,-150.0,601.809
40.0,-140.0,626.045
40.0,-130.0,652.401
40.0,-120.0,681.163
40.0,-110.0,712.672
40.0,-100.0,747.332
40.0,-90.0,785.636
40.0,-80.0,828.181
40.0,-70.0,875.704
40.0,-60.0,929.124
40.0,-50.0,989.598
40.0,-40.0,1058.611
40.0,-30.0,1138.093
40.0,-20.0,1230.604
40.0,-10.0,1339.613
40.0,0.0,1460.006
40.0,10.0,1339.613
40.0,20.0,1230.604
40.0,30.0,1138.093
40.0,40.0,1058.611
40.0,50.0,989.598
40.0,60.0,929.124
40.0,70.0,875.704
40.0,80.0,828.181
40.0,90.0,785.636
40.0,100.0,747.332
40.0,110.0,712.672
40.0,120.0,681.163
40.0,130.0,652.401
40.0,140.0,626.045
40.0,150.0,601.809
40.0,160.0,579.452
40.0,170.0,558.766
40.0,180.0,539.574
40.0,190.0,521.724
40.0,200.0,505.082
40.0,210.0,489.531
40.0,220.0,474.972
40.0,230.0,461.313
40.0,240.0,448.477
40.0,250.0,436.393
40.0,260.0,424.998
40.0,270.0,
40.0,280.0,
40.0,290.0,
40.0,300.0,
40.0,310.0,
40.0,320.0,
40.0,330.0,
40.0,340.0,
40.0,350.0,
40.0,360.0,
40.0,370.0,
40.0,380.0,
40.0,390.0,
40.0,400.0,
40.0,410.0,
40.0,420.0,
40.0,430.0,
40.0,440.0,
40.0,450.0,
40.0,460.0,
40.0,470.0,
40.0,480.0,
40.0,490.0,
40.0,500.0,
40.0,510.0,
40.0,520.0,
40.0,530.0,
40.0,540.0,
40.0,550.0,
40.0,560.0,
40.0,570.0,
40.0,580.0,
40.0,590.0,
40.0,600.0,
40.0,610.0,
40.0,620.0,
40.0,630.0,
40.0,640.0,
40.0,650.0,
40.0,660.0,
40.0,670.0,
40.0,680.0,
40.0,690.0,
40.0,700.0,
40.0,710.0,
40.0,720.0,
40.0,730.0,
40.0,740.0,
40.0,750.0,
40.0,760.0,
40.0,770.0,
40.0,780.0,
40.0,790.0,
40.0,800.0,
40.0,810.0,
40.0,820.0,
40.0,830.0,
40.0,840.0,
40.0,850.0,
40.0,860.0,
40.0,870.0,
40.0,880.0,
40.0,890.0,
40.0,900.0,
40.0,910.0,
40.0,920.0,
40.0,930.0,
40.0,940.0,
40.0,950.0,
40.0,960.0,
40.0,970.0,
40.0,980.0,
40.0,990.0,
40.0,1000.0,
50.0,-1000.0,
50.0,-990.0,
50.0,-980.0,
50.0,-970.0,
50.0,-960.0,
50.0,-950.0,
50.0,-940.0,
50.0,-930.0,
50.0,-920.0,
50.0,-910.0,
50.0,-900.0,
50.0,-890.0,
50.0,-880.0,
50.0,-870.0,
50.0,-860.0,
50.0,-850.0,
50.0,-840.0,
50.0,-830.0,
50.0,-820.0,
50.0,-810.0,
50.0,-800.0,
50.0,-790.0,
50.0,-780.0,
50.0,-770.0,
50.0,-760.0,
50.0,-750.0,
50.0,-740.0,
50.0,-730.0,
50.0,-720.0,
50.0,-710.0,
50.0,-700.0,
50.0,-690.0,
50.0,-680.0,
50.0,-670.0,
50.0,-660.0,
50.0,-650.0,
50.0,-640.0,
50.0,-630.0,
50.0,-620.0,
50.0,-610.0,
50.0,-600.0,
50.0,-590.0,
50.0,-580.0,
50.0,-570.0,
50.0,-560.0,
50.0,-550.0,
50.0,-540.0,
50.0,-530.0,
50.0,-520.0,
50.0,-510.0,
50.0,-500.0,
50.0,-490.0,
50.0,-480.0,
50.0,-470.0,
50.0,-460.0,
50.0,-450.0,
50.0,-440.0,
50.0,-430.0,
50.0,-420.0,
50.0,-410.0,
50.0,-400.0,
50.0,-390.0,
50.0,-380.0,
50.0,-370.0,
50.0,-360.0,
50.0,-350.0,
50.0,-340.0,
50.0,-330.0,
50.0,-320.0,
50.0,-310.0,
50.0,-300.0,
50.0,-290.0,391.053
50.0,-280.0,400.612
50.0,-270.0,410.707
50.0,-260.0,421.384
50.0,-250.0,432.691
50.0,-240.0,444.683
50.0,-230.0,457.424
50.0,-220.0,470.983
50.0,-210.0,485.438
50.0,-200.0,500.878
50.0,-190.0,517.405
50.0,-180.0,535.134
50.0,-170.0,554.198
50.0,-160.0,574.749
50.0,-150.0,596.965
50.0,-140.0,621.052
50.0,-130.0,647.251
50.0,-120.0,675.848
50.0,-110.0,707.182
50.0,-100.0,741.66
50.0,-90.0,779.771
50.0,-80.0,822.115
50.0,-70.0,869.429
50.0,-60.0,922.633
50.0,-50.0,982.888
50.0,-40.0,1051.683
50.0,-30.0,1130.954
50.0,-20.0,1223.277
50.0,-10.0,1332.14
50.0,0.0,1450.008
50.0,10.0,1332.14
50.0,20.0,1223.277
50.0,30.0,1130.954
50.0,40.0,1051.683
50.0,50.0,982.888
50.0,60.0,922.633
50.0,70.0,869.429
50.0,80.0,822.115
50.0,90.0,779.771
50.0,100.0,741.66
50.0,110.0,707.182
50.0,120.0,675.848
50.0,130.0,647.251
50.0,140.0,621.052
50.0,150.0,596.965
50.0,160.0,574.749
50.0,170.0,554.198
50.0,180.0,535.134
50.0,190.0,517.405
50.0,200.0,500.878
50.0,210.0,485.438
50.0,220.0,470.983
50.0,230.0,457.424
50.0,240.0,444.683
50.0,250.0,432.691
50.0,260.0,421.384
50.0,270.0,410.707
50.0,280.0,400.612
50.0,290.0,391.053
50.0,300.0,
50.0,310.0,
50.0,320.0,
50.0,330.0,
50.0,340.0,
50.0,350.0,
50.0,360.0,
50.0,370.0,
50.0,380.0,
50.0,390.0,
50.0,400.0,
50.0,410.0,
50.0,420.0,
50.0,430.0,
50.0,440.0,
50.0,450.0,
50.0,460.0,
50.0,470.0,
50.0,480.0,
50.0,490.0,
50.0,500.0,
50.0,510.0,
50.0,520.0,
50.0,530.0,
50.0,540.0,
50.0,550.0,
50.0,560.0,
50.0,570.0,
50.0,580.0,
50.0,590.0,
50.0,600.0,
50.0,610.0,
50.0,620.0,
50.0,630.0,
50.0,640.0,
50.0,650.0,
50.0,660.0,
50.0,670.0,
50.0,680.0,
50.0,690.0,
50.0,700.0,
50.0,710.0,
50.0,720.0,
50.0,730.0,
50.0,740.0,
50.0,750.0,
50.0,760.0,
50.0,770.0,
50.0,780.0,
50.0,790.0,
50.0,800.0,
50.0,810.0,
50.0,820.0,
50.0,830.0,
50.0,840.0,
50.0,850.0,
50.0,860.0,
50.0,870.0,
50.0,880.0,
50.0,890.0,
50.0,900.0,
50.0,910.0,
50.0,920.0,
50.0,930.0,
50.0,940.0,
50.0,950.0,
50.0,960.0,
50.0,970.0,
50.0,980.0,
50.0,990.0,
50.0,1000.0,
60.0,-1000.0,
60.0,-990.0,
60.0,-980.0,
60.0,-970.0,
60.0,-960.0,
60.0,-950.0,
60.0,-940.0,
60.0,-930.0,
60.0,-920.0,
60.0,-910.0,
60.0,-900.0,
60.0,-890.0,
60.0,-880.0,
60.0,-870.0,
60.0,-860.0,
60.0,-850.0,
60.0,-840.0,
60.0,-830.0,
60.0,-820.0,
60.0,-810.0,
60.0,-800.0,
60.0,-790.0,
60.0,-780.0,
60.0,-770.0,
60.0,-760.0,
60.0,-750.0,
60.0,-740.0,
60.0,-730.0,
60.0,-720.0,
60.0,-710.0,
60.0,-700.0,
60.0,-690.0,
60.0,-680.0,
60.0,-670.0,
60.0,-660.0,
60.0,-650.0,
60.0,-640.0,
60.0,-630.0,
60.0,-620.0,
60.0,-610.0,
60.0,-600.0,
60.0,-590.0,
60.0,-580.0,
60.0,-570.0,
60.0,-560.0,
60.0,-550.0,
60.0,-540.0,
60.0,-530.0,
60.0,-520.0,
60.0,-510.0,
60.0,-500.0,
60.0,-490.0,
60.0,-480.0,
60.0,-470.0,
60.0,-460.0,
60.0,-450.0,
60.0,-440.0,
60.0,-430.0,
60.0,-420.0,
60.0,-410.0,
60.0,-400.0,
60.0,-390.0,
60.0,-380.0,
60.0,-370.0,
60.0,-360.0,
60.0,-350.0,
60.0,-340.0,
60.0,-330.0,
60.0,-320.0,362.061
60.0,-310.0,370.168
60.0,-300.0,378.699
60.0,-290.0,387.688
60.0,-280.0,397.17
60.0,-270.0,407.185
60.0,-260.0,417.778
60.0,-250.0,428.998
60.0,-240.0,440.899
60.0,-230.0,453.545
60.0,-220.0,467.003
60.0,-210.0,481.353
60.0,-200.0,496.684
60.0,-190.0,513.095
60.0,-180.0,530.702
60.0,-170.0,549.638
60.0,-160.0,570.055
60.0,-150.0,592.129
60.0,-140.0,616.066
60.0,-130.0,642.108
60.0,-120.0,670.539
60.0,-110.0,701.699
60.0,-100.0,735.992
60.0,-90.0,773.911
60.0,-80.0,816.053
60.0,-70.0,863.157
60.0,-60.0,916.144
60.0,-50.0,976.178
60.0,-40.0,1044.752
60.0,-30.0,1123.812
60.0,-20.0,1215.943
60.0,-10.0,1324.66
60.0,0.0,1440.01
60.0,10.0,1324.66
60.0,20.0,1215.943
60.0,30.0,1123.812
60.0,40.0,1044.752
60.0,50.0,976.178
60.0,60.0,916.144
60.0,70.0,863.157
60.0,80.0,816.053
60.0,90.0,773.911
60.0,100.0,735.992
60.0,110.0,701.699
60.0,120.0,670.539
60.0,130.0,642.108
60.0,140.0,616.066
60.0,150.0,592.129
60.0,160.0,570.055
60.0,170.0,549.638
60.0,180.0,530.702
60.0,190.0,513.095
60.0,200.0,496.684
60.0,210.0,481.353
60.0,220.0,467.003
60.0,230.0,453.545
60.0,240.0,440.899
60.0,250.0,428.998
60.0,260.0,417.778
60.0,270.0,407.185
60.0,280.0,397.17
60.0,290.0,387.688
60.0,300.0,378.699
60.0,310.0,370.168
60.0,320.0,362.061
60.0,330.0,
60.0,340.0,
60.0,350.0,
60.0,360.0,
60.0,370.0,
60.0,380.0,
60.0,390.0,
60.0,400.0,
60.0,410.0,
60.0,420.0,
60.0,430.0,
60.0,440.0,
60.0,450.0,
60.0,460.0,
60.0,470.0,
60.0,480.0,
60.0,490.0,
60.0,500.0,
60.0,510.0,
60.0,520.0,
60.0,530.0,
60.0,540.0,
60.0,550.0,
60.0,560.0,
60.0,570.0,
60.0,580.0,
60.0,590.0,
60.0,600.0,
60.0,610.0,
60.0,620.0,
60.0,630.0,
60.0,640.0,
60.0,650.0,
60.0,660.0,
60.0,670.0,
60.0,680.0,
60.0,690.0,
60.0,700.0,
60.0,710.0,
60.0,720.0,
60.0,730.0,
60.0,740.0,
60.0,750.0,
60.0,760.0,
60.0,770.0,
60.0,780.0,
60.0,790.0,
60.0,800.0,
60.0,810.0,
60.0,820.0,
60.0,830.0,
60.0,840.0,
60.0,850.0,
60.0,860.0,
60.0,870.0,
60.0,880.0,
60.0,890.0,
60.0,900.0,
60.0,910.0,
60.0,920.0,
60.0,930.0,
60.0,940.0,
60.0,950.0,
60.0,960.0,
60.0,970.0,
60.0,980.0,
60.0,990.0,
60.0,1000.0,
70.0,-1000.0,
70.0,-990.0,
70.0,-980.0,
70.0,-970.0,
70.0,-960.0,
70.0,-950.0,
70.0,-940.0,
70.0,-930.0,
70.0,-920.0,
70.0,-910.0,
70.0,-900.0,
70.0,-890.0,
70.0,-880.0,
70.0,-870.0,
70.0,-860.0,
70.0,-850.0,
70.0,-840.0,
70.0,-830.0,
70.0,-820.0,
70.0,-810.0,
70.0,-800.0,
70.0,-790.0,
70.0,-780.0,
70.0,-770.0,
70.0,-760.0,
70.0,-750.0,
70.0,-740.0,
70.0,-730.0,
70.0,-720.0,
70.0,-710.0,
70.0,-700.0,
70.0,-690.0,
70.0,-680.0,
70.0,-670.0,
70.0,-660.0,
70.0,-650.0,
70.0,-640.0,
70.0,-630.0,
70.0,-620.0,
70.0,-610.0,
70.0,-600.0,
70.0,-590.0,
70.0,-580.0,
70.0,-570.0,
70.0,-560.0,
70.0,-550.0,
70.0,-540.0,
70.0,-530.0,
70.0,-520.0,
70.0,-510.0,
70.0,-500.0,
70.0,-490.0,
70.0,-480.0,
70.0,-470.0,
70.0,-460.0,
70.0,-450.0,
70.0,-440.0,
70.0,-430.0,
70.0,-420.0,
70.0,-410.0,
70.0,-400.0,
70.0,-390.0,
70.0,-380.0,
70.0,-370.0,
70.0,-360.0,
70.0,-350.0,337.051
70.0,-340.0,343.99
70.0,-330.0,351.27
70.0,-320.0,358.916
70.0,-310.0,366.955
70.0,-300.0,375.416
70.0,-290.0,384.331
70.0,-280.0,393.737
70.0,-270.0,403.672
70.0,-260.0,414.182
70.0,-250.0,425.314
70.0,-240.0,437.125
70.0,-230.0,449.674
70.0,-220.0,463.033
70.0,-210.0,477.278
70.0,-200.0,492.498
70.0,-190.0,508.793
70.0,-180.0,526.279
70.0,-170.0,545.087
70.0,-160.0,565.369
70.0,-150.0,587.301
70.0,-140.0,611.088
70.0,-130.0,636.972
70.0,-120.0,665.237
70.0,-110.0,696.221
70.0,-100.0,730.33
70.0,-90.0,768.055
70.0,-80.0,809.995
70.0,-70.0,856.888
70.0,-60.0,909.657
70.0,-50.0,969.468
70.0,-40.0,1037.82
70.0,-30.0,1116.665
70.0,-20.0,1208.604
70.0,-10.0,1317.172
70.0,0.0,1430.011
70.0,10.0,1317.172
70.0,20.0,1208.604
70.0,30.0,1116.665
70.0,40.0,1037.82
70.0,50.0,969.468
70.0,60.0,909.657
70.0,70.0,856.888
70.0,80.0,809.995
70.0,90.0,768.055
70.0,100.0,730.33
70.0,110.0,696.221
70.0,120.0,665.237
70.0,130.0,636.972
70.0,140.0,611.088
70.0,150.0,587.301
70.0,160.0,565.369
70.0,170.0,545.087
70.0,180.0,526.279
70.0,190.0,508.793
70.0,200.0,492.498
70.0,210.0,477.278
70.0,220.0,463.033
70.0,230.0,449.674
70.0,240.0,437.125
70.0,250.0,425.314
70.0,260.0,414.182
70.0,270.0,403.672
70.0,280.0,393.737
70.0,290.0,384.331
70.0,300.0,375.416
70.0,310.0,366.955
70.0,320.0,358.916
70.0,330.0,351.27
70.0,340.0,343.99
70.0,350.0,337.051
70.0,360.0,
70.0,370.0,
70.0,380.0,
70.0,390.0,
70.0,400.0,
70.0,410.0,
70.0,420.0,
70.0,430.0,
70.0,440.0,
70.0,450.0,
70.0,460.0,
70.0,470.0,
70.0,480.0,
70.0,490.0,
70.0,500.0,
70.0,510.0,
70.0,520.0,
70.0,530.0,
70.0,540.0,
70.0,550.0,
70.0,560.0,
70.0,570.0,
70.0,580.0,
70.0,590.0,
70.0,600.0,
70.0,610.0,
70.0,620.0,
70.0,630.0,
70.0,640.0,
70.0,650.0,
70.0,660.0,
70.0,670.0,
70.0,680.0,
70.0,690.0,
70.0,700.0,
70.0,710.0,
70.0,720.0,
70.0,730.0,
70.0,740.0,
70.0,750.0,
70.0,760.0,
70.0,770.0,
70.0,780.0,
70.0,790.0,
70.0,800.0,
70.0,810.0,
70.0,820.0,
70.0,830.0,
70.0,840.0,
70.0,850.0,
70.0,860.0,
70.0,870.0,
70.0,880.0,
70.0,890.0,
70.0,900.0,
70.0,910.0,
70.0,920.0,
70.0,930.0,
70.0,940.0,
70.0,950.0,
70.0,960.0,
70.0,970.0,
70.0,980.0,
70.0,990.0,
70.0,1000.0,
80.0,-1000.0,
80.0,-990.0,
80.0,-980.0,
80.0,-970.0,
80.0,-960.0,
80.0,-950.0,
80.0,-940.0,
80.0,-930.0,
80.0,-920.0,
80.0,-910.0,
80.0,-900.0,
80.0,-890.0,
80.0,-880.0,
80.0,-870.0,
80.0,-860.0,
80.0,-850.0,
80.0,-840.0,
80.0,-830.0,
80.0,-820.0,
80.0,-810.0,
80.0,-800.0,
80.0,-790.0,
80.0,-780.0,
80.0,-770.0,
80.0,-760.0,
80.0,-750.0,
80.0,-740.0,
80.0,-730.0,
80.0,-720.0,
80.0,-710.0,
80.0,-700.0,
80.0,-690.0,
80.0,-680.0,
80.0,-670.0,
80.0,-660.0,
80.0,-650.0,
80.0,-640.0,
80.0,-630.0,
80.0,-620.0,
80.0,-610.0,
80.0,-600.0,
80.0,-590.0,
80.0,-580.0,
80.0,-570.0,
80.0,-560.0,
80.0,-550.0,
80.0,-540.0,
80.0,-530.0,
80.0,-520.0,
80.0,-510.0,
80.0,-500.0,
80.0,-490.0,
80.0,-480.0,
80.0,-470.0,
80.0,-460.0,
80.0,-450.0,
80.0,-440.0,
80.0,-430.0,
80.0,-420.0,
80.0,-410.0,
80.0,-400.0,
80.0,-390.0,
80.0,-380.0,
80.0,-370.0,321.276
80.0,-360.0,327.541
80.0,-350.0,334.103
80.0,-340.0,340.982
80.0,-330.0,348.199
80.0,-320.0,355.781
80.0,-310.0,363.752
80.0,-300.0,372.142
80.0,-290.0,380.984
80.0,-280.0,390.313
80.0,-270.0,400.168
80.0,-260.0,410.594
80.0,-250.0,421.64
80.0,-240.0,433.359
80.0,-230.0,445.813
80.0,-220.0,459.072
80.0,-210.0,473.212
80.0,-200.0,488.321
80.0,-190.0,504.501
80.0,-180.0,521.865
80.0,-170.0,540.544
80.0,-160.0,560.691
80.0,-150.0,582.48
80.0,-140.0,606.118
80.0,-130.0,631.844
80.0,-120.0,659.942
80.0,-110.0,690.75
80.0,-100.0,724.674
80.0,-90.0,762.204
80.0,-80.0,803.94
80.0,-70.0,850.62
80.0,-60.0,903.17
80.0,-50.0,962.758
80.0,-40.0,1030.885
80.0,-30.0,1109.515
80.0,-20.0,1201.259
80.0,-10.0,1309.676
80.0,0.0,1420.013
80.0,10.0,1309.676
80.0,20.0,1201.259
80.0,30.0,1109.515
80.0,40.0,1030.885
80.0,50.0,962.758
80.0,60.0,903.17
80.0,70.0,850.62
80.0,80.0,803.94
80.0,90.0,762.204
80.0,100.0,724.674
80.0,110.0,690.75
80.0,120.0,659.942
80.0,130.0,631.844
80.0,140.0,606.118
80.0,150.0,582.48
80.0,160.0,560.691
80.0,170.0,540.544
80.0,180.0,521.865
80.0,190.0,504.501
80.0,200.0,488.321
80.0,210.0,473.212
80.0,220.0,459.072
80.0,230.0,445.813
80.0,240.0,433.359
80.0,250.0,421.64
80.0,260.0,410.594
80.0,270.0,400.168
80.0,280.0,390.313
80.0,290.0,380.984
80.0,300.0,372.142
80.0,310.0,363.752
80.0,320.0,355.781
80.0,330.0,348.199
80.0,340.0,340.982
80.0,350.0,334.103
80.0,360.0,327.541
80.0,370.0,321.276
80.0,380.0,
80.0,390.0,
80.0,400.0,
80.0,410.0,
80.0,420.0,
80.0,430.0,
80.0,440.0,
80.0,450.0,
80.0,460.0,
80.0,470.0,
80.0,480.0,
80.0,490.0,
80.0,500.0,
80.0,510.0,
80.0,520.0,
80.0,530.0,
80.0,540.0,
80.0,550.0,
80.0,560.0,
80.0,570.0,
80.0,580.0,
80.0,590.0,
80.0,600.0,
80.0,610.0,
80.0,620.0,
80.0,630.0,
80.0,640.0,
80.0,650.0,
80.0,660.0,
80.0,670.0,
80.0,680.0,
80.0,690.0,
80.0,700.0,
80.0,710.0,
80.0,720.0,
80.0,730.0,
80.0,740.0,
80.0,750.0,
80.0,760.0,
80.0,770.0,
80.0,780.0,
80.0,790.0,
80.0,800.0,
80.0,810.0,
80.0,820.0,
80.0,830.0,
80.0,840.0,
80.0,850.0,
80.0,860.0,
80.0,870.0,
80.0,880.0,
80.0,890.0,
80.0,900.0,
80.0,910.0,
80.0,920.0,
80.0,930.0,
80.0,940.0,
80.0,950.0,
80.0,960.0,
80.0,970.0,
80.0,980.0,
80.0,990.0,
80.0,1000.0,
90.0,-1000.0,
90.0,-990.0,
90.0,-980.0,
90.0,-970.0,
90.0,-960.0,
90.0,-950.0,
90.0,-940.0,
90.0,-930.0,
90.0,-920.0,
90.0,-910.0,
90.0,-900.0,
90.0,-890.0,
90.0,-880.0,
90.0,-870.0,
90.0,-860.0,
90.0,-850.0,
90.0,-840.0,
90.0,-830.0,
90.0,-820.0,
90.0,-810.0,
90.0,-800.0,
90.0,-790.0,
90.0,-780.0,
90.0,-770.0,
90.0,-760.0,
90.0,-750.0,
90.0,-740.0,
90.0,-730.0,
90.0,-720.0,
90.0,-710.0,
90.0,-700.0,
90.0,-690.0,
90.0,-680.0,
90.0,-670.0,
90.0,-660.0,
90.0,-650.0,
90.0,-640.0,
90.0,-630.0,
90.0,-620.0,
90.0,-610.0,
90.0,-600.0,
90.0,-590.0,
90.0,-580.0,
90.0,-570.0,
90.0,-560.0,
90.0,-550.0,
90.0,-540.0,
90.0,-530.0,
90.0,-520.0,
90.0,-510.0,
90.0,-500.0,
90.0,-490.0,
90.0,-480.0,
90.0,-470.0,
90.0,-460.0,
90.0,-450.0,
90.0,-440.0,
90.0,-430.0,
90.0,-420.0,
90.0,-410.0,
90.0,-400.0,
90.0,-390.0,306.844
90.0,-380.0,312.518
90.0,-370.0,318.451
90.0,-360.0,324.66
90.0,-350.0,331.164
90.0,-340.0,337.983
90.0,-330.0,345.138
90.0,-320.0,352.654
90.0,-310.0,360.558
90.0,-300.0,368.878
90.0,-290.0,377.646
90.0,-280.0,386.898
90.0,-270.0,396.674
90.0,-260.0,407.017
90.0,-250.0,417.975
90.0,-240.0,429.603
90.0,-230.0,441.961
90.0,-220.0,455.119
90.0,-210.0,469.154
90.0,-200.0,484.153
90.0,-190.0,500.217
90.0,-180.0,517.459
90.0,-170.0,536.01
90.0,-160.0,556.021
90.0,-150.0,577.668
90.0,-140.0,601.155
90.0,-130.0,626.722
90.0,-120.0,654.653
90.0,-110.0,685.285
90.0,-100.0,719.023
90.0,-90.0,756.358
90.0,-80.0,797.889
90.0,-70.0,844.356
90.0,-60.0,896.685
90.0,-50.0,956.047
90.0,-40.0,1023.949
90.0,-30.0,1102.361
90.0,-20.0,1193.908
90.0,-10.0,1302.173
90.0,0.0,1410.015
90.0,10.0,1302.173
90.0,20.0,1193.908
90.0,30.0,1102.361
90.0,40.0,1023.949
90.0,50.0,956.047
90.0,60.0,896.685
90.0,70.0,844.356
90.0,80.0,797.889
90.0,90.0,756.358
90.0,100.0,719.023
90.0,110.0,685.285
90.0,120.0,654.653
90.0,130.0,626.722
90.0,140.0,601.155
90.0,150.0,577.668
90.0,160.0,556.021
90.0,170.0,536.01
90.0,180.0,517.459
90.0,190.0,500.217
90.0,200.0,484.153
90.0,210.0,469.154
90.0,220.0,455.119
90.0,230.0,441.961
90.0,240.0,429.603
90.0,250.0,417.975
90.0,260.0,407.017
90.0,270.0,396.674
90.0,280.0,386.898
90.0,290.0,377.646
90.0,300.0,368.878
90.0,310.0,360.558
90.0,320.0,352.654
90.0,330.0,345.138
90.0,340.0,337.983
90.0,350.0,331.164
90.0,360.0,324.66
90.0,370.0,318.451
90.0,380.0,312.518
90.0,390.0,306.844
90.0,400.0,
90.0,410.0,
90.0,420.0,
90.0,430.0,
90.0,440.0,
90.0,450.0,
90.0,460.0,
90.0,470.0,
90.0,480.0,
90.0,490.0,
90.0,500.0,
90.0,510.0,
90.0,520.0,
90.0,530.0,
90.0,540.0,
90.0,550.0,
90.0,560.0,
90.0,570.0,
90.0,580.0,
90.0,590.0,
90.0,600.0,
90.0,610.0,
90.0,620.0,
90.0,630.0,
90.0,640.0,
90.0,650.0,
90.0,660.0,
90.0,670.0,
90.0,680.0,
90.0,690.0,
90.0,700.0,
90.0,710.0,
90.0,720.0,
90.0,730.0,
90.0,740.0,
90.0,750.0,
90.0,760.0,
90.0,770.0,
90.0,780.0,
90.0,790.0,
90.0,800.0,
90.0,810.0,
90.0,820.0,
90.0,830.0,
90.0,840.0,
90.0,850.0,
90.0,860.0,
90.0,870.0,
90.0,880.0,
90.0,890.0,
90.0,900.0,
90.0,910.0,
90.0,920.0,
90.0,930.0,
90.0,940.0,
90.0,950.0,
90.0,960.0,
90.0,970.0,
90.0,980.0,
90.0,990.0,
90.0,1000.0,
100.0,-1000.0,
100.0,-990.0,
100.0,-980.0,
100.0,-970.0,
100.0,-960.0,
100.0,-950.0,
100.0,-940.0,
100.0,-930.0,
100.0,-920.0,
100.0,-910.0,
100.0,-900.0,
100.0,-890.0,
100.0,-880.0,
100.0,-870.0,
100.0,-860.0,
100.0,-850.0,
100.0,-840.0,
100.0,-830.0,
100.0,-820.0,
100.0,-810.0,
100.0,-800.0,
100.0,-790.0,
100.0,-780.0,
100.0,-770.0,
100.0,-760.0,
100.0,-750.0,
100.0,-740.0,
100.0,-730.0,
100.0,-720.0,
100.0,-710.0,
100.0,-700.0,
100.0,-690.0,
100.0,-680.0,
100.0,-670.0,
100.0,-660.0,
100.0,-650.0,
100.0,-640.0,
100.0,-630.0,
100.0,-620.0,
100.0,-610.0,
100.0,-600.0,
100.0,-590.0,
100.0,-580.0,
100.0,-570.0,
100.0,-560.0,
100.0,-550.0,
100.0,-540.0,
100.0,-530.0,
100.0,-520.0,
100.0,-510.0,
100.0,-500.0,
100.0,-490.0,
100.0,-480.0,
100.0,-470.0,
100.0,-460.0,
100.0,-450.0,
100.0,-440.0,
100.0,-430.0,
100.0,-420.0,
100.0,-410.0,293.601
100.0,-400.0,298.754
100.0,-390.0,304.134
100.0,-380.0,309.756
100.0,-370.0,315.635
100.0,-360.0,321.788
100.0,-350.0,328.234
100.0,-340.0,334.993
100.0,-330.0,342.086
100.0,-320.0,349.537
100.0,-310.0,357.373
100.0,-300.0,365.622
100.0,-290.0,374.317
100.0,-280.0,383.493
100.0,-270.0,393.189
100.0,-260.0,403.448
100.0,-250.0,414.319
100.0,-240.0,425.856
100.0,-230.0,438.119
100.0,-220.0,451.176
100.0,-210.0,465.106
100.0,-200.0,479.995
100.0,-190.0,495.942
100.0,-180.0,513.062
100.0,-170.0,531.484
100.0,-160.0,551.36
100.0,-150.0,572.864
100.0,-140.0,596.2
100.0,-130.0,621.608
100.0,-120.0,649.371
100.0,-110.0,679.826
100.0,-100.0,713.377
100.0,-90.0,750.516
100.0,-80.0,791.841
100.0,-70.0,838.094
100.0,-60.0,890.201
100.0,-50.0,949.336
100.0,-40.0,1017.011
100.0,-30.0,1095.203
100.0,-20.0,1186.552
100.0,-10.0,1294.661
100.0,0.0,1400.016
100.0,10.0,1294.661
100.0,20.0,1186.552
100.0,30.0,1095.203
100.0,40.0,1017.011
100.0,50.0,949.336
100.0,60.0,890.201
100.0,70.0,838.094
100.0,80.0,791.841
100.0,90.0,750.516
100.0,100.0,713.377
100.0,110.0,679.826
100.0,120.0,649.371
100.0,130.0,621.608
100.0,140.0,596.2
100.0,150.0,572.864
100.0,160.0,551.36
100.0,170.0,531.484
100.0,180.0,513.062
100.0,190.0,495.942
100.0,200.0,479.995
100.0,210.0,465.106
100.0,220.0,451.176
100.0,230.0,438.119
100.0,240.0,425.856
100.0,250.0,414.319
100.0,260.0,403.448
100.0,270.0,393.189
100.0,280.0,383.493
100.0,290.0,374.317
100.0,300.0,365.622
100.0,310.0,357.373
100.0,320.0,349.537
100.0,330.0,342.086
100.0,340.0,334.993
100.0,350.0,328.234
100.0,360.0,321.788
100.0,370.0,315.635
100.0,380.0,309.756
100.0,390.0,304.134
100.0,400.0,298.754
100.0,410.0,293.601
100.0,420.0,
100.0,430.0,
100.0,440.0,
100.0,450.0,
100.0,460.0,
100.0,470.0,
100.0,480.0,
100.0,490.0,
100.0,500.0,
100.0,510.0,
100.0,520.0,
100.0,530.0,
100.0,540.0,
100.0,550.0,
100.0,560.0,
100.0,570.0,
100.0,580.0,
100.0,590.0,
100.0,600.0,
100.0,610.0,
100.0,620.0,
100.0,630.0,
100.0,640.0,
100.0,650.0,
100.0,660.0,
100.0,670.0,
100.0,680.0,
100.0,690.0,
100.0,700.0,
100.0,710.0,
100.0,720.0,
100.0,730.0,
100.0,740.0,
100.0,750.0,
100.0,760.0,
100.0,770.0,
100.0,780.0,
100.0,790.0,
100.0,800.0,
100.0,810.0,
100.0,820.0,
100.0,830.0,
100.0,840.0,
100.0,850.0,
100.0,860.0,
100.0,870.0,
100.0,880.0,
100.0,890.0,
100.0,900.0,
100.0,910.0,
100.0,920.0,
100.0,930.0,
100.0,940.0,
100.0,950.0,
100.0,960.0,
100.0,970.0,
100.0,980.0,
100.0,990.0,
100.0,1000.0,
110.0,-1000.0,
110.0,-990.0,
110.0,-980.0,
110.0,-970.0,
110.0,-960.0,
110.0,-950.0,
110.0,-940.0,
110.0,-930.0,
110.0,-920.0,
110.0,-910.0,
110.0,-900.0,
110.0,-890.0,
110.0,-880.0,
110.0,-870.0,
110.0,-860.0,
110.0,-850.0,
110.0,-840.0,
110.0,-830.0,
110.0,-820.0,
110.0,-810.0,
110.0,-800.0,
110.0,-790.0,
110.0,-780.0,
110.0,-770.0,
110.0,-760.0,
110.0,-750.0,
110.0,-740.0,
110.0,-730.0,
110.0,-720.0,
110.0,-710.0,
110.0,-700.0,
110.0,-690.0,
110.0,-680.0,
110.0,-670.0,
110.0,-660.0,
110.0,-650.0,
110.0,-640.0,
110.0,-630.0,
110.0,-620.0,
110.0,-610.0,
110.0,-600.0,
110.0,-590.0,
110.0,-580.0,
110.0,-570.0,
110.0,-560.0,
110.0,-550.0,
110.0,-540.0,
110.0,-530.0,
110.0,-520.0,
110.0,-510.0,
110.0,-500.0,
110.0,-490.0,
110.0,-480.0,
110.0,-470.0,
110.0,-460.0,
110.0,-450.0,
110.0,-440.0,
110.0,-430.0,281.416
110.0,-420.0,286.106
110.0,-410.0,290.998
110.0,-400.0,296.102
110.0,-390.0,301.432
110.0,-380.0,307.002
110.0,-370.0,312.828
110.0,-360.0,318.925
110.0,-350.0,325.314
110.0,-340.0,332.012
110.0,-330.0,339.043
110.0,-320.0,346.429
110.0,-310.0,354.197
110.0,-300.0,362.377
110.0,-290.0,370.998
110.0,-280.0,380.098
110.0,-270.0,389.714
110.0,-260.0,399.889
110.0,-250.0,410.673
110.0,-240.0,422.118
110.0,-230.0,434.285
110.0,-220.0,447.243
110.0,-210.0,461.067
110.0,-200.0,475.845
110.0,-190.0,491.676
110.0,-180.0,508.673
110.0,-170.0,526.967
110.0,-160.0,546.707
110.0,-150.0,568.068
110.0,-140.0,591.253
110.0,-130.0,616.501
110.0,-120.0,644.095
110.0,-110.0,674.373
110.0,-100.0,707.737
110.0,-90.0,744.679
110.0,-80.0,785.798
110.0,-70.0,831.835
110.0,-60.0,883.718
110.0,-50.0,942.625
110.0,-40.0,1010.07
110.0,-30.0,1088.041
110.0,-20.0,1179.189
110.0,-10.0,1287.141
110.0,0.0,1390.018
110.0,10.0,1287.141
110.0,20.0,1179.189
110.0,30.0,1088.041
110.0,40.0,1010.07
110.0,50.0,942.625
110.0,60.0,883.718
110.0,70.0,831.835
110.0,80.0,785.798
110.0,90.0,744.679
110.0,100.0,707.737
110.0,110.0,674.373
110.0,120.0,644.095
110.0,130.0,616.501
110.0,140.0,591.253
110.0,150.0,568.068
110.0,160.0,546.707
110.0,170.0,526.967
110.0,180.0,508.673
110.0,190.0,491.676
110.0,200.0,475.845
110.0,210.0,461.067
110.0,220.0,447.243
110.0,230.0,434.285
110.0,240.0,422.118
110.0,250.0,410.673
110.0,260.0,399.889
110.0,270.0,389.714
110.0,280.0,380.098
110.0,290.0,370.998
110.0,300.0,362.377
110.0,310.0,354.197
110.0,320.0,346.429
110.0,330.0,339.043
110.0,340.0,332.012
110.0,350.0,325.314
110.0,360.0,318.925
110.0,370.0,312.828
110.0,380.0,307.002
110.0,390.0,301.432
110.0,400.0,296.102
110.0,410.0,290.998
110.0,420.0,286.106
110.0,430.0,281.416
110.0,440.0,
110.0,450.0,
110.0,460.0,
110.0,470.0,
110.0,480.0,
110.0,490.0,
110.0,500.0,
110.0,510.0,
110.0,520.0,
110.0,530.0,
110.0,540.0,
110.0,550.0,
110.0,560.0,
110.0,570.0,
110.0,580.0,
110.0,590.0,
110.0,600.0,
110.0,610.0,
110.0,620.0,
110.0,630.0,
110.0,640.0,
110.0,650.0,
110.0,660.0,
110.0,670.0,
110.0,680.0,
110.0,690.0,
110.0,700.0,
110.0,710.0,
110.0,720.0,
110.0,730.0,
110.0,740.0,
110.0,750.0,
110.0,760.0,
110.0,770.0,
110.0,780.0,
110.0,790.0,
110.0,800.0,
110.0,810.0,
110.0,820.0,
110.0,830.0,
110.0,840.0,
110.0,850.0,
110.0,860.0,
110.0,870.0,
110.0,880.0,
110.0,890.0,
110.0,900.0,
110.0,910.0,
110.0,920.0,
110.0,930.0,
110.0,940.0,
110.0,950.0,
110.0,960.0,
110.0,970.0,
110.0,980.0,
110.0,990.0,
110.0,1000.0,
120.0,-1000.0,
120.0,-990.0,
120.0,-980.0,
120.0,-970.0,
120.0,-960.0,
120.0,-950.0,
120.0,-940.0,
120.0,-930.0,
120.0,-920.0,
120.0,-910.0,
120.0,-900.0,
120.0,-890.0,
120.0,-880.0,
120.0,-870.0,
120.0,-860.0,
120.0,-850.0,
120.0,-840.0,
120.0,-830.0,
120.0,-820.0,
120.0,-810.0,
120.0,-800.0,
120.0,-790.0,
120.0,-780.0,
120.0,-770.0,
120.0,-760.0,
120.0,-750.0,
120.0,-740.0,
120.0,-730.0,
120.0,-720.0,
120.0,-710.0,
120.0,-700.0,
120.0,-690.0,
120.0,-680.0,
120.0,-670.0,
120.0,-660.0,
120.0,-650.0,
120.0,-640.0,
120.0,-630.0,
120.0,-620.0,
120.0,-610.0,
120.0,-600.0,
120.0,-590.0,
120.0,-580.0,
120.0,-570.0,
120.0,-560.0,
120.0,-550.0,
120.0,-540.0,
120.0,-530.0,
120.0,-520.0,
120.0,-510.0,
120.0,-500.0,
120.0,-490.0,
120.0,-480.0,
120.0,-470.0,
120.0,-460.0,
120.0,-450.0,270.175
120.0,-440.0,274.455
120.0,-430.0,278.913
120.0,-420.0,283.558
120.0,-410.0,288.403
120.0,-400.0,293.459
120.0,-390.0,298.739
120.0,-380.0,304.258
120.0,-370.0,310.03
120.0,-360.0,316.072
120.0,-350.0,322.402
120.0,-340.0,329.041
120.0,-330.0,336.009
120.0,-320.0,343.33
120.0,-310.0,351.031
120.0,-300.0,359.14
120.0,-290.0,367.689
120.0,-280.0,376.712
120.0,-270.0,386.248
120.0,-260.0,396.34
120.0,-250.0,407.036
120.0,-240.0,418.39
120.0,-230.0,430.461
120.0,-220.0,443.318
120.0,-210.0,457.037
120.0,-200.0,471.705
120.0,-190.0,487.419
120.0,-180.0,504.294
120.0,-170.0,522.458
120.0,-160.0,542.062
120.0,-150.0,563.279
120.0,-140.0,586.313
120.0,-130.0,611.401
120.0,-120.0,638.827
120.0,-110.0,668.926
120.0,-100.0,702.103
120.0,-90.0,738.847
120.0,-80.0,779.758
120.0,-70.0,825.578
120.0,-60.0,877.237
120.0,-50.0,935.913
120.0,-40.0,1003.128
120.0,-30.0,1080.875
120.0,-20.0,1171.82
120.0,-10.0,1279.614
120.0,0.0,1380.02
120.0,10.0,1279.614
120.0,20.0,1171.82
120.0,30.0,1080.875
120.0,40.0,1003.128
120.0,50.0,935.913
120.0,60.0,877.237
120.0,70.0,825.578
120.0,80.0,779.758
120.0,90.0,738.847
120.0,100.0,702.103
120.0,110.0,668.926
120.0,120.0,638.827
120.0,130.0,611.401
120.0,140.0,586.313
120.0,150.0,563.279
120.0,160.0,542.062
120.0,170.0,522.458
120.0,180.0,504.294
120.0,190.0,487.419
120.0,200.0,471.705
120.0,210.0,457.037
120.0,220.0,443.318
120.0,230.0,430.461
120.0,240.0,418.39
120.0,250.0,407.036
120.0,260.0,396.34
120.0,270.0,386.248
120.0,280.0,376.712
120.0,290.0,367.689
120.0,300.0,359.14
120.0,310.0,351.031
120.0,320.0,343.33
120.0,330.0,336.009
120.0,340.0,329.041
120.0,350.0,322.402
120.0,360.0,316.072
120.0,370.0,310.03
120.0,380.0,304.258
120.0,390.0,298.739
120.0,400.0,293.459
120.0,410.0,288.403
120.0,420.0,283.558
120.0,430.0,278.913
120.0,440.0,274.455
120.0,450.0,270.175
120.0,460.0,
120.0,470.0,
120.0,480.0,
120.0,490.0,
120.0,500.0,
120.0,510.0,
120.0,520.0,
120.0,530.0,
120.0,540.0,
120.0,550.0,
120.0,560.0,
120.0,570.0,
120.0,580.0,
120.0,590.0,
120.0,600.0,
120.0,610.0,
120.0,620.0,
120.0,630.0,
120.0,640.0,
120.0,650.0,
120.0,660.0,
120.0,670.0,
120.0,680.0,
120.0,690.0,
120.0,700.0,
120.0,710.0,
120.0,720.0,
120.0,730.0,
120.0,740.0,
120.0,750.0,
120.0,760.0,
120.0,770.0,
120.0,780.0,
120.0,790.0,
120.0,800.0,
120.0,810.0,
120.0,820.0,
120.0,830.0,
120.0,840.0,
120.0,850.0,
120.0,860.0,
120.0,870.0,
120.0,880.0,
120.0,890.0,
120.0,900.0,
120.0,910.0,
120.0,920.0,
120.0,930.0,
120.0,940.0,
120.0,950.0,
120.0,960.0,
120.0,970.0,
120.0,980.0,
120.0,990.0,
120.0,1000.0,
130.0,-1000.0,
130.0,-990.0,
130.0,-980.0,
130.0,-970.0,
130.0,-960.0,
130.0,-950.0,
130.0,-940.0,
130.0,-930.0,
130.0,-920.0,
130.0,-910.0,
130.0,-900.0,
130.0,-890.0,
130.0,-880.0,
130.0,-870.0,
130.0,-860.0,
130.0,-850.0,
130.0,-840.0,
130.0,-830.0,
130.0,-820.0,
130.0,-810.0,
130.0,-800.0,
130.0,-790.0,
130.0,-780.0,
130.0,-770.0,
130.0,-760.0,
130.0,-750.0,
130.0,-740.0,
130.0,-730.0,
130.0,-720.0,
130.0,-710.0,
130.0,-700.0,
130.0,-690.0,
130.0,-680.0,
130.0,-670.0,
130.0,-660.0,
130.0,-650.0,
130.0,-640.0,
130.0,-630.0,
130.0,-620.0,
130.0,-610.0,
130.0,-600.0,
130.0,-590.0,
130.0,-580.0,
130.0,-570.0,
130.0,-560.0,
130.0,-550.0,
130.0,-540.0,
130.0,-530.0,
130.0,-520.0,
130.0,-510.0,
130.0,-500.0,
130.0,-490.0,
130.0,-480.0,
130.0,-470.0,259.781
130.0,-460.0,263.695
130.0,-450.0,267.766
130.0,-440.0,272.004
130.0,-430.0,276.419
130.0,-420.0,281.019
130.0,-410.0,285.818
130.0,-400.0,290.826
130.0,-390.0,296.056
130.0,-380.0,301.523
130.0,-370.0,307.241
130.0,-360.0,313.227
130.0,-350.0,319.5
130.0,-340.0,326.079
130.0,-330.0,332.985
130.0,-320.0,340.241
130.0,-310.0,347.875
130.0,-300.0,355.913
130.0,-290.0,364.388
130.0,-280.0,373.335
130.0,-270.0,382.791
130.0,-260.0,392.8
130.0,-250.0,403.409
130.0,-240.0,414.671
130.0,-230.0,426.647
130.0,-220.0,439.403
130.0,-210.0,453.017
130.0,-200.0,467.573
130.0,-190.0,483.171
130.0,-180.0,499.923
130.0,-170.0,517.958
130.0,-160.0,537.426
130.0,-150.0,558.499
130.0,-140.0,581.381
130.0,-130.0,606.309
130.0,-120.0,633.566
130.0,-110.0,663.486
130.0,-100.0,696.474
130.0,-90.0,733.019
130.0,-80.0,773.722
130.0,-70.0,819.324
130.0,-60.0,870.756
130.0,-50.0,929.201
130.0,-40.0,996.184
130.0,-30.0,1073.705
130.0,-20.0,1164.445
130.0,-10.0,1272.077
130.0,0.0,1370.022
130.0,10.0,1272.077
130.0,20.0,1164.445
130.0,30.0,1073.705
130.0,40.0,996.184
130.0,50.0,929.201
130.0,60.0,870.756
130.0,70.0,819.324
130.0,80.0,773.722
130.0,90.0,733.019
130.0,100.0,696.474
130.0,110.0,663.486
130.0,120.0,633.566
130.0,130.0,606.309
130.0,140.0,581.381
130.0,150.0,558.499
130.0,160.0,537.426
130.0,170.0,517.958
130.0,180.0,499.923
130.0,190.0,483.171
130.0,200.0,467.573
130.0,210.0,453.017
130.0,220.0,439.403
130.0,230.0,426.647
130.0,240.0,414.671
130.0,250.0,403.409
130.0,260.0,392.8
130.0,270.0,382.791
130.0,280.0,373.335
130.0,290.0,364.388
130.0,300.0,355.913
130.0,310.0,347.875
130.0,320.0,340.241
130.0,330.0,332.985
130.0,340.0,326.079
130.0,350.0,319.5
130.0,360.0,313.227
130.0,370.0,307.241
130.0,380.0,301.523
130.0,390.0,296.056
130.0,400.0,290.826
130.0,410.0,285.818
130.0,420.0,281.019
130.0,430.0,276.419
130.0,440.0,272.004
130.0,450.0,267.766
130.0,460.0,263.695
130.0,470.0,259.781
130.0,480.0,
130.0,490.0,
130.0,500.0,
130.0,510.0,
130.0,520.0,
130.0,530.0,
130.0,540.0,
130.0,550.0,
130.0,560.0,
130.0,570.0,
130.0,580.0,
130.0,590.0,
130.0,600.0,
130.0,610.0,
130.0,620.0,
130.0,630.0,
130.0,640.0,
130.0,650.0,
130.0,660.0,
130.0,670.0,
130.0,680.0,
130.0,690.0,
130.0,700.0,
130.0,710.0,
130.0,720.0,
130.0,730.0,
130.0,740.0,
130.0,750.0,
130.0,760.0,
130.0,770.0,
130.0,780.0,
130.0,790.0,
130.0,800.0,
130.0,810.0,
130.0,820.0,
130.0,830.0,
130.0,840.0,
130.0,850.0,
130.0,860.0,
130.0,870.0,
130.0,880.0,
130.0,890.0,
130.0,900.0,
130.0,910.0,
130.0,920.0,
130.0,930.0,
130.0,940.0,
130.0,950.0,
130.0,960.0,
130.0,970.0,
130.0,980.0,
130.0,990.0,
130.0,1000.0,
140.0,-1000.0,
140.0,-990.0,
140.0,-980.0,
140.0,-970.0,
140.0,-960.0,
140.0,-950.0,
140.0,-940.0,
140.0,-930.0,
140.0,-920.0,
140.0,-910.0,
140.0,-900.0,
140.0,-890.0,
140.0,-880.0,
140.0,-870.0,
140.0,-860.0,
140.0,-850.0,
140.0,-840.0,
140.0,-830.0,
140.0,-820.0,
140.0,-810.0,
140.0,-800.0,
140.0,-790.0,
140.0,-780.0,
140.0,-770.0,
140.0,-760.0,
140.0,-750.0,
140.0,-740.0,
140.0,-730.0,
140.0,-720.0,
140.0,-710.0,
140.0,-700.0,
140.0,-690.0,
140.0,-680.0,
140.0,-670.0,
140.0,-660.0,
140.0,-650.0,
140.0,-640.0,
140.0,-630.0,
140.0,-620.0,
140.0,-610.0,
140.0,-600.0,
140.0,-590.0,
140.0,-580.0,
140.0,-570.0,
140.0,-560.0,
140.0,-550.0,
140.0,-540.0,
140.0,-530.0,
140.0,-520.0,
140.0,-510.0,
140.0,-500.0,
140.0,-490.0,250.151
140.0,-480.0,253.736
140.0,-470.0,257.462
140.0,-460.0,261.336
140.0,-450.0,265.366
140.0,-440.0,269.563
140.0,-430.0,273.933
140.0,-420.0,278.489
140.0,-410.0,283.241
140.0,-400.0,288.201
140.0,-390.0,293.382
140.0,-380.0,298.797
140.0,-370.0,304.461
140.0,-360.0,310.392
140.0,-350.0,316.607
140.0,-340.0,323.126
140.0,-330.0,329.97
140.0,-320.0,337.162
140.0,-310.0,344.728
140.0,-300.0,352.696
140.0,-290.0,361.098
140.0,-280.0,369.968
140.0,-270.0,379.344
140.0,-260.0,389.269
140.0,-250.0,399.791
140.0,-240.0,410.962
140.0,-230.0,422.842
140.0,-220.0,435.498
140.0,-210.0,449.006
140.0,-200.0,463.451
140.0,-190.0,478.933
140.0,-180.0,495.562
140.0,-170.0,513.467
140.0,-160.0,532.798
140.0,-150.0,553.728
140.0,-140.0,576.457
140.0,-130.0,601.225
140.0,-120.0,628.311
140.0,-110.0,658.052
140.0,-100.0,690.851
140.0,-90.0,727.197
140.0,-80.0,767.69
140.0,-70.0,813.073
140.0,-60.0,864.278
140.0,-50.0,922.49
140.0,-40.0,989.237
140.0,-30.0,1066.531
140.0,-20.0,1157.064
140.0,-10.0,1264.533
140.0,0.0,1360.024
140.0,10.0,1264.533
140.0,20.0,1157.064
140.0,30.0,1066.531
140.0,40.0,989.237
140.0,50.0,922.49
140.0,60.0,864.278
140.0,70.0,813.073
140.0,80.0,767.69
140.0,90.0,727.197
140.0,100.0,690.851
140.0,110.0,658.052
140.0,120.0,628.311
140.0,130.0,601.225
140.0,140.0,576.457
140.0,150.0,553.728
140.0,160.0,532.798
140.0,170.0,513.467
140.0,180.0,495.562
140.0,190.0,478.933
140.0,200.0,463.451
140.0,210.0,449.006
140.0,220.0,435.498
140.0,230.0,422.842
140.0,240.0,410.962
140.0,250.0,399.791
140.0,260.0,389.269
140.0,270.0,379.344
140.0,280.0,369.968
140.0,290.0,361.098
140.0,300.0,352.696
140.0,310.0,344.728
140.0,320.0,337.162
140.0,330.0,329.97
140.0,340.0,323.126
140.0,350.0,316.607
140.0,360.0,310.392
140.0,370.0,304.461
140.0,380.0,298.797
140.0,390.0,293.382
140.0,400.0,288.201
140.0,410.0,283.241
140.0,420.0,278.489
140.0,430.0,273.933
140.0,440.0,269.563
140.0,450.0,265.366
140.0,460.0,261.336
140.0,470.0,257.462
140.0,480.0,253.736
140.0,490.0,250.151
140.0,500.0,
140.0,510.0,
140.0,520.0,
140.0,530.0,
140.0,540.0,
140.0,550.0,
140.0,560.0,
140.0,570.0,
140.0,580.0,
140.0,590.0,
140.0,600.0,
140.0,610.0,
140.0,620.0,
140.0,630.0,
140.0,640.0,
140.0,650.0,
140.0,660.0,
140.0,670.0,
140.0,680.0,
140.0,690.0,
140.0,700.0,
140.0,710.0,
140.0,720.0,
140.0,730.0,
140.0,740.0,
140.0,750.0,
140.0,760.0,
140.0,770.0,
140.0,780.0,
140.0,790.0,
140.0,800.0,
140.0,810.0,
140.0,820.0,
140.0,830.0,
140.0,840.0,
140.0,850.0,
140.0,860.0,
140.0,870.0,
140.0,880.0,
140.0,890.0,
140.0,900.0,
140.0,910.0,
140.0,920.0,
140.0,930.0,
140.0,940.0,
140.0,950.0,
140.0,960.0,
140.0,970.0,
140.0,980.0,
140.0,990.0,
140.0,1000.0,
150.0,-1000.0,
150.0,-990.0,
150.0,-980.0,
150.0,-970.0,
150.0,-960.0,
150.0,-950.0,
150.0,-940.0,
150.0,-930.0,
150.0,-920.0,
150.0,-910.0,
150.0,-900.0,
150.0,-890.0,
150.0,-880.0,
150.0,-870.0,
150.0,-860.0,
150.0,-850.0,
150.0,-840.0,
150.0,-830.0,
150.0,-820.0,
150.0,-810.0,
150.0,-800.0,
150.0,-790.0,
150.0,-780.0,
150.0,-770.0,
150.0,-760.0,
150.0,-750.0,
150.0,-740.0,
150.0,-730.0,
150.0,-720.0,
150.0,-710.0,
150.0,-700.0,
150.0,-690.0,
150.0,-680.0,
150.0,-670.0,
150.0,-660.0,
150.0,-650.0,
150.0,-640.0,
150.0,-630.0,
150.0,-620.0,
150.0,-610.0,
150.0,-600.0,
150.0,-590.0,
150.0,-580.0,
150.0,-570.0,
150.0,-560.0,
150.0,-550.0,
150.0,-540.0,
150.0,-530.0,
150.0,-520.0,
150.0,-510.0,
150.0,-500.0,244.5
150.0,-490.0,247.915
150.0,-480.0,251.463
150.0,-470.0,255.151
150.0,-460.0,258.986
150.0,-450.0,262.976
150.0,-440.0,267.13
150.0,-430.0,271.457
150.0,-420.0,275.968
150.0,-410.0,280.674
150.0,-400.0,285.586
150.0,-390.0,290.716
150.0,-380.0,296.08
150.0,-370.0,301.691
150.0,-360.0,307.567
150.0,-350.0,313.724
150.0,-340.0,320.183
150.0,-330.0,326.964
150.0,-320.0,334.091
150.0,-310.0,341.59
150.0,-300.0,349.488
150.0,-290.0,357.817
150.0,-280.0,366.61
150.0,-270.0,375.907
150.0,-260.0,385.749
150.0,-250.0,396.183
150.0,-240.0,407.262
150.0,-230.0,419.046
150.0,-220.0,431.602
150.0,-210.0,445.004
150.0,-200.0,459.338
150.0,-190.0,474.703
150.0,-180.0,491.209
150.0,-170.0,508.985
150.0,-160.0,528.179
150.0,-150.0,548.964
150.0,-140.0,571.541
150.0,-130.0,596.148
150.0,-120.0,623.064
150.0,-110.0,652.625
150.0,-100.0,685.233
150.0,-90.0,721.379
150.0,-80.0,761.661
150.0,-70.0,806.824
150.0,-60.0,857.8
150.0,-50.0,915.777
150.0,-40.0,982.289
150.0,-30.0,1059.353
150.0,-20.0,1149.676
150.0,-10.0,1256.98
150.0,0.0,1350.025
150.0,10.0,1256.98
150.0,20.0,1149.676
150.0,30.0,1059.353
150.0,40.0,982.289
150.0,50.0,915.777
150.0,60.0,857.8
150.0,70.0,806.824
150.0,80.0,761.661
150.0,90.0,721.379
150.0,100.0,685.233
150.0,110.0,652.625
150.0,120.0,623.064
150.0,130.0,596.148
150.0,140.0,571.541
150.0,150.0,548.964
150.0,160.0,528.179
150.0,170.0,508.985
150.0,180.0,491.209
150.0,190.0,474.703
150.0,200.0,459.338
150.0,210.0,445.004
150.0,220.0,431.602
150.0,230.0,419.046
150.0,240.0,407.262
150.0,250.0,396.183
150.0,260.0,385.749
150.0,270.0,375.907
150.0,280.0,366.61
150.0,290.0,357.817
150.0,300.0,349.488
150.0,310.0,341.59
150.0,320.0,334.091
150.0,330.0,326.964
150.0,340.0,320.183
150.0,350.0,313.724
150.0,360.0,307.567
150.0,370.0,301.691
150.0,380.0,296.08
150.0,390.0,290.716
150.0,400.0,285.586
150.0,410.0,280.674
150.0,420.0,275.968
150.0,430.0,271.457
150.0,440.0,267.13
150.0,450.0,262.976
150.0,460.0,258.986
150.0,470.0,255.151
150.0,480.0,251.463
150.0,490.0,247.915
150.0,500.0,244.5
150.0,510.0,
150.0,520.0,
150.0,530.0,
150.0,540.0,
150.0,550.0,
150.0,560.0,
150.0,570.0,
150.0,580.0,
150.0,590.0,
150.0,600.0,
150.0,610.0,
150.0,620.0,
150.0,630.0,
150.0,640.0,
150.0,650.0,
150.0,660.0,
150.0,670.0,
150.0,680.0,
150.0,690.0,
150.0,700.0,
150.0,710.0,
150.0,720.0,
150.0,730.0,
150.0,740.0,
150.0,750.0,
150.0,760.0,
150.0,770.0,
150.0,780.0,
150.0,790.0,
150.0,800.0,
150.0,810.0,
150.0,820.0,
150.0,830.0,
150.0,840.0,
150.0,850.0,
150.0,860.0,
150.0,870.0,
150.0,880.0,
150.0,890.0,
150.0,900.0,
150.0,910.0,
150.0,920.0,
150.0,930.0,
150.0,940.0,
150.0,950.0,
150.0,960.0,
150.0,970.0,
150.0,980.0,
150.0,990.0,
150.0,1000.0,
160.0,-1000.0,
160.0,-990.0,
160.0,-980.0,
160.0,-970.0,
160.0,-960.0,
160.0,-950.0,
160.0,-940.0,
160.0,-930.0,
160.0,-920.0,
160.0,-910.0,
160.0,-900.0,
160.0,-890.0,
160.0,-880.0,
160.0,-870.0,
160.0,-860.0,
160.0,-850.0,
160.0,-840.0,
160.0,-830.0,
160.0,-820.0,
160.0,-810.0,
160.0,-800.0,
160.0,-790.0,
160.0,-780.0,
160.0,-770.0,
160.0,-760.0,
160.0,-750.0,
160.0,-740.0,
160.0,-730.0,
160.0,-720.0,
160.0,-710.0,
160.0,-700.0,
160.0,-690.0,
160.0,-680.0,
160.0,-670.0,
160.0,-660.0,
160.0,-650.0,
160.0,-640.0,
160.0,-630.0,
160.0,-620.0,
160.0,-610.0,
160.0,-600.0,
160.0,-590.0,
160.0,-580.0,
160.0,-570.0,
160.0,-560.0,
160.0,-550.0,
160.0,-540.0,
160.0,-530.0,
160.0,-520.0,235.918
160.0,-510.0,239.054
160.0,-500.0,242.308
160.0,-490.0,245.688
160.0,-480.0,249.199
160.0,-470.0,252.849
160.0,-460.0,256.644
160.0,-450.0,260.594
160.0,-440.0,264.706
160.0,-430.0,268.99
160.0,-420.0,273.456
160.0,-410.0,278.115
160.0,-400.0,282.979
160.0,-390.0,288.06
160.0,-380.0,293.372
160.0,-370.0,298.93
160.0,-360.0,304.75
160.0,-350.0,310.85
160.0,-340.0,317.249
160.0,-330.0,323.968
160.0,-320.0,331.031
160.0,-310.0,338.462
160.0,-300.0,346.29
160.0,-290.0,354.545
160.0,-280.0,363.263
160.0,-270.0,372.479
160.0,-260.0,382.237
160.0,-250.0,392.584
160.0,-240.0,403.572
160.0,-230.0,415.261
160.0,-220.0,427.715
160.0,-210.0,441.012
160.0,-200.0,455.235
160.0,-190.0,470.483
160.0,-180.0,486.866
160.0,-170.0,504.512
160.0,-160.0,523.569
160.0,-150.0,544.209
160.0,-140.0,566.633
160.0,-130.0,591.078
160.0,-120.0,617.823
160.0,-110.0,647.204
160.0,-100.0,679.621
160.0,-90.0,715.566
160.0,-80.0,755.637
160.0,-70.0,800.578
160.0,-60.0,851.324
160.0,-50.0,909.065
160.0,-40.0,975.339
160.0,-30.0,1052.17
160.0,-20.0,1142.282
160.0,-10.0,1249.418
160.0,0.0,1340.027
160.0,10.0,1249.418
160.0,20.0,1142.282
160.0,30.0,1052.17
160.0,40.0,975.339
160.0,50.0,909.065
160.0,60.0,851.324
160.0,70.0,800.578
160.0,80.0,755.637
160.0,90.0,715.566
160.0,100.0,679.621
160.0,110.0,647.204
160.0,120.0,617.823
160.0,130.0,591.078
160.0,140.0,566.633
160.0,150.0,544.209
160.0,160.0,523.569
160.0,170.0,504.512
160.0,180.0,486.866
160.0,190.0,470.483
160.0,200.0,455.235
160.0,210.0,441.012
160.0,220.0,427.715
160.0,230.0,415.261
160.0,240.0,403.572
160.0,250.0,392.584
160.0,260.0,382.237
160.0,270.0,372.479
160.0,280.0,363.263
160.0,290.0,354.545
160.0,300.0,346.29
160.0,310.0,338.462
160.0,320.0,331.031
160.0,330.0,323.968
160.0,340.0,317.249
160.0,350.0,310.85
160.0,360.0,304.75
160.0,370.0,298.93
160.0,380.0,293.372
160.0,390.0,288.06
160.0,400.0,282.979
160.0,410.0,278.115
160.0,420.0,273.456
160.0,430.0,268.99
160.0,440.0,264.706
160.0,450.0,260.594
160.0,460.0,256.644
160.0,470.0,252.849
160.0,480.0,249.199
160.0,490.0,245.688
160.0,500.0,242.308
160.0,510.0,239.054
160.0,520.0,235.918
160.0,530.0,
160.0,540.0,
160.0,550.0,
160.0,560.0,
160.0,570.0,
160.0,580.0,
160.0,590.0,
160.0,600.0,
160.0,610.0,
160.0,620.0,
160.0,630.0,
160.0,640.0,
160.0,650.0,
160.0,660.0,
160.0,670.0,
160.0,680.0,
160.0,690.0,
160.0,700.0,
160.0,710.0,
160.0,720.0,
160.0,730.0,
160.0,740.0,
160.0,750.0,
160.0,760.0,
160.0,770.0,
160.0,780.0,
160.0,790.0,
160.0,800.0,
160.0,810.0,
160.0,820.0,
160.0,830.0,
160.0,840.0,
160.0,850.0,
160.0,860.0,
160.0,870.0,
160.0,880.0,
160.0,890.0,
160.0,900.0,
160.0,910.0,
160.0,920.0,
160.0,930.0,
160.0,940.0,
160.0,950.0,
160.0,960.0,
160.0,970.0,
160.0,980.0,
160.0,990.0,
160.0,1000.0,
170.0,-1000.0,
170.0,-990.0,
170.0,-980.0,
170.0,-970.0,
170.0,-960.0,
170.0,-950.0,
170.0,-940.0,
170.0,-930.0,
170.0,-920.0,
170.0,-910.0,
170.0,-900.0,
170.0,-890.0,
170.0,-880.0,
170.0,-870.0,
170.0,-860.0,
170.0,-850.0,
170.0,-840.0,
170.0,-830.0,
170.0,-820.0,
170.0,-810.0,
170.0,-800.0,
170.0,-790.0,
170.0,-780.0,
170.0,-770.0,
170.0,-760.0,
170.0,-750.0,
170.0,-740.0,
170.0,-730.0,
170.0,-720.0,
170.0,-710.0,
170.0,-700.0,
170.0,-690.0,
170.0,-680.0,
170.0,-670.0,
170.0,-660.0,
170.0,-650.0,
170.0,-640.0,
170.0,-630.0,
170.0,-620.0,
170.0,-610.0,
170.0,-600.0,
170.0,-590.0,
170.0,-580.0,
170.0,-570.0,
170.0,-560.0,
170.0,-550.0,
170.0,-540.0,227.93
170.0,-530.0,230.813
170.0,-520.0,233.803
170.0,-510.0,236.906
170.0,-500.0,240.126
170.0,-490.0,243.469
170.0,-480.0,246.944
170.0,-470.0,250.555
170.0,-460.0,254.311
170.0,-450.0,258.22
170.0,-440.0,262.291
170.0,-430.0,266.532
170.0,-420.0,270.953
170.0,-410.0,275.566
170.0,-400.0,280.382
170.0,-390.0,285.413
170.0,-380.0,290.674
170.0,-370.0,296.179
170.0,-360.0,301.943
170.0,-350.0,307.986
170.0,-340.0,314.325
170.0,-330.0,320.982
170.0,-320.0,327.98
170.0,-310.0,335.344
170.0,-300.0,343.102
170.0,-290.0,351.284
170.0,-280.0,359.925
170.0,-270.0,369.061
170.0,-260.0,378.736
170.0,-250.0,388.996
170.0,-240.0,399.892
170.0,-230.0,411.484
170.0,-220.0,423.838
170.0,-210.0,437.029
170.0,-200.0,451.141
170.0,-190.0,466.272
170.0,-180.0,482.531
170.0,-170.0,500.047
170.0,-160.0,518.967
170.0,-150.0,539.463
170.0,-140.0,561.734
170.0,-130.0,586.016
170.0,-120.0,612.59
170.0,-110.0,641.789
170.0,-100.0,674.016
170.0,-90.0,709.758
170.0,-80.0,749.617
170.0,-70.0,794.335
170.0,-60.0,844.85
170.0,-50.0,902.352
170.0,-40.0,968.386
170.0,-30.0,1044.984
170.0,-20.0,1134.881
170.0,-10.0,1241.847
170.0,0.0,1330.029
170.0,10.0,1241.847
170.0,20.0,1134.881
170.0,30.0,1044.984
170.0,40.0,968.386
170.0,50.0,902.352
170.0,60.0,844.85
170.0,70.0,794.335
170.0,80.0,749.617
170.0,90.0,709.758
170.0,100.0,674.016
170.0,110.0,641.789
170.0,120.0,612.59
170.0,130.0,586.016
170.0,140.0,561.734
170.0,150.0,539.463
170.0,160.0,518.967
170.0,170.0,500.047
170.0,180.0,482.531
170.0,190.0,466.272
170.0,200.0,451.141
170.0,210.0,437.029
170.0,220.0,423.838
170.0,230.0,411.484
170.0,240.0,399.892
170.0,250.0,388.996
170.0,260.0,378.736
170.0,270.0,369.061
170.0,280.0,359.925
170.0,290.0,351.284
170.0,300.0,343.102
170.0,310.0,335.344
170.0,320.0,327.98
170.0,330.0,320.982
170.0,340.0,314.325
170.0,350.0,307.986
170.0,360.0,301.943
170.0,370.0,296.179
170.0,380.0,290.674
170.0,390.0,285.413
170.0,400.0,280.382
170.0,410.0,275.566
170.0,420.0,270.953
170.0,430.0,266.532
170.0,440.0,262.291
170.0,450.0,258.22
170.0,460.0,254.311
170.0,470.0,250.555
170.0,480.0,246.944
170.0,490.0,243.469
170.0,500.0,240.126
170.0,510.0,236.906
170.0,520.0,233.803
170.0,530.0,230.813
170.0,540.0,227.93
170.0,550.0,
170.0,560.0,
170.0,570.0,
170.0,580.0,
170.0,590.0,
170.0,600.0,
170.0,610.0,
170.0,620.0,
170.0,630.0,
170.0,640.0,
170.0,650.0,
170.0,660.0,
170.0,670.0,
170.0,680.0,
170.0,690.0,
170.0,700.0,
170.0,710.0,
170.0,720.0,
170.0,730.0,
170.0,740.0,
170.0,750.0,
170.0,760.0,
170.0,770.0,
170.0,780.0,
170.0,790.0,
170.0,800.0,
170.0,810.0,
170.0,820.0,
170.0,830.0,
170.0,840.0,
170.0,850.0,
170.0,860.0,
170.0,870.0,
170.0,880.0,
170.0,890.0,
170.0,900.0,
170.0,910.0,
170.0,920.0,
170.0,930.0,
170.0,940.0,
170.0,950.0,
170.0,960.0,
170.0,970.0,
170.0,980.0,
170.0,990.0,
170.0,1000.0,
180.0,-1000.0,
180.0,-990.0,
180.0,-980.0,
180.0,-970.0,
180.0,-960.0,
180.0,-950.0,
180.0,-940.0,
180.0,-930.0,
180.0,-920.0,
180.0,-910.0,
180.0,-900.0,
180.0,-890.0,
180.0,-880.0,
180.0,-870.0,
180.0,-860.0,
180.0,-850.0,
180.0,-840.0,
180.0,-830.0,
180.0,-820.0,
180.0,-810.0,
180.0,-800.0,
180.0,-790.0,
180.0,-780.0,
180.0,-770.0,
180.0,-760.0,
180.0,-750.0,
180.0,-740.0,
180.0,-730.0,
180.0,-720.0,
180.0,-710.0,
180.0,-700.0,
180.0,-690.0,
180.0,-680.0,
180.0,-670.0,
180.0,-660.0,
180.0,-650.0,
180.0,-640.0,
180.0,-630.0,
180.0,-620.0,
180.0,-610.0,
180.0,-600.0,
180.0,-590.0,
180.0,-580.0,
180.0,-570.0,
180.0,-560.0,
180.0,-550.0,223.137
180.0,-540.0,225.888
180.0,-530.0,228.74
180.0,-520.0,231.697
180.0,-510.0,234.766
180.0,-500.0,237.951
180.0,-490.0,241.26
180.0,-480.0,244.697
180.0,-470.0,248.271
180.0,-460.0,251.988
180.0,-450.0,255.856
180.0,-440.0,259.885
180.0,-430.0,264.083
180.0,-420.0,268.459
180.0,-410.0,273.026
180.0,-400.0,277.794
180.0,-390.0,282.776
180.0,-380.0,287.985
180.0,-370.0,293.436
180.0,-360.0,299.146
180.0,-350.0,305.131
180.0,-340.0,311.41
180.0,-330.0,318.005
180.0,-320.0,324.939
180.0,-310.0,332.235
180.0,-300.0,339.923
180.0,-290.0,348.032
180.0,-280.0,356.596
180.0,-270.0,365.653
180.0,-260.0,375.245
180.0,-250.0,385.417
180.0,-240.0,396.222
180.0,-230.0,407.718
180.0,-220.0,419.971
180.0,-210.0,433.056
180.0,-200.0,447.057
180.0,-190.0,462.07
180.0,-180.0,478.206
180.0,-170.0,495.592
180.0,-160.0,514.374
180.0,-150.0,534.724
180.0,-140.0,556.842
180.0,-130.0,580.962
180.0,-120.0,607.364
180.0,-110.0,636.381
180.0,-100.0,668.416
180.0,-90.0,703.955
180.0,-80.0,743.6
180.0,-70.0,788.095
180.0,-60.0,838.377
180.0,-50.0,895.64
180.0,-40.0,961.431
180.0,-30.0,1037.793
180.0,-20.0,1127.474
180.0,-10.0,1234.267
180.0,0.0,1320.031
180.0,10.0,1234.267
180.0,20.0,1127.474
180.0,30.0,1037.793
180.0,40.0,961.431
180.0,50.0,895.64
180.0,60.0,838.377
180.0,70.0,788.095
180.0,80.0,743.6
180.0,90.0,703.955
180.0,100.0,668.416
180.0,110.0,636.381
180.0,120.0,607.364
180.0,130.0,580.962
180.0,140.0,556.842
180.0,150.0,534.724
180.0,160.0,514.374
180.0,170.0,495.592
180.0,180.0,478.206
180.0,190.0,462.07
180.0,200.0,447.057
180.0,210.0,433.056
180.0,220.0,419.971
180.0,230.0,407.718
180.0,240.0,396.222
180.0,250.0,385.417
180.0,260.0,375.245
180.0,270.0,365.653
180.0,280.0,356.596
180.0,290.0,348.032
180.0,300.0,339.923
180.0,310.0,332.235
180.0,320.0,324.939
180.0,330.0,318.005
180.0,340.0,311.41
180.0,350.0,305.131
180.0,360.0,299.146
180.0,370.0,293.436
180.0,380.0,287.985
180.0,390.0,282.776
180.0,400.0,277.794
180.0,410.0,273.026
180.0,420.0,268.459
180.0,430.0,264.083
180.0,440.0,259.885
180.0,450.0,255.856
180.0,460.0,251.988
180.0,470.0,248.271
180.0,480.0,244.697
180.0,490.0,241.26
180.0,500.0,237.951
180.0,510.0,234.766
180.0,520.0,231.697
180.0,530.0,228.74
180.0,540.0,225.888
180.0,550.0,223.137
180.0,560.0,
180.0,570.0,
180.0,580.0,
180.0,590.0,
180.0,600.0,
180.0,610.0,
180.0,620.0,
180.0,630.0,
180.0,640.0,
180.0,650.0,
180.0,660.0,
180.0,670.0,
180.0,680.0,
180.0,690.0,
180.0,700.0,
180.0,710.0,
180.0,720.0,
180.0,730.0,
180.0,740.0,
180.0,750.0,
180.0,760.0,
180.0,770.0,
180.0,780.0,
180.0,790.0,
180.0,800.0,
180.0,810.0,
180.0,820.0,
180.0,830.0,
180.0,840.0,
180.0,850.0,
180.0,860.0,
180.0,870.0,
180.0,880.0,
180.0,890.0,
180.0,900.0,
180.0,910.0,
180.0,920.0,
180.0,930.0,
180.0,940.0,
180.0,950.0,
180.0,960.0,
180.0,970.0,
180.0,980.0,
180.0,990.0,
180.0,1000.0,
190.0,-1000.0,
190.0,-990.0,
190.0,-980.0,
190.0,-970.0,
190.0,-960.0,
190.0,-950.0,
190.0,-940.0,
190.0,-930.0,
190.0,-920.0,
190.0,-910.0,
190.0,-900.0,
190.0,-890.0,
190.0,-880.0,
190.0,-870.0,
190.0,-860.0,
190.0,-850.0,
190.0,-840.0,
190.0,-830.0,
190.0,-820.0,
190.0,-810.0,
190.0,-800.0,
190.0,-790.0,
190.0,-780.0,
190.0,-770.0,
190.0,-760.0,
190.0,-750.0,
190.0,-740.0,
190.0,-730.0,
190.0,-720.0,
190.0,-710.0,
190.0,-700.0,
190.0,-690.0,
190.0,-680.0,
190.0,-670.0,
190.0,-660.0,
190.0,-650.0,
190.0,-640.0,
190.0,-630.0,
190.0,-620.0,
190.0,-610.0,
190.0,-600.0,
190.0,-590.0,
190.0,-580.0,
190.0,-570.0,
190.0,-560.0,218.51
190.0,-550.0,221.134
190.0,-540.0,223.855
190.0,-530.0,226.675
190.0,-520.0,229.6
190.0,-510.0,232.635
190.0,-500.0,235.786
190.0,-490.0,239.058
190.0,-480.0,242.459
190.0,-470.0,245.995
190.0,-460.0,249.673
190.0,-450.0,253.501
190.0,-440.0,257.488
190.0,-430.0,261.642
190.0,-420.0,265.975
190.0,-410.0,270.495
190.0,-400.0,275.215
190.0,-390.0,280.148
190.0,-380.0,285.306
190.0,-370.0,290.704
190.0,-360.0,296.358
190.0,-350.0,302.285
190.0,-340.0,308.505
190.0,-330.0,315.038
190.0,-320.0,321.907
190.0,-310.0,329.136
190.0,-300.0,336.754
190.0,-290.0,344.79
190.0,-280.0,353.278
190.0,-270.0,362.255
190.0,-260.0,371.763
190.0,-250.0,381.848
190.0,-240.0,392.561
190.0,-230.0,403.961
190.0,-220.0,416.114
190.0,-210.0,429.092
190.0,-200.0,442.982
190.0,-190.0,457.878
190.0,-180.0,473.89
190.0,-170.0,491.145
190.0,-160.0,509.79
190.0,-150.0,529.995
190.0,-140.0,551.958
190.0,-130.0,575.916
190.0,-120.0,602.145
190.0,-110.0,630.98
190.0,-100.0,662.822
190.0,-90.0,698.158
190.0,-80.0,737.588
190.0,-70.0,781.858
190.0,-60.0,831.905
190.0,-50.0,888.927
190.0,-40.0,954.474
190.0,-30.0,1030.598
190.0,-20.0,1120.06
190.0,-10.0,1226.679
190.0,0.0,1310.033
190.0,10.0,1226.679
190.0,20.0,1120.06
190.0,30.0,1030.598
190.0,40.0,954.474
190.0,50.0,888.927
190.0,60.0,831.905
190.0,70.0,781.858
190.0,80.0,737.588
190.0,90.0,698.158
190.0,100.0,662.822
190.0,110.0,630.98
190.0,120.0,602.145
190.0,130.0,575.916
190.0,140.0,551.958
190.0,150.0,529.995
190.0,160.0,509.79
190.0,170.0,491.145
190.0,180.0,473.89
190.0,190.0,457.878
190.0,200.0,442.982
190.0,210.0,429.092
190.0,220.0,416.114
190.0,230.0,403.961
190.0,240.0,392.561
190.0,250.0,381.848
190.0,260.0,371.763
190.0,270.0,362.255
190.0,280.0,353.278
190.0,290.0,344.79
190.0,300.0,336.754
190.0,310.0,329.136
190.0,320.0,321.907
190.0,330.0,315.038
190.0,340.0,308.505
190.0,350.0,302.285
190.0,360.0,296.358
190.0,370.0,290.704
190.0,380.0,285.306
190.0,390.0,280.148
190.0,400.0,275.215
190.0,410.0,270.495
190.0,420.0,265.975
190.0,430.0,261.642
190.0,440.0,257.488
190.0,450.0,253.501
190.0,460.0,249.673
190.0,470.0,245.995
190.0,480.0,242.459
190.0,490.0,239.058
190.0,500.0,235.786
190.0,510.0,232.635
190.0,520.0,229.6
190.0,530.0,226.675
190.0,540.0,223.855
190.0,550.0,221.134
190.0,560.0,218.51
190.0,570.0,
190.0,580.0,
190.0,590.0,
190.0,600.0,
190.0,610.0,
190.0,620.0,
190.0,630.0,
190.0,640.0,
190.0,650.0,
190.0,660.0,
190.0,670.0,
190.0,680.0,
190.0,690.0,
190.0,700.0,
190.0,710.0,
190.0,720.0,
190.0,730.0,
190.0,740.0,
190.0,750.0,
190.0,760.0,
190.0,770.0,
190.0,780.0,
190.0,790.0,
190.0,800.0,
190.0,810.0,
190.0,820.0,
190.0,830.0,
190.0,840.0,
190.0,850.0,
190.0,860.0,
190.0,870.0,
190.0,880.0,
190.0,890.0,
190.0,900.0,
190.0,910.0,
190.0,920.0,
190.0,930.0,
190.0,940.0,
190.0,950.0,
190.0,960.0,
190.0,970.0,
190.0,980.0,
190.0,990.0,
190.0,1000.0,
200.0,-1000.0,
200.0,-990.0,
200.0,-980.0,
200.0,-970.0,
200.0,-960.0,
200.0,-950.0,
200.0,-940.0,
200.0,-930.0,
200.0,-920.0,
200.0,-910.0,
200.0,-900.0,
200.0,-890.0,
200.0,-880.0,
200.0,-870.0,
200.0,-860.0,
200.0,-850.0,
200.0,-840.0,
200.0,-830.0,
200.0,-820.0,
200.0,-810.0,
200.0,-800.0,
200.0,-790.0,
200.0,-780.0,
200.0,-770.0,
200.0,-760.0,
200.0,-750.0,
200.0,-740.0,
200.0,-730.0,
200.0,-720.0,
200.0,-710.0,
200.0,-700.0,
200.0,-690.0,
200.0,-680.0,
200.0,-670.0,
200.0,-660.0,
200.0,-650.0,
200.0,-640.0,
200.0,-630.0,
200.0,-620.0,
200.0,-610.0,
200.0,-600.0,
200.0,-590.0,
200.0,-580.0,211.622
200.0,-570.0,214.04
200.0,-560.0,216.545
200.0,-550.0,219.14
200.0,-540.0,221.83
200.0,-530.0,224.618
200.0,-520.0,227.511
200.0,-510.0,230.513
200.0,-500.0,233.629
200.0,-490.0,236.866
200.0,-480.0,240.23
200.0,-470.0,243.728
200.0,-460.0,247.367
200.0,-450.0,251.155
200.0,-440.0,255.1
200.0,-430.0,259.211
200.0,-420.0,263.499
200.0,-410.0,267.974
200.0,-400.0,272.646
200.0,-390.0,277.529
200.0,-380.0,282.636
200.0,-370.0,287.981
200.0,-360.0,293.58
200.0,-350.0,299.45
200.0,-340.0,305.61
200.0,-330.0,312.081
200.0,-320.0,318.885
200.0,-310.0,326.047
200.0,-300.0,333.595
200.0,-290.0,341.558
200.0,-280.0,349.969
200.0,-270.0,358.867
200.0,-260.0,368.291
200.0,-250.0,378.288
200.0,-240.0,388.91
200.0,-230.0,400.214
200.0,-220.0,412.266
200.0,-210.0,425.139
200.0,-200.0,438.917
200.0,-190.0,453.695
200.0,-180.0,469.583
200.0,-170.0,486.708
200.0,-160.0,505.215
200.0,-150.0,525.274
200.0,-140.0,547.083
200.0,-130.0,570.877
200.0,-120.0,596.934
200.0,-110.0,625.586
200.0,-100.0,657.234
200.0,-90.0,692.365
200.0,-80.0,731.58
200.0,-70.0,775.623
200.0,-60.0,825.435
200.0,-50.0,882.213
200.0,-40.0,947.515
200.0,-30.0,1023.398
200.0,-20.0,1112.639
200.0,-10.0,1219.081
200.0,0.0,1300.035
200.0,10.0,1219.081
200.0,20.0,1112.639
200.0,30.0,1023.398
200.0,40.0,947.515
200.0,50.0,882.213
200.0,60.0,825.435
200.0,70.0,775.623
200.0,80.0,731.58
200.0,90.0,692.365
200.0,100.0,657.234
200.0,110.0,625.586
200.0,120.0,596.934
200.0,130.0,570.877
200.0,140.0,547.083
200.0,150.0,525.274
200.0,160.0,505.215
200.0,170.0,486.708
200.0,180.0,469.583
200.0,190.0,453.695
200.0,200.0,438.917
200.0,210.0,425.139
200.0,220.0,412.266
200.0,230.0,400.214
200.0,240.0,388.91
200.0,250.0,378.288
200.0,260.0,368.291
200.0,270.0,358.867
200.0,280.0,349.969
200.0,290.0,341.558
200.0,300.0,333.595
200.0,310.0,326.047
200.0,320.0,318.885
200.0,330.0,312.081
200.0,340.0,305.61
200.0,350.0,299.45
200.0,360.0,293.58
200.0,370.0,287.981
200.0,380.0,282.636
200.0,390.0,277.529
200.0,400.0,272.646
200.0,410.0,267.974
200.0,420.0,263.499
200.0,430.0,259.211
200.0,440.0,255.1
200.0,450.0,251.155
200.0,460.0,247.367
200.0,470.0,243.728
200.0,480.0,240.23
200.0,490.0,236.866
200.0,500.0,233.629
200.0,510.0,230.513
200.0,520.0,227.511
200.0,530.0,224.618
200.0,540.0,221.83
200.0,550.0,219.14
200.0,560.0,216.545
200.0,570.0,214.04
200.0,580.0,211.622
200.0,590.0,
200.0,600.0,
200.0,610.0,
200.0,620.0,
200.0,630.0,
200.0,640.0,
200.0,650.0,
200.0,660.0,
200.0,670.0,
200.0,680.0,
200.0,690.0,
200.0,700.0,
200.0,710.0,
200.0,720.0,
200.0,730.0,
200.0,740.0,
200.0,750.0,
200.0,760.0,
200.0,770.0,
200.0,780.0,
200.0,790.0,
200.0,800.0,
200.0,810.0,
200.0,820.0,
200.0,830.0,
200.0,840.0,
200.0,850.0,
200.0,860.0,
200.0,870.0,
200.0,880.0,
200.0,890.0,
200.0,900.0,
200.0,910.0,
200.0,920.0,
200.0,930.0,
200.0,940.0,
200.0,950.0,
200.0,960.0,
200.0,970.0,
200.0,980.0,
200.0,990.0,
200.0,1000.0,
210.0,-1000.0,
210.0,-990.0,
210.0,-980.0,
210.0,-970.0,
210.0,-960.0,
210.0,-950.0,
210.0,-940.0,
210.0,-930.0,
210.0,-920.0,
210.0,-910.0,
210.0,-900.0,
210.0,-890.0,
210.0,-880.0,
210.0,-870.0,
210.0,-860.0,
210.0,-850.0,
210.0,-840.0,
210.0,-830.0,
210.0,-820.0,
210.0,-810.0,
210.0,-800.0,
210.0,-790.0,
210.0,-780.0,
210.0,-770.0,
210.0,-760.0,
210.0,-750.0,
210.0,-740.0,
210.0,-730.0,
210.0,-720.0,
210.0,-710.0,
210.0,-700.0,
210.0,-690.0,
210.0,-680.0,
210.0,-670.0,
210.0,-660.0,
210.0,-650.0,
210.0,-640.0,
210.0,-630.0,
210.0,-620.0,
210.0,-610.0,
210.0,-600.0,
210.0,-590.0,207.413
210.0,-580.0,209.722
210.0,-570.0,212.113
210.0,-560.0,214.589
210.0,-550.0,217.154
210.0,-540.0,219.813
210.0,-530.0,222.57
210.0,-520.0,225.43
210.0,-510.0,228.399
210.0,-500.0,231.481
210.0,-490.0,234.682
210.0,-480.0,238.01
210.0,-470.0,241.47
210.0,-460.0,245.07
210.0,-450.0,248.817
210.0,-440.0,252.721
210.0,-430.0,256.79
210.0,-420.0,261.033
210.0,-410.0,265.461
210.0,-400.0,270.086
210.0,-390.0,274.92
210.0,-380.0,279.975
210.0,-370.0,285.267
210.0,-360.0,290.811
210.0,-350.0,296.624
210.0,-340.0,302.724
210.0,-330.0,309.133
210.0,-320.0,315.873
210.0,-310.0,322.968
210.0,-300.0,330.445
210.0,-290.0,338.335
210.0,-280.0,346.67
210.0,-270.0,355.488
210.0,-260.0,364.829
210.0,-250.0,374.739
210.0,-240.0,385.269
210.0,-230.0,396.477
210.0,-220.0,408.428
210.0,-210.0,421.195
210.0,-200.0,434.861
210.0,-190.0,449.522
210.0,-180.0,465.286
210.0,-170.0,482.28
210.0,-160.0,500.649
210.0,-150.0,520.561
210.0,-140.0,542.216
210.0,-130.0,565.846
210.0,-120.0,591.73
210.0,-110.0,620.198
210.0,-100.0,651.652
210.0,-90.0,686.578
210.0,-80.0,725.576
210.0,-70.0,769.392
210.0,-60.0,818.966
210.0,-50.0,875.5
210.0,-40.0,940.554
210.0,-30.0,1016.194
210.0,-20.0,1105.212
210.0,-10.0,1211.473
210.0,0.0,1290.037
210.0,10.0,1211.473
210.0,20.0,1105.212
210.0,30.0,1016.194
210.0,40.0,940.554
210.0,50.0,875.5
210.0,60.0,818.966
210.0,70.0,769.392
210.0,80.0,725.576
210.0,90.0,686.578
210.0,100.0,651.652
210.0,110.0,620.198
210.0,120.0,591.73
210.0,130.0,565.846
210.0,140.0,542.216
210.0,150.0,520.561
210.0,160.0,500.649
210.0,170.0,482.28
210.0,180.0,465.286
210.0,190.0,449.522
210.0,200.0,434.861
210.0,210.0,421.195
210.0,220.0,408.428
210.0,230.0,396.477
210.0,240.0,385.269
210.0,250.0,374.739
210.0,260.0,364.829
210.0,270.0,355.488
210.0,280.0,346.67
210.0,290.0,338.335
210.0,300.0,330.445
210.0,310.0,322.968
210.0,320.0,315.873
210.0,330.0,309.133
210.0,340.0,302.724
210.0,350.0,296.624
210.0,360.0,290.811
210.0,370.0,285.267
210.0,380.0,279.975
210.0,390.0,274.92
210.0,400.0,270.086
210.0,410.0,265.461
210.0,420.0,261.033
210.0,430.0,256.79
210.0,440.0,252.721
210.0,450.0,248.817
210.0,460.0,245.07
210.0,470.0,241.47
210.0,480.0,238.01
210.0,490.0,234.682
210.0,500.0,231.481
210.0,510.0,228.399
210.0,520.0,225.43
210.0,530.0,222.57
210.0,540.0,219.813
210.0,550.0,217.154
210.0,560.0,214.589
210.0,570.0,212.113
210.0,580.0,209.722
210.0,590.0,207.413
210.0,600.0,
210.0,610.0,
210.0,620.0,
210.0,630.0,
210.0,640.0,
210.0,650.0,
210.0,660.0,
210.0,670.0,
210.0,680.0,
210.0,690.0,
210.0,700.0,
210.0,710.0,
210.0,720.0,
210.0,730.0,
210.0,740.0,
210.0,750.0,
210.0,760.0,
210.0,770.0,
210.0,780.0,
210.0,790.0,
210.0,800.0,
210.0,810.0,
210.0,820.0,
210.0,830.0,
210.0,840.0,
210.0,850.0,
210.0,860.0,
210.0,870.0,
210.0,880.0,
210.0,890.0,
210.0,900.0,
210.0,910.0,
210.0,920.0,
210.0,930.0,
210.0,940.0,
210.0,950.0,
210.0,960.0,
210.0,970.0,
210.0,980.0,
210.0,990.0,
210.0,1000.0,
220.0,-1000.0,
220.0,-990.0,
220.0,-980.0,
220.0,-970.0,
220.0,-960.0,
220.0,-950.0,
220.0,-940.0,
220.0,-930.0,
220.0,-920.0,
220.0,-910.0,
220.0,-900.0,
220.0,-890.0,
220.0,-880.0,
220.0,-870.0,
220.0,-860.0,
220.0,-850.0,
220.0,-840.0,
220.0,-830.0,
220.0,-820.0,
220.0,-810.0,
220.0,-800.0,
220.0,-790.0,
220.0,-780.0,
220.0,-770.0,
220.0,-760.0,
220.0,-750.0,
220.0,-740.0,
220.0,-730.0,
220.0,-720.0,
220.0,-710.0,
220.0,-700.0,
220.0,-690.0,
220.0,-680.0,
220.0,-670.0,
220.0,-660.0,
220.0,-650.0,
220.0,-640.0,
220.0,-630.0,
220.0,-620.0,
220.0,-610.0,
220.0,-600.0,203.345
220.0,-590.0,205.55
220.0,-580.0,207.832
220.0,-570.0,210.194
220.0,-560.0,212.641
220.0,-550.0,215.177
220.0,-540.0,217.805
220.0,-530.0,220.531
220.0,-520.0,223.359
220.0,-510.0,226.294
220.0,-500.0,229.341
220.0,-490.0,232.507
220.0,-480.0,235.798
220.0,-470.0,239.221
220.0,-460.0,242.782
220.0,-450.0,246.489
220.0,-440.0,250.351
220.0,-430.0,254.377
220.0,-420.0,258.576
220.0,-410.0,262.958
220.0,-400.0,267.536
220.0,-390.0,272.32
220.0,-380.0,277.324
220.0,-370.0,282.563
220.0,-360.0,288.052
220.0,-350.0,293.807
220.0,-340.0,299.849
220.0,-330.0,306.196
220.0,-320.0,312.871
220.0,-310.0,319.899
220.0,-300.0,327.306
220.0,-290.0,335.123
220.0,-280.0,343.382
220.0,-270.0,352.12
220.0,-260.0,361.377
220.0,-250.0,371.2
220.0,-240.0,381.638
220.0,-230.0,392.75
220.0,-220.0,404.6
220.0,-210.0,417.26
220.0,-200.0,430.815
220.0,-190.0,445.358
220.0,-180.0,460.999
220.0,-170.0,477.861
220.0,-160.0,496.091
220.0,-150.0,515.858
220.0,-140.0,537.357
220.0,-130.0,560.823
220.0,-120.0,586.533
220.0,-110.0,614.817
220.0,-100.0,646.076
220.0,-90.0,680.795
220.0,-80.0,719.576
220.0,-70.0,763.163
220.0,-60.0,812.499
220.0,-50.0,868.786
220.0,-40.0,933.591
220.0,-30.0,1008.986
220.0,-20.0,1097.777
220.0,-10.0,1203.857
220.0,0.0,1280.039
220.0,10.0,1203.857
220.0,20.0,1097.777
220.0,30.0,1008.986
220.0,40.0,933.591
220.0,50.0,868.786
220.0,60.0,812.499
220.0,70.0,763.163
220.0,80.0,719.576
220.0,90.0,680.795
220.0,100.0,646.076
220.0,110.0,614.817
220.0,120.0,586.533
220.0,130.0,560.823
220.0,140.0,537.357
220.0,150.0,515.858
220.0,160.0,496.091
220.0,170.0,477.861
220.0,180.0,460.999
220.0,190.0,445.358
220.0,200.0,430.815
220.0,210.0,417.26
220.0,220.0,404.6
220.0,230.0,392.75
220.0,240.0,381.638
220.0,250.0,371.2
220.0,260.0,361.377
220.0,270.0,352.12
220.0,280.0,343.382
220.0,290.0,335.123
220.0,300.0,327.306
220.0,310.0,319.899
220.0,320.0,312.871
220.0,330.0,306.196
220.0,340.0,299.849
220.0,350.0,293.807
220.0,360.0,288.052
220.0,370.0,282.563
220.0,380.0,277.324
220.0,390.0,272.32
220.0,400.0,267.536
220.0,410.0,262.958
220.0,420.0,258.576
220.0,430.0,254.377
220.0,440.0,250.351
220.0,450.0,246.489
220.0,460.0,242.782
220.0,470.0,239.221
220.0,480.0,235.798
220.0,490.0,232.507
220.0,500.0,229.341
220.0,510.0,226.294
220.0,520.0,223.359
220.0,530.0,220.531
220.0,540.0,217.805
220.0,550.0,215.177
220.0,560.0,212.641
220.0,570.0,210.194
220.0,580.0,207.832
220.0,590.0,205.55
220.0,600.0,203.345
220.0,610.0,
220.0,620.0,
220.0,630.0,
220.0,640.0,
220.0,650.0,
220.0,660.0,
220.0,670.0,
220.0,680.0,
220.0,690.0,
220.0,700.0,
220.0,710.0,
220.0,720.0,
220.0,730.0,
220.0,740.0,
220.0,750.0,
220.0,760.0,
220.0,770.0,
220.0,780.0,
220.0,790.0,
220.0,800.0,
220.0,810.0,
220.0,820.0,
220.0,830.0,
220.0,840.0,
220.0,850.0,
220.0,860.0,
220.0,870.0,
220.0,880.0,
220.0,890.0,
220.0,900.0,
220.0,910.0,
220.0,920.0,
220.0,930.0,
220.0,940.0,
220.0,950.0,
220.0,960.0,
220.0,970.0,
220.0,980.0,
220.0,990.0,
220.0,1000.0,
230.0,-1000.0,
230.0,-990.0,
230.0,-980.0,
230.0,-970.0,
230.0,-960.0,
230.0,-950.0,
230.0,-940.0,
230.0,-930.0,
230.0,-920.0,
230.0,-910.0,
230.0,-900.0,
230.0,-890.0,
230.0,-880.0,
230.0,-870.0,
230.0,-860.0,
230.0,-850.0,
230.0,-840.0,
230.0,-830.0,
230.0,-820.0,
230.0,-810.0,
230.0,-800.0,
230.0,-790.0,
230.0,-780.0,
230.0,-770.0,
230.0,-760.0,
230.0,-750.0,
230.0,-740.0,
230.0,-730.0,
230.0,-720.0,
230.0,-710.0,
230.0,-700.0,
230.0,-690.0,
230.0,-680.0,
230.0,-670.0,
230.0,-660.0,
230.0,-650.0,
230.0,-640.0,
230.0,-630.0,
230.0,-620.0,197.377
230.0,-610.0,199.412
230.0,-600.0,201.516
230.0,-590.0,203.694
230.0,-580.0,205.949
230.0,-570.0,208.284
230.0,-560.0,210.702
230.0,-550.0,213.208
230.0,-540.0,215.806
230.0,-530.0,218.5
230.0,-520.0,221.296
230.0,-510.0,224.197
230.0,-500.0,227.211
230.0,-490.0,230.341
230.0,-480.0,233.596
230.0,-470.0,236.981
230.0,-460.0,240.503
230.0,-450.0,244.17
230.0,-440.0,247.991
230.0,-430.0,251.974
230.0,-420.0,256.128
230.0,-410.0,260.465
230.0,-400.0,264.994
230.0,-390.0,269.729
230.0,-380.0,274.683
230.0,-370.0,279.868
230.0,-360.0,285.302
230.0,-350.0,291.001
230.0,-340.0,296.982
230.0,-330.0,303.268
230.0,-320.0,309.879
230.0,-310.0,316.839
230.0,-300.0,324.177
230.0,-290.0,331.92
230.0,-280.0,340.103
230.0,-270.0,348.761
230.0,-260.0,357.935
230.0,-250.0,367.67
230.0,-240.0,378.017
230.0,-230.0,389.033
230.0,-220.0,400.782
230.0,-210.0,413.336
230.0,-200.0,426.779
230.0,-190.0,441.204
230.0,-180.0,456.72
230.0,-170.0,473.452
230.0,-160.0,491.543
230.0,-150.0,511.163
230.0,-140.0,532.507
230.0,-130.0,555.809
230.0,-120.0,581.344
230.0,-110.0,609.443
230.0,-100.0,640.506
230.0,-90.0,675.018
230.0,-80.0,713.58
230.0,-70.0,756.937
230.0,-60.0,806.033
230.0,-50.0,862.072
230.0,-40.0,926.625
230.0,-30.0,1001.773
230.0,-20.0,1090.335
230.0,-10.0,1196.23
230.0,0.0,1270.041
230.0,10.0,1196.23
230.0,20.0,1090.335
230.0,30.0,1001.773
230.0,40.0,926.625
230.0,50.0,862.072
230.0,60.0,806.033
230.0,70.0,756.937
230.0,80.0,713.58
230.0,90.0,675.018
230.0,100.0,640.506
230.0,110.0,609.443
230.0,120.0,581.344
230.0,130.0,555.809
230.0,140.0,532.507
230.0,150.0,511.163
230.0,160.0,491.543
230.0,170.0,473.452
230.0,180.0,456.72
230.0,190.0,441.204
230.0,200.0,426.779
230.0,210.0,413.336
230.0,220.0,400.782
230.0,230.0,389.033
230.0,240.0,378.017
230.0,250.0,367.67
230.0,260.0,357.935
230.0,270.0,348.761
230.0,280.0,340.103
230.0,290.0,331.92
230.0,300.0,324.177
230.0,310.0,316.839
230.0,320.0,309.879
230.0,330.0,303.268
230.0,340.0,296.982
230.0,350.0,291.001
230.0,360.0,285.302
230.0,370.0,279.868
230.0,380.0,274.683
230.0,390.0,269.729
230.0,400.0,264.994
230.0,410.0,260.465
230.0,420.0,256.128
230.0,430.0,251.974
230.0,440.0,247.991
230.0,450.0,244.17
230.0,460.0,240.503
230.0,470.0,236.981
230.0,480.0,233.596
230.0,490.0,230.341
230.0,500.0,227.211
230.0,510.0,224.197
230.0,520.0,221.296
230.0,530.0,218.5
230.0,540.0,215.806
230.0,550.0,213.208
230.0,560.0,210.702
230.0,570.0,208.284
230.0,580.0,205.949
230.0,590.0,203.694
230.0,600.0,201.516
230.0,610.0,199.412
230.0,620.0,197.377
230.0,630.0,
230.0,640.0,
230.0,650.0,
230.0,660.0,
230.0,670.0,
230.0,680.0,
230.0,690.0,
230.0,700.0,
230.0,710.0,
230.0,720.0,
230.0,730.0,
230.0,740.0,
230.0,750.0,
230.0,760.0,
230.0,770.0,
230.0,780.0,
230.0,790.0,
230.0,800.0,
230.0,810.0,
230.0,820.0,
230.0,830.0,
230.0,840.0,
230.0,850.0,
230.0,860.0,
230.0,870.0,
230.0,880.0,
230.0,890.0,
230.0,900.0,
230.0,910.0,
230.0,920.0,
230.0,930.0,
230.0,940.0,
230.0,950.0,
230.0,960.0,
230.0,970.0,
230.0,980.0,
230.0,990.0,
230.0,1000.0,
240.0,-1000.0,
240.0,-990.0,
240.0,-980.0,
240.0,-970.0,
240.0,-960.0,
240.0,-950.0,
240.0,-940.0,
240.0,-930.0,
240.0,-920.0,
240.0,-910.0,
240.0,-900.0,
240.0,-890.0,
240.0,-880.0,
240.0,-870.0,
240.0,-860.0,
240.0,-850.0,
240.0,-840.0,
240.0,-830.0,
240.0,-820.0,
240.0,-810.0,
240.0,-800.0,
240.0,-790.0,
240.0,-780.0,
240.0,-770.0,
240.0,-760.0,
240.0,-750.0,
240.0,-740.0,
240.0,-730.0,
240.0,-720.0,
240.0,-710.0,
240.0,-700.0,
240.0,-690.0,
240.0,-680.0,
240.0,-670.0,
240.0,-660.0,
240.0,-650.0,
240.0,-640.0,
240.0,-630.0,193.664
240.0,-620.0,195.607
240.0,-610.0,197.617
240.0,-600.0,199.696
240.0,-590.0,201.847
240.0,-580.0,204.075
240.0,-570.0,206.381
240.0,-560.0,208.771
240.0,-550.0,211.247
240.0,-540.0,213.815
240.0,-530.0,216.478
240.0,-520.0,219.241
240.0,-510.0,222.11
240.0,-500.0,225.089
240.0,-490.0,228.184
240.0,-480.0,231.402
240.0,-470.0,234.75
240.0,-460.0,238.233
240.0,-450.0,241.86
240.0,-440.0,245.64
240.0,-430.0,249.58
240.0,-420.0,253.69
240.0,-410.0,257.981
240.0,-400.0,262.463
240.0,-390.0,267.149
240.0,-380.0,272.051
240.0,-370.0,277.184
240.0,-360.0,282.562
240.0,-350.0,288.204
240.0,-340.0,294.126
240.0,-330.0,300.35
240.0,-320.0,306.896
240.0,-310.0,313.79
240.0,-300.0,321.057
240.0,-290.0,328.728
240.0,-280.0,336.834
240.0,-270.0,345.413
240.0,-260.0,354.503
240.0,-250.0,364.151
240.0,-240.0,374.407
240.0,-230.0,385.326
240.0,-220.0,396.974
240.0,-210.0,409.422
240.0,-200.0,422.752
240.0,-190.0,437.06
240.0,-180.0,452.452
240.0,-170.0,469.052
240.0,-160.0,487.004
240.0,-150.0,506.477
240.0,-140.0,527.665
240.0,-130.0,550.802
240.0,-120.0,576.162
240.0,-110.0,604.076
240.0,-100.0,634.942
240.0,-90.0,669.247
240.0,-80.0,707.589
240.0,-70.0,750.715
240.0,-60.0,799.568
240.0,-50.0,855.358
240.0,-40.0,919.657
240.0,-30.0,994.555
240.0,-20.0,1082.886
240.0,-10.0,1188.594
240.0,0.0,1260.044
240.0,10.0,1188.594
240.0,20.0,1082.886
240.0,30.0,994.555
240.0,40.0,919.657
240.0,50.0,855.358
240.0,60.0,799.568
240.0,70.0,750.715
240.0,80.0,707.589
240.0,90.0,669.247
240.0,100.0,634.942
240.0,110.0,604.076
240.0,120.0,576.162
240.0,130.0,550.802
240.0,140.0,527.665
240.0,150.0,506.477
240.0,160.0,487.004
240.0,170.0,469.052
240.0,180.0,452.452
240.0,190.0,437.06
240.0,200.0,422.752
240.0,210.0,409.422
240.0,220.0,396.974
240.0,230.0,385.326
240.0,240.0,374.407
240.0,250.0,364.151
240.0,260.0,354.503
240.0,270.0,345.413
240.0,280.0,336.834
240.0,290.0,328.728
240.0,300.0,321.057
240.0,310.0,313.79
240.0,320.0,306.896
240.0,330.0,300.35
240.0,340.0,294.126
240.0,350.0,288.204
240.0,360.0,282.562
240.0,370.0,277.184
240.0,380.0,272.051
240.0,390.0,267.149
240.0,400.0,262.463
240.0,410.0,257.981
240.0,420.0,253.69
240.0,430.0,249.58
240.0,440.0,245.64
240.0,450.0,241.86
240.0,460.0,238.233
240.0,470.0,234.75
240.0,480.0,231.402
240.0,490.0,228.184
240.0,500.0,225.089
240.0,510.0,222.11
240.0,520.0,219.241
240.0,530.0,216.478
240.0,540.0,213.815
240.0,550.0,211.247
240.0,560.0,208.771
240.0,570.0,206.381
240.0,580.0,204.075
240.0,590.0,201.847
240.0,600.0,199.696
240.0,610.0,197.617
240.0,620.0,195.607
240.0,630.0,193.664
240.0,640.0,
240.0,650.0,
240.0,660.0,
240.0,670.0,
240.0,680.0,
240.0,690.0,
240.0,700.0,
240.0,710.0,
240.0,720.0,
240.0,730.0,
240.0,740.0,
240.0,750.0,
240.0,760.0,
240.0,770.0,
240.0,780.0,
240.0,790.0,
240.0,800.0,
240.0,810.0,
240.0,820.0,
240.0,830.0,
240.0,840.0,
240.0,850.0,
240.0,860.0,
240.0,870.0,
240.0,880.0,
240.0,890.0,
240.0,900.0,
240.0,910.0,
240.0,920.0,
240.0,930.0,
240.0,940.0,
240.0,950.0,
240.0,960.0,
240.0,970.0,
240.0,980.0,
240.0,990.0,
240.0,1000.0,
250.0,-1000.0,
250.0,-990.0,
250.0,-980.0,
250.0,-970.0,
250.0,-960.0,
250.0,-950.0,
250.0,-940.0,
250.0,-930.0,
250.0,-920.0,
250.0,-910.0,
250.0,-900.0,
250.0,-890.0,
250.0,-880.0,
250.0,-870.0,
250.0,-860.0,
250.0,-850.0,
250.0,-840.0,
250.0,-830.0,
250.0,-820.0,
250.0,-810.0,
250.0,-800.0,
250.0,-790.0,
250.0,-780.0,
250.0,-770.0,
250.0,-760.0,
250.0,-750.0,
250.0,-740.0,
250.0,-730.0,
250.0,-720.0,
250.0,-710.0,
250.0,-700.0,
250.0,-690.0,
250.0,-680.0,
250.0,-670.0,
250.0,-660.0,
250.0,-650.0,
250.0,-640.0,190.071
250.0,-630.0,191.927
250.0,-620.0,193.845
250.0,-610.0,195.83
250.0,-600.0,197.883
250.0,-590.0,200.008
250.0,-580.0,202.209
250.0,-570.0,204.487
250.0,-560.0,206.848
250.0,-550.0,209.295
250.0,-540.0,211.833
250.0,-530.0,214.464
250.0,-520.0,217.195
250.0,-510.0,220.031
250.0,-500.0,222.976
250.0,-490.0,226.036
250.0,-480.0,229.218
250.0,-470.0,232.528
250.0,-460.0,235.972
250.0,-450.0,239.56
250.0,-440.0,243.298
250.0,-430.0,247.195
250.0,-420.0,251.261
250.0,-410.0,255.506
250.0,-400.0,259.941
250.0,-390.0,264.577
250.0,-380.0,269.429
250.0,-370.0,274.509
250.0,-360.0,279.832
250.0,-350.0,285.417
250.0,-340.0,291.28
250.0,-330.0,297.442
250.0,-320.0,303.924
250.0,-310.0,310.751
250.0,-300.0,317.948
250.0,-290.0,325.546
250.0,-280.0,333.576
250.0,-270.0,342.075
250.0,-260.0,351.082
250.0,-250.0,360.642
250.0,-240.0,370.806
250.0,-230.0,381.629
250.0,-220.0,393.176
250.0,-210.0,405.517
250.0,-200.0,418.736
250.0,-190.0,432.925
250.0,-180.0,448.193
250.0,-170.0,464.661
250.0,-160.0,482.474
250.0,-150.0,501.799
250.0,-140.0,522.832
250.0,-130.0,545.803
250.0,-120.0,570.988
250.0,-110.0,598.716
250.0,-100.0,629.385
250.0,-90.0,663.48
250.0,-80.0,701.601
250.0,-70.0,744.495
250.0,-60.0,793.106
250.0,-50.0,848.643
250.0,-40.0,912.687
250.0,-30.0,987.333
250.0,-20.0,1075.43
250.0,-10.0,1180.948
250.0,0.0,1250.046
250.0,10.0,1180.948
250.0,20.0,1075.43
250.0,30.0,987.333
250.0,40.0,912.687
250.0,50.0,848.643
250.0,60.0,793.106
250.0,70.0,744.495
250.0,80.0,701.601
250.0,90.0,663.48
250.0,100.0,629.385
250.0,110.0,598.716
250.0,120.0,570.988
250.0,130.0,545.803
250.0,140.0,522.832
250.0,150.0,501.799
250.0,160.0,482.474
250.0,170.0,464.661
250.0,180.0,448.193
250.0,190.0,432.925
250.0,200.0,418.736
250.0,210.0,405.517
250.0,220.0,393.176
250.0,230.0,381.629
250.0,240.0,370.806
250.0,250.0,360.642
250.0,260.0,351.082
250.0,270.0,342.075
250.0,280.0,333.576
250.0,290.0,325.546
250.0,300.0,317.948
250.0,310.0,310.751
250.0,320.0,303.924
250.0,330.0,297.442
250.0,340.0,291.28
250.0,350.0,285.417
250.0,360.0,279.832
250.0,370.0,274.509
250.0,380.0,269.429
250.0,390.0,264.577
250.0,400.0,259.941
250.0,410.0,255.506
250.0,420.0,251.261
250.0,430.0,247.195
250.0,440.0,243.298
250.0,450.0,239.56
250.0,460.0,235.972
250.0,470.0,232.528
250.0,480.0,229.218
250.0,490.0,226.036
250.0,500.0,222.976
250.0,510.0,220.031
250.0,520.0,217.195
250.0,530.0,214.464
250.0,540.0,211.833
250.0,550.0,209.295
250.0,560.0,206.848
250.0,570.0,204.487
250.0,580.0,202.209
250.0,590.0,200.008
250.0,600.0,197.883
250.0,610.0,195.83
250.0,620.0,193.845
250.0,630.0,191.927
250.0,640.0,190.071
250.0,650.0,
250.0,660.0,
250.0,670.0,
250.0,680.0,
250.0,690.0,
250.0,700.0,
250.0,710.0,
250.0,720.0,
250.0,730.0,
250.0,740.0,
250.0,750.0,
250.0,760.0,
250.0,770.0,
250.0,780.0,
250.0,790.0,
250.0,800.0,
250.0,810.0,
250.0,820.0,
250.0,830.0,
250.0,840.0,
250.0,850.0,
250.0,860.0,
250.0,870.0,
250.0,880.0,
250.0,890.0,
250.0,900.0,
250.0,910.0,
250.0,920.0,
250.0,930.0,
250.0,940.0,
250.0,950.0,
250.0,960.0,
250.0,970.0,
250.0,980.0,
250.0,990.0,
250.0,1000.0,
260.0,-1000.0,
260.0,-990.0,
260.0,-980.0,
260.0,-970.0,
260.0,-960.0,
260.0,-950.0,
260.0,-940.0,
260.0,-930.0,
260.0,-920.0,
260.0,-910.0,
260.0,-900.0,
260.0,-890.0,
260.0,-880.0,
260.0,-870.0,
260.0,-860.0,
260.0,-850.0,
260.0,-840.0,
260.0,-830.0,
260.0,-820.0,
260.0,-810.0,
260.0,-800.0,
260.0,-790.0,
260.0,-780.0,
260.0,-770.0,
260.0,-760.0,
260.0,-750.0,
260.0,-740.0,
260.0,-730.0,
260.0,-720.0,
260.0,-710.0,
260.0,-700.0,
260.0,-690.0,
260.0,-680.0,
260.0,-670.0,
260.0,-660.0,
260.0,-650.0,186.593
260.0,-640.0,188.365
260.0,-630.0,190.197
260.0,-620.0,192.092
260.0,-610.0,194.051
260.0,-600.0,196.079
260.0,-590.0,198.178
260.0,-580.0,200.351
260.0,-570.0,202.602
260.0,-560.0,204.934
260.0,-550.0,207.352
260.0,-540.0,209.859
260.0,-530.0,212.46
260.0,-520.0,215.159
260.0,-510.0,217.961
260.0,-500.0,220.872
260.0,-490.0,223.897
260.0,-480.0,227.043
260.0,-470.0,230.315
260.0,-460.0,233.721
260.0,-450.0,237.268
260.0,-440.0,240.965
260.0,-430.0,244.82
260.0,-420.0,248.842
260.0,-410.0,253.041
260.0,-400.0,257.428
260.0,-390.0,262.016
260.0,-380.0,266.816
260.0,-370.0,271.843
260.0,-360.0,277.112
260.0,-350.0,282.64
260.0,-340.0,288.444
260.0,-330.0,294.544
260.0,-320.0,300.962
260.0,-310.0,307.721
260.0,-300.0,314.849
260.0,-290.0,322.374
260.0,-280.0,330.328
260.0,-270.0,338.747
260.0,-260.0,347.67
260.0,-250.0,357.143
260.0,-240.0,367.215
260.0,-230.0,377.942
260.0,-220.0,389.388
260.0,-210.0,401.623
260.0,-200.0,414.73
260.0,-190.0,428.801
260.0,-180.0,443.943
260.0,-170.0,460.28
260.0,-160.0,477.954
260.0,-150.0,497.131
260.0,-140.0,518.007
260.0,-130.0,540.813
260.0,-120.0,565.822
260.0,-110.0,593.363
260.0,-100.0,623.834
260.0,-90.0,657.719
260.0,-80.0,695.619
260.0,-70.0,738.279
260.0,-60.0,786.644
260.0,-50.0,841.929
260.0,-40.0,905.714
260.0,-30.0,980.106
260.0,-20.0,1067.967
260.0,-10.0,1173.291
260.0,0.0,1240.048
260.0,10.0,1173.291
260.0,20.0,1067.967
260.0,30.0,980.106
260.0,40.0,905.714
260.0,50.0,841.929
260.0,60.0,786.644
260.0,70.0,738.279
260.0,80.0,695.619
260.0,90.0,657.719
260.0,100.0,623.834
260.0,110.0,593.363
260.0,120.0,565.822
260.0,130.0,540.813
260.0,140.0,518.007
260.0,150.0,497.131
260.0,160.0,477.954
260.0,170.0,460.28
260.0,180.0,443.943
260.0,190.0,428.801
260.0,200.0,414.73
260.0,210.0,401.623
260.0,220.0,389.388
260.0,230.0,377.942
260.0,240.0,367.215
260.0,250.0,357.143
260.0,260.0,347.67
260.0,270.0,338.747
260.0,280.0,330.328
260.0,290.0,322.374
260.0,300.0,314.849
260.0,310.0,307.721
260.0,320.0,300.962
260.0,330.0,294.544
260.0,340.0,288.444
260.0,350.0,282.64
260.0,360.0,277.112
260.0,370.0,271.843
260.0,380.0,266.816
260.0,390.0,262.016
260.0,400.0,257.428
260.0,410.0,253.041
260.0,420.0,248.842
260.0,430.0,244.82
260.0,440.0,240.965
260.0,450.0,237.268
260.0,460.0,233.721
260.0,470.0,230.315
260.0,480.0,227.043
260.0,490.0,223.897
260.0,500.0,220.872
260.0,510.0,217.961
260.0,520.0,215.159
260.0,530.0,212.46
260.0,540.0,209.859
260.0,550.0,207.352
260.0,560.0,204.934
260.0,570.0,202.602
260.0,580.0,200.351
260.0,590.0,198.178
260.0,600.0,196.079
260.0,610.0,194.051
260.0,620.0,192.092
260.0,630.0,190.197
260.0,640.0,188.365
260.0,650.0,186.593
260.0,660.0,
260.0,670.0,
260.0,680.0,
260.0,690.0,
260.0,700.0,
260.0,710.0,
260.0,720.0,
260.0,730.0,
260.0,740.0,
260.0,750.0,
260.0,760.0,
260.0,770.0,
260.0,780.0,
260.0,790.0,
260.0,800.0,
260.0,810.0,
260.0,820.0,
260.0,830.0,
260.0,840.0,
260.0,850.0,
260.0,860.0,
260.0,870.0,
260.0,880.0,
260.0,890.0,
260.0,900.0,
260.0,910.0,
260.0,920.0,
260.0,930.0,
260.0,940.0,
260.0,950.0,
260.0,960.0,
260.0,970.0,
260.0,980.0,
260.0,990.0,
260.0,1000.0,
270.0,-1000.0,
270.0,-990.0,
270.0,-980.0,
270.0,-970.0,
270.0,-960.0,
270.0,-950.0,
270.0,-940.0,
270.0,-930.0,
270.0,-920.0,
270.0,-910.0,
270.0,-900.0,
270.0,-890.0,
270.0,-880.0,
270.0,-870.0,
270.0,-860.0,
270.0,-850.0,
270.0,-840.0,
270.0,-830.0,
270.0,-820.0,
270.0,-810.0,
270.0,-800.0,
270.0,-790.0,
270.0,-780.0,
270.0,-770.0,
270.0,-760.0,
270.0,-750.0,
270.0,-740.0,
270.0,-730.0,
270.0,-720.0,
270.0,-710.0,
270.0,-700.0,
270.0,-690.0,
270.0,-680.0,
270.0,-670.0,
270.0,-660.0,183.226
270.0,-650.0,184.919
270.0,-640.0,186.668
270.0,-630.0,188.476
270.0,-620.0,190.346
270.0,-610.0,192.281
270.0,-600.0,194.283
270.0,-590.0,196.356
270.0,-580.0,198.502
270.0,-570.0,200.725
270.0,-560.0,203.029
270.0,-550.0,205.417
270.0,-540.0,207.894
270.0,-530.0,210.463
270.0,-520.0,213.13
270.0,-510.0,215.9
270.0,-500.0,218.777
270.0,-490.0,221.767
270.0,-480.0,224.876
270.0,-470.0,228.111
270.0,-460.0,231.479
270.0,-450.0,234.986
270.0,-440.0,238.642
270.0,-430.0,242.454
270.0,-420.0,246.432
270.0,-410.0,250.585
270.0,-400.0,254.925
270.0,-390.0,259.464
270.0,-380.0,264.213
270.0,-370.0,269.188
270.0,-360.0,274.402
270.0,-350.0,279.873
270.0,-340.0,285.617
270.0,-330.0,291.656
270.0,-320.0,298.009
270.0,-310.0,304.702
270.0,-300.0,311.76
270.0,-290.0,319.212
270.0,-280.0,327.09
270.0,-270.0,335.429
270.0,-260.0,344.269
270.0,-250.0,353.655
270.0,-240.0,363.635
270.0,-230.0,374.266
270.0,-220.0,385.61
270.0,-210.0,397.739
270.0,-200.0,410.733
270.0,-190.0,424.686
270.0,-180.0,439.704
270.0,-170.0,455.908
270.0,-160.0,473.443
270.0,-150.0,492.472
270.0,-140.0,513.192
270.0,-130.0,535.831
270.0,-120.0,560.663
270.0,-110.0,588.017
270.0,-100.0,618.289
270.0,-90.0,651.964
270.0,-80.0,689.64
270.0,-70.0,732.065
270.0,-60.0,780.185
270.0,-50.0,835.214
270.0,-40.0,898.739
270.0,-30.0,972.874
270.0,-20.0,1060.496
270.0,-10.0,1165.625
270.0,0.0,1230.05
270.0,10.0,1165.625
270.0,20.0,1060.496
270.0,30.0,972.874
270.0,40.0,898.739
270.0,50.0,835.214
270.0,60.0,780.185
270.0,70.0,732.065
270.0,80.0,689.64
270.0,90.0,651.964
270.0,100.0,618.289
270.0,110.0,588.017
270.0,120.0,560.663
270.0,130.0,535.831
270.0,140.0,513.192
270.0,150.0,492.472
270.0,160.0,473.443
270.0,170.0,455.908
270.0,180.0,439.704
270.0,190.0,424.686
270.0,200.0,410.733
270.0,210.0,397.739
270.0,220.0,385.61
270.0,230.0,374.266
270.0,240.0,363.635
270.0,250.0,353.655
270.0,260.0,344.269
270.0,270.0,335.429
270.0,280.0,327.09
270.0,290.0,319.212
270.0,300.0,311.76
270.0,310.0,304.702
270.0,320.0,298.009
270.0,330.0,291.656
270.0,340.0,285.617
270.0,350.0,279.873
270.0,360.0,274.402
270.0,370.0,269.188
270.0,380.0,264.213
270.0,390.0,259.464
270.0,400.0,254.925
270.0,410.0,250.585
270.0,420.0,246.432
270.0,430.0,242.454
270.0,440.0,238.642
270.0,450.0,234.986
270.0,460.0,231.479
270.0,470.0,228.111
270.0,480.0,224.876
270.0,490.0,221.767
270.0,500.0,218.777
270.0,510.0,215.9
270.0,520.0,213.13
270.0,530.0,210.463
270.0,540.0,207.894
270.0,550.0,205.417
270.0,560.0,203.029
270.0,570.0,200.725
270.0,580.0,198.502
270.0,590.0,196.356
270.0,600.0,194.283
270.0,610.0,192.281
270.0,620.0,190.346
270.0,630.0,188.476
270.0,640.0,186.668
270.0,650.0,184.919
270.0,660.0,183.226
270.0,670.0,
270.0,680.0,
270.0,690.0,
270.0,700.0,
270.0,710.0,
270.0,720.0,
270.0,730.0,
270.0,740.0,
270.0,750.0,
270.0,760.0,
270.0,770.0,
270.0,780.0,
270.0,790.0,
270.0,800.0,
270.0,810.0,
270.0,820.0,
270.0,830.0,
270.0,840.0,
270.0,850.0,
270.0,860.0,
270.0,870.0,
270.0,880.0,
270.0,890.0,
270.0,900.0,
270.0,910.0,
270.0,920.0,
270.0,930.0,
270.0,940.0,
270.0,950.0,
270.0,960.0,
270.0,970.0,
270.0,980.0,
270.0,990.0,
270.0,1000.0,
280.0,-1000.0,
280.0,-990.0,
280.0,-980.0,
280.0,-970.0,
280.0,-960.0,
280.0,-950.0,
280.0,-940.0,
280.0,-930.0,
280.0,-920.0,
280.0,-910.0,
280.0,-900.0,
280.0,-890.0,
280.0,-880.0,
280.0,-870.0,
280.0,-860.0,
280.0,-850.0,
280.0,-840.0,
280.0,-830.0,
280.0,-820.0,
280.0,-810.0,
280.0,-800.0,
280.0,-790.0,
280.0,-780.0,
280.0,-770.0,
280.0,-760.0,
280.0,-750.0,
280.0,-740.0,
280.0,-730.0,
280.0,-720.0,
280.0,-710.0,
280.0,-700.0,
280.0,-690.0,
280.0,-680.0,
280.0,-670.0,179.966
280.0,-660.0,181.582
280.0,-650.0,183.252
280.0,-640.0,184.978
280.0,-630.0,186.763
280.0,-620.0,188.609
280.0,-610.0,190.519
280.0,-600.0,192.495
280.0,-590.0,194.542
280.0,-580.0,196.661
280.0,-570.0,198.857
280.0,-560.0,201.132
280.0,-550.0,203.491
280.0,-540.0,205.938
280.0,-530.0,208.476
280.0,-520.0,211.111
280.0,-510.0,213.848
280.0,-500.0,216.691
280.0,-490.0,219.646
280.0,-480.0,222.719
280.0,-470.0,225.917
280.0,-460.0,229.246
280.0,-450.0,232.714
280.0,-440.0,236.328
280.0,-430.0,240.097
280.0,-420.0,244.031
280.0,-410.0,248.139
280.0,-400.0,252.432
280.0,-390.0,256.922
280.0,-380.0,261.621
280.0,-370.0,266.542
280.0,-360.0,271.702
280.0,-350.0,277.115
280.0,-340.0,282.801
280.0,-330.0,288.778
280.0,-320.0,295.067
280.0,-310.0,301.693
280.0,-300.0,308.681
280.0,-290.0,316.06
280.0,-280.0,323.862
280.0,-270.0,332.122
280.0,-260.0,340.879
280.0,-250.0,350.177
280.0,-240.0,360.065
280.0,-230.0,370.6
280.0,-220.0,381.843
280.0,-210.0,393.865
280.0,-200.0,406.747
280.0,-190.0,420.581
280.0,-180.0,435.474
280.0,-170.0,451.546
280.0,-160.0,468.941
280.0,-150.0,487.822
280.0,-140.0,508.384
280.0,-130.0,530.857
280.0,-120.0,555.512
280.0,-110.0,582.678
280.0,-100.0,612.751
280.0,-90.0,646.214
280.0,-80.0,683.666
280.0,-70.0,725.855
280.0,-60.0,773.727
280.0,-50.0,828.499
280.0,-40.0,891.762
280.0,-30.0,965.638
280.0,-20.0,1053.017
280.0,-10.0,1157.948
280.0,0.0,1220.052
280.0,10.0,1157.948
280.0,20.0,1053.017
280.0,30.0,965.638
280.0,40.0,891.762
280.0,50.0,828.499
280.0,60.0,773.727
280.0,70.0,725.855
280.0,80.0,683.666
280.0,90.0,646.214
280.0,100.0,612.751
280.0,110.0,582.678
280.0,120.0,555.512
280.0,130.0,530.857
280.0,140.0,508.384
280.0,150.0,487.822
280.0,160.0,468.941
280.0,170.0,451.546
280.0,180.0,435.474
280.0,190.0,420.581
280.0,200.0,406.747
280.0,210.0,393.865
280.0,220.0,381.843
280.0,230.0,370.6
280.0,240.0,360.065
280.0,250.0,350.177
280.0,260.0,340.879
280.0,270.0,332.122
280.0,280.0,323.862
280.0,290.0,316.06
280.0,300.0,308.681
280.0,310.0,301.693
280.0,320.0,295.067
280.0,330.0,288.778
280.0,340.0,282.801
280.0,350.0,277.115
280.0,360.0,271.702
280.0,370.0,266.542
280.0,380.0,261.621
280.0,390.0,256.922
280.0,400.0,252.432
280.0,410.0,248.139
280.0,420.0,244.031
280.0,430.0,240.097
280.0,440.0,236.328
280.0,450.0,232.714
280.0,460.0,229.246
280.0,470.0,225.917
280.0,480.0,222.719
280.0,490.0,219.646
280.0,500.0,216.691
280.0,510.0,213.848
280.0,520.0,211.111
280.0,530.0,208.476
280.0,540.0,205.938
280.0,550.0,203.491
280.0,560.0,201.132
280.0,570.0,198.857
280.0,580.0,196.661
280.0,590.0,194.542
280.0,600.0,192.495
280.0,610.0,190.519
280.0,620.0,188.609
280.0,630.0,186.763
280.0,640.0,184.978
280.0,650.0,183.252
280.0,660.0,181.582
280.0,670.0,179.966
280.0,680.0,
280.0,690.0,
280.0,700.0,
280.0,710.0,
280.0,720.0,
280.0,730.0,
280.0,740.0,
280.0,750.0,
280.0,760.0,
280.0,770.0,
280.0,780.0,
280.0,790.0,
280.0,800.0,
280.0,810.0,
280.0,820.0,
280.0,830.0,
280.0,840.0,
280.0,850.0,
280.0,860.0,
280.0,870.0,
280.0,880.0,
280.0,890.0,
280.0,900.0,
280.0,910.0,
280.0,920.0,
280.0,930.0,
280.0,940.0,
280.0,950.0,
280.0,960.0,
280.0,970.0,
280.0,980.0,
280.0,990.0,
280.0,1000.0,
290.0,-1000.0,
290.0,-990.0,
290.0,-980.0,
290.0,-970.0,
290.0,-960.0,
290.0,-950.0,
290.0,-940.0,
290.0,-930.0,
290.0,-920.0,
290.0,-910.0,
290.0,-900.0,
290.0,-890.0,
290.0,-880.0,
290.0,-870.0,
290.0,-860.0,
290.0,-850.0,
290.0,-840.0,
290.0,-830.0,
290.0,-820.0,
290.0,-810.0,
290.0,-800.0,
290.0,-790.0,
290.0,-780.0,
290.0,-770.0,
290.0,-760.0,
290.0,-750.0,
290.0,-740.0,
290.0,-730.0,
290.0,-720.0,
290.0,-710.0,
290.0,-700.0,
290.0,-690.0,
290.0,-680.0,176.809
290.0,-670.0,178.352
290.0,-660.0,179.946
290.0,-650.0,181.593
290.0,-640.0,183.297
290.0,-630.0,185.058
290.0,-620.0,186.88
290.0,-610.0,188.765
290.0,-600.0,190.716
290.0,-590.0,192.736
290.0,-580.0,194.829
290.0,-570.0,196.997
290.0,-560.0,199.244
290.0,-550.0,201.574
290.0,-540.0,203.99
290.0,-530.0,206.498
290.0,-520.0,209.101
290.0,-510.0,211.804
290.0,-500.0,214.613
290.0,-490.0,217.534
290.0,-480.0,220.571
290.0,-470.0,223.731
290.0,-460.0,227.022
290.0,-450.0,230.45
290.0,-440.0,234.024
290.0,-430.0,237.751
290.0,-420.0,241.64
290.0,-410.0,245.703
290.0,-400.0,249.949
290.0,-390.0,254.39
290.0,-380.0,259.038
290.0,-370.0,263.907
290.0,-360.0,269.011
290.0,-350.0,274.368
290.0,-340.0,279.995
290.0,-330.0,285.91
290.0,-320.0,292.136
290.0,-310.0,298.695
290.0,-300.0,305.613
290.0,-290.0,312.919
290.0,-280.0,320.645
290.0,-270.0,328.825
290.0,-260.0,337.498
290.0,-250.0,346.709
290.0,-240.0,356.506
290.0,-230.0,366.944
290.0,-220.0,378.085
290.0,-210.0,390.001
290.0,-200.0,402.771
290.0,-190.0,416.487
290.0,-180.0,431.254
290.0,-170.0,447.194
290.0,-160.0,464.448
290.0,-150.0,483.181
290.0,-140.0,503.586
290.0,-130.0,525.891
290.0,-120.0,550.369
290.0,-110.0,577.347
290.0,-100.0,607.219
290.0,-90.0,640.47
290.0,-80.0,677.697
290.0,-70.0,719.648
290.0,-60.0,767.27
290.0,-50.0,821.783
290.0,-40.0,884.782
290.0,-30.0,958.396
290.0,-20.0,1045.531
290.0,-10.0,1150.26
290.0,0.0,1210.055
290.0,10.0,1150.26
290.0,20.0,1045.531
290.0,30.0,958.396
290.0,40.0,884.782
290.0,50.0,821.783
290.0,60.0,767.27
290.0,70.0,719.648
290.0,80.0,677.697
290.0,90.0,640.47
290.0,100.0,607.219
290.0,110.0,577.347
290.0,120.0,550.369
290.0,130.0,525.891
290.0,140.0,503.586
290.0,150.0,483.181
290.0,160.0,464.448
290.0,170.0,447.194
290.0,180.0,431.254
290.0,190.0,416.487
290.0,200.0,402.771
290.0,210.0,390.001
290.0,220.0,378.085
290.0,230.0,366.944
290.0,240.0,356.506
290.0,250.0,346.709
290.0,260.0,337.498
290.0,270.0,328.825
290.0,280.0,320.645
290.0,290.0,312.919
290.0,300.0,305.613
290.0,310.0,298.695
290.0,320.0,292.136
290.0,330.0,285.91
290.0,340.0,279.995
290.0,350.0,274.368
290.0,360.0,269.011
290.0,370.0,263.907
290.0,380.0,259.038
290.0,390.0,254.39
290.0,400.0,249.949
290.0,410.0,245.703
290.0,420.0,241.64
290.0,430.0,237.751
290.0,440.0,234.024
290.0,450.0,230.45
290.0,460.0,227.022
290.0,470.0,223.731
290.0,480.0,220.571
290.0,490.0,217.534
290.0,500.0,214.613
290.0,510.0,211.804
290.0,520.0,209.101
290.0,530.0,206.498
290.0,540.0,203.99
290.0,550.0,201.574
290.0,560.0,199.244
290.0,570.0,196.997
290.0,580.0,194.829
290.0,590.0,192.736
290.0,600.0,190.716
290.0,610.0,188.765
290.0,620.0,186.88
290.0,630.0,185.058
290.0,640.0,183.297
290.0,650.0,181.593
290.0,660.0,179.946
290.0,670.0,178.352
290.0,680.0,176.809
290.0,690.0,
290.0,700.0,
290.0,710.0,
290.0,720.0,
290.0,730.0,
290.0,740.0,
290.0,750.0,
290.0,760.0,
290.0,770.0,
290.0,780.0,
290.0,790.0,
290.0,800.0,
290.0,810.0,
290.0,820.0,
290.0,830.0,
290.0,840.0,
290.0,850.0,
290.0,860.0,
290.0,870.0,
290.0,880.0,
290.0,890.0,
290.0,900.0,
290.0,910.0,
290.0,920.0,
290.0,930.0,
290.0,940.0,
290.0,950.0,
290.0,960.0,
290.0,970.0,
290.0,980.0,
290.0,990.0,
290.0,1000.0,
300.0,-1000.0,
300.0,-990.0,
300.0,-980.0,
300.0,-970.0,
300.0,-960.0,
300.0,-950.0,
300.0,-940.0,
300.0,-930.0,
300.0,-920.0,
300.0,-910.0,
300.0,-900.0,
300.0,-890.0,
300.0,-880.0,
300.0,-870.0,
300.0,-860.0,
300.0,-850.0,
300.0,-840.0,
300.0,-830.0,
300.0,-820.0,
300.0,-810.0,
300.0,-800.0,
300.0,-790.0,
300.0,-780.0,
300.0,-770.0,
300.0,-760.0,
300.0,-750.0,
300.0,-740.0,
300.0,-730.0,
300.0,-720.0,
300.0,-710.0,
300.0,-700.0,
300.0,-690.0,173.752
300.0,-680.0,175.224
300.0,-670.0,176.745
300.0,-660.0,178.318
300.0,-650.0,179.943
300.0,-640.0,181.623
300.0,-630.0,183.361
300.0,-620.0,185.159
300.0,-610.0,187.019
300.0,-600.0,188.945
300.0,-590.0,190.94
300.0,-580.0,193.005
300.0,-570.0,195.146
300.0,-560.0,197.364
300.0,-550.0,199.665
300.0,-540.0,202.051
300.0,-530.0,204.528
300.0,-520.0,207.099
300.0,-510.0,209.77
300.0,-500.0,212.546
300.0,-490.0,215.431
300.0,-480.0,218.432
300.0,-470.0,221.555
300.0,-460.0,224.808
300.0,-450.0,228.196
300.0,-440.0,231.729
300.0,-430.0,235.413
300.0,-420.0,239.259
300.0,-410.0,243.276
300.0,-400.0,247.475
300.0,-390.0,251.867
300.0,-380.0,256.465
300.0,-370.0,261.281
300.0,-360.0,266.331
300.0,-350.0,271.631
300.0,-340.0,277.199
300.0,-330.0,283.052
300.0,-320.0,289.214
300.0,-310.0,295.706
300.0,-300.0,302.555
300.0,-290.0,309.788
300.0,-280.0,317.438
300.0,-270.0,325.538
300.0,-260.0,334.128
300.0,-250.0,343.252
300.0,-240.0,352.957
300.0,-230.0,363.299
300.0,-220.0,374.339
300.0,-210.0,386.148
300.0,-200.0,398.805
300.0,-190.0,412.402
300.0,-180.0,427.044
300.0,-170.0,442.852
300.0,-160.0,459.965
300.0,-150.0,478.55
300.0,-140.0,498.797
300.0,-130.0,520.935
300.0,-120.0,545.235
300.0,-110.0,572.023
300.0,-100.0,601.694
300.0,-90.0,634.731
300.0,-80.0,671.732
300.0,-70.0,713.444
300.0,-60.0,760.816
300.0,-50.0,815.068
300.0,-40.0,877.8
300.0,-30.0,951.149
300.0,-20.0,1038.037
300.0,-10.0,1142.562
300.0,0.0,1200.057
300.0,10.0,1142.562
300.0,20.0,1038.037
300.0,30.0,951.149
300.0,40.0,877.8
300.0,50.0,815.068
300.0,60.0,760.816
300.0,70.0,713.444
300.0,80.0,671.732
300.0,90.0,634.731
300.0,100.0,601.694
300.0,110.0,572.023
300.0,120.0,545.235
300.0,130.0,520.935
300.0,140.0,498.797
300.0,150.0,478.55
300.0,160.0,459.965
300.0,170.0,442.852
300.0,180.0,427.044
300.0,190.0,412.402
300.0,200.0,398.805
300.0,210.0,386.148
300.0,220.0,374.339
300.0,230.0,363.299
300.0,240.0,352.957
300.0,250.0,343.252
300.0,260.0,334.128
300.0,270.0,325.538
300.0,280.0,317.438
300.0,290.0,309.788
300.0,300.0,302.555
300.0,310.0,295.706
300.0,320.0,289.214
300.0,330.0,283.052
300.0,340.0,277.199
300.0,350.0,271.631
300.0,360.0,266.331
300.0,370.0,261.281
300.0,380.0,256.465
300.0,390.0,251.867
300.0,400.0,247.475
300.0,410.0,243.276
300.0,420.0,239.259
300.0,430.0,235.413
300.0,440.0,231.729
300.0,450.0,228.196
300.0,460.0,224.808
300.0,470.0,221.555
300.0,480.0,218.432
300.0,490.0,215.431
300.0,500.0,212.546
300.0,510.0,209.77
300.0,520.0,207.099
300.0,530.0,204.528
300.0,540.0,202.051
300.0,550.0,199.665
300.0,560.0,197.364
300.0,570.0,195.146
300.0,580.0,193.005
300.0,590.0,190.94
300.0,600.0,188.945
300.0,610.0,187.019
300.0,620.0,185.159
300.0,630.0,183.361
300.0,640.0,181.623
300.0,650.0,179.943
300.0,660.0,178.318
300.0,670.0,176.745
300.0,680.0,175.224
300.0,690.0,173.752
300.0,700.0,
300.0,710.0,
300.0,720.0,
300.0,730.0,
300.0,740.0,
300.0,750.0,
300.0,760.0,
300.0,770.0,
300.0,780.0,
300.0,790.0,
300.0,800.0,
300.0,810.0,
300.0,820.0,
300.0,830.0,
300.0,840.0,
300.0,850.0,
300.0,860.0,
300.0,870.0,
300.0,880.0,
300.0,890.0,
300.0,900.0,
300.0,910.0,
300.0,920.0,
300.0,930.0,
300.0,940.0,
300.0,950.0,
300.0,960.0,
300.0,970.0,
300.0,980.0,
300.0,990.0,
300.0,1000.0,
310.0,-1000.0,
310.0,-990.0,
310.0,-980.0,
310.0,-970.0,
310.0,-960.0,
310.0,-950.0,
310.0,-940.0,
310.0,-930.0,
310.0,-920.0,
310.0,-910.0,
310.0,-900.0,
310.0,-890.0,
310.0,-880.0,
310.0,-870.0,
310.0,-860.0,
310.0,-850.0,
310.0,-840.0,
310.0,-830.0,
310.0,-820.0,
310.0,-810.0,
310.0,-800.0,
310.0,-790.0,
310.0,-780.0,
310.0,-770.0,
310.0,-760.0,
310.0,-750.0,
310.0,-740.0,
310.0,-730.0,
310.0,-720.0,
310.0,-710.0,
310.0,-700.0,170.789
310.0,-690.0,172.195
310.0,-680.0,173.647
310.0,-670.0,175.147
310.0,-660.0,176.697
310.0,-650.0,178.3
310.0,-640.0,179.958
310.0,-630.0,181.673
310.0,-620.0,183.446
310.0,-610.0,185.282
310.0,-600.0,187.183
310.0,-590.0,189.151
310.0,-580.0,191.19
310.0,-570.0,193.303
310.0,-560.0,195.493
310.0,-550.0,197.765
310.0,-540.0,200.122
310.0,-530.0,202.567
310.0,-520.0,205.107
310.0,-510.0,207.745
310.0,-500.0,210.487
310.0,-490.0,213.337
310.0,-480.0,216.303
310.0,-470.0,219.389
310.0,-460.0,222.603
310.0,-450.0,225.952
310.0,-440.0,229.443
310.0,-430.0,233.086
310.0,-420.0,236.888
310.0,-410.0,240.86
310.0,-400.0,245.011
310.0,-390.0,249.355
310.0,-380.0,253.901
310.0,-370.0,258.665
310.0,-360.0,263.661
310.0,-350.0,268.904
310.0,-340.0,274.413
310.0,-330.0,280.205
310.0,-320.0,286.303
310.0,-310.0,292.728
310.0,-300.0,299.507
310.0,-290.0,306.668
310.0,-280.0,314.242
310.0,-270.0,322.262
310.0,-260.0,330.769
310.0,-250.0,339.805
310.0,-240.0,349.418
310.0,-230.0,359.664
310.0,-220.0,370.602
310.0,-210.0,382.305
310.0,-200.0,394.849
310.0,-190.0,408.328
310.0,-180.0,422.844
310.0,-170.0,438.519
310.0,-160.0,455.492
310.0,-150.0,473.927
310.0,-140.0,494.016
310.0,-130.0,515.986
310.0,-120.0,540.108
310.0,-110.0,566.706
310.0,-100.0,596.175
310.0,-90.0,628.998
310.0,-80.0,665.771
310.0,-70.0,707.243
310.0,-60.0,754.362
310.0,-50.0,808.352
310.0,-40.0,870.815
310.0,-30.0,943.898
310.0,-20.0,1030.535
310.0,-10.0,1134.852
310.0,0.0,1190.06
310.0,10.0,1134.852
310.0,20.0,1030.535
310.0,30.0,943.898
310.0,40.0,870.815
310.0,50.0,808.352
310.0,60.0,754.362
310.0,70.0,707.243
310.0,80.0,665.771
310.0,90.0,628.998
310.0,100.0,596.175
310.0,110.0,566.706
310.0,120.0,540.108
310.0,130.0,515.986
310.0,140.0,494.016
310.0,150.0,473.927
310.0,160.0,455.492
310.0,170.0,438.519
310.0,180.0,422.844
310.0,190.0,408.328
310.0,200.0,394.849
310.0,210.0,382.305
310.0,220.0,370.602
310.0,230.0,359.664
310.0,240.0,349.418
310.0,250.0,339.805
310.0,260.0,330.769
310.0,270.0,322.262
310.0,280.0,314.242
310.0,290.0,306.668
310.0,300.0,299.507
310.0,310.0,292.728
310.0,320.0,286.303
310.0,330.0,280.205
310.0,340.0,274.413
310.0,350.0,268.904
310.0,360.0,263.661
310.0,370.0,258.665
310.0,380.0,253.901
310.0,390.0,249.355
310.0,400.0,245.011
310.0,410.0,240.86
310.0,420.0,236.888
310.0,430.0,233.086
310.0,440.0,229.443
310.0,450.0,225.952
310.0,460.0,222.603
310.0,470.0,219.389
310.0,480.0,216.303
310.0,490.0,213.337
310.0,500.0,210.487
310.0,510.0,207.745
310.0,520.0,205.107
310.0,530.0,202.567
310.0,540.0,200.122
310.0,550.0,197.765
310.0,560.0,195.493
310.0,570.0,193.303
310.0,580.0,191.19
310.0,590.0,189.151
310.0,600.0,187.183
310.0,610.0,185.282
310.0,620.0,183.446
310.0,630.0,181.673
310.0,640.0,179.958
310.0,650.0,178.3
310.0,660.0,176.697
310.0,670.0,175.147
310.0,680.0,173.647
310.0,690.0,172.195
310.0,700.0,170.789
310.0,710.0,
310.0,720.0,
310.0,730.0,
310.0,740.0,
310.0,750.0,
310.0,760.0,
310.0,770.0,
310.0,780.0,
310.0,790.0,
310.0,800.0,
310.0,810.0,
310.0,820.0,
310.0,830.0,
310.0,840.0,
310.0,850.0,
310.0,860.0,
310.0,870.0,
310.0,880.0,
310.0,890.0,
310.0,900.0,
310.0,910.0,
310.0,920.0,
310.0,930.0,
310.0,940.0,
310.0,950.0,
310.0,960.0,
310.0,970.0,
310.0,980.0,
310.0,990.0,
310.0,1000.0,
320.0,-1000.0,
320.0,-990.0,
320.0,-980.0,
320.0,-970.0,
320.0,-960.0,
320.0,-950.0,
320.0,-940.0,
320.0,-930.0,
320.0,-920.0,
320.0,-910.0,
320.0,-900.0,
320.0,-890.0,
320.0,-880.0,
320.0,-870.0,
320.0,-860.0,
320.0,-850.0,
320.0,-840.0,
320.0,-830.0,
320.0,-820.0,
320.0,-810.0,
320.0,-800.0,
320.0,-790.0,
320.0,-780.0,
320.0,-770.0,
320.0,-760.0,
320.0,-750.0,
320.0,-740.0,
320.0,-730.0,
320.0,-720.0,
320.0,-710.0,167.919
320.0,-700.0,169.26
320.0,-690.0,170.646
320.0,-680.0,172.077
320.0,-670.0,173.556
320.0,-660.0,175.085
320.0,-650.0,176.666
320.0,-640.0,178.301
320.0,-630.0,179.992
320.0,-620.0,181.742
320.0,-610.0,183.554
320.0,-600.0,185.429
320.0,-590.0,187.371
320.0,-580.0,189.384
320.0,-570.0,191.469
320.0,-560.0,193.631
320.0,-550.0,195.874
320.0,-540.0,198.201
320.0,-530.0,200.616
320.0,-520.0,203.124
320.0,-510.0,205.729
320.0,-500.0,208.437
320.0,-490.0,211.253
320.0,-480.0,214.182
320.0,-470.0,217.232
320.0,-460.0,220.407
320.0,-450.0,223.717
320.0,-440.0,227.167
320.0,-430.0,230.768
320.0,-420.0,234.526
320.0,-410.0,238.453
320.0,-400.0,242.557
320.0,-390.0,246.852
320.0,-380.0,251.348
320.0,-370.0,256.06
320.0,-360.0,261.001
320.0,-350.0,266.188
320.0,-340.0,271.637
320.0,-330.0,277.368
320.0,-320.0,283.402
320.0,-310.0,289.761
320.0,-300.0,296.47
320.0,-290.0,303.558
320.0,-280.0,311.056
320.0,-270.0,318.997
320.0,-260.0,327.42
320.0,-250.0,336.369
320.0,-240.0,345.89
320.0,-230.0,356.039
320.0,-220.0,366.877
320.0,-210.0,378.472
320.0,-200.0,390.904
320.0,-190.0,404.264
320.0,-180.0,418.654
320.0,-170.0,434.196
320.0,-160.0,451.029
320.0,-150.0,469.314
320.0,-140.0,489.245
320.0,-130.0,511.046
320.0,-120.0,534.989
320.0,-110.0,561.396
320.0,-100.0,590.663
320.0,-90.0,623.271
320.0,-80.0,659.816
320.0,-70.0,701.046
320.0,-60.0,747.911
320.0,-50.0,801.636
320.0,-40.0,863.828
320.0,-30.0,936.641
320.0,-20.0,1023.025
320.0,-10.0,1127.132
320.0,0.0,1180.062
320.0,10.0,1127.132
320.0,20.0,1023.025
320.0,30.0,936.641
320.0,40.0,863.828
320.0,50.0,801.636
320.0,60.0,747.911
320.0,70.0,701.046
320.0,80.0,659.816
320.0,90.0,623.271
320.0,100.0,590.663
320.0,110.0,561.396
320.0,120.0,534.989
320.0,130.0,511.046
320.0,140.0,489.245
320.0,150.0,469.314
320.0,160.0,451.029
320.0,170.0,434.196
320.0,180.0,418.654
320.0,190.0,404.264
320.0,200.0,390.904
320.0,210.0,378.472
320.0,220.0,366.877
320.0,230.0,356.039
320.0,240.0,345.89
320.0,250.0,336.369
320.0,260.0,327.42
320.0,270.0,318.997
320.0,280.0,311.056
320.0,290.0,303.558
320.0,300.0,296.47
320.0,310.0,289.761
320.0,320.0,283.402
320.0,330.0,277.368
320.0,340.0,271.637
320.0,350.0,266.188
320.0,360.0,261.001
320.0,370.0,256.06
320.0,380.0,251.348
320.0,390.0,246.852
320.0,400.0,242.557
320.0,410.0,238.453
320.0,420.0,234.526
320.0,430.0,230.768
320.0,440.0,227.167
320.0,450.0,223.717
320.0,460.0,220.407
320.0,470.0,217.232
320.0,480.0,214.182
320.0,490.0,211.253
320.0,500.0,208.437
320.0,510.0,205.729
320.0,520.0,203.124
320.0,530.0,200.616
320.0,540.0,198.201
320.0,550.0,195.874
320.0,560.0,193.631
320.0,570.0,191.469
320.0,580.0,189.384
320.0,590.0,187.371
320.0,600.0,185.429
320.0,610.0,183.554
320.0,620.0,181.742
320.0,630.0,179.992
320.0,640.0,178.301
320.0,650.0,176.666
320.0,660.0,175.085
320.0,670.0,173.556
320.0,680.0,172.077
320.0,690.0,170.646
320.0,700.0,169.26
320.0,710.0,167.919
320.0,720.0,
320.0,730.0,
320.0,740.0,
320.0,750.0,
320.0,760.0,
320.0,770.0,
320.0,780.0,
320.0,790.0,
320.0,800.0,
320.0,810.0,
320.0,820.0,
320.0,830.0,
320.0,840.0,
320.0,850.0,
320.0,860.0,
320.0,870.0,
320.0,880.0,
320.0,890.0,
320.0,900.0,
320.0,910.0,
320.0,920.0,
320.0,930.0,
320.0,940.0,
320.0,950.0,
320.0,960.0,
320.0,970.0,
320.0,980.0,
320.0,990.0,
320.0,1000.0,
330.0,-1000.0,
330.0,-990.0,
330.0,-980.0,
330.0,-970.0,
330.0,-960.0,
330.0,-950.0,
330.0,-940.0,
330.0,-930.0,
330.0,-920.0,
330.0,-910.0,
330.0,-900.0,
330.0,-890.0,
330.0,-880.0,
330.0,-870.0,
330.0,-860.0,
330.0,-850.0,
330.0,-840.0,
330.0,-830.0,
330.0,-820.0,
330.0,-810.0,
330.0,-800.0,
330.0,-790.0,
330.0,-780.0,
330.0,-770.0,
330.0,-760.0,
330.0,-750.0,
330.0,-740.0,
330.0,-730.0,
330.0,-720.0,165.137
330.0,-710.0,166.417
330.0,-700.0,167.739
330.0,-690.0,169.104
330.0,-680.0,170.515
330.0,-670.0,171.974
330.0,-660.0,173.481
330.0,-650.0,175.04
330.0,-640.0,176.652
330.0,-630.0,178.32
330.0,-620.0,180.046
330.0,-610.0,181.833
330.0,-600.0,183.683
330.0,-590.0,185.6
330.0,-580.0,187.586
330.0,-570.0,189.644
330.0,-560.0,191.778
330.0,-550.0,193.992
330.0,-540.0,196.289
330.0,-530.0,198.673
330.0,-520.0,201.149
330.0,-510.0,203.722
330.0,-500.0,206.396
330.0,-490.0,209.178
330.0,-480.0,212.071
330.0,-470.0,215.084
330.0,-460.0,218.222
330.0,-450.0,221.492
330.0,-440.0,224.901
330.0,-430.0,228.459
330.0,-420.0,232.174
330.0,-410.0,236.055
330.0,-400.0,240.113
330.0,-390.0,244.359
330.0,-380.0,248.805
330.0,-370.0,253.465
330.0,-360.0,258.351
330.0,-350.0,263.481
330.0,-340.0,268.872
330.0,-330.0,274.542
330.0,-320.0,280.512
330.0,-310.0,286.804
330.0,-300.0,293.444
330.0,-290.0,300.459
330.0,-280.0,307.881
330.0,-270.0,315.742
330.0,-260.0,324.082
330.0,-250.0,332.943
330.0,-240.0,342.373
330.0,-230.0,352.426
330.0,-220.0,363.161
330.0,-210.0,374.65
330.0,-200.0,386.969
330.0,-190.0,400.21
330.0,-180.0,414.475
330.0,-170.0,429.883
330.0,-160.0,446.575
330.0,-150.0,464.711
330.0,-140.0,484.483
330.0,-130.0,506.115
330.0,-120.0,529.878
330.0,-110.0,556.095
330.0,-100.0,585.158
330.0,-90.0,617.549
330.0,-80.0,653.865
330.0,-70.0,694.852
330.0,-60.0,741.461
330.0,-50.0,794.92
330.0,-40.0,856.839
330.0,-30.0,929.379
330.0,-20.0,1015.506
330.0,-10.0,1119.4
330.0,0.0,1170.064
330.0,10.0,1119.4
330.0,20.0,1015.506
330.0,30.0,929.379
330.0,40.0,856.839
330.0,50.0,794.92
330.0,60.0,741.461
330.0,70.0,694.852
330.0,80.0,653.865
330.0,90.0,617.549
330.0,100.0,585.158
330.0,110.0,556.095
330.0,120.0,529.878
330.0,130.0,506.115
330.0,140.0,484.483
330.0,150.0,464.711
330.0,160.0,446.575
330.0,170.0,429.883
330.0,180.0,414.475
330.0,190.0,400.21
330.0,200.0,386.969
330.0,210.0,374.65
330.0,220.0,363.161
330.0,230.0,352.426
330.0,240.0,342.373
330.0,250.0,332.943
330.0,260.0,324.082
330.0,270.0,315.742
330.0,280.0,307.881
330.0,290.0,300.459
330.0,300.0,293.444
330.0,310.0,286.804
330.0,320.0,280.512
330.0,330.0,274.542
330.0,340.0,268.872
330.0,350.0,263.481
330.0,360.0,258.351
330.0,370.0,253.465
330.0,380.0,248.805
330.0,390.0,244.359
330.0,400.0,240.113
330.0,410.0,236.055
330.0,420.0,232.174
330.0,430.0,228.459
330.0,440.0,224.901
330.0,450.0,221.492
330.0,460.0,218.222
330.0,470.0,215.084
330.0,480.0,212.071
330.0,490.0,209.178
330.0,500.0,206.396
330.0,510.0,203.722
330.0,520.0,201.149
330.0,530.0,198.673
330.0,540.0,196.289
330.0,550.0,193.992
330.0,560.0,191.778
330.0,570.0,189.644
330.0,580.0,187.586
330.0,590.0,185.6
330.0,600.0,183.683
330.0,610.0,181.833
330.0,620.0,180.046
330.0,630.0,178.32
330.0,640.0,176.652
330.0,650.0,175.04
330.0,660.0,173.481
330.0,670.0,171.974
330.0,680.0,170.515
330.0,690.0,169.104
330.0,700.0,167.739
330.0,710.0,166.417
330.0,720.0,165.137
330.0,730.0,
330.0,740.0,
330.0,750.0,
330.0,760.0,
330.0,770.0,
330.0,780.0,
330.0,790.0,
330.0,800.0,
330.0,810.0,
330.0,820.0,
330.0,830.0,
330.0,840.0,
330.0,850.0,
330.0,860.0,
330.0,870.0,
330.0,880.0,
330.0,890.0,
330.0,900.0,
330.0,910.0,
330.0,920.0,
330.0,930.0,
330.0,940.0,
330.0,950.0,
330.0,960.0,
330.0,970.0,
330.0,980.0,
330.0,990.0,
330.0,1000.0,
340.0,-1000.0,
340.0,-990.0,
340.0,-980.0,
340.0,-970.0,
340.0,-960.0,
340.0,-950.0,
340.0,-940.0,
340.0,-930.0,
340.0,-920.0,
340.0,-910.0,
340.0,-900.0,
340.0,-890.0,
340.0,-880.0,
340.0,-870.0,
340.0,-860.0,
340.0,-850.0,
340.0,-840.0,
340.0,-830.0,
340.0,-820.0,
340.0,-810.0,
340.0,-800.0,
340.0,-790.0,
340.0,-780.0,
340.0,-770.0,
340.0,-760.0,
340.0,-750.0,
340.0,-740.0,
340.0,-730.0,162.442
340.0,-720.0,163.663
340.0,-710.0,164.923
340.0,-700.0,166.226
340.0,-690.0,167.571
340.0,-680.0,168.962
340.0,-670.0,170.399
340.0,-660.0,171.885
340.0,-650.0,173.422
340.0,-640.0,175.012
340.0,-630.0,176.657
340.0,-620.0,178.359
340.0,-610.0,180.121
340.0,-600.0,181.947
340.0,-590.0,183.837
340.0,-580.0,185.796
340.0,-570.0,187.827
340.0,-560.0,189.933
340.0,-550.0,192.118
340.0,-540.0,194.385
340.0,-530.0,196.739
340.0,-520.0,199.184
340.0,-510.0,201.724
340.0,-500.0,204.365
340.0,-490.0,207.112
340.0,-480.0,209.97
340.0,-470.0,212.946
340.0,-460.0,216.045
340.0,-450.0,219.276
340.0,-440.0,222.645
340.0,-430.0,226.161
340.0,-420.0,229.832
340.0,-410.0,233.668
340.0,-400.0,237.679
340.0,-390.0,241.877
340.0,-380.0,246.272
340.0,-370.0,250.879
340.0,-360.0,255.712
340.0,-350.0,260.785
340.0,-340.0,266.117
340.0,-330.0,271.726
340.0,-320.0,277.632
340.0,-310.0,283.857
340.0,-300.0,290.428
340.0,-290.0,297.371
340.0,-280.0,304.716
340.0,-270.0,312.498
340.0,-260.0,320.755
340.0,-250.0,329.529
340.0,-240.0,338.867
340.0,-230.0,348.823
340.0,-220.0,359.457
340.0,-210.0,370.838
340.0,-200.0,383.045
340.0,-190.0,396.166
340.0,-180.0,410.305
340.0,-170.0,425.581
340.0,-160.0,442.131
340.0,-150.0,460.117
340.0,-140.0,479.729
340.0,-130.0,501.193
340.0,-120.0,524.775
340.0,-110.0,550.8
340.0,-100.0,579.659
340.0,-90.0,611.834
340.0,-80.0,647.918
340.0,-70.0,688.661
340.0,-60.0,735.013
340.0,-50.0,788.203
340.0,-40.0,849.847
340.0,-30.0,922.112
340.0,-20.0,1007.98
340.0,-10.0,1111.657
340.0,0.0,1160.067
340.0,10.0,1111.657
340.0,20.0,1007.98
340.0,30.0,922.112
340.0,40.0,849.847
340.0,50.0,788.203
340.0,60.0,735.013
340.0,70.0,688.661
340.0,80.0,647.918
340.0,90.0,611.834
340.0,100.0,579.659
340.0,110.0,550.8
340.0,120.0,524.775
340.0,130.0,501.193
340.0,140.0,479.729
340.0,150.0,460.117
340.0,160.0,442.131
340.0,170.0,425.581
340.0,180.0,410.305
340.0,190.0,396.166
340.0,200.0,383.045
340.0,210.0,370.838
340.0,220.0,359.457
340.0,230.0,348.823
340.0,240.0,338.867
340.0,250.0,329.529
340.0,260.0,320.755
340.0,270.0,312.498
340.0,280.0,304.716
340.0,290.0,297.371
340.0,300.0,290.428
340.0,310.0,283.857
340.0,320.0,277.632
340.0,330.0,271.726
340.0,340.0,266.117
340.0,350.0,260.785
340.0,360.0,255.712
340.0,370.0,250.879
340.0,380.0,246.272
340.0,390.0,241.877
340.0,400.0,237.679
340.0,410.0,233.668
340.0,420.0,229.832
340.0,430.0,226.161
340.0,440.0,222.645
340.0,450.0,219.276
340.0,460.0,216.045
340.0,470.0,212.946
340.0,480.0,209.97
340.0,490.0,207.112
340.0,500.0,204.365
340.0,510.0,201.724
340.0,520.0,199.184
340.0,530.0,196.739
340.0,540.0,194.385
340.0,550.0,192.118
340.0,560.0,189.933
340.0,570.0,187.827
340.0,580.0,185.796
340.0,590.0,183.837
340.0,600.0,181.947
340.0,610.0,180.121
340.0,620.0,178.359
340.0,630.0,176.657
340.0,640.0,175.012
340.0,650.0,173.422
340.0,660.0,171.885
340.0,670.0,170.399
340.0,680.0,168.962
340.0,690.0,167.571
340.0,700.0,166.226
340.0,710.0,164.923
340.0,720.0,163.663
340.0,730.0,162.442
340.0,740.0,
340.0,750.0,
340.0,760.0,
340.0,770.0,
340.0,780.0,
340.0,790.0,
340.0,800.0,
340.0,810.0,
340.0,820.0,
340.0,830.0,
340.0,840.0,
340.0,850.0,
340.0,860.0,
340.0,870.0,
340.0,880.0,
340.0,890.0,
340.0,900.0,
340.0,910.0,
340.0,920.0,
340.0,930.0,
340.0,940.0,
340.0,950.0,
340.0,960.0,
340.0,970.0,
340.0,980.0,
340.0,990.0,
340.0,1000.0,
350.0,-1000.0,
350.0,-990.0,
350.0,-980.0,
350.0,-970.0,
350.0,-960.0,
350.0,-950.0,
350.0,-940.0,
350.0,-930.0,
350.0,-920.0,
350.0,-910.0,
350.0,-900.0,
350.0,-890.0,
350.0,-880.0,
350.0,-870.0,
350.0,-860.0,
350.0,-850.0,
350.0,-840.0,
350.0,-830.0,
350.0,-820.0,
350.0,-810.0,
350.0,-800.0,
350.0,-790.0,
350.0,-780.0,
350.0,-770.0,
350.0,-760.0,
350.0,-750.0,
350.0,-740.0,159.829
350.0,-730.0,160.993
350.0,-720.0,162.196
350.0,-710.0,163.437
350.0,-700.0,164.72
350.0,-690.0,166.046
350.0,-680.0,167.416
350.0,-670.0,168.833
350.0,-660.0,170.298
350.0,-650.0,171.813
350.0,-640.0,173.38
350.0,-630.0,175.001
350.0,-620.0,176.68
350.0,-610.0,178.418
350.0,-600.0,180.218
350.0,-590.0,182.083
350.0,-580.0,184.016
350.0,-570.0,186.02
350.0,-560.0,188.098
350.0,-550.0,190.254
350.0,-540.0,192.491
350.0,-530.0,194.815
350.0,-520.0,197.228
350.0,-510.0,199.736
350.0,-500.0,202.343
350.0,-490.0,205.055
350.0,-480.0,207.878
350.0,-470.0,210.817
350.0,-460.0,213.878
350.0,-450.0,217.07
350.0,-440.0,220.398
350.0,-430.0,223.872
350.0,-420.0,227.5
350.0,-410.0,231.291
350.0,-400.0,235.255
350.0,-390.0,239.404
350.0,-380.0,243.75
350.0,-370.0,248.304
350.0,-360.0,253.083
350.0,-350.0,258.1
350.0,-340.0,263.373
350.0,-330.0,268.92
350.0,-320.0,274.762
350.0,-310.0,280.922
350.0,-300.0,287.423
350.0,-290.0,294.293
350.0,-280.0,301.562
350.0,-270.0,309.265
350.0,-260.0,317.438
350.0,-250.0,326.125
350.0,-240.0,335.371
350.0,-230.0,345.23
350.0,-220.0,355.763
350.0,-210.0,367.038
350.0,-200.0,379.131
350.0,-190.0,392.133
350.0,-180.0,406.146
350.0,-170.0,421.288
350.0,-160.0,437.697
350.0,-150.0,455.533
350.0,-140.0,474.985
350.0,-130.0,496.279
350.0,-120.0,519.681
350.0,-110.0,545.514
350.0,-100.0,574.168
350.0,-90.0,606.124
350.0,-80.0,641.977
350.0,-70.0,682.474
350.0,-60.0,728.567
350.0,-50.0,781.486
350.0,-40.0,842.852
350.0,-30.0,914.84
350.0,-20.0,1000.445
350.0,-10.0,1103.903
350.0,0.0,1150.07
350.0,10.0,1103.903
350.0,20.0,1000.445
350.0,30.0,914.84
350.0,40.0,842.852
350.0,50.0,781.486
350.0,60.0,728.567
350.0,70.0,682.474
350.0,80.0,641.977
350.0,90.0,606.124
350.0,100.0,574.168
350.0,110.0,545.514
350.0,120.0,519.681
350.0,130.0,496.279
350.0,140.0,474.985
350.0,150.0,455.533
350.0,160.0,437.697
350.0,170.0,421.288
350.0,180.0,406.146
350.0,190.0,392.133
350.0,200.0,379.131
350.0,210.0,367.038
350.0,220.0,355.763
350.0,230.0,345.23
350.0,240.0,335.371
350.0,250.0,326.125
350.0,260.0,317.438
350.0,270.0,309.265
350.0,280.0,301.562
350.0,290.0,294.293
350.0,300.0,287.423
350.0,310.0,280.922
350.0,320.0,274.762
350.0,330.0,268.92
350.0,340.0,263.373
350.0,350.0,258.1
350.0,360.0,253.083
350.0,370.0,248.304
350.0,380.0,243.75
350.0,390.0,239.404
350.0,400.0,235.255
350.0,410.0,231.291
350.0,420.0,227.5
350.0,430.0,223.872
350.0,440.0,220.398
350.0,450.0,217.07
350.0,460.0,213.878
350.0,470.0,210.817
350.0,480.0,207.878
350.0,490.0,205.055
350.0,500.0,202.343
350.0,510.0,199.736
350.0,520.0,197.228
350.0,530.0,194.815
350.0,540.0,192.491
350.0,550.0,190.254
350.0,560.0,188.098
350.0,570.0,186.02
350.0,580.0,184.016
350.0,590.0,182.083
350.0,600.0,180.218
350.0,610.0,178.418
350.0,620.0,176.68
350.0,630.0,175.001
350.0,640.0,173.38
350.0,650.0,171.813
350.0,660.0,170.298
350.0,670.0,168.833
350.0,680.0,167.416
350.0,690.0,166.046
350.0,700.0,164.72
350.0,710.0,163.437
350.0,720.0,162.196
350.0,730.0,160.993
350.0,740.0,159.829
350.0,750.0,
350.0,760.0,
350.0,770.0,
350.0,780.0,
350.0,790.0,
350.0,800.0,
350.0,810.0,
350.0,820.0,
350.0,830.0,
350.0,840.0,
350.0,850.0,
350.0,860.0,
350.0,870.0,
350.0,880.0,
350.0,890.0,
350.0,900.0,
350.0,910.0,
350.0,920.0,
350.0,930.0,
350.0,940.0,
350.0,950.0,
350.0,960.0,
350.0,970.0,
350.0,980.0,
350.0,990.0,
350.0,1000.0,
360.0,-1000.0,
360.0,-990.0,
360.0,-980.0,
360.0,-970.0,
360.0,-960.0,
360.0,-950.0,
360.0,-940.0,
360.0,-930.0,
360.0,-920.0,
360.0,-910.0,
360.0,-900.0,
360.0,-890.0,
360.0,-880.0,
360.0,-870.0,
360.0,-860.0,
360.0,-850.0,
360.0,-840.0,
360.0,-830.0,
360.0,-820.0,
360.0,-810.0,
360.0,-800.0,
360.0,-790.0,
360.0,-780.0,
360.0,-770.0,
360.0,-760.0,
360.0,-750.0,157.296
360.0,-740.0,158.406
360.0,-730.0,159.552
360.0,-720.0,160.736
360.0,-710.0,161.959
360.0,-700.0,163.223
360.0,-690.0,164.529
360.0,-680.0,165.879
360.0,-670.0,167.275
360.0,-660.0,168.718
360.0,-650.0,170.211
360.0,-640.0,171.756
360.0,-630.0,173.355
360.0,-620.0,175.01
360.0,-610.0,176.723
360.0,-600.0,178.499
360.0,-590.0,180.338
360.0,-580.0,182.244
360.0,-570.0,184.221
360.0,-560.0,186.271
360.0,-550.0,188.398
360.0,-540.0,190.606
360.0,-530.0,192.899
360.0,-520.0,195.281
360.0,-510.0,197.757
360.0,-500.0,200.331
360.0,-490.0,203.008
360.0,-480.0,205.795
360.0,-470.0,208.697
360.0,-460.0,211.721
360.0,-450.0,214.873
360.0,-440.0,218.161
360.0,-430.0,221.593
360.0,-420.0,225.178
360.0,-410.0,228.924
360.0,-400.0,232.842
360.0,-390.0,236.942
360.0,-380.0,241.237
360.0,-370.0,245.74
360.0,-360.0,250.464
360.0,-350.0,255.425
360.0,-340.0,260.639
360.0,-330.0,266.125
360.0,-320.0,271.904
360.0,-310.0,277.996
360.0,-300.0,284.428
360.0,-290.0,291.225
360.0,-280.0,298.419
360.0,-270.0,306.042
360.0,-260.0,314.133
360.0,-250.0,322.731
360.0,-240.0,331.886
360.0,-230.0,341.649
360.0,-220.0,352.08
360.0,-210.0,363.247
360.0,-200.0,375.228
360.0,-190.0,388.111
360.0,-180.0,401.998
360.0,-170.0,417.006
360.0,-160.0,433.273
360.0,-150.0,450.958
360.0,-140.0,470.251
360.0,-130.0,491.374
360.0,-120.0,514.595
360.0,-110.0,540.235
360.0,-100.0,568.683
360.0,-90.0,600.42
360.0,-80.0,636.04
360.0,-70.0,676.29
360.0,-60.0,722.122
360.0,-50.0,774.769
360.0,-40.0,835.855
360.0,-30.0,907.562
360.0,-20.0,992.902
360.0,-10.0,1096.136
360.0,0.0,1140.072
360.0,10.0,1096.136
360.0,20.0,992.902
360.0,30.0,907.562
360.0,40.0,835.855
360.0,50.0,774.769
360.0,60.0,722.122
360.0,70.0,676.29
360.0,80.0,636.04
360.0,90.0,600.42
360.0,100.0,568.683
360.0,110.0,540.235
360.0,120.0,514.595
360.0,130.0,491.374
360.0,140.0,470.251
360.0,150.0,450.958
360.0,160.0,433.273
360.0,170.0,417.006
360.0,180.0,401.998
360.0,190.0,388.111
360.0,200.0,375.228
360.0,210.0,363.247
360.0,220.0,352.08
360.0,230.0,341.649
360.0,240.0,331.886
360.0,250.0,322.731
360.0,260.0,314.133
360.0,270.0,306.042
360.0,280.0,298.419
360.0,290.0,291.225
360.0,300.0,284.428
360.0,310.0,277.996
360.0,320.0,271.904
360.0,330.0,266.125
360.0,340.0,260.639
360.0,350.0,255.425
360.0,360.0,250.464
360.0,370.0,245.74
360.0,380.0,241.237
360.0,390.0,236.942
360.0,400.0,232.842
360.0,410.0,228.924
360.0,420.0,225.178
360.0,430.0,221.593
360.0,440.0,218.161
360.0,450.0,214.873
360.0,460.0,211.721
360.0,470.0,208.697
360.0,480.0,205.795
360.0,490.0,203.008
360.0,500.0,200.331
360.0,510.0,197.757
360.0,520.0,195.281
360.0,530.0,192.899
360.0,540.0,190.606
360.0,550.0,188.398
360.0,560.0,186.271
360.0,570.0,184.221
360.0,580.0,182.244
360.0,590.0,180.338
360.0,600.0,178.499
360.0,610.0,176.723
360.0,620.0,175.01
360.0,630.0,173.355
360.0,640.0,171.756
360.0,650.0,170.211
360.0,660.0,168.718
360.0,670.0,167.275
360.0,680.0,165.879
360.0,690.0,164.529
360.0,700.0,163.223
360.0,710.0,161.959
360.0,720.0,160.736
360.0,730.0,159.552
360.0,740.0,158.406
360.0,750.0,157.296
360.0,760.0,
360.0,770.0,
360.0,780.0,
360.0,790.0,
360.0,800.0,
360.0,810.0,
360.0,820.0,
360.0,830.0,
360.0,840.0,
360.0,850.0,
360.0,860.0,
360.0,870.0,
360.0,880.0,
360.0,890.0,
360.0,900.0,
360.0,910.0,
360.0,920.0,
360.0,930.0,
360.0,940.0,
360.0,950.0,
360.0,960.0,
360.0,970.0,
360.0,980.0,
360.0,990.0,
360.0,1000.0,
370.0,-1000.0,
370.0,-990.0,
370.0,-980.0,
370.0,-970.0,
370.0,-960.0,
370.0,-950.0,
370.0,-940.0,
370.0,-930.0,
370.0,-920.0,
370.0,-910.0,
370.0,-900.0,
370.0,-890.0,
370.0,-880.0,
370.0,-870.0,
370.0,-860.0,
370.0,-850.0,
370.0,-840.0,
370.0,-830.0,
370.0,-820.0,
370.0,-810.0,
370.0,-800.0,
370.0,-790.0,
370.0,-780.0,
370.0,-770.0,
370.0,-760.0,
370.0,-750.0,155.898
370.0,-740.0,156.991
370.0,-730.0,158.119
370.0,-720.0,159.285
370.0,-710.0,160.489
370.0,-700.0,161.734
370.0,-690.0,163.02
370.0,-680.0,164.35
370.0,-670.0,165.725
370.0,-660.0,167.147
370.0,-650.0,168.618
370.0,-640.0,170.141
370.0,-630.0,171.716
370.0,-620.0,173.348
370.0,-610.0,175.037
370.0,-600.0,176.788
370.0,-590.0,178.601
370.0,-580.0,180.481
370.0,-570.0,182.431
370.0,-560.0,184.453
370.0,-550.0,186.552
370.0,-540.0,188.73
370.0,-530.0,190.993
370.0,-520.0,193.344
370.0,-510.0,195.787
370.0,-500.0,198.328
370.0,-490.0,200.971
370.0,-480.0,203.722
370.0,-470.0,206.588
370.0,-460.0,209.574
370.0,-450.0,212.687
370.0,-440.0,215.934
370.0,-430.0,219.324
370.0,-420.0,222.865
370.0,-410.0,226.566
370.0,-400.0,230.438
370.0,-390.0,234.49
370.0,-380.0,238.735
370.0,-370.0,243.185
370.0,-360.0,247.855
370.0,-350.0,252.76
370.0,-340.0,257.916
370.0,-330.0,263.341
370.0,-320.0,269.056
370.0,-310.0,275.082
370.0,-300.0,281.444
370.0,-290.0,288.169
370.0,-280.0,295.287
370.0,-270.0,302.831
370.0,-260.0,310.838
370.0,-250.0,319.349
370.0,-240.0,328.412
370.0,-230.0,338.078
370.0,-220.0,348.408
370.0,-210.0,359.468
370.0,-200.0,371.336
370.0,-190.0,384.099
370.0,-180.0,397.859
370.0,-170.0,412.734
370.0,-160.0,428.859
370.0,-150.0,446.393
370.0,-140.0,465.526
370.0,-130.0,486.478
370.0,-120.0,509.518
370.0,-110.0,534.963
370.0,-100.0,563.205
370.0,-90.0,594.722
370.0,-80.0,630.108
370.0,-70.0,670.11
370.0,-60.0,715.68
370.0,-50.0,768.052
370.0,-40.0,828.855
370.0,-30.0,900.279
370.0,-20.0,985.35
370.0,-10.0,1088.357
370.0,0.0,1130.075
370.0,10.0,1088.357
370.0,20.0,985.35
370.0,30.0,900.279
370.0,40.0,828.855
370.0,50.0,768.052
370.0,60.0,715.68
370.0,70.0,670.11
370.0,80.0,630.108
370.0,90.0,594.722
370.0,100.0,563.205
370.0,110.0,534.963
370.0,120.0,509.518
370.0,130.0,486.478
370.0,140.0,465.526
370.0,150.0,446.393
370.0,160.0,428.859
370.0,170.0,412.734
370.0,180.0,397.859
370.0,190.0,384.099
370.0,200.0,371.336
370.0,210.0,359.468
370.0,220.0,348.408
370.0,230.0,338.078
370.0,240.0,328.412
370.0,250.0,319.349
370.0,260.0,310.838
370.0,270.0,302.831
370.0,280.0,295.287
370.0,290.0,288.169
370.0,300.0,281.444
370.0,310.0,275.082
370.0,320.0,269.056
370.0,330.0,263.341
370.0,340.0,257.916
370.0,350.0,252.76
370.0,360.0,247.855
370.0,370.0,243.185
370.0,380.0,238.735
370.0,390.0,234.49
370.0,400.0,230.438
370.0,410.0,226.566
370.0,420.0,222.865
370.0,430.0,219.324
370.0,440.0,215.934
370.0,450.0,212.687
370.0,460.0,209.574
370.0,470.0,206.588
370.0,480.0,203.722
370.0,490.0,200.971
370.0,500.0,198.328
370.0,510.0,195.787
370.0,520.0,193.344
370.0,530.0,190.993
370.0,540.0,188.73
370.0,550.0,186.552
370.0,560.0,184.453
370.0,570.0,182.431
370.0,580.0,180.481
370.0,590.0,178.601
370.0,600.0,176.788
370.0,610.0,175.037
370.0,620.0,173.348
370.0,630.0,171.716
370.0,640.0,170.141
370.0,650.0,168.618
370.0,660.0,167.147
370.0,670.0,165.725
370.0,680.0,164.35
370.0,690.0,163.02
370.0,700.0,161.734
370.0,710.0,160.489
370.0,720.0,159.285
370.0,730.0,158.119
370.0,740.0,156.991
370.0,750.0,155.898
370.0,760.0,
370.0,770.0,
370.0,780.0,
370.0,790.0,
370.0,800.0,
370.0,810.0,
370.0,820.0,
370.0,830.0,
370.0,840.0,
370.0,850.0,
370.0,860.0,
370.0,870.0,
370.0,880.0,
370.0,890.0,
370.0,900.0,
370.0,910.0,
370.0,920.0,
370.0,930.0,
370.0,940.0,
370.0,950.0,
370.0,960.0,
370.0,970.0,
370.0,980.0,
370.0,990.0,
370.0,1000.0,
380.0,-1000.0,
380.0,-990.0,
380.0,-980.0,
380.0,-970.0,
380.0,-960.0,
380.0,-950.0,
380.0,-940.0,
380.0,-930.0,
380.0,-920.0,
380.0,-910.0,
380.0,-900.0,
380.0,-890.0,
380.0,-880.0,
380.0,-870.0,
380.0,-860.0,
380.0,-850.0,
380.0,-840.0,
380.0,-830.0,
380.0,-820.0,
380.0,-810.0,
380.0,-800.0,
380.0,-790.0,
380.0,-780.0,
380.0,-770.0,
380.0,-760.0,153.468
380.0,-750.0,154.508
380.0,-740.0,155.584
380.0,-730.0,156.694
380.0,-720.0,157.841
380.0,-710.0,159.027
380.0,-700.0,160.252
380.0,-690.0,161.519
380.0,-680.0,162.829
380.0,-670.0,164.183
380.0,-660.0,165.584
380.0,-650.0,167.034
380.0,-640.0,168.534
380.0,-630.0,170.087
380.0,-620.0,171.694
380.0,-610.0,173.36
380.0,-600.0,175.085
380.0,-590.0,176.873
380.0,-580.0,178.727
380.0,-570.0,180.65
380.0,-560.0,182.645
380.0,-550.0,184.715
380.0,-540.0,186.864
380.0,-530.0,189.096
380.0,-520.0,191.415
380.0,-510.0,193.826
380.0,-500.0,196.334
380.0,-490.0,198.943
380.0,-480.0,201.659
380.0,-470.0,204.488
380.0,-460.0,207.436
380.0,-450.0,210.51
380.0,-440.0,213.717
380.0,-430.0,217.065
380.0,-420.0,220.563
380.0,-410.0,224.219
380.0,-400.0,228.044
380.0,-390.0,232.048
380.0,-380.0,236.243
380.0,-370.0,240.642
380.0,-360.0,245.257
380.0,-350.0,250.106
380.0,-340.0,255.203
380.0,-330.0,260.567
380.0,-320.0,266.218
380.0,-310.0,272.178
380.0,-300.0,278.471
380.0,-290.0,285.124
380.0,-280.0,292.166
380.0,-270.0,299.63
380.0,-260.0,307.554
380.0,-250.0,315.978
380.0,-240.0,324.949
380.0,-230.0,334.519
380.0,-220.0,344.747
380.0,-210.0,355.7
380.0,-200.0,367.454
380.0,-190.0,380.098
380.0,-180.0,393.732
380.0,-170.0,408.472
380.0,-160.0,424.455
380.0,-150.0,441.838
380.0,-140.0,460.81
380.0,-130.0,481.592
380.0,-120.0,504.449
380.0,-110.0,529.7
380.0,-100.0,557.735
380.0,-90.0,589.031
380.0,-80.0,624.181
380.0,-70.0,663.933
380.0,-60.0,709.239
380.0,-50.0,761.335
380.0,-40.0,821.852
380.0,-30.0,892.991
380.0,-20.0,977.789
380.0,-10.0,1080.567
380.0,0.0,1120.078
380.0,10.0,1080.567
380.0,20.0,977.789
380.0,30.0,892.991
380.0,40.0,821.852
380.0,50.0,761.335
380.0,60.0,709.239
380.0,70.0,663.933
380.0,80.0,624.181
380.0,90.0,589.031
380.0,100.0,557.735
380.0,110.0,529.7
380.0,120.0,504.449
380.0,130.0,481.592
380.0,140.0,460.81
380.0,150.0,441.838
380.0,160.0,424.455
380.0,170.0,408.472
380.0,180.0,393.732
380.0,190.0,380.098
380.0,200.0,367.454
380.0,210.0,355.7
380.0,220.0,344.747
380.0,230.0,334.519
380.0,240.0,324.949
380.0,250.0,315.978
380.0,260.0,307.554
380.0,270.0,299.63
380.0,280.0,292.166
380.0,290.0,285.124
380.0,300.0,278.471
380.0,310.0,272.178
380.0,320.0,266.218
380.0,330.0,260.567
380.0,340.0,255.203
380.0,350.0,250.106
380.0,360.0,245.257
380.0,370.0,240.642
380.0,380.0,236.243
380.0,390.0,232.048
380.0,400.0,228.044
380.0,410.0,224.219
380.0,420.0,220.563
380.0,430.0,217.065
380.0,440.0,213.717
380.0,450.0,210.51
380.0,460.0,207.436
380.0,470.0,204.488
380.0,480.0,201.659
380.0,490.0,198.943
380.0,500.0,196.334
380.0,510.0,193.826
380.0,520.0,191.415
380.0,530.0,189.096
380.0,540.0,186.864
380.0,550.0,184.715
380.0,560.0,182.645
380.0,570.0,180.65
380.0,580.0,178.727
380.0,590.0,176.873
380.0,600.0,175.085
380.0,610.0,173.36
380.0,620.0,171.694
380.0,630.0,170.087
380.0,640.0,168.534
380.0,650.0,167.034
380.0,660.0,165.584
380.0,670.0,164.183
380.0,680.0,162.829
380.0,690.0,161.519
380.0,700.0,160.252
380.0,710.0,159.027
380.0,720.0,157.841
380.0,730.0,156.694
380.0,740.0,155.584
380.0,750.0,154.508
380.0,760.0,153.468
380.0,770.0,
380.0,780.0,
380.0,790.0,
380.0,800.0,
380.0,810.0,
380.0,820.0,
380.0,830.0,
380.0,840.0,
380.0,850.0,
380.0,860.0,
380.0,870.0,
380.0,880.0,
380.0,890.0,
380.0,900.0,
380.0,910.0,
380.0,920.0,
380.0,930.0,
380.0,940.0,
380.0,950.0,
380.0,960.0,
380.0,970.0,
380.0,980.0,
380.0,990.0,
380.0,1000.0,
390.0,-1000.0,
390.0,-990.0,
390.0,-980.0,
390.0,-970.0,
390.0,-960.0,
390.0,-950.0,
390.0,-940.0,
390.0,-930.0,
390.0,-920.0,
390.0,-910.0,
390.0,-900.0,
390.0,-890.0,
390.0,-880.0,
390.0,-870.0,
390.0,-860.0,
390.0,-850.0,
390.0,-840.0,
390.0,-830.0,
390.0,-820.0,
390.0,-810.0,
390.0,-800.0,
390.0,-790.0,
390.0,-780.0,
390.0,-770.0,151.111
390.0,-760.0,152.102
390.0,-750.0,153.126
390.0,-740.0,154.184
390.0,-730.0,155.277
390.0,-720.0,156.406
390.0,-710.0,157.573
390.0,-700.0,158.779
390.0,-690.0,160.026
390.0,-680.0,161.316
390.0,-670.0,162.65
390.0,-660.0,164.029
390.0,-650.0,165.457
390.0,-640.0,166.935
390.0,-630.0,168.465
390.0,-620.0,170.05
390.0,-610.0,171.691
390.0,-600.0,173.392
390.0,-590.0,175.154
390.0,-580.0,176.982
390.0,-570.0,178.878
390.0,-560.0,180.845
390.0,-550.0,182.886
390.0,-540.0,185.006
390.0,-530.0,187.208
390.0,-520.0,189.496
390.0,-510.0,191.875
390.0,-500.0,194.35
390.0,-490.0,196.924
390.0,-480.0,199.605
390.0,-470.0,202.398
390.0,-460.0,205.308
390.0,-450.0,208.343
390.0,-440.0,211.51
390.0,-430.0,214.817
390.0,-420.0,218.271
390.0,-410.0,221.883
390.0,-400.0,225.661
390.0,-390.0,229.617
390.0,-380.0,233.762
390.0,-370.0,238.108
390.0,-360.0,242.67
390.0,-350.0,247.462
390.0,-340.0,252.501
390.0,-330.0,257.804
390.0,-320.0,263.392
390.0,-310.0,269.285
390.0,-300.0,275.509
390.0,-290.0,282.089
390.0,-280.0,289.056
390.0,-270.0,296.441
390.0,-260.0,304.281
390.0,-250.0,312.618
390.0,-240.0,321.497
390.0,-230.0,330.97
390.0,-220.0,341.097
390.0,-210.0,351.942
390.0,-200.0,363.584
390.0,-190.0,376.108
390.0,-180.0,389.615
390.0,-170.0,404.221
390.0,-160.0,420.061
390.0,-150.0,437.293
390.0,-140.0,456.104
390.0,-130.0,476.714
390.0,-120.0,499.388
390.0,-110.0,524.445
390.0,-100.0,552.271
390.0,-90.0,583.345
390.0,-80.0,618.259
390.0,-70.0,657.759
390.0,-60.0,702.8
390.0,-50.0,754.617
390.0,-40.0,814.847
390.0,-30.0,885.696
390.0,-20.0,970.219
390.0,-10.0,1072.763
390.0,0.0,1110.08
390.0,10.0,1072.763
390.0,20.0,970.219
390.0,30.0,885.696
390.0,40.0,814.847
390.0,50.0,754.617
390.0,60.0,702.8
390.0,70.0,657.759
390.0,80.0,618.259
390.0,90.0,583.345
390.0,100.0,552.271
390.0,110.0,524.445
390.0,120.0,499.388
390.0,130.0,476.714
390.0,140.0,456.104
390.0,150.0,437.293
390.0,160.0,420.061
390.0,170.0,404.221
390.0,180.0,389.615
390.0,190.0,376.108
390.0,200.0,363.584
390.0,210.0,351.942
390.0,220.0,341.097
390.0,230.0,330.97
390.0,240.0,321.497
390.0,250.0,312.618
390.0,260.0,304.281
390.0,270.0,296.441
390.0,280.0,289.056
390.0,290.0,282.089
390.0,300.0,275.509
390.0,310.0,269.285
390.0,320.0,263.392
390.0,330.0,257.804
390.0,340.0,252.501
390.0,350.0,247.462
390.0,360.0,242.67
390.0,370.0,238.108
390.0,380.0,233.762
390.0,390.0,229.617
390.0,400.0,225.661
390.0,410.0,221.883
390.0,420.0,218.271
390.0,430.0,214.817
390.0,440.0,211.51
390.0,450.0,208.343
390.0,460.0,205.308
390.0,470.0,202.398
390.0,480.0,199.605
390.0,490.0,196.924
390.0,500.0,194.35
390.0,510.0,191.875
390.0,520.0,189.496
390.0,530.0,187.208
390.0,540.0,185.006
390.0,550.0,182.886
390.0,560.0,180.845
390.0,570.0,178.878
390.0,580.0,176.982
390.0,590.0,175.154
390.0,600.0,173.392
390.0,610.0,171.691
390.0,620.0,170.05
390.0,630.0,168.465
390.0,640.0,166.935
390.0,650.0,165.457
390.0,660.0,164.029
390.0,670.0,162.65
390.0,680.0,161.316
390.0,690.0,160.026
390.0,700.0,158.779
390.0,710.0,157.573
390.0,720.0,156.406
390.0,730.0,155.277
390.0,740.0,154.184
390.0,750.0,153.126
390.0,760.0,152.102
390.0,770.0,151.111
390.0,780.0,
390.0,790.0,
390.0,800.0,
390.0,810.0,
390.0,820.0,
390.0,830.0,
390.0,840.0,
390.0,850.0,
390.0,860.0,
390.0,870.0,
390.0,880.0,
390.0,890.0,
390.0,900.0,
390.0,910.0,
390.0,920.0,
390.0,930.0,
390.0,940.0,
390.0,950.0,
390.0,960.0,
390.0,970.0,
390.0,980.0,
390.0,990.0,
390.0,1000.0,
400.0,-1000.0,
400.0,-990.0,
400.0,-980.0,
400.0,-970.0,
400.0,-960.0,
400.0,-950.0,
400.0,-940.0,
400.0,-930.0,
400.0,-920.0,
400.0,-910.0,
400.0,-900.0,
400.0,-890.0,
400.0,-880.0,
400.0,-870.0,
400.0,-860.0,
400.0,-850.0,
400.0,-840.0,
400.0,-830.0,
400.0,-820.0,
400.0,-810.0,
400.0,-800.0,
400.0,-790.0,
400.0,-780.0,148.826
400.0,-770.0,149.77
400.0,-760.0,150.745
400.0,-750.0,151.752
400.0,-740.0,152.792
400.0,-730.0,153.867
400.0,-720.0,154.978
400.0,-710.0,156.127
400.0,-700.0,157.314
400.0,-690.0,158.542
400.0,-680.0,159.811
400.0,-670.0,161.124
400.0,-660.0,162.483
400.0,-650.0,163.89
400.0,-640.0,165.345
400.0,-630.0,166.853
400.0,-620.0,168.414
400.0,-610.0,170.031
400.0,-600.0,171.707
400.0,-590.0,173.444
400.0,-580.0,175.246
400.0,-570.0,177.115
400.0,-560.0,179.054
400.0,-550.0,181.067
400.0,-540.0,183.158
400.0,-530.0,185.33
400.0,-520.0,187.587
400.0,-510.0,189.934
400.0,-500.0,192.375
400.0,-490.0,194.916
400.0,-480.0,197.561
400.0,-470.0,200.317
400.0,-460.0,203.19
400.0,-450.0,206.186
400.0,-440.0,209.313
400.0,-430.0,212.578
400.0,-420.0,215.989
400.0,-410.0,219.556
400.0,-400.0,223.288
400.0,-390.0,227.196
400.0,-380.0,231.291
400.0,-370.0,235.585
400.0,-360.0,240.093
400.0,-350.0,244.829
400.0,-340.0,249.81
400.0,-330.0,255.052
400.0,-320.0,260.576
400.0,-310.0,266.404
400.0,-300.0,272.558
400.0,-290.0,279.066
400.0,-280.0,285.956
400.0,-270.0,293.262
400.0,-260.0,301.019
400.0,-250.0,309.269
400.0,-240.0,318.056
400.0,-230.0,327.433
400.0,-220.0,337.457
400.0,-210.0,348.196
400.0,-200.0,359.724
400.0,-190.0,372.128
400.0,-180.0,385.508
400.0,-170.0,399.98
400.0,-160.0,415.677
400.0,-150.0,432.758
400.0,-140.0,451.407
400.0,-130.0,471.846
400.0,-120.0,494.336
400.0,-110.0,519.197
400.0,-100.0,546.815
400.0,-90.0,577.666
400.0,-80.0,612.342
400.0,-70.0,651.59
400.0,-60.0,696.362
400.0,-50.0,747.899
400.0,-40.0,807.839
400.0,-30.0,878.396
400.0,-20.0,962.64
400.0,-10.0,1064.948
400.0,0.0,1100.083
400.0,10.0,1064.948
400.0,20.0,962.64
400.0,30.0,878.396
400.0,40.0,807.839
400.0,50.0,747.899
400.0,60.0,696.362
400.0,70.0,651.59
400.0,80.0,612.342
400.0,90.0,577.666
400.0,100.0,546.815
400.0,110.0,519.197
400.0,120.0,494.336
400.0,130.0,471.846
400.0,140.0,451.407
400.0,150.0,432.758
400.0,160.0,415.677
400.0,170.0,399.98
400.0,180.0,385.508
400.0,190.0,372.128
400.0,200.0,359.724
400.0,210.0,348.196
400.0,220.0,337.457
400.0,230.0,327.433
400.0,240.0,318.056
400.0,250.0,309.269
400.0,260.0,301.019
400.0,270.0,293.262
400.0,280.0,285.956
400.0,290.0,279.066
400.0,300.0,272.558
400.0,310.0,266.404
400.0,320.0,260.576
400.0,330.0,255.052
400.0,340.0,249.81
400.0,350.0,244.829
400.0,360.0,240.093
400.0,370.0,235.585
400.0,380.0,231.291
400.0,390.0,227.196
400.0,400.0,223.288
400.0,410.0,219.556
400.0,420.0,215.989
400.0,430.0,212.578
400.0,440.0,209.313
400.0,450.0,206.186
400.0,460.0,203.19
400.0,470.0,200.317
400.0,480.0,197.561
400.0,490.0,194.916
400.0,500.0,192.375
400.0,510.0,189.934
400.0,520.0,187.587
400.0,530.0,185.33
400.0,540.0,183.158
400.0,550.0,181.067
400.0,560.0,179.054
400.0,570.0,177.115
400.0,580.0,175.246
400.0,590.0,173.444
400.0,600.0,171.707
400.0,610.0,170.031
400.0,620.0,168.414
400.0,630.0,166.853
400.0,640.0,165.345
400.0,650.0,163.89
400.0,660.0,162.483
400.0,670.0,161.124
400.0,680.0,159.811
400.0,690.0,158.542
400.0,700.0,157.314
400.0,710.0,156.127
400.0,720.0,154.978
400.0,730.0,153.867
400.0,740.0,152.792
400.0,750.0,151.752
400.0,760.0,150.745
400.0,770.0,149.77
400.0,780.0,148.826
400.0,790.0,
400.0,800.0,
400.0,810.0,
400.0,820.0,
400.0,830.0,
400.0,840.0,
400.0,850.0,
400.0,860.0,
400.0,870.0,
400.0,880.0,
400.0,890.0,
400.0,900.0,
400.0,910.0,
400.0,920.0,
400.0,930.0,
400.0,940.0,
400.0,950.0,
400.0,960.0,
400.0,970.0,
400.0,980.0,
400.0,990.0,
400.0,1000.0,
410.0,-1000.0,
410.0,-990.0,
410.0,-980.0,
410.0,-970.0,
410.0,-960.0,
410.0,-950.0,
410.0,-940.0,
410.0,-930.0,
410.0,-920.0,
410.0,-910.0,
410.0,-900.0,
410.0,-890.0,
410.0,-880.0,
410.0,-870.0,
410.0,-860.0,
410.0,-850.0,
410.0,-840.0,
410.0,-830.0,
410.0,-820.0,
410.0,-810.0,
410.0,-800.0,
410.0,-790.0,146.61
410.0,-780.0,147.508
410.0,-770.0,148.436
410.0,-760.0,149.395
410.0,-750.0,150.385
410.0,-740.0,151.408
410.0,-730.0,152.466
410.0,-720.0,153.559
410.0,-710.0,154.689
410.0,-700.0,155.857
410.0,-690.0,157.065
410.0,-680.0,158.315
410.0,-670.0,159.608
410.0,-660.0,160.946
410.0,-650.0,162.33
410.0,-640.0,163.764
410.0,-630.0,165.248
410.0,-620.0,166.786
410.0,-610.0,168.38
410.0,-600.0,170.031
410.0,-590.0,171.743
410.0,-580.0,173.519
410.0,-570.0,175.361
410.0,-560.0,177.273
410.0,-550.0,179.257
410.0,-540.0,181.319
410.0,-530.0,183.46
410.0,-520.0,185.687
410.0,-510.0,188.001
410.0,-500.0,190.41
410.0,-490.0,192.916
410.0,-480.0,195.527
410.0,-470.0,198.247
410.0,-460.0,201.082
410.0,-450.0,204.039
410.0,-440.0,207.126
410.0,-430.0,210.349
410.0,-420.0,213.717
410.0,-410.0,217.24
410.0,-400.0,220.925
410.0,-390.0,224.785
410.0,-380.0,228.83
410.0,-370.0,233.073
410.0,-360.0,237.527
410.0,-350.0,242.207
410.0,-340.0,247.129
410.0,-330.0,252.311
410.0,-320.0,257.772
410.0,-310.0,263.533
410.0,-300.0,269.618
410.0,-290.0,276.054
410.0,-280.0,282.868
410.0,-270.0,290.095
410.0,-260.0,297.769
410.0,-250.0,305.931
410.0,-240.0,314.626
410.0,-230.0,323.907
410.0,-220.0,333.829
410.0,-210.0,344.461
410.0,-200.0,355.875
410.0,-190.0,368.16
410.0,-180.0,381.413
410.0,-170.0,395.75
410.0,-160.0,411.304
410.0,-150.0,428.233
410.0,-140.0,446.721
410.0,-130.0,466.987
410.0,-120.0,489.293
410.0,-110.0,513.958
410.0,-100.0,541.366
410.0,-90.0,571.993
410.0,-80.0,606.43
410.0,-70.0,645.423
410.0,-60.0,689.927
410.0,-50.0,741.181
410.0,-40.0,800.828
410.0,-30.0,871.091
410.0,-20.0,955.053
410.0,-10.0,1057.119
410.0,0.0,1090.086
410.0,10.0,1057.119
410.0,20.0,955.053
410.0,30.0,871.091
410.0,40.0,800.828
410.0,50.0,741.181
410.0,60.0,689.927
410.0,70.0,645.423
410.0,80.0,606.43
410.0,90.0,571.993
410.0,100.0,541.366
410.0,110.0,513.958
410.0,120.0,489.293
410.0,130.0,466.987
410.0,140.0,446.721
410.0,150.0,428.233
410.0,160.0,411.304
410.0,170.0,395.75
410.0,180.0,381.413
410.0,190.0,368.16
410.0,200.0,355.875
410.0,210.0,344.461
410.0,220.0,333.829
410.0,230.0,323.907
410.0,240.0,314.626
410.0,250.0,305.931
410.0,260.0,297.769
410.0,270.0,290.095
410.0,280.0,282.868
410.0,290.0,276.054
410.0,300.0,269.618
410.0,310.0,263.533
410.0,320.0,257.772
410.0,330.0,252.311
410.0,340.0,247.129
410.0,350.0,242.207
410.0,360.0,237.527
410.0,370.0,233.073
410.0,380.0,228.83
410.0,390.0,224.785
410.0,400.0,220.925
410.0,410.0,217.24
410.0,420.0,213.717
410.0,430.0,210.349
410.0,440.0,207.126
410.0,450.0,204.039
410.0,460.0,201.082
410.0,470.0,198.247
410.0,480.0,195.527
410.0,490.0,192.916
410.0,500.0,190.41
410.0,510.0,188.001
410.0,520.0,185.687
410.0,530.0,183.46
410.0,540.0,181.319
410.0,550.0,179.257
410.0,560.0,177.273
410.0,570.0,175.361
410.0,580.0,173.519
410.0,590.0,171.743
410.0,600.0,170.031
410.0,610.0,168.38
410.0,620.0,166.786
410.0,630.0,165.248
410.0,640.0,163.764
410.0,650.0,162.33
410.0,660.0,160.946
410.0,670.0,159.608
410.0,680.0,158.315
410.0,690.0,157.065
410.0,700.0,155.857
410.0,710.0,154.689
410.0,720.0,153.559
410.0,730.0,152.466
410.0,740.0,151.408
410.0,750.0,150.385
410.0,760.0,149.395
410.0,770.0,148.436
410.0,780.0,147.508
410.0,790.0,146.61
410.0,800.0,
410.0,810.0,
410.0,820.0,
410.0,830.0,
410.0,840.0,
410.0,850.0,
410.0,860.0,
410.0,870.0,
410.0,880.0,
410.0,890.0,
410.0,900.0,
410.0,910.0,
410.0,920.0,
410.0,930.0,
410.0,940.0,
410.0,950.0,
410.0,960.0,
410.0,970.0,
410.0,980.0,
410.0,990.0,
410.0,1000.0,
420.0,-1000.0,
420.0,-990.0,
420.0,-980.0,
420.0,-970.0,
420.0,-960.0,
420.0,-950.0,
420.0,-940.0,
420.0,-930.0,
420.0,-920.0,
420.0,-910.0,
420.0,-900.0,
420.0,-890.0,
420.0,-880.0,
420.0,-870.0,
420.0,-860.0,
420.0,-850.0,
420.0,-840.0,
420.0,-830.0,
420.0,-820.0,
420.0,-810.0,
420.0,-800.0,
420.0,-790.0,145.316
420.0,-780.0,146.199
420.0,-770.0,147.111
420.0,-760.0,148.053
420.0,-750.0,149.026
420.0,-740.0,150.032
420.0,-730.0,151.072
420.0,-720.0,152.147
420.0,-710.0,153.259
420.0,-700.0,154.408
420.0,-690.0,155.597
420.0,-680.0,156.827
420.0,-670.0,158.099
420.0,-660.0,159.416
420.0,-650.0,160.779
420.0,-640.0,162.191
420.0,-630.0,163.653
420.0,-620.0,165.168
420.0,-610.0,166.737
420.0,-600.0,168.364
420.0,-590.0,170.051
420.0,-580.0,171.801
420.0,-570.0,173.616
420.0,-560.0,175.5
420.0,-550.0,177.457
420.0,-540.0,179.489
420.0,-530.0,181.601
420.0,-520.0,183.796
420.0,-510.0,186.079
420.0,-500.0,188.454
420.0,-490.0,190.927
420.0,-480.0,193.502
420.0,-470.0,196.186
420.0,-460.0,198.984
420.0,-450.0,201.902
420.0,-440.0,204.949
420.0,-430.0,208.131
420.0,-420.0,211.456
420.0,-410.0,214.934
420.0,-400.0,218.573
420.0,-390.0,222.385
420.0,-380.0,226.38
420.0,-370.0,230.572
420.0,-360.0,234.972
420.0,-350.0,239.596
420.0,-340.0,244.46
420.0,-330.0,249.58
420.0,-320.0,254.978
420.0,-310.0,260.673
420.0,-300.0,266.689
420.0,-290.0,273.052
420.0,-280.0,279.792
420.0,-270.0,286.939
420.0,-260.0,294.53
420.0,-250.0,302.604
420.0,-240.0,311.208
420.0,-230.0,320.392
420.0,-220.0,330.213
420.0,-210.0,340.736
420.0,-200.0,352.038
420.0,-190.0,364.202
420.0,-180.0,377.328
420.0,-170.0,391.53
420.0,-160.0,406.942
420.0,-150.0,423.718
420.0,-140.0,442.044
420.0,-130.0,462.137
420.0,-120.0,484.259
420.0,-110.0,508.726
420.0,-100.0,535.924
420.0,-90.0,566.326
420.0,-80.0,600.523
420.0,-70.0,639.261
420.0,-60.0,683.494
420.0,-50.0,734.463
420.0,-40.0,793.814
420.0,-30.0,863.779
420.0,-20.0,947.455
420.0,-10.0,1049.277
420.0,0.0,1080.089
420.0,10.0,1049.277
420.0,20.0,947.455
420.0,30.0,863.779
420.0,40.0,793.814
420.0,50.0,734.463
420.0,60.0,683.494
420.0,70.0,639.261
420.0,80.0,600.523
420.0,90.0,566.326
420.0,100.0,535.924
420.0,110.0,508.726
420.0,120.0,484.259
420.0,130.0,462.137
420.0,140.0,442.044
420.0,150.0,423.718
420.0,160.0,406.942
420.0,170.0,391.53
420.0,180.0,377.328
420.0,190.0,364.202
420.0,200.0,352.038
420.0,210.0,340.736
420.0,220.0,330.213
420.0,230.0,320.392
420.0,240.0,311.208
420.0,250.0,302.604
420.0,260.0,294.53
420.0,270.0,286.939
420.0,280.0,279.792
420.0,290.0,273.052
420.0,300.0,266.689
420.0,310.0,260.673
420.0,320.0,254.978
420.0,330.0,249.58
420.0,340.0,244.46
420.0,350.0,239.596
420.0,360.0,234.972
420.0,370.0,230.572
420.0,380.0,226.38
420.0,390.0,222.385
420.0,400.0,218.573
420.0,410.0,214.934
420.0,420.0,211.456
420.0,430.0,208.131
420.0,440.0,204.949
420.0,450.0,201.902
420.0,460.0,198.984
420.0,470.0,196.186
420.0,480.0,193.502
420.0,490.0,190.927
420.0,500.0,188.454
420.0,510.0,186.079
420.0,520.0,183.796
420.0,530.0,181.601
420.0,540.0,179.489
420.0,550.0,177.457
420.0,560.0,175.5
420.0,570.0,173.616
420.0,580.0,171.801
420.0,590.0,170.051
420.0,600.0,168.364
420.0,610.0,166.737
420.0,620.0,165.168
420.0,630.0,163.653
420.0,640.0,162.191
420.0,650.0,160.779
420.0,660.0,159.416
420.0,670.0,158.099
420.0,680.0,156.827
420.0,690.0,155.597
420.0,700.0,154.408
420.0,710.0,153.259
420.0,720.0,152.147
420.0,730.0,151.072
420.0,740.0,150.032
420.0,750.0,149.026
420.0,760.0,148.053
420.0,770.0,147.111
420.0,780.0,146.199
420.0,790.0,145.316
420.0,800.0,
420.0,810.0,
420.0,820.0,
420.0,830.0,
420.0,840.0,
420.0,850.0,
420.0,860.0,
420.0,870.0,
420.0,880.0,
420.0,890.0,
420.0,900.0,
420.0,910.0,
420.0,920.0,
420.0,930.0,
420.0,940.0,
420.0,950.0,
420.0,960.0,
420.0,970.0,
420.0,980.0,
420.0,990.0,
420.0,1000.0,
430.0,-1000.0,
430.0,-990.0,
430.0,-980.0,
430.0,-970.0,
430.0,-960.0,
430.0,-950.0,
430.0,-940.0,
430.0,-930.0,
430.0,-920.0,
430.0,-910.0,
430.0,-900.0,
430.0,-890.0,
430.0,-880.0,
430.0,-870.0,
430.0,-860.0,
430.0,-850.0,
430.0,-840.0,
430.0,-830.0,
430.0,-820.0,
430.0,-810.0,
430.0,-800.0,143.19
430.0,-790.0,144.029
430.0,-780.0,144.897
430.0,-770.0,145.793
430.0,-760.0,146.719
430.0,-750.0,147.675
430.0,-740.0,148.664
430.0,-730.0,149.687
430.0,-720.0,150.744
430.0,-710.0,151.837
430.0,-700.0,152.968
430.0,-690.0,154.137
430.0,-680.0,155.347
430.0,-670.0,156.599
430.0,-660.0,157.895
430.0,-650.0,159.237
430.0,-640.0,160.627
430.0,-630.0,162.066
430.0,-620.0,163.558
430.0,-610.0,165.104
430.0,-600.0,166.706
430.0,-590.0,168.368
430.0,-580.0,170.092
430.0,-570.0,171.88
430.0,-560.0,173.737
430.0,-550.0,175.666
430.0,-540.0,177.669
430.0,-530.0,179.75
430.0,-520.0,181.915
430.0,-510.0,184.166
430.0,-500.0,186.509
430.0,-490.0,188.947
430.0,-480.0,191.488
430.0,-470.0,194.135
430.0,-460.0,196.896
430.0,-450.0,199.776
430.0,-440.0,202.782
430.0,-430.0,205.922
430.0,-420.0,209.205
430.0,-410.0,212.638
430.0,-400.0,216.232
430.0,-390.0,219.996
430.0,-380.0,223.941
430.0,-370.0,228.081
430.0,-360.0,232.427
430.0,-350.0,236.995
430.0,-340.0,241.801
430.0,-330.0,246.861
430.0,-320.0,252.195
430.0,-310.0,257.824
430.0,-300.0,263.771
430.0,-290.0,270.063
430.0,-280.0,276.726
430.0,-270.0,283.794
430.0,-260.0,291.302
430.0,-250.0,299.289
430.0,-240.0,307.801
430.0,-230.0,316.888
430.0,-220.0,326.607
430.0,-210.0,337.024
430.0,-200.0,348.211
430.0,-190.0,360.256
430.0,-180.0,373.254
430.0,-170.0,387.322
430.0,-160.0,402.59
430.0,-150.0,419.213
430.0,-140.0,437.376
430.0,-130.0,457.296
430.0,-120.0,479.234
430.0,-110.0,503.503
430.0,-100.0,530.49
430.0,-90.0,560.666
430.0,-80.0,594.622
430.0,-70.0,633.102
430.0,-60.0,677.062
430.0,-50.0,727.744
430.0,-40.0,786.798
430.0,-30.0,856.462
430.0,-20.0,939.849
430.0,-10.0,1041.422
430.0,0.0,1070.092
430.0,10.0,1041.422
430.0,20.0,939.849
430.0,30.0,856.462
430.0,40.0,786.798
430.0,50.0,727.744
430.0,60.0,677.062
430.0,70.0,633.102
430.0,80.0,594.622
430.0,90.0,560.666
430.0,100.0,530.49
430.0,110.0,503.503
430.0,120.0,479.234
430.0,130.0,457.296
430.0,140.0,437.376
430.0,150.0,419.213
430.0,160.0,402.59
430.0,170.0,387.322
430.0,180.0,373.254
430.0,190.0,360.256
430.0,200.0,348.211
430.0,210.0,337.024
430.0,220.0,326.607
430.0,230.0,316.888
430.0,240.0,307.801
430.0,250.0,299.289
430.0,260.0,291.302
430.0,270.0,283.794
430.0,280.0,276.726
430.0,290.0,270.063
430.0,300.0,263.771
430.0,310.0,257.824
430.0,320.0,252.195
430.0,330.0,246.861
430.0,340.0,241.801
430.0,350.0,236.995
430.0,360.0,232.427
430.0,370.0,228.081
430.0,380.0,223.941
430.0,390.0,219.996
430.0,400.0,216.232
430.0,410.0,212.638
430.0,420.0,209.205
430.0,430.0,205.922
430.0,440.0,202.782
430.0,450.0,199.776
430.0,460.0,196.896
430.0,470.0,194.135
430.0,480.0,191.488
430.0,490.0,188.947
430.0,500.0,186.509
430.0,510.0,184.166
430.0,520.0,181.915
430.0,530.0,179.75
430.0,540.0,177.669
430.0,550.0,175.666
430.0,560.0,173.737
430.0,570.0,171.88
430.0,580.0,170.092
430.0,590.0,168.368
430.0,600.0,166.706
430.0,610.0,165.104
430.0,620.0,163.558
430.0,630.0,162.066
430.0,640.0,160.627
430.0,650.0,159.237
430.0,660.0,157.895
430.0,670.0,156.599
430.0,680.0,155.347
430.0,690.0,154.137
430.0,700.0,152.968
430.0,710.0,151.837
430.0,720.0,150.744
430.0,730.0,149.687
430.0,740.0,148.664
430.0,750.0,147.675
430.0,760.0,146.719
430.0,770.0,145.793
430.0,780.0,144.897
430.0,790.0,144.029
430.0,800.0,143.19
430.0,810.0,
430.0,820.0,
430.0,830.0,
430.0,840.0,
430.0,850.0,
430.0,860.0,
430.0,870.0,
430.0,880.0,
430.0,890.0,
430.0,900.0,
430.0,910.0,
430.0,920.0,
430.0,930.0,
430.0,940.0,
430.0,950.0,
430.0,960.0,
430.0,970.0,
430.0,980.0,
430.0,990.0,
430.0,1000.0,
440.0,-1000.0,
440.0,-990.0,
440.0,-980.0,
440.0,-970.0,
440.0,-960.0,
440.0,-950.0,
440.0,-940.0,
440.0,-930.0,
440.0,-920.0,
440.0,-910.0,
440.0,-900.0,
440.0,-890.0,
440.0,-880.0,
440.0,-870.0,
440.0,-860.0,
440.0,-850.0,
440.0,-840.0,
440.0,-830.0,
440.0,-820.0,
440.0,-810.0,141.129
440.0,-800.0,141.926
440.0,-790.0,142.751
440.0,-780.0,143.602
440.0,-770.0,144.483
440.0,-760.0,145.392
440.0,-750.0,146.332
440.0,-740.0,147.304
440.0,-730.0,148.309
440.0,-720.0,149.349
440.0,-710.0,150.423
440.0,-700.0,151.535
440.0,-690.0,152.685
440.0,-680.0,153.876
440.0,-670.0,155.108
440.0,-660.0,156.383
440.0,-650.0,157.704
440.0,-640.0,159.071
440.0,-630.0,160.488
440.0,-620.0,161.957
440.0,-610.0,163.479
440.0,-600.0,165.057
440.0,-590.0,166.694
440.0,-580.0,168.392
440.0,-570.0,170.154
440.0,-560.0,171.984
440.0,-550.0,173.884
440.0,-540.0,175.858
440.0,-530.0,177.91
440.0,-520.0,180.043
440.0,-510.0,182.263
440.0,-500.0,184.573
440.0,-490.0,186.978
440.0,-480.0,189.483
440.0,-470.0,192.094
440.0,-460.0,194.818
440.0,-450.0,197.659
440.0,-440.0,200.625
440.0,-430.0,203.725
440.0,-420.0,206.964
440.0,-410.0,210.353
440.0,-400.0,213.9
440.0,-390.0,217.617
440.0,-380.0,221.513
440.0,-370.0,225.601
440.0,-360.0,229.894
440.0,-350.0,234.406
440.0,-340.0,239.153
440.0,-330.0,244.153
440.0,-320.0,249.424
440.0,-310.0,254.987
440.0,-300.0,260.865
440.0,-290.0,267.084
440.0,-280.0,273.672
440.0,-270.0,280.661
440.0,-260.0,288.085
440.0,-250.0,295.985
440.0,-240.0,304.406
440.0,-230.0,313.396
440.0,-220.0,323.013
440.0,-210.0,333.322
440.0,-200.0,344.396
440.0,-190.0,356.32
440.0,-180.0,369.192
440.0,-170.0,383.124
440.0,-160.0,398.248
440.0,-150.0,414.719
440.0,-140.0,432.719
440.0,-130.0,452.465
440.0,-120.0,474.217
440.0,-110.0,498.289
440.0,-100.0,525.063
440.0,-90.0,555.012
440.0,-80.0,588.726
440.0,-70.0,626.948
440.0,-60.0,670.633
440.0,-50.0,721.025
440.0,-40.0,779.779
440.0,-30.0,849.139
440.0,-20.0,932.233
440.0,-10.0,1033.553
440.0,0.0,1060.095
440.0,10.0,1033.553
440.0,20.0,932.233
440.0,30.0,849.139
440.0,40.0,779.779
440.0,50.0,721.025
440.0,60.0,670.633
440.0,70.0,626.948
440.0,80.0,588.726
440.0,90.0,555.012
440.0,100.0,525.063
440.0,110.0,498.289
440.0,120.0,474.217
440.0,130.0,452.465
440.0,140.0,432.719
440.0,150.0,414.719
440.0,160.0,398.248
440.0,170.0,383.124
440.0,180.0,369.192
440.0,190.0,356.32
440.0,200.0,344.396
440.0,210.0,333.322
440.0,220.0,323.013
440.0,230.0,313.396
440.0,240.0,304.406
440.0,250.0,295.985
440.0,260.0,288.085
440.0,270.0,280.661
440.0,280.0,273.672
440.0,290.0,267.084
440.0,300.0,260.865
440.0,310.0,254.987
440.0,320.0,249.424
440.0,330.0,244.153
440.0,340.0,239.153
440.0,350.0,234.406
440.0,360.0,229.894
440.0,370.0,225.601
440.0,380.0,221.513
440.0,390.0,217.617
440.0,400.0,213.9
440.0,410.0,210.353
440.0,420.0,206.964
440.0,430.0,203.725
440.0,440.0,200.625
440.0,450.0,197.659
440.0,460.0,194.818
440.0,470.0,192.094
440.0,480.0,189.483
440.0,490.0,186.978
440.0,500.0,184.573
440.0,510.0,182.263
440.0,520.0,180.043
440.0,530.0,177.91
440.0,540.0,175.858
440.0,550.0,173.884
440.0,560.0,171.984
440.0,570.0,170.154
440.0,580.0,168.392
440.0,590.0,166.694
440.0,600.0,165.057
440.0,610.0,163.479
440.0,620.0,161.957
440.0,630.0,160.488
440.0,640.0,159.071
440.0,650.0,157.704
440.0,660.0,156.383
440.0,670.0,155.108
440.0,680.0,153.876
440.0,690.0,152.685
440.0,700.0,151.535
440.0,710.0,150.423
440.0,720.0,149.349
440.0,730.0,148.309
440.0,740.0,147.304
440.0,750.0,146.332
440.0,760.0,145.392
440.0,770.0,144.483
440.0,780.0,143.602
440.0,790.0,142.751
440.0,800.0,141.926
440.0,810.0,141.129
440.0,820.0,
440.0,830.0,
440.0,840.0,
440.0,850.0,
440.0,860.0,
440.0,870.0,
440.0,880.0,
440.0,890.0,
440.0,900.0,
440.0,910.0,
440.0,920.0,
440.0,930.0,
440.0,940.0,
440.0,950.0,
440.0,960.0,
440.0,970.0,
440.0,980.0,
440.0,990.0,
440.0,1000.0,
450.0,-1000.0,
450.0,-990.0,
450.0,-980.0,
450.0,-970.0,
450.0,-960.0,
450.0,-950.0,
450.0,-940.0,
450.0,-930.0,
450.0,-920.0,
450.0,-910.0,
450.0,-900.0,
450.0,-890.0,
450.0,-880.0,
450.0,-870.0,
450.0,-860.0,
450.0,-850.0,
450.0,-840.0,
450.0,-830.0,
450.0,-820.0,
450.0,-810.0,139.887
450.0,-800.0,140.67
450.0,-790.0,141.48
450.0,-780.0,142.316
450.0,-770.0,143.18
450.0,-760.0,144.074
450.0,-750.0,144.997
450.0,-740.0,145.952
450.0,-730.0,146.94
450.0,-720.0,147.962
450.0,-710.0,149.018
450.0,-700.0,150.111
450.0,-690.0,151.242
450.0,-680.0,152.413
450.0,-670.0,153.625
450.0,-660.0,154.879
450.0,-650.0,156.179
450.0,-640.0,157.525
450.0,-630.0,158.919
450.0,-620.0,160.365
450.0,-610.0,161.863
450.0,-600.0,163.417
450.0,-590.0,165.029
450.0,-580.0,166.701
450.0,-570.0,168.437
450.0,-560.0,170.239
450.0,-550.0,172.111
450.0,-540.0,174.056
450.0,-530.0,176.079
450.0,-520.0,178.181
450.0,-510.0,180.369
450.0,-500.0,182.646
450.0,-490.0,185.018
450.0,-480.0,187.488
450.0,-470.0,190.064
450.0,-460.0,192.75
450.0,-450.0,195.553
450.0,-440.0,198.479
450.0,-430.0,201.537
450.0,-420.0,204.734
450.0,-410.0,208.078
450.0,-400.0,211.58
450.0,-390.0,215.248
450.0,-380.0,219.095
450.0,-370.0,223.131
450.0,-360.0,227.371
450.0,-350.0,231.827
450.0,-340.0,236.517
450.0,-330.0,241.456
450.0,-320.0,246.664
450.0,-310.0,252.161
450.0,-300.0,257.97
450.0,-290.0,264.117
450.0,-280.0,270.629
450.0,-270.0,277.539
450.0,-260.0,284.88
450.0,-250.0,292.693
450.0,-240.0,301.022
450.0,-230.0,309.915
450.0,-220.0,319.431
450.0,-210.0,329.632
450.0,-200.0,340.592
450.0,-190.0,352.396
450.0,-180.0,365.14
450.0,-170.0,378.937
450.0,-160.0,393.917
450.0,-150.0,410.235
450.0,-140.0,428.072
450.0,-130.0,447.644
450.0,-120.0,469.21
450.0,-110.0,493.082
450.0,-100.0,519.644
450.0,-90.0,549.365
450.0,-80.0,582.835
450.0,-70.0,620.796
450.0,-60.0,664.205
450.0,-50.0,714.306
450.0,-40.0,772.757
450.0,-30.0,841.809
450.0,-20.0,924.607
450.0,-10.0,1025.671
450.0,0.0,1050.098
450.0,10.0,1025.671
450.0,20.0,924.607
450.0,30.0,841.809
450.0,40.0,772.757
450.0,50.0,714.306
450.0,60.0,664.205
450.0,70.0,620.796
450.0,80.0,582.835
450.0,90.0,549.365
450.0,100.0,519.644
450.0,110.0,493.082
450.0,120.0,469.21
450.0,130.0,447.644
450.0,140.0,428.072
450.0,150.0,410.235
450.0,160.0,393.917
450.0,170.0,378.937
450.0,180.0,365.14
450.0,190.0,352.396
450.0,200.0,340.592
450.0,210.0,329.632
450.0,220.0,319.431
450.0,230.0,309.915
450.0,240.0,301.022
450.0,250.0,292.693
450.0,260.0,284.88
450.0,270.0,277.539
450.0,280.0,270.629
450.0,290.0,264.117
450.0,300.0,257.97
450.0,310.0,252.161
450.0,320.0,246.664
450.0,330.0,241.456
450.0,340.0,236.517
450.0,350.0,231.827
450.0,360.0,227.371
450.0,370.0,223.131
450.0,380.0,219.095
450.0,390.0,215.248
450.0,400.0,211.58
450.0,410.0,208.078
450.0,420.0,204.734
450.0,430.0,201.537
450.0,440.0,198.479
450.0,450.0,195.553
450.0,460.0,192.75
450.0,470.0,190.064
450.0,480.0,187.488
450.0,490.0,185.018
450.0,500.0,182.646
450.0,510.0,180.369
450.0,520.0,178.181
450.0,530.0,176.079
450.0,540.0,174.056
450.0,550.0,172.111
450.0,560.0,170.239
450.0,570.0,168.437
450.0,580.0,166.701
450.0,590.0,165.029
450.0,600.0,163.417
450.0,610.0,161.863
450.0,620.0,160.365
450.0,630.0,158.919
450.0,640.0,157.525
450.0,650.0,156.179
450.0,660.0,154.879
450.0,670.0,153.625
450.0,680.0,152.413
450.0,690.0,151.242
450.0,700.0,150.111
450.0,710.0,149.018
450.0,720.0,147.962
450.0,730.0,146.94
450.0,740.0,145.952
450.0,750.0,144.997
450.0,760.0,144.074
450.0,770.0,143.18
450.0,780.0,142.316
450.0,790.0,141.48
450.0,800.0,140.67
450.0,810.0,139.887
450.0,820.0,
450.0,830.0,
450.0,840.0,
450.0,850.0,
450.0,860.0,
450.0,870.0,
450.0,880.0,
450.0,890.0,
450.0,900.0,
450.0,910.0,
450.0,920.0,
450.0,930.0,
450.0,940.0,
450.0,950.0,
450.0,960.0,
450.0,970.0,
450.0,980.0,
450.0,990.0,
450.0,1000.0,
460.0,-1000.0,
460.0,-990.0,
460.0,-980.0,
460.0,-970.0,
460.0,-960.0,
460.0,-950.0,
460.0,-940.0,
460.0,-930.0,
460.0,-920.0,
460.0,-910.0,
460.0,-900.0,
460.0,-890.0,
460.0,-880.0,
460.0,-870.0,
460.0,-860.0,
460.0,-850.0,
460.0,-840.0,
460.0,-830.0,
460.0,-820.0,137.91
460.0,-810.0,138.654
460.0,-800.0,139.422
460.0,-790.0,140.216
460.0,-780.0,141.037
460.0,-770.0,141.886
460.0,-760.0,142.763
460.0,-750.0,143.67
460.0,-740.0,144.609
460.0,-730.0,145.579
460.0,-720.0,146.583
460.0,-710.0,147.621
460.0,-700.0,148.695
460.0,-690.0,149.807
460.0,-680.0,150.959
460.0,-670.0,152.15
460.0,-660.0,153.384
460.0,-650.0,154.663
460.0,-640.0,155.987
460.0,-630.0,157.359
460.0,-620.0,158.781
460.0,-610.0,160.256
460.0,-600.0,161.786
460.0,-590.0,163.373
460.0,-580.0,165.019
460.0,-570.0,166.729
460.0,-560.0,168.504
460.0,-550.0,170.348
460.0,-540.0,172.265
460.0,-530.0,174.257
460.0,-520.0,176.329
460.0,-510.0,178.486
460.0,-500.0,180.73
460.0,-490.0,183.068
460.0,-480.0,185.504
460.0,-470.0,188.043
460.0,-460.0,190.692
460.0,-450.0,193.456
460.0,-440.0,196.343
460.0,-430.0,199.36
460.0,-420.0,202.514
460.0,-410.0,205.815
460.0,-400.0,209.27
460.0,-390.0,212.891
460.0,-380.0,216.688
460.0,-370.0,220.673
460.0,-360.0,224.859
460.0,-350.0,229.26
460.0,-340.0,233.891
460.0,-330.0,238.77
460.0,-320.0,243.915
460.0,-310.0,249.346
460.0,-300.0,255.086
460.0,-290.0,261.161
460.0,-280.0,267.598
460.0,-270.0,274.428
460.0,-260.0,281.687
460.0,-250.0,289.412
460.0,-240.0,297.649
460.0,-230.0,306.446
460.0,-220.0,315.86
460.0,-210.0,325.953
460.0,-200.0,336.8
460.0,-190.0,348.483
460.0,-180.0,361.1
460.0,-170.0,374.761
460.0,-160.0,389.597
460.0,-150.0,405.762
460.0,-140.0,423.435
460.0,-130.0,442.833
460.0,-120.0,464.212
460.0,-110.0,487.884
460.0,-100.0,514.232
460.0,-90.0,543.724
460.0,-80.0,576.949
460.0,-70.0,614.649
460.0,-60.0,657.78
460.0,-50.0,707.587
460.0,-40.0,765.732
460.0,-30.0,834.474
460.0,-20.0,916.971
460.0,-10.0,1017.775
460.0,0.0,1040.101
460.0,10.0,1017.775
460.0,20.0,916.971
460.0,30.0,834.474
460.0,40.0,765.732
460.0,50.0,707.587
460.0,60.0,657.78
460.0,70.0,614.649
460.0,80.0,576.949
460.0,90.0,543.724
460.0,100.0,514.232
460.0,110.0,487.884
460.0,120.0,464.212
460.0,130.0,442.833
460.0,140.0,423.435
460.0,150.0,405.762
460.0,160.0,389.597
460.0,170.0,374.761
460.0,180.0,361.1
460.0,190.0,348.483
460.0,200.0,336.8
460.0,210.0,325.953
460.0,220.0,315.86
460.0,230.0,306.446
460.0,240.0,297.649
460.0,250.0,289.412
460.0,260.0,281.687
460.0,270.0,274.428
460.0,280.0,267.598
460.0,290.0,261.161
460.0,300.0,255.086
460.0,310.0,249.346
460.0,320.0,243.915
460.0,330.0,238.77
460.0,340.0,233.891
460.0,350.0,229.26
460.0,360.0,224.859
460.0,370.0,220.673
460.0,380.0,216.688
460.0,390.0,212.891
460.0,400.0,209.27
460.0,410.0,205.815
460.0,420.0,202.514
460.0,430.0,199.36
460.0,440.0,196.343
460.0,450.0,193.456
460.0,460.0,190.692
460.0,470.0,188.043
460.0,480.0,185.504
460.0,490.0,183.068
460.0,500.0,180.73
460.0,510.0,178.486
460.0,520.0,176.329
460.0,530.0,174.257
460.0,540.0,172.265
460.0,550.0,170.348
460.0,560.0,168.504
460.0,570.0,166.729
460.0,580.0,165.019
460.0,590.0,163.373
460.0,600.0,161.786
460.0,610.0,160.256
460.0,620.0,158.781
460.0,630.0,157.359
460.0,640.0,155.987
460.0,650.0,154.663
460.0,660.0,153.384
460.0,670.0,152.15
460.0,680.0,150.959
460.0,690.0,149.807
460.0,700.0,148.695
460.0,710.0,147.621
460.0,720.0,146.583
460.0,730.0,145.579
460.0,740.0,144.609
460.0,750.0,143.67
460.0,760.0,142.763
460.0,770.0,141.886
460.0,780.0,141.037
460.0,790.0,140.216
460.0,800.0,139.422
460.0,810.0,138.654
460.0,820.0,137.91
460.0,830.0,
460.0,840.0,
460.0,850.0,
460.0,860.0,
460.0,870.0,
460.0,880.0,
460.0,890.0,
460.0,900.0,
460.0,910.0,
460.0,920.0,
460.0,930.0,
460.0,940.0,
460.0,950.0,
460.0,960.0,
460.0,970.0,
460.0,980.0,
460.0,990.0,
460.0,1000.0,
470.0,-1000.0,
470.0,-990.0,
470.0,-980.0,
470.0,-970.0,
470.0,-960.0,
470.0,-950.0,
470.0,-940.0,
470.0,-930.0,
470.0,-920.0,
470.0,-910.0,
470.0,-900.0,
470.0,-890.0,
470.0,-880.0,
470.0,-870.0,
470.0,-860.0,
470.0,-850.0,
470.0,-840.0,
470.0,-830.0,135.993
470.0,-820.0,136.699
470.0,-810.0,137.428
470.0,-800.0,138.181
470.0,-790.0,138.961
470.0,-780.0,139.766
470.0,-770.0,140.599
470.0,-760.0,141.461
470.0,-750.0,142.351
470.0,-740.0,143.273
470.0,-730.0,144.226
470.0,-720.0,145.212
470.0,-710.0,146.232
470.0,-700.0,147.288
470.0,-690.0,148.381
470.0,-680.0,149.513
470.0,-670.0,150.684
470.0,-660.0,151.898
470.0,-650.0,153.155
470.0,-640.0,154.458
470.0,-630.0,155.808
470.0,-620.0,157.207
470.0,-610.0,158.659
470.0,-600.0,160.164
470.0,-590.0,161.726
470.0,-580.0,163.347
470.0,-570.0,165.03
470.0,-560.0,166.778
470.0,-550.0,168.595
470.0,-540.0,170.482
470.0,-530.0,172.445
470.0,-520.0,174.487
470.0,-510.0,176.612
470.0,-500.0,178.824
470.0,-490.0,181.128
470.0,-480.0,183.529
470.0,-470.0,186.033
470.0,-460.0,188.644
470.0,-450.0,191.371
470.0,-440.0,194.218
470.0,-430.0,197.193
470.0,-420.0,200.305
470.0,-410.0,203.561
470.0,-400.0,206.971
470.0,-390.0,210.544
470.0,-380.0,214.292
470.0,-370.0,218.226
470.0,-360.0,222.358
470.0,-350.0,226.704
470.0,-340.0,231.277
470.0,-330.0,236.095
470.0,-320.0,241.177
470.0,-310.0,246.542
470.0,-300.0,252.214
470.0,-290.0,258.217
470.0,-280.0,264.578
470.0,-270.0,271.329
470.0,-260.0,278.505
470.0,-250.0,286.143
470.0,-240.0,294.288
470.0,-230.0,302.989
470.0,-220.0,312.3
470.0,-210.0,322.286
470.0,-200.0,333.019
470.0,-190.0,344.582
470.0,-180.0,357.07
470.0,-170.0,370.596
470.0,-160.0,385.288
470.0,-150.0,401.299
470.0,-140.0,418.808
470.0,-130.0,438.031
470.0,-120.0,459.223
470.0,-110.0,482.695
470.0,-100.0,508.828
470.0,-90.0,538.09
470.0,-80.0,571.069
470.0,-70.0,608.506
470.0,-60.0,651.356
470.0,-50.0,700.868
470.0,-40.0,758.704
470.0,-30.0,827.132
470.0,-20.0,909.325
470.0,-10.0,1009.864
470.0,0.0,1030.104
470.0,10.0,1009.864
470.0,20.0,909.325
470.0,30.0,827.132
470.0,40.0,758.704
470.0,50.0,700.868
470.0,60.0,651.356
470.0,70.0,608.506
470.0,80.0,571.069
470.0,90.0,538.09
470.0,100.0,508.828
470.0,110.0,482.695
470.0,120.0,459.223
470.0,130.0,438.031
470.0,140.0,418.808
470.0,150.0,401.299
470.0,160.0,385.288
470.0,170.0,370.596
470.0,180.0,357.07
470.0,190.0,344.582
470.0,200.0,333.019
470.0,210.0,322.286
470.0,220.0,312.3
470.0,230.0,302.989
470.0,240.0,294.288
470.0,250.0,286.143
470.0,260.0,278.505
470.0,270.0,271.329
470.0,280.0,264.578
470.0,290.0,258.217
470.0,300.0,252.214
470.0,310.0,246.542
470.0,320.0,241.177
470.0,330.0,236.095
470.0,340.0,231.277
470.0,350.0,226.704
470.0,360.0,222.358
470.0,370.0,218.226
470.0,380.0,214.292
470.0,390.0,210.544
470.0,400.0,206.971
470.0,410.0,203.561
470.0,420.0,200.305
470.0,430.0,197.193
470.0,440.0,194.218
470.0,450.0,191.371
470.0,460.0,188.644
470.0,470.0,186.033
470.0,480.0,183.529
470.0,490.0,181.128
470.0,500.0,178.824
470.0,510.0,176.612
470.0,520.0,174.487
470.0,530.0,172.445
470.0,540.0,170.482
470.0,550.0,168.595
470.0,560.0,166.778
470.0,570.0,165.03
470.0,580.0,163.347
470.0,590.0,161.726
470.0,600.0,160.164
470.0,610.0,158.659
470.0,620.0,157.207
470.0,630.0,155.808
470.0,640.0,154.458
470.0,650.0,153.155
470.0,660.0,151.898
470.0,670.0,150.684
470.0,680.0,149.513
470.0,690.0,148.381
470.0,700.0,147.288
470.0,710.0,146.232
470.0,720.0,145.212
470.0,730.0,144.226
470.0,740.0,143.273
470.0,750.0,142.351
470.0,760.0,141.461
470.0,770.0,140.599
470.0,780.0,139.766
470.0,790.0,138.961
470.0,800.0,138.181
470.0,810.0,137.428
470.0,820.0,136.699
470.0,830.0,135.993
470.0,840.0,
470.0,850.0,
470.0,860.0,
470.0,870.0,
470.0,880.0,
470.0,890.0,
470.0,900.0,
470.0,910.0,
470.0,920.0,
470.0,930.0,
470.0,940.0,
470.0,950.0,
470.0,960.0,
470.0,970.0,
470.0,980.0,
470.0,990.0,
470.0,1000.0,
480.0,-1000.0,
480.0,-990.0,
480.0,-980.0,
480.0,-970.0,
480.0,-960.0,
480.0,-950.0,
480.0,-940.0,
480.0,-930.0,
480.0,-920.0,
480.0,-910.0,
480.0,-900.0,
480.0,-890.0,
480.0,-880.0,
480.0,-870.0,
480.0,-860.0,
480.0,-850.0,
480.0,-840.0,
480.0,-830.0,134.803
480.0,-820.0,135.494
480.0,-810.0,136.209
480.0,-800.0,136.949
480.0,-790.0,137.713
480.0,-780.0,138.503
480.0,-770.0,139.321
480.0,-760.0,140.166
480.0,-750.0,141.04
480.0,-740.0,141.945
480.0,-730.0,142.881
480.0,-720.0,143.85
480.0,-710.0,144.852
480.0,-700.0,145.889
480.0,-690.0,146.963
480.0,-680.0,148.075
480.0,-670.0,149.227
480.0,-660.0,150.42
480.0,-650.0,151.656
480.0,-640.0,152.937
480.0,-630.0,154.265
480.0,-620.0,155.642
480.0,-610.0,157.07
480.0,-600.0,158.551
480.0,-590.0,160.088
480.0,-580.0,161.684
480.0,-570.0,163.341
480.0,-560.0,165.062
480.0,-550.0,166.851
480.0,-540.0,168.71
480.0,-530.0,170.643
480.0,-520.0,172.654
480.0,-510.0,174.748
480.0,-500.0,176.927
480.0,-490.0,179.198
480.0,-480.0,181.565
480.0,-470.0,184.032
480.0,-460.0,186.607
480.0,-450.0,189.295
480.0,-440.0,192.103
480.0,-430.0,195.037
480.0,-420.0,198.107
480.0,-410.0,201.319
480.0,-400.0,204.683
480.0,-390.0,208.209
480.0,-380.0,211.907
480.0,-370.0,215.79
480.0,-360.0,219.869
480.0,-350.0,224.159
480.0,-340.0,228.674
480.0,-330.0,233.432
480.0,-320.0,238.451
480.0,-310.0,243.75
480.0,-300.0,249.353
480.0,-290.0,255.284
480.0,-280.0,261.57
480.0,-270.0,268.242
480.0,-260.0,275.335
480.0,-250.0,282.886
480.0,-240.0,290.939
480.0,-230.0,299.543
480.0,-220.0,308.752
480.0,-210.0,318.631
480.0,-200.0,329.25
480.0,-190.0,340.692
480.0,-180.0,353.053
480.0,-170.0,366.442
480.0,-160.0,380.99
480.0,-150.0,396.847
480.0,-140.0,414.192
480.0,-130.0,433.239
480.0,-120.0,454.243
480.0,-110.0,477.514
480.0,-100.0,503.432
480.0,-90.0,532.463
480.0,-80.0,565.194
480.0,-70.0,602.367
480.0,-60.0,644.935
480.0,-50.0,694.148
480.0,-40.0,751.673
480.0,-30.0,819.784
480.0,-20.0,901.669
480.0,-10.0,1001.939
480.0,0.0,1020.108
480.0,10.0,1001.939
480.0,20.0,901.669
480.0,30.0,819.784
480.0,40.0,751.673
480.0,50.0,694.148
480.0,60.0,644.935
480.0,70.0,602.367
480.0,80.0,565.194
480.0,90.0,532.463
480.0,100.0,503.432
480.0,110.0,477.514
480.0,120.0,454.243
480.0,130.0,433.239
480.0,140.0,414.192
480.0,150.0,396.847
480.0,160.0,380.99
480.0,170.0,366.442
480.0,180.0,353.053
480.0,190.0,340.692
480.0,200.0,329.25
480.0,210.0,318.631
480.0,220.0,308.752
480.0,230.0,299.543
480.0,240.0,290.939
480.0,250.0,282.886
480.0,260.0,275.335
480.0,270.0,268.242
480.0,280.0,261.57
480.0,290.0,255.284
480.0,300.0,249.353
480.0,310.0,243.75
480.0,320.0,238.451
480.0,330.0,233.432
480.0,340.0,228.674
480.0,350.0,224.159
480.0,360.0,219.869
480.0,370.0,215.79
480.0,380.0,211.907
480.0,390.0,208.209
480.0,400.0,204.683
480.0,410.0,201.319
480.0,420.0,198.107
480.0,430.0,195.037
480.0,440.0,192.103
480.0,450.0,189.295
480.0,460.0,186.607
480.0,470.0,184.032
480.0,480.0,181.565
480.0,490.0,179.198
480.0,500.0,176.927
480.0,510.0,174.748
480.0,520.0,172.654
480.0,530.0,170.643
480.0,540.0,168.71
480.0,550.0,166.851
480.0,560.0,165.062
480.0,570.0,163.341
480.0,580.0,161.684
480.0,590.0,160.088
480.0,600.0,158.551
480.0,610.0,157.07
480.0,620.0,155.642
480.0,630.0,154.265
480.0,640.0,152.937
480.0,650.0,151.656
480.0,660.0,150.42
480.0,670.0,149.227
480.0,680.0,148.075
480.0,690.0,146.963
480.0,700.0,145.889
480.0,710.0,144.852
480.0,720.0,143.85
480.0,730.0,142.881
480.0,740.0,141.945
480.0,750.0,141.04
480.0,760.0,140.166
480.0,770.0,139.321
480.0,780.0,138.503
480.0,790.0,137.713
480.0,800.0,136.949
480.0,810.0,136.209
480.0,820.0,135.494
480.0,830.0,134.803
480.0,840.0,
480.0,850.0,
480.0,860.0,
480.0,870.0,
480.0,880.0,
480.0,890.0,
480.0,900.0,
480.0,910.0,
480.0,920.0,
480.0,930.0,
480.0,940.0,
480.0,950.0,
480.0,960.0,
480.0,970.0,
480.0,980.0,
480.0,990.0,
480.0,1000.0,
490.0,-1000.0,
490.0,-990.0,
490.0,-980.0,
490.0,-970.0,
490.0,-960.0,
490.0,-950.0,
490.0,-940.0,
490.0,-930.0,
490.0,-920.0,
490.0,-910.0,
490.0,-900.0,
490.0,-890.0,
490.0,-880.0,
490.0,-870.0,
490.0,-860.0,
490.0,-850.0,
490.0,-840.0,132.965
490.0,-830.0,133.62
490.0,-820.0,134.298
490.0,-810.0,134.999
490.0,-800.0,135.723
490.0,-790.0,136.473
490.0,-780.0,137.248
490.0,-770.0,138.05
490.0,-760.0,138.879
490.0,-750.0,139.738
490.0,-740.0,140.626
490.0,-730.0,141.544
490.0,-720.0,142.495
490.0,-710.0,143.48
490.0,-700.0,144.499
490.0,-690.0,145.554
490.0,-680.0,146.647
490.0,-670.0,147.779
490.0,-660.0,148.951
490.0,-650.0,150.166
490.0,-640.0,151.426
490.0,-630.0,152.732
490.0,-620.0,154.086
490.0,-610.0,155.49
490.0,-600.0,156.948
490.0,-590.0,158.46
490.0,-580.0,160.031
490.0,-570.0,161.661
490.0,-560.0,163.356
490.0,-550.0,165.116
490.0,-540.0,166.947
490.0,-530.0,168.851
490.0,-520.0,170.832
490.0,-510.0,172.894
490.0,-500.0,175.041
490.0,-490.0,177.278
490.0,-480.0,179.61
490.0,-470.0,182.042
490.0,-460.0,184.58
490.0,-450.0,187.23
490.0,-440.0,189.998
490.0,-430.0,192.892
490.0,-420.0,195.919
490.0,-410.0,199.087
490.0,-400.0,202.406
490.0,-390.0,205.884
490.0,-380.0,209.533
490.0,-370.0,213.365
490.0,-360.0,217.39
490.0,-350.0,221.625
490.0,-340.0,226.083
490.0,-330.0,230.78
490.0,-320.0,235.736
490.0,-310.0,240.97
490.0,-300.0,246.504
490.0,-290.0,252.363
490.0,-280.0,258.574
490.0,-270.0,265.167
490.0,-260.0,272.177
490.0,-250.0,279.641
490.0,-240.0,287.602
490.0,-230.0,296.109
490.0,-220.0,305.217
490.0,-210.0,314.987
490.0,-200.0,325.492
490.0,-190.0,336.814
490.0,-180.0,349.046
490.0,-170.0,362.3
490.0,-160.0,376.703
490.0,-150.0,392.405
490.0,-140.0,409.586
490.0,-130.0,428.457
490.0,-120.0,449.273
490.0,-110.0,472.342
490.0,-100.0,498.043
490.0,-90.0,526.843
490.0,-80.0,559.325
490.0,-70.0,596.231
490.0,-60.0,638.516
490.0,-50.0,687.429
490.0,-40.0,744.639
490.0,-30.0,812.43
490.0,-20.0,894.003
490.0,-10.0,994.0
490.0,0.0,1010.111
490.0,10.0,994.0
490.0,20.0,894.003
490.0,30.0,812.43
490.0,40.0,744.639
490.0,50.0,687.429
490.0,60.0,638.516
490.0,70.0,596.231
490.0,80.0,559.325
490.0,90.0,526.843
490.0,100.0,498.043
490.0,110.0,472.342
490.0,120.0,449.273
490.0,130.0,428.457
490.0,140.0,409.586
490.0,150.0,392.405
490.0,160.0,376.703
490.0,170.0,362.3
490.0,180.0,349.046
490.0,190.0,336.814
490.0,200.0,325.492
490.0,210.0,314.987
490.0,220.0,305.217
490.0,230.0,296.109
490.0,240.0,287.602
490.0,250.0,279.641
490.0,260.0,272.177
490.0,270.0,265.167
490.0,280.0,258.574
490.0,290.0,252.363
490.0,300.0,246.504
490.0,310.0,240.97
490.0,320.0,235.736
490.0,330.0,230.78
490.0,340.0,226.083
490.0,350.0,221.625
490.0,360.0,217.39
490.0,370.0,213.365
490.0,380.0,209.533
490.0,390.0,205.884
490.0,400.0,202.406
490.0,410.0,199.087
490.0,420.0,195.919
490.0,430.0,192.892
490.0,440.0,189.998
490.0,450.0,187.23
490.0,460.0,184.58
490.0,470.0,182.042
490.0,480.0,179.61
490.0,490.0,177.278
490.0,500.0,175.041
490.0,510.0,172.894
490.0,520.0,170.832
490.0,530.0,168.851
490.0,540.0,166.947
490.0,550.0,165.116
490.0,560.0,163.356
490.0,570.0,161.661
490.0,580.0,160.031
490.0,590.0,158.46
490.0,600.0,156.948
490.0,610.0,155.49
490.0,620.0,154.086
490.0,630.0,152.732
490.0,640.0,151.426
490.0,650.0,150.166
490.0,660.0,148.951
490.0,670.0,147.779
490.0,680.0,146.647
490.0,690.0,145.554
490.0,700.0,144.499
490.0,710.0,143.48
490.0,720.0,142.495
490.0,730.0,141.544
490.0,740.0,140.626
490.0,750.0,139.738
490.0,760.0,138.879
490.0,770.0,138.05
490.0,780.0,137.248
490.0,790.0,136.473
490.0,800.0,135.723
490.0,810.0,134.999
490.0,820.0,134.298
490.0,830.0,133.62
490.0,840.0,132.965
490.0,850.0,
490.0,860.0,
490.0,870.0,
490.0,880.0,
490.0,890.0,
490.0,900.0,
490.0,910.0,
490.0,920.0,
490.0,930.0,
490.0,940.0,
490.0,950.0,
490.0,960.0,
490.0,970.0,
490.0,980.0,
490.0,990.0,
490.0,1000.0,
500.0,-1000.0,
500.0,-990.0,
500.0,-980.0,
500.0,-970.0,
500.0,-960.0,
500.0,-950.0,
500.0,-940.0,
500.0,-930.0,
500.0,-920.0,
500.0,-910.0,
500.0,-900.0,
500.0,-890.0,
500.0,-880.0,
500.0,-870.0,
500.0,-860.0,
500.0,-850.0,
500.0,-840.0,131.803
500.0,-830.0,132.445
500.0,-820.0,133.109
500.0,-810.0,133.796
500.0,-800.0,134.506
500.0,-790.0,135.241
500.0,-780.0,136.001
500.0,-770.0,136.787
500.0,-760.0,137.601
500.0,-750.0,138.443
500.0,-740.0,139.314
500.0,-730.0,140.216
500.0,-720.0,141.15
500.0,-710.0,142.116
500.0,-700.0,143.117
500.0,-690.0,144.153
500.0,-680.0,145.227
500.0,-670.0,146.339
500.0,-660.0,147.491
500.0,-650.0,148.686
500.0,-640.0,149.924
500.0,-630.0,151.207
500.0,-620.0,152.539
500.0,-610.0,153.92
500.0,-600.0,155.354
500.0,-590.0,156.842
500.0,-580.0,158.386
500.0,-570.0,159.991
500.0,-560.0,161.659
500.0,-550.0,163.392
500.0,-540.0,165.194
500.0,-530.0,167.068
500.0,-520.0,169.019
500.0,-510.0,171.05
500.0,-500.0,173.165
500.0,-490.0,175.369
500.0,-480.0,177.666
500.0,-470.0,180.063
500.0,-460.0,182.564
500.0,-450.0,185.176
500.0,-440.0,187.905
500.0,-430.0,190.757
500.0,-420.0,193.742
500.0,-410.0,196.866
500.0,-400.0,200.139
500.0,-390.0,203.57
500.0,-380.0,207.17
500.0,-370.0,210.951
500.0,-360.0,214.923
500.0,-350.0,219.102
500.0,-340.0,223.502
500.0,-330.0,228.14
500.0,-320.0,233.033
500.0,-310.0,238.201
500.0,-300.0,243.667
500.0,-290.0,249.454
500.0,-280.0,255.589
500.0,-270.0,262.104
500.0,-260.0,269.03
500.0,-250.0,276.407
500.0,-240.0,284.277
500.0,-230.0,292.687
500.0,-220.0,301.693
500.0,-210.0,311.355
500.0,-200.0,321.746
500.0,-190.0,332.947
500.0,-180.0,345.051
500.0,-170.0,358.169
500.0,-160.0,372.426
500.0,-150.0,387.975
500.0,-140.0,404.99
500.0,-130.0,423.685
500.0,-120.0,444.312
500.0,-110.0,467.179
500.0,-100.0,492.663
500.0,-90.0,521.229
500.0,-80.0,553.462
500.0,-70.0,590.1
500.0,-60.0,632.099
500.0,-50.0,680.709
500.0,-40.0,737.602
500.0,-30.0,805.069
500.0,-20.0,886.326
500.0,-10.0,986.045
500.0,0.0,1000.114
500.0,10.0,986.045
500.0,20.0,886.326
500.0,30.0,805.069
500.0,40.0,737.602
500.0,50.0,680.709
500.0,60.0,632.099
500.0,70.0,590.1
500.0,80.0,553.462
500.0,90.0,521.229
500.0,100.0,492.663
500.0,110.0,467.179
500.0,120.0,444.312
500.0,130.0,423.685
500.0,140.0,404.99
500.0,150.0,387.975
500.0,160.0,372.426
500.0,170.0,358.169
500.0,180.0,345.051
500.0,190.0,332.947
500.0,200.0,321.746
500.0,210.0,311.355
500.0,220.0,301.693
500.0,230.0,292.687
500.0,240.0,284.277
500.0,250.0,276.407
500.0,260.0,269.03
500.0,270.0,262.104
500.0,280.0,255.589
500.0,290.0,249.454
500.0,300.0,243.667
500.0,310.0,238.201
500.0,320.0,233.033
500.0,330.0,228.14
500.0,340.0,223.502
500.0,350.0,219.102
500.0,360.0,214.923
500.0,370.0,210.951
500.0,380.0,207.17
500.0,390.0,203.57
500.0,400.0,200.139
500.0,410.0,196.866
500.0,420.0,193.742
500.0,430.0,190.757
500.0,440.0,187.905
500.0,450.0,185.176
500.0,460.0,182.564
500.0,470.0,180.063
500.0,480.0,177.666
500.0,490.0,175.369
500.0,500.0,173.165
500.0,510.0,171.05
500.0,520.0,169.019
500.0,530.0,167.068
500.0,540.0,165.194
500.0,550.0,163.392
500.0,560.0,161.659
500.0,570.0,159.991
500.0,580.0,158.386
500.0,590.0,156.842
500.0,600.0,155.354
500.0,610.0,153.92
500.0,620.0,152.539
500.0,630.0,151.207
500.0,640.0,149.924
500.0,650.0,148.686
500.0,660.0,147.491
500.0,670.0,146.339
500.0,680.0,145.227
500.0,690.0,144.153
500.0,700.0,143.117
500.0,710.0,142.116
500.0,720.0,141.15
500.0,730.0,140.216
500.0,740.0,139.314
500.0,750.0,138.443
500.0,760.0,137.601
500.0,770.0,136.787
500.0,780.0,136.001
500.0,790.0,135.241
500.0,800.0,134.506
500.0,810.0,133.796
500.0,820.0,133.109
500.0,830.0,132.445
500.0,840.0,131.803
500.0,850.0,
500.0,860.0,
500.0,870.0,
500.0,880.0,
500.0,890.0,
500.0,900.0,
500.0,910.0,
500.0,920.0,
500.0,930.0,
500.0,940.0,
500.0,950.0,
500.0,960.0,
500.0,970.0,
500.0,980.0,
500.0,990.0,
500.0,1000.0,
510.0,-1000.0,
510.0,-990.0,
510.0,-980.0,
510.0,-970.0,
510.0,-960.0,
510.0,-950.0,
510.0,-940.0,
510.0,-930.0,
510.0,-920.0,
510.0,-910.0,
510.0,-900.0,
510.0,-890.0,
510.0,-880.0,
510.0,-870.0,
510.0,-860.0,
510.0,-850.0,130.042
510.0,-840.0,130.649
510.0,-830.0,131.278
510.0,-820.0,131.928
510.0,-810.0,132.601
510.0,-800.0,133.297
510.0,-790.0,134.017
510.0,-780.0,134.762
510.0,-770.0,135.533
510.0,-760.0,136.331
510.0,-750.0,137.156
510.0,-740.0,138.011
510.0,-730.0,138.896
510.0,-720.0,139.812
510.0,-710.0,140.761
510.0,-700.0,141.744
510.0,-690.0,142.761
510.0,-680.0,143.815
510.0,-670.0,144.908
510.0,-660.0,146.04
510.0,-650.0,147.213
510.0,-640.0,148.43
510.0,-630.0,149.692
510.0,-620.0,151.001
510.0,-610.0,152.359
510.0,-600.0,153.769
510.0,-590.0,155.232
510.0,-580.0,156.752
510.0,-570.0,158.331
510.0,-560.0,159.971
510.0,-550.0,161.677
510.0,-540.0,163.45
510.0,-530.0,165.296
510.0,-520.0,167.216
510.0,-510.0,169.216
510.0,-500.0,171.299
510.0,-490.0,173.469
510.0,-480.0,175.733
510.0,-470.0,178.094
510.0,-460.0,180.558
510.0,-450.0,183.132
510.0,-440.0,185.821
510.0,-430.0,188.633
510.0,-420.0,191.576
510.0,-410.0,194.656
510.0,-400.0,197.884
510.0,-390.0,201.268
510.0,-380.0,204.819
510.0,-370.0,208.548
510.0,-360.0,212.468
510.0,-350.0,216.591
510.0,-340.0,220.934
510.0,-330.0,225.511
510.0,-320.0,230.342
510.0,-310.0,235.444
510.0,-300.0,240.841
510.0,-290.0,246.556
510.0,-280.0,252.617
510.0,-270.0,259.052
510.0,-260.0,265.896
510.0,-250.0,273.186
510.0,-240.0,280.963
510.0,-230.0,289.277
510.0,-220.0,298.181
510.0,-210.0,307.736
510.0,-200.0,318.012
510.0,-190.0,329.092
510.0,-180.0,341.068
510.0,-170.0,354.049
510.0,-160.0,368.162
510.0,-150.0,383.555
510.0,-140.0,400.405
510.0,-130.0,418.923
510.0,-120.0,439.361
510.0,-110.0,462.025
510.0,-100.0,487.291
510.0,-90.0,515.623
510.0,-80.0,547.604
510.0,-70.0,583.973
510.0,-60.0,625.684
510.0,-50.0,673.988
510.0,-40.0,730.562
510.0,-30.0,797.701
510.0,-20.0,878.638
510.0,-10.0,978.075
510.0,0.0,990.118
510.0,10.0,978.075
510.0,20.0,878.638
510.0,30.0,797.701
510.0,40.0,730.562
510.0,50.0,673.988
510.0,60.0,625.684
510.0,70.0,583.973
510.0,80.0,547.604
510.0,90.0,515.623
510.0,100.0,487.291
510.0,110.0,462.025
510.0,120.0,439.361
510.0,130.0,418.923
510.0,140.0,400.405
510.0,150.0,383.555
510.0,160.0,368.162
510.0,170.0,354.049
510.0,180.0,341.068
510.0,190.0,329.092
510.0,200.0,318.012
510.0,210.0,307.736
510.0,220.0,298.181
510.0,230.0,289.277
510.0,240.0,280.963
510.0,250.0,273.186
510.0,260.0,265.896
510.0,270.0,259.052
510.0,280.0,252.617
510.0,290.0,246.556
510.0,300.0,240.841
510.0,310.0,235.444
510.0,320.0,230.342
510.0,330.0,225.511
510.0,340.0,220.934
510.0,350.0,216.591
510.0,360.0,212.468
510.0,370.0,208.548
510.0,380.0,204.819
510.0,390.0,201.268
510.0,400.0,197.884
510.0,410.0,194.656
510.0,420.0,191.576
510.0,430.0,188.633
510.0,440.0,185.821
510.0,450.0,183.132
510.0,460.0,180.558
510.0,470.0,178.094
510.0,480.0,175.733
510.0,490.0,173.469
510.0,500.0,171.299
510.0,510.0,169.216
510.0,520.0,167.216
510.0,530.0,165.296
510.0,540.0,163.45
510.0,550.0,161.677
510.0,560.0,159.971
510.0,570.0,158.331
510.0,580.0,156.752
510.0,590.0,155.232
510.0,600.0,153.769
510.0,610.0,152.359
510.0,620.0,151.001
510.0,630.0,149.692
510.0,640.0,148.43
510.0,650.0,147.213
510.0,660.0,146.04
510.0,670.0,144.908
510.0,680.0,143.815
510.0,690.0,142.761
510.0,700.0,141.744
510.0,710.0,140.761
510.0,720.0,139.812
510.0,730.0,138.896
510.0,740.0,138.011
510.0,750.0,137.156
510.0,760.0,136.331
510.0,770.0,135.533
510.0,780.0,134.762
510.0,790.0,134.017
510.0,800.0,133.297
510.0,810.0,132.601
510.0,820.0,131.928
510.0,830.0,131.278
510.0,840.0,130.649
510.0,850.0,130.042
510.0,860.0,
510.0,870.0,
510.0,880.0,
510.0,890.0,
510.0,900.0,
510.0,910.0,
510.0,920.0,
510.0,930.0,
510.0,940.0,
510.0,950.0,
510.0,960.0,
510.0,970.0,
510.0,980.0,
510.0,990.0,
510.0,1000.0,
520.0,-1000.0,
520.0,-990.0,
520.0,-980.0,
520.0,-970.0,
520.0,-960.0,
520.0,-950.0,
520.0,-940.0,
520.0,-930.0,
520.0,-920.0,
520.0,-910.0,
520.0,-900.0,
520.0,-890.0,
520.0,-880.0,
520.0,-870.0,
520.0,-860.0,
520.0,-850.0,128.908
520.0,-840.0,129.503
520.0,-830.0,130.118
520.0,-820.0,130.755
520.0,-810.0,131.413
520.0,-800.0,132.095
520.0,-790.0,132.8
520.0,-780.0,133.53
520.0,-770.0,134.286
520.0,-760.0,135.068
520.0,-750.0,135.878
520.0,-740.0,136.717
520.0,-730.0,137.585
520.0,-720.0,138.484
520.0,-710.0,139.414
520.0,-700.0,140.379
520.0,-690.0,141.378
520.0,-680.0,142.413
520.0,-670.0,143.486
520.0,-660.0,144.598
520.0,-650.0,145.75
520.0,-640.0,146.946
520.0,-630.0,148.186
520.0,-620.0,149.472
520.0,-610.0,150.807
520.0,-600.0,152.193
520.0,-590.0,153.632
520.0,-580.0,155.127
520.0,-570.0,156.68
520.0,-560.0,158.294
520.0,-550.0,159.972
520.0,-540.0,161.717
520.0,-530.0,163.533
520.0,-520.0,165.423
520.0,-510.0,167.392
520.0,-500.0,169.443
520.0,-490.0,171.58
520.0,-480.0,173.809
520.0,-470.0,176.135
520.0,-460.0,178.563
520.0,-450.0,181.099
520.0,-440.0,183.749
520.0,-430.0,186.52
520.0,-420.0,189.42
520.0,-410.0,192.457
520.0,-400.0,195.639
520.0,-390.0,198.976
520.0,-380.0,202.478
520.0,-370.0,206.157
520.0,-360.0,210.023
520.0,-350.0,214.092
520.0,-340.0,218.377
520.0,-330.0,222.894
520.0,-320.0,227.662
520.0,-310.0,232.699
520.0,-300.0,238.027
520.0,-290.0,243.671
520.0,-280.0,249.656
520.0,-270.0,256.013
520.0,-260.0,262.774
520.0,-250.0,269.976
520.0,-240.0,277.662
520.0,-230.0,285.879
520.0,-220.0,294.681
520.0,-210.0,304.128
520.0,-200.0,314.29
520.0,-190.0,325.249
520.0,-180.0,337.097
520.0,-170.0,349.941
520.0,-160.0,363.908
520.0,-150.0,379.146
520.0,-140.0,395.831
520.0,-130.0,414.171
520.0,-120.0,434.419
520.0,-110.0,456.879
520.0,-100.0,481.926
520.0,-90.0,510.024
520.0,-80.0,541.752
520.0,-70.0,577.85
520.0,-60.0,619.271
520.0,-50.0,667.268
520.0,-40.0,723.519
520.0,-30.0,790.327
520.0,-20.0,870.94
520.0,-10.0,970.09
520.0,0.0,980.121
520.0,10.0,970.09
520.0,20.0,870.94
520.0,30.0,790.327
520.0,40.0,723.519
520.0,50.0,667.268
520.0,60.0,619.271
520.0,70.0,577.85
520.0,80.0,541.752
520.0,90.0,510.024
520.0,100.0,481.926
520.0,110.0,456.879
520.0,120.0,434.419
520.0,130.0,414.171
520.0,140.0,395.831
520.0,150.0,379.146
520.0,160.0,363.908
520.0,170.0,349.941
520.0,180.0,337.097
520.0,190.0,325.249
520.0,200.0,314.29
520.0,210.0,304.128
520.0,220.0,294.681
520.0,230.0,285.879
520.0,240.0,277.662
520.0,250.0,269.976
520.0,260.0,262.774
520.0,270.0,256.013
520.0,280.0,249.656
520.0,290.0,243.671
520.0,300.0,238.027
520.0,310.0,232.699
520.0,320.0,227.662
520.0,330.0,222.894
520.0,340.0,218.377
520.0,350.0,214.092
520.0,360.0,210.023
520.0,370.0,206.157
520.0,380.0,202.478
520.0,390.0,198.976
520.0,400.0,195.639
520.0,410.0,192.457
520.0,420.0,189.42
520.0,430.0,186.52
520.0,440.0,183.749
520.0,450.0,181.099
520.0,460.0,178.563
520.0,470.0,176.135
520.0,480.0,173.809
520.0,490.0,171.58
520.0,500.0,169.443
520.0,510.0,167.392
520.0,520.0,165.423
520.0,530.0,163.533
520.0,540.0,161.717
520.0,550.0,159.972
520.0,560.0,158.294
520.0,570.0,156.68
520.0,580.0,155.127
520.0,590.0,153.632
520.0,600.0,152.193
520.0,610.0,150.807
520.0,620.0,149.472
520.0,630.0,148.186
520.0,640.0,146.946
520.0,650.0,145.75
520.0,660.0,144.598
520.0,670.0,143.486
520.0,680.0,142.413
520.0,690.0,141.378
520.0,700.0,140.379
520.0,710.0,139.414
520.0,720.0,138.484
520.0,730.0,137.585
520.0,740.0,136.717
520.0,750.0,135.878
520.0,760.0,135.068
520.0,770.0,134.286
520.0,780.0,133.53
520.0,790.0,132.8
520.0,800.0,132.095
520.0,810.0,131.413
520.0,820.0,130.755
520.0,830.0,130.118
520.0,840.0,129.503
520.0,850.0,128.908
520.0,860.0,
520.0,870.0,
520.0,880.0,
520.0,890.0,
520.0,900.0,
520.0,910.0,
520.0,920.0,
520.0,930.0,
520.0,940.0,
520.0,950.0,
520.0,960.0,
520.0,970.0,
520.0,980.0,
520.0,990.0,
520.0,1000.0,
530.0,-1000.0,
530.0,-990.0,
530.0,-980.0,
530.0,-970.0,
530.0,-960.0,
530.0,-950.0,
530.0,-940.0,
530.0,-930.0,
530.0,-920.0,
530.0,-910.0,
530.0,-900.0,
530.0,-890.0,
530.0,-880.0,
530.0,-870.0,
530.0,-860.0,
530.0,-850.0,127.783
530.0,-840.0,128.364
530.0,-830.0,128.966
530.0,-820.0,129.589
530.0,-810.0,130.234
530.0,-800.0,130.901
530.0,-790.0,131.592
530.0,-780.0,132.307
530.0,-770.0,133.048
530.0,-760.0,133.814
530.0,-750.0,134.608
530.0,-740.0,135.43
530.0,-730.0,136.281
530.0,-720.0,137.163
530.0,-710.0,138.076
530.0,-700.0,139.023
530.0,-690.0,140.003
530.0,-680.0,141.019
530.0,-670.0,142.072
530.0,-660.0,143.164
530.0,-650.0,144.296
530.0,-640.0,145.471
530.0,-630.0,146.689
530.0,-620.0,147.953
530.0,-610.0,149.265
530.0,-600.0,150.627
530.0,-590.0,152.042
530.0,-580.0,153.511
530.0,-570.0,155.038
530.0,-560.0,156.626
530.0,-550.0,158.276
530.0,-540.0,159.994
530.0,-530.0,161.78
530.0,-520.0,163.641
530.0,-510.0,165.578
530.0,-500.0,167.597
530.0,-490.0,169.702
530.0,-480.0,171.896
530.0,-470.0,174.187
530.0,-460.0,176.578
530.0,-450.0,179.076
530.0,-440.0,181.687
530.0,-430.0,184.418
530.0,-420.0,187.276
530.0,-410.0,190.269
530.0,-400.0,193.406
530.0,-390.0,196.696
530.0,-380.0,200.149
530.0,-370.0,203.777
530.0,-360.0,207.591
530.0,-350.0,211.604
530.0,-340.0,215.831
530.0,-330.0,220.289
530.0,-320.0,224.994
530.0,-310.0,229.966
530.0,-300.0,235.226
530.0,-290.0,240.797
530.0,-280.0,246.707
530.0,-270.0,252.985
530.0,-260.0,259.663
530.0,-250.0,266.779
530.0,-240.0,274.373
530.0,-230.0,282.493
530.0,-220.0,291.193
530.0,-210.0,300.532
530.0,-200.0,310.581
530.0,-190.0,321.418
530.0,-180.0,333.137
530.0,-170.0,345.845
530.0,-160.0,359.666
530.0,-150.0,374.749
530.0,-140.0,391.267
530.0,-130.0,409.43
530.0,-120.0,429.487
530.0,-110.0,451.743
530.0,-100.0,476.57
530.0,-90.0,504.431
530.0,-80.0,535.906
530.0,-70.0,571.732
530.0,-60.0,612.861
530.0,-50.0,660.548
530.0,-40.0,716.473
530.0,-30.0,782.946
530.0,-20.0,863.231
530.0,-10.0,962.089
530.0,0.0,970.125
530.0,10.0,962.089
530.0,20.0,863.231
530.0,30.0,782.946
530.0,40.0,716.473
530.0,50.0,660.548
530.0,60.0,612.861
530.0,70.0,571.732
530.0,80.0,535.906
530.0,90.0,504.431
530.0,100.0,476.57
530.0,110.0,451.743
530.0,120.0,429.487
530.0,130.0,409.43
530.0,140.0,391.267
530.0,150.0,374.749
530.0,160.0,359.666
530.0,170.0,345.845
530.0,180.0,333.137
530.0,190.0,321.418
530.0,200.0,310.581
530.0,210.0,300.532
530.0,220.0,291.193
530.0,230.0,282.493
530.0,240.0,274.373
530.0,250.0,266.779
530.0,260.0,259.663
530.0,270.0,252.985
530.0,280.0,246.707
530.0,290.0,240.797
530.0,300.0,235.226
530.0,310.0,229.966
530.0,320.0,224.994
530.0,330.0,220.289
530.0,340.0,215.831
530.0,350.0,211.604
530.0,360.0,207.591
530.0,370.0,203.777
530.0,380.0,200.149
530.0,390.0,196.696
530.0,400.0,193.406
530.0,410.0,190.269
530.0,420.0,187.276
530.0,430.0,184.418
530.0,440.0,181.687
530.0,450.0,179.076
530.0,460.0,176.578
530.0,470.0,174.187
530.0,480.0,171.896
530.0,490.0,169.702
530.0,500.0,167.597
530.0,510.0,165.578
530.0,520.0,163.641
530.0,530.0,161.78
530.0,540.0,159.994
530.0,550.0,158.276
530.0,560.0,156.626
530.0,570.0,155.038
530.0,580.0,153.511
530.0,590.0,152.042
530.0,600.0,150.627
530.0,610.0,149.265
530.0,620.0,147.953
530.0,630.0,146.689
530.0,640.0,145.471
530.0,650.0,144.296
530.0,660.0,143.164
530.0,670.0,142.072
530.0,680.0,141.019
530.0,690.0,140.003
530.0,700.0,139.023
530.0,710.0,138.076
530.0,720.0,137.163
530.0,730.0,136.281
530.0,740.0,135.43
530.0,750.0,134.608
530.0,760.0,133.814
530.0,770.0,133.048
530.0,780.0,132.307
530.0,790.0,131.592
530.0,800.0,130.901
530.0,810.0,130.234
530.0,820.0,129.589
530.0,830.0,128.966
530.0,840.0,128.364
530.0,850.0,127.783
530.0,860.0,
530.0,870.0,
530.0,880.0,
530.0,890.0,
530.0,900.0,
530.0,910.0,
530.0,920.0,
530.0,930.0,
530.0,940.0,
530.0,950.0,
530.0,960.0,
530.0,970.0,
530.0,980.0,
530.0,990.0,
530.0,1000.0,
540.0,-1000.0,
540.0,-990.0,
540.0,-980.0,
540.0,-970.0,
540.0,-960.0,
540.0,-950.0,
540.0,-940.0,
540.0,-930.0,
540.0,-920.0,
540.0,-910.0,
540.0,-900.0,
540.0,-890.0,
540.0,-880.0,
540.0,-870.0,
540.0,-860.0,
540.0,-850.0,
540.0,-840.0,127.233
540.0,-830.0,127.822
540.0,-820.0,128.431
540.0,-810.0,129.062
540.0,-800.0,129.715
540.0,-790.0,130.392
540.0,-780.0,131.092
540.0,-770.0,131.818
540.0,-760.0,132.569
540.0,-750.0,133.347
540.0,-740.0,134.152
540.0,-730.0,134.987
540.0,-720.0,135.851
540.0,-710.0,136.747
540.0,-700.0,137.675
540.0,-690.0,138.637
540.0,-680.0,139.634
540.0,-670.0,140.668
540.0,-660.0,141.74
540.0,-650.0,142.851
540.0,-640.0,144.005
540.0,-630.0,145.201
540.0,-620.0,146.443
540.0,-610.0,147.732
540.0,-600.0,149.071
540.0,-590.0,150.461
540.0,-580.0,151.905
540.0,-570.0,153.407
540.0,-560.0,154.968
540.0,-550.0,156.591
540.0,-540.0,158.28
540.0,-530.0,160.038
540.0,-520.0,161.868
540.0,-510.0,163.775
540.0,-500.0,165.762
540.0,-490.0,167.833
540.0,-480.0,169.994
540.0,-470.0,172.249
540.0,-460.0,174.604
540.0,-450.0,177.065
540.0,-440.0,179.637
540.0,-430.0,182.327
540.0,-420.0,185.143
540.0,-410.0,188.093
540.0,-400.0,191.184
540.0,-390.0,194.427
540.0,-380.0,197.832
540.0,-370.0,201.408
540.0,-360.0,205.169
540.0,-350.0,209.128
540.0,-340.0,213.298
540.0,-330.0,217.695
540.0,-320.0,222.338
540.0,-310.0,227.244
540.0,-300.0,232.436
540.0,-290.0,237.936
540.0,-280.0,243.771
540.0,-270.0,249.97
540.0,-260.0,256.565
540.0,-250.0,263.594
540.0,-240.0,271.096
540.0,-230.0,279.12
540.0,-220.0,287.717
540.0,-210.0,296.949
540.0,-200.0,306.883
540.0,-190.0,317.599
540.0,-180.0,329.189
540.0,-170.0,341.76
540.0,-160.0,355.436
540.0,-150.0,370.363
540.0,-140.0,386.715
540.0,-130.0,404.699
540.0,-120.0,424.565
540.0,-110.0,446.616
540.0,-100.0,471.223
540.0,-90.0,498.846
540.0,-80.0,530.066
540.0,-70.0,565.617
540.0,-60.0,606.453
540.0,-50.0,653.827
540.0,-40.0,709.423
540.0,-30.0,775.559
540.0,-20.0,855.51
540.0,-10.0,954.071
540.0,0.0,960.128
540.0,10.0,954.071
540.0,20.0,855.51
540.0,30.0,775.559
540.0,40.0,709.423
540.0,50.0,653.827
540.0,60.0,606.453
540.0,70.0,565.617
540.0,80.0,530.066
540.0,90.0,498.846
540.0,100.0,471.223
540.0,110.0,446.616
540.0,120.0,424.565
540.0,130.0,404.699
540.0,140.0,386.715
540.0,150.0,370.363
540.0,160.0,355.436
540.0,170.0,341.76
540.0,180.0,329.189
540.0,190.0,317.599
540.0,200.0,306.883
540.0,210.0,296.949
540.0,220.0,287.717
540.0,230.0,279.12
540.0,240.0,271.096
540.0,250.0,263.594
540.0,260.0,256.565
540.0,270.0,249.97
540.0,280.0,243.771
540.0,290.0,237.936
540.0,300.0,232.436
540.0,310.0,227.244
540.0,320.0,222.338
540.0,330.0,217.695
540.0,340.0,213.298
540.0,350.0,209.128
540.0,360.0,205.169
540.0,370.0,201.408
540.0,380.0,197.832
540.0,390.0,194.427
540.0,400.0,191.184
540.0,410.0,188.093
540.0,420.0,185.143
540.0,430.0,182.327
540.0,440.0,179.637
540.0,450.0,177.065
540.0,460.0,174.604
540.0,470.0,172.249
540.0,480.0,169.994
540.0,490.0,167.833
540.0,500.0,165.762
540.0,510.0,163.775
540.0,520.0,161.868
540.0,530.0,160.038
540.0,540.0,158.28
540.0,550.0,156.591
540.0,560.0,154.968
540.0,570.0,153.407
540.0,580.0,151.905
540.0,590.0,150.461
540.0,600.0,149.071
540.0,610.0,147.732
540.0,620.0,146.443
540.0,630.0,145.201
540.0,640.0,144.005
540.0,650.0,142.851
540.0,660.0,141.74
540.0,670.0,140.668
540.0,680.0,139.634
540.0,690.0,138.637
540.0,700.0,137.675
540.0,710.0,136.747
540.0,720.0,135.851
540.0,730.0,134.987
540.0,740.0,134.152
540.0,750.0,133.347
540.0,760.0,132.569
540.0,770.0,131.818
540.0,780.0,131.092
540.0,790.0,130.392
540.0,800.0,129.715
540.0,810.0,129.062
540.0,820.0,128.431
540.0,830.0,127.822
540.0,840.0,127.233
540.0,850.0,
540.0,860.0,
540.0,870.0,
540.0,880.0,
540.0,890.0,
540.0,900.0,
540.0,910.0,
540.0,920.0,
540.0,930.0,
540.0,940.0,
540.0,950.0,
540.0,960.0,
540.0,970.0,
540.0,980.0,
540.0,990.0,
540.0,1000.0,
550.0,-1000.0,
550.0,-990.0,
550.0,-980.0,
550.0,-970.0,
550.0,-960.0,
550.0,-950.0,
550.0,-940.0,
550.0,-930.0,
550.0,-920.0,
550.0,-910.0,
550.0,-900.0,
550.0,-890.0,
550.0,-880.0,
550.0,-870.0,
550.0,-860.0,
550.0,-850.0,
550.0,-840.0,
550.0,-830.0,126.685
550.0,-820.0,127.281
550.0,-810.0,127.898
550.0,-800.0,128.538
550.0,-790.0,129.2
550.0,-780.0,129.885
550.0,-770.0,130.596
550.0,-760.0,131.331
550.0,-750.0,132.093
550.0,-740.0,132.883
550.0,-730.0,133.7
550.0,-720.0,134.548
550.0,-710.0,135.426
550.0,-700.0,136.336
550.0,-690.0,137.28
550.0,-680.0,138.258
550.0,-670.0,139.272
550.0,-660.0,140.324
550.0,-650.0,141.416
550.0,-640.0,142.548
550.0,-630.0,143.723
550.0,-620.0,144.942
550.0,-610.0,146.208
550.0,-600.0,147.524
550.0,-590.0,148.89
550.0,-580.0,150.309
550.0,-570.0,151.785
550.0,-560.0,153.32
550.0,-550.0,154.916
550.0,-540.0,156.577
550.0,-530.0,158.306
550.0,-520.0,160.106
550.0,-510.0,161.982
550.0,-500.0,163.937
550.0,-490.0,165.976
550.0,-480.0,168.102
550.0,-470.0,170.323
550.0,-460.0,172.641
550.0,-450.0,175.064
550.0,-440.0,177.597
550.0,-430.0,180.247
550.0,-420.0,183.021
550.0,-410.0,185.927
550.0,-400.0,188.974
550.0,-390.0,192.17
550.0,-380.0,195.526
550.0,-370.0,199.052
550.0,-360.0,202.76
550.0,-350.0,206.663
550.0,-340.0,210.776
550.0,-330.0,215.114
550.0,-320.0,219.694
550.0,-310.0,224.535
550.0,-300.0,229.658
550.0,-290.0,235.087
550.0,-280.0,240.847
550.0,-270.0,246.967
550.0,-260.0,253.48
550.0,-250.0,260.421
550.0,-240.0,267.832
550.0,-230.0,275.759
550.0,-220.0,284.254
550.0,-210.0,293.377
550.0,-200.0,303.197
550.0,-190.0,313.792
550.0,-180.0,325.254
550.0,-170.0,337.687
550.0,-160.0,351.217
550.0,-150.0,365.988
550.0,-140.0,382.173
550.0,-130.0,399.979
550.0,-120.0,419.653
550.0,-110.0,441.498
550.0,-100.0,465.883
550.0,-90.0,493.269
550.0,-80.0,524.232
550.0,-70.0,559.507
550.0,-60.0,600.047
550.0,-50.0,647.106
550.0,-40.0,702.371
550.0,-30.0,768.164
550.0,-20.0,847.778
550.0,-10.0,946.038
550.0,0.0,950.132
550.0,10.0,946.038
550.0,20.0,847.778
550.0,30.0,768.164
550.0,40.0,702.371
550.0,50.0,647.106
550.0,60.0,600.047
550.0,70.0,559.507
550.0,80.0,524.232
550.0,90.0,493.269
550.0,100.0,465.883
550.0,110.0,441.498
550.0,120.0,419.653
550.0,130.0,399.979
550.0,140.0,382.173
550.0,150.0,365.988
550.0,160.0,351.217
550.0,170.0,337.687
550.0,180.0,325.254
550.0,190.0,313.792
550.0,200.0,303.197
550.0,210.0,293.377
550.0,220.0,284.254
550.0,230.0,275.759
550.0,240.0,267.832
550.0,250.0,260.421
550.0,260.0,253.48
550.0,270.0,246.967
550.0,280.0,240.847
550.0,290.0,235.087
550.0,300.0,229.658
550.0,310.0,224.535
550.0,320.0,219.694
550.0,330.0,215.114
550.0,340.0,210.776
550.0,350.0,206.663
550.0,360.0,202.76
550.0,370.0,199.052
550.0,380.0,195.526
550.0,390.0,192.17
550.0,400.0,188.974
550.0,410.0,185.927
550.0,420.0,183.021
550.0,430.0,180.247
550.0,440.0,177.597
550.0,450.0,175.064
550.0,460.0,172.641
550.0,470.0,170.323
550.0,480.0,168.102
550.0,490.0,165.976
550.0,500.0,163.937
550.0,510.0,161.982
550.0,520.0,160.106
550.0,530.0,158.306
550.0,540.0,156.577
550.0,550.0,154.916
550.0,560.0,153.32
550.0,570.0,151.785
550.0,580.0,150.309
550.0,590.0,148.89
550.0,600.0,147.524
550.0,610.0,146.208
550.0,620.0,144.942
550.0,630.0,143.723
550.0,640.0,142.548
550.0,650.0,141.416
550.0,660.0,140.324
550.0,670.0,139.272
550.0,680.0,138.258
550.0,690.0,137.28
550.0,700.0,136.336
550.0,710.0,135.426
550.0,720.0,134.548
550.0,730.0,133.7
550.0,740.0,132.883
550.0,750.0,132.093
550.0,760.0,131.331
550.0,770.0,130.596
550.0,780.0,129.885
550.0,790.0,129.2
550.0,800.0,128.538
550.0,810.0,127.898
550.0,820.0,127.281
550.0,830.0,126.685
550.0,840.0,
550.0,850.0,
550.0,860.0,
550.0,870.0,
550.0,880.0,
550.0,890.0,
550.0,900.0,
550.0,910.0,
550.0,920.0,
550.0,930.0,
550.0,940.0,
550.0,950.0,
550.0,960.0,
550.0,970.0,
550.0,980.0,
550.0,990.0,
550.0,1000.0,
560.0,-1000.0,
560.0,-990.0,
560.0,-980.0,
560.0,-970.0,
560.0,-960.0,
560.0,-950.0,
560.0,-940.0,
560.0,-930.0,
560.0,-920.0,
560.0,-910.0,
560.0,-900.0,
560.0,-890.0,
560.0,-880.0,
560.0,-870.0,
560.0,-860.0,
560.0,-850.0,
560.0,-840.0,
560.0,-830.0,125.556
560.0,-820.0,126.139
560.0,-810.0,126.742
560.0,-800.0,127.368
560.0,-790.0,128.015
560.0,-780.0,128.686
560.0,-770.0,129.382
560.0,-760.0,130.102
560.0,-750.0,130.848
560.0,-740.0,131.621
560.0,-730.0,132.423
560.0,-720.0,133.253
560.0,-710.0,134.114
560.0,-700.0,135.006
560.0,-690.0,135.932
560.0,-680.0,136.891
560.0,-670.0,137.886
560.0,-660.0,138.918
560.0,-650.0,139.989
560.0,-640.0,141.1
560.0,-630.0,142.253
560.0,-620.0,143.451
560.0,-610.0,144.694
560.0,-600.0,145.986
560.0,-590.0,147.328
560.0,-580.0,148.723
560.0,-570.0,150.173
560.0,-560.0,151.681
560.0,-550.0,153.25
560.0,-540.0,154.883
560.0,-530.0,156.583
560.0,-520.0,158.354
560.0,-510.0,160.199
560.0,-500.0,162.123
560.0,-490.0,164.128
560.0,-480.0,166.221
560.0,-470.0,168.406
560.0,-460.0,170.689
560.0,-450.0,173.074
560.0,-440.0,175.568
560.0,-430.0,178.178
560.0,-420.0,180.91
560.0,-410.0,183.773
560.0,-400.0,186.775
560.0,-390.0,189.924
560.0,-380.0,193.231
560.0,-370.0,196.706
560.0,-360.0,200.362
560.0,-350.0,204.211
560.0,-340.0,208.266
560.0,-330.0,212.544
560.0,-320.0,217.062
560.0,-310.0,221.838
560.0,-300.0,226.893
560.0,-290.0,232.25
560.0,-280.0,237.935
560.0,-270.0,243.976
560.0,-260.0,250.406
560.0,-250.0,257.261
560.0,-240.0,264.58
560.0,-230.0,272.41
560.0,-220.0,280.803
560.0,-210.0,289.819
560.0,-200.0,299.524
560.0,-190.0,309.998
560.0,-180.0,321.33
560.0,-170.0,333.626
560.0,-160.0,347.009
560.0,-150.0,361.624
560.0,-140.0,377.642
560.0,-130.0,395.269
560.0,-120.0,414.751
560.0,-110.0,436.389
560.0,-100.0,460.552
560.0,-90.0,487.698
560.0,-80.0,518.403
560.0,-70.0,553.401
560.0,-60.0,593.644
560.0,-50.0,640.385
560.0,-40.0,695.315
560.0,-30.0,760.762
560.0,-20.0,840.035
560.0,-10.0,937.987
560.0,0.0,940.136
560.0,10.0,937.987
560.0,20.0,840.035
560.0,30.0,760.762
560.0,40.0,695.315
560.0,50.0,640.385
560.0,60.0,593.644
560.0,70.0,553.401
560.0,80.0,518.403
560.0,90.0,487.698
560.0,100.0,460.552
560.0,110.0,436.389
560.0,120.0,414.751
560.0,130.0,395.269
560.0,140.0,377.642
560.0,150.0,361.624
560.0,160.0,347.009
560.0,170.0,333.626
560.0,180.0,321.33
560.0,190.0,309.998
560.0,200.0,299.524
560.0,210.0,289.819
560.0,220.0,280.803
560.0,230.0,272.41
560.0,240.0,264.58
560.0,250.0,257.261
560.0,260.0,250.406
560.0,270.0,243.976
560.0,280.0,237.935
560.0,290.0,232.25
560.0,300.0,226.893
560.0,310.0,221.838
560.0,320.0,217.062
560.0,330.0,212.544
560.0,340.0,208.266
560.0,350.0,204.211
560.0,360.0,200.362
560.0,370.0,196.706
560.0,380.0,193.231
560.0,390.0,189.924
560.0,400.0,186.775
560.0,410.0,183.773
560.0,420.0,180.91
560.0,430.0,178.178
560.0,440.0,175.568
560.0,450.0,173.074
560.0,460.0,170.689
560.0,470.0,168.406
560.0,480.0,166.221
560.0,490.0,164.128
560.0,500.0,162.123
560.0,510.0,160.199
560.0,520.0,158.354
560.0,530.0,156.583
560.0,540.0,154.883
560.0,550.0,153.25
560.0,560.0,151.681
560.0,570.0,150.173
560.0,580.0,148.723
560.0,590.0,147.328
560.0,600.0,145.986
560.0,610.0,144.694
560.0,620.0,143.451
560.0,630.0,142.253
560.0,640.0,141.1
560.0,650.0,139.989
560.0,660.0,138.918
560.0,670.0,137.886
560.0,680.0,136.891
560.0,690.0,135.932
560.0,700.0,135.006
560.0,710.0,134.114
560.0,720.0,133.253
560.0,730.0,132.423
560.0,740.0,131.621
560.0,750.0,130.848
560.0,760.0,130.102
560.0,770.0,129.382
560.0,780.0,128.686
560.0,790.0,128.015
560.0,800.0,127.368
560.0,810.0,126.742
560.0,820.0,126.139
560.0,830.0,125.556
560.0,840.0,
560.0,850.0,
560.0,860.0,
560.0,870.0,
560.0,880.0,
560.0,890.0,
560.0,900.0,
560.0,910.0,
560.0,920.0,
560.0,930.0,
560.0,940.0,
560.0,950.0,
560.0,960.0,
560.0,970.0,
560.0,980.0,
560.0,990.0,
560.0,1000.0,
570.0,-1000.0,
570.0,-990.0,
570.0,-980.0,
570.0,-970.0,
570.0,-960.0,
570.0,-950.0,
570.0,-940.0,
570.0,-930.0,
570.0,-920.0,
570.0,-910.0,
570.0,-900.0,
570.0,-890.0,
570.0,-880.0,
570.0,-870.0,
570.0,-860.0,
570.0,-850.0,
570.0,-840.0,
570.0,-830.0,
570.0,-820.0,125.005
570.0,-810.0,125.595
570.0,-800.0,126.206
570.0,-790.0,126.839
570.0,-780.0,127.496
570.0,-770.0,128.176
570.0,-760.0,128.881
570.0,-750.0,129.612
570.0,-740.0,130.369
570.0,-730.0,131.154
570.0,-720.0,131.967
570.0,-710.0,132.811
570.0,-700.0,133.685
570.0,-690.0,134.592
570.0,-680.0,135.533
570.0,-670.0,136.509
570.0,-660.0,137.521
570.0,-650.0,138.571
570.0,-640.0,139.662
570.0,-630.0,140.794
570.0,-620.0,141.969
570.0,-610.0,143.19
570.0,-600.0,144.458
570.0,-590.0,145.776
570.0,-580.0,147.147
570.0,-570.0,148.571
570.0,-560.0,150.053
570.0,-550.0,151.595
570.0,-540.0,153.2
570.0,-530.0,154.872
570.0,-520.0,156.613
570.0,-510.0,158.427
570.0,-500.0,160.319
570.0,-490.0,162.292
570.0,-480.0,164.351
570.0,-470.0,166.501
570.0,-460.0,168.747
570.0,-450.0,171.095
570.0,-440.0,173.55
570.0,-430.0,176.12
570.0,-420.0,178.811
570.0,-410.0,181.63
570.0,-400.0,184.587
570.0,-390.0,187.69
570.0,-380.0,190.948
570.0,-370.0,194.373
570.0,-360.0,197.976
570.0,-350.0,201.77
570.0,-340.0,205.768
570.0,-330.0,209.987
570.0,-320.0,214.442
570.0,-310.0,219.153
570.0,-300.0,224.14
570.0,-290.0,229.425
570.0,-280.0,235.036
570.0,-270.0,240.998
570.0,-260.0,247.346
570.0,-250.0,254.113
570.0,-240.0,261.341
570.0,-230.0,269.074
570.0,-220.0,277.365
570.0,-210.0,286.272
570.0,-200.0,295.863
570.0,-190.0,306.215
570.0,-180.0,317.419
570.0,-170.0,329.577
570.0,-160.0,342.814
570.0,-150.0,357.272
570.0,-140.0,373.123
570.0,-130.0,390.57
570.0,-120.0,409.859
570.0,-110.0,431.29
570.0,-100.0,455.23
570.0,-90.0,482.136
570.0,-80.0,512.581
570.0,-70.0,547.3
570.0,-60.0,587.243
570.0,-50.0,633.664
570.0,-40.0,688.255
570.0,-30.0,753.353
570.0,-20.0,832.28
570.0,-10.0,929.92
570.0,0.0,930.14
570.0,10.0,929.92
570.0,20.0,832.28
570.0,30.0,753.353
570.0,40.0,688.255
570.0,50.0,633.664
570.0,60.0,587.243
570.0,70.0,547.3
570.0,80.0,512.581
570.0,90.0,482.136
570.0,100.0,455.23
570.0,110.0,431.29
570.0,120.0,409.859
570.0,130.0,390.57
570.0,140.0,373.123
570.0,150.0,357.272
570.0,160.0,342.814
570.0,170.0,329.577
570.0,180.0,317.419
570.0,190.0,306.215
570.0,200.0,295.863
570.0,210.0,286.272
570.0,220.0,277.365
570.0,230.0,269.074
570.0,240.0,261.341
570.0,250.0,254.113
570.0,260.0,247.346
570.0,270.0,240.998
570.0,280.0,235.036
570.0,290.0,229.425
570.0,300.0,224.14
570.0,310.0,219.153
570.0,320.0,214.442
570.0,330.0,209.987
570.0,340.0,205.768
570.0,350.0,201.77
570.0,360.0,197.976
570.0,370.0,194.373
570.0,380.0,190.948
570.0,390.0,187.69
570.0,400.0,184.587
570.0,410.0,181.63
570.0,420.0,178.811
570.0,430.0,176.12
570.0,440.0,173.55
570.0,450.0,171.095
570.0,460.0,168.747
570.0,470.0,166.501
570.0,480.0,164.351
570.0,490.0,162.292
570.0,500.0,160.319
570.0,510.0,158.427
570.0,520.0,156.613
570.0,530.0,154.872
570.0,540.0,153.2
570.0,550.0,151.595
570.0,560.0,150.053
570.0,570.0,148.571
570.0,580.0,147.147
570.0,590.0,145.776
570.0,600.0,144.458
570.0,610.0,143.19
570.0,620.0,141.969
570.0,630.0,140.794
570.0,640.0,139.662
570.0,650.0,138.571
570.0,660.0,137.521
570.0,670.0,136.509
570.0,680.0,135.533
570.0,690.0,134.592
570.0,700.0,133.685
570.0,710.0,132.811
570.0,720.0,131.967
570.0,730.0,131.154
570.0,740.0,130.369
570.0,750.0,129.612
570.0,760.0,128.881
570.0,770.0,128.176
570.0,780.0,127.496
570.0,790.0,126.839
570.0,800.0,126.206
570.0,810.0,125.595
570.0,820.0,125.005
570.0,830.0,
570.0,840.0,
570.0,850.0,
570.0,860.0,
570.0,870.0,
570.0,880.0,
570.0,890.0,
570.0,900.0,
570.0,910.0,
570.0,920.0,
570.0,930.0,
570.0,940.0,
570.0,950.0,
570.0,960.0,
570.0,970.0,
570.0,980.0,
570.0,990.0,
570.0,1000.0,
580.0,-1000.0,
580.0,-990.0,
580.0,-980.0,
580.0,-970.0,
580.0,-960.0,
580.0,-950.0,
580.0,-940.0,
580.0,-930.0,
580.0,-920.0,
580.0,-910.0,
580.0,-900.0,
580.0,-890.0,
580.0,-880.0,
580.0,-870.0,
580.0,-860.0,
580.0,-850.0,
580.0,-840.0,
580.0,-830.0,
580.0,-820.0,
580.0,-810.0,124.455
580.0,-800.0,125.052
580.0,-790.0,125.672
580.0,-780.0,126.314
580.0,-770.0,126.979
580.0,-760.0,127.669
580.0,-750.0,128.384
580.0,-740.0,129.125
580.0,-730.0,129.893
580.0,-720.0,130.69
580.0,-710.0,131.516
580.0,-700.0,132.373
580.0,-690.0,133.262
580.0,-680.0,134.184
580.0,-670.0,135.14
580.0,-660.0,136.133
580.0,-650.0,137.163
580.0,-640.0,138.233
580.0,-630.0,139.343
580.0,-620.0,140.497
580.0,-610.0,141.695
580.0,-600.0,142.94
580.0,-590.0,144.234
580.0,-580.0,145.58
580.0,-570.0,146.979
580.0,-560.0,148.435
580.0,-550.0,149.95
580.0,-540.0,151.527
580.0,-530.0,153.17
580.0,-520.0,154.881
580.0,-510.0,156.665
580.0,-500.0,158.526
580.0,-490.0,160.466
580.0,-480.0,162.492
580.0,-470.0,164.607
580.0,-460.0,166.817
580.0,-450.0,169.127
580.0,-440.0,171.544
580.0,-430.0,174.073
580.0,-420.0,176.723
580.0,-410.0,179.499
580.0,-400.0,182.411
580.0,-390.0,185.467
580.0,-380.0,188.677
580.0,-370.0,192.051
580.0,-360.0,195.602
580.0,-350.0,199.341
580.0,-340.0,203.282
580.0,-330.0,207.441
580.0,-320.0,211.834
580.0,-310.0,216.48
580.0,-300.0,221.399
580.0,-290.0,226.613
580.0,-280.0,232.149
580.0,-270.0,238.033
580.0,-260.0,244.298
580.0,-250.0,250.978
580.0,-240.0,258.114
580.0,-230.0,265.751
580.0,-220.0,273.94
580.0,-210.0,282.739
580.0,-200.0,292.215
580.0,-190.0,302.446
580.0,-180.0,313.52
580.0,-170.0,325.541
580.0,-160.0,338.631
580.0,-150.0,352.932
580.0,-140.0,368.615
580.0,-130.0,385.882
580.0,-120.0,404.978
580.0,-110.0,426.201
580.0,-100.0,449.916
580.0,-90.0,476.58
580.0,-80.0,506.765
580.0,-70.0,541.204
580.0,-60.0,580.844
580.0,-50.0,626.943
580.0,-40.0,681.193
580.0,-30.0,745.937
580.0,-20.0,824.513
580.0,-10.0,920.483
580.0,0.0,920.144
580.0,10.0,920.483
580.0,20.0,824.513
580.0,30.0,745.937
580.0,40.0,681.193
580.0,50.0,626.943
580.0,60.0,580.844
580.0,70.0,541.204
580.0,80.0,506.765
580.0,90.0,476.58
580.0,100.0,449.916
580.0,110.0,426.201
580.0,120.0,404.978
580.0,130.0,385.882
580.0,140.0,368.615
580.0,150.0,352.932
580.0,160.0,338.631
580.0,170.0,325.541
580.0,180.0,313.52
580.0,190.0,302.446
580.0,200.0,292.215
580.0,210.0,282.739
580.0,220.0,273.94
580.0,230.0,265.751
580.0,240.0,258.114
580.0,250.0,250.978
580.0,260.0,244.298
580.0,270.0,238.033
580.0,280.0,232.149
580.0,290.0,226.613
580.0,300.0,221.399
580.0,310.0,216.48
580.0,320.0,211.834
580.0,330.0,207.441
580.0,340.0,203.282
580.0,350.0,199.341
580.0,360.0,195.602
580.0,370.0,192.051
580.0,380.0,188.677
580.0,390.0,185.467
580.0,400.0,182.411
580.0,410.0,179.499
580.0,420.0,176.723
580.0,430.0,174.073
580.0,440.0,171.544
580.0,450.0,169.127
580.0,460.0,166.817
580.0,470.0,164.607
580.0,480.0,162.492
580.0,490.0,160.466
580.0,500.0,158.526
580.0,510.0,156.665
580.0,520.0,154.881
580.0,530.0,153.17
580.0,540.0,151.527
580.0,550.0,149.95
580.0,560.0,148.435
580.0,570.0,146.979
580.0,580.0,145.58
580.0,590.0,144.234
580.0,600.0,142.94
580.0,610.0,141.695
580.0,620.0,140.497
580.0,630.0,139.343
580.0,640.0,138.233
580.0,650.0,137.163
580.0,660.0,136.133
580.0,670.0,135.14
580.0,680.0,134.184
580.0,690.0,133.262
580.0,700.0,132.373
580.0,710.0,131.516
580.0,720.0,130.69
580.0,730.0,129.893
580.0,740.0,129.125
580.0,750.0,128.384
580.0,760.0,127.669
580.0,770.0,126.979
580.0,780.0,126.314
580.0,790.0,125.672
580.0,800.0,125.052
580.0,810.0,124.455
580.0,820.0,
580.0,830.0,
580.0,840.0,
580.0,850.0,
580.0,860.0,
580.0,870.0,
580.0,880.0,
580.0,890.0,
580.0,900.0,
580.0,910.0,
580.0,920.0,
580.0,930.0,
580.0,940.0,
580.0,950.0,
580.0,960.0,
580.0,970.0,
580.0,980.0,
580.0,990.0,
580.0,1000.0,
590.0,-1000.0,
590.0,-990.0,
590.0,-980.0,
590.0,-970.0,
590.0,-960.0,
590.0,-950.0,
590.0,-940.0,
590.0,-930.0,
590.0,-920.0,
590.0,-910.0,
590.0,-900.0,
590.0,-890.0,
590.0,-880.0,
590.0,-870.0,
590.0,-860.0,
590.0,-850.0,
590.0,-840.0,
590.0,-830.0,
590.0,-820.0,
590.0,-810.0,123.323
590.0,-800.0,123.907
590.0,-790.0,124.512
590.0,-780.0,125.139
590.0,-770.0,125.79
590.0,-760.0,126.465
590.0,-750.0,127.164
590.0,-740.0,127.889
590.0,-730.0,128.641
590.0,-720.0,129.421
590.0,-710.0,130.23
590.0,-700.0,131.07
590.0,-690.0,131.94
590.0,-680.0,132.844
590.0,-670.0,133.781
590.0,-660.0,134.754
590.0,-650.0,135.764
590.0,-640.0,136.813
590.0,-630.0,137.903
590.0,-620.0,139.034
590.0,-610.0,140.21
590.0,-600.0,141.432
590.0,-590.0,142.702
590.0,-580.0,144.023
590.0,-570.0,145.397
590.0,-560.0,146.827
590.0,-550.0,148.315
590.0,-540.0,149.865
590.0,-530.0,151.479
590.0,-520.0,153.161
590.0,-510.0,154.914
590.0,-500.0,156.743
590.0,-490.0,158.651
590.0,-480.0,160.643
590.0,-470.0,162.724
590.0,-460.0,164.898
590.0,-450.0,167.171
590.0,-440.0,169.549
590.0,-430.0,172.038
590.0,-420.0,174.646
590.0,-410.0,177.379
590.0,-400.0,180.246
590.0,-390.0,183.256
590.0,-380.0,186.418
590.0,-370.0,189.742
590.0,-360.0,193.24
590.0,-350.0,196.924
590.0,-340.0,200.809
590.0,-330.0,204.908
590.0,-320.0,209.239
590.0,-310.0,213.82
590.0,-300.0,218.671
590.0,-290.0,223.814
590.0,-280.0,229.274
590.0,-270.0,235.08
590.0,-260.0,241.262
590.0,-250.0,247.856
590.0,-240.0,254.9
590.0,-230.0,262.44
590.0,-220.0,270.527
590.0,-210.0,279.218
590.0,-200.0,288.58
590.0,-190.0,298.688
590.0,-180.0,309.633
590.0,-170.0,321.516
590.0,-160.0,334.459
590.0,-150.0,348.603
590.0,-140.0,364.118
590.0,-130.0,381.204
590.0,-120.0,400.107
590.0,-110.0,421.121
590.0,-100.0,444.612
590.0,-90.0,471.033
590.0,-80.0,500.956
590.0,-70.0,535.112
590.0,-60.0,574.448
590.0,-50.0,620.221
590.0,-40.0,674.127
590.0,-30.0,738.514
590.0,-20.0,816.733
590.0,-10.0,910.491
590.0,0.0,910.148
590.0,10.0,910.491
590.0,20.0,816.733
590.0,30.0,738.514
590.0,40.0,674.127
590.0,50.0,620.221
590.0,60.0,574.448
590.0,70.0,535.112
590.0,80.0,500.956
590.0,90.0,471.033
590.0,100.0,444.612
590.0,110.0,421.121
590.0,120.0,400.107
590.0,130.0,381.204
590.0,140.0,364.118
590.0,150.0,348.603
590.0,160.0,334.459
590.0,170.0,321.516
590.0,180.0,309.633
590.0,190.0,298.688
590.0,200.0,288.58
590.0,210.0,279.218
590.0,220.0,270.527
590.0,230.0,262.44
590.0,240.0,254.9
590.0,250.0,247.856
590.0,260.0,241.262
590.0,270.0,235.08
590.0,280.0,229.274
590.0,290.0,223.814
590.0,300.0,218.671
590.0,310.0,213.82
590.0,320.0,209.239
590.0,330.0,204.908
590.0,340.0,200.809
590.0,350.0,196.924
590.0,360.0,193.24
590.0,370.0,189.742
590.0,380.0,186.418
590.0,390.0,183.256
590.0,400.0,180.246
590.0,410.0,177.379
590.0,420.0,174.646
590.0,430.0,172.038
590.0,440.0,169.549
590.0,450.0,167.171
590.0,460.0,164.898
590.0,470.0,162.724
590.0,480.0,160.643
590.0,490.0,158.651
590.0,500.0,156.743
590.0,510.0,154.914
590.0,520.0,153.161
590.0,530.0,151.479
590.0,540.0,149.865
590.0,550.0,148.315
590.0,560.0,146.827
590.0,570.0,145.397
590.0,580.0,144.023
590.0,590.0,142.702
590.0,600.0,141.432
590.0,610.0,140.21
590.0,620.0,139.034
590.0,630.0,137.903
590.0,640.0,136.813
590.0,650.0,135.764
590.0,660.0,134.754
590.0,670.0,133.781
590.0,680.0,132.844
590.0,690.0,131.94
590.0,700.0,131.07
590.0,710.0,130.23
590.0,720.0,129.421
590.0,730.0,128.641
590.0,740.0,127.889
590.0,750.0,127.164
590.0,760.0,126.465
590.0,770.0,125.79
590.0,780.0,125.139
590.0,790.0,124.512
590.0,800.0,123.907
590.0,810.0,123.323
590.0,820.0,
590.0,830.0,
590.0,840.0,
590.0,850.0,
590.0,860.0,
590.0,870.0,
590.0,880.0,
590.0,890.0,
590.0,900.0,
590.0,910.0,
590.0,920.0,
590.0,930.0,
590.0,940.0,
590.0,950.0,
590.0,960.0,
590.0,970.0,
590.0,980.0,
590.0,990.0,
590.0,1000.0,
600.0,-1000.0,
600.0,-990.0,
600.0,-980.0,
600.0,-970.0,
600.0,-960.0,
600.0,-950.0,
600.0,-940.0,
600.0,-930.0,
600.0,-920.0,
600.0,-910.0,
600.0,-900.0,
600.0,-890.0,
600.0,-880.0,
600.0,-870.0,
600.0,-860.0,
600.0,-850.0,
600.0,-840.0,
600.0,-830.0,
600.0,-820.0,
600.0,-810.0,
600.0,-800.0,122.769
600.0,-790.0,123.361
600.0,-780.0,123.974
600.0,-770.0,124.61
600.0,-760.0,125.269
600.0,-750.0,125.953
600.0,-740.0,126.662
600.0,-730.0,127.398
600.0,-720.0,128.162
600.0,-710.0,128.954
600.0,-700.0,129.775
600.0,-690.0,130.628
600.0,-680.0,131.513
600.0,-670.0,132.431
600.0,-660.0,133.385
600.0,-650.0,134.375
600.0,-640.0,135.403
600.0,-630.0,136.472
600.0,-620.0,137.581
600.0,-610.0,138.735
600.0,-600.0,139.934
600.0,-590.0,141.18
600.0,-580.0,142.477
600.0,-570.0,143.825
600.0,-560.0,145.229
600.0,-550.0,146.691
600.0,-540.0,148.213
600.0,-530.0,149.798
600.0,-520.0,151.451
600.0,-510.0,153.174
600.0,-500.0,154.971
600.0,-490.0,156.847
600.0,-480.0,158.805
600.0,-470.0,160.851
600.0,-460.0,162.989
600.0,-450.0,165.225
600.0,-440.0,167.565
600.0,-430.0,170.014
600.0,-420.0,172.581
600.0,-410.0,175.271
600.0,-400.0,178.093
600.0,-390.0,181.057
600.0,-380.0,184.17
600.0,-370.0,187.444
600.0,-360.0,190.89
600.0,-350.0,194.52
600.0,-340.0,198.347
600.0,-330.0,202.388
600.0,-320.0,206.656
600.0,-310.0,211.172
600.0,-300.0,215.955
600.0,-290.0,221.027
600.0,-280.0,226.413
600.0,-270.0,232.14
600.0,-260.0,238.24
600.0,-250.0,244.746
600.0,-240.0,251.699
600.0,-230.0,259.143
600.0,-220.0,267.127
600.0,-210.0,275.71
600.0,-200.0,284.957
600.0,-190.0,294.944
600.0,-180.0,305.759
600.0,-170.0,317.504
600.0,-160.0,330.3
600.0,-150.0,344.287
600.0,-140.0,359.633
600.0,-130.0,376.538
600.0,-120.0,395.246
600.0,-110.0,416.051
600.0,-100.0,439.316
600.0,-90.0,465.493
600.0,-80.0,495.153
600.0,-70.0,529.024
600.0,-60.0,568.055
600.0,-50.0,613.5
600.0,-40.0,667.057
600.0,-30.0,731.083
600.0,-20.0,808.942
600.0,-10.0,900.499
600.0,0.0,900.152
600.0,10.0,900.499
600.0,20.0,808.942
600.0,30.0,731.083
600.0,40.0,667.057
600.0,50.0,613.5
600.0,60.0,568.055
600.0,70.0,529.024
600.0,80.0,495.153
600.0,90.0,465.493
600.0,100.0,439.316
600.0,110.0,416.051
600.0,120.0,395.246
600.0,130.0,376.538
600.0,140.0,359.633
600.0,150.0,344.287
600.0,160.0,330.3
600.0,170.0,317.504
600.0,180.0,305.759
600.0,190.0,294.944
600.0,200.0,284.957
600.0,210.0,275.71
600.0,220.0,267.127
600.0,230.0,259.143
600.0,240.0,251.699
600.0,250.0,244.746
600.0,260.0,238.24
600.0,270.0,232.14
600.0,280.0,226.413
600.0,290.0,221.027
600.0,300.0,215.955
600.0,310.0,211.172
600.0,320.0,206.656
600.0,330.0,202.388
600.0,340.0,198.347
600.0,350.0,194.52
600.0,360.0,190.89
600.0,370.0,187.444
600.0,380.0,184.17
600.0,390.0,181.057
600.0,400.0,178.093
600.0,410.0,175.271
600.0,420.0,172.581
600.0,430.0,170.014
600.0,440.0,167.565
600.0,450.0,165.225
600.0,460.0,162.989
600.0,470.0,160.851
600.0,480.0,158.805
600.0,490.0,156.847
600.0,500.0,154.971
600.0,510.0,153.174
600.0,520.0,151.451
600.0,530.0,149.798
600.0,540.0,148.213
600.0,550.0,146.691
600.0,560.0,145.229
600.0,570.0,143.825
600.0,580.0,142.477
600.0,590.0,141.18
600.0,600.0,139.934
600.0,610.0,138.735
600.0,620.0,137.581
600.0,630.0,136.472
600.0,640.0,135.403
600.0,650.0,134.375
600.0,660.0,133.385
600.0,670.0,132.431
600.0,680.0,131.513
600.0,690.0,130.628
600.0,700.0,129.775
600.0,710.0,128.954
600.0,720.0,128.162
600.0,730.0,127.398
600.0,740.0,126.662
600.0,750.0,125.953
600.0,760.0,125.269
600.0,770.0,124.61
600.0,780.0,123.974
600.0,790.0,123.361
600.0,800.0,122.769
600.0,810.0,
600.0,820.0,
600.0,830.0,
600.0,840.0,
600.0,850.0,
600.0,860.0,
600.0,870.0,
600.0,880.0,
600.0,890.0,
600.0,900.0,
600.0,910.0,
600.0,920.0,
600.0,930.0,
600.0,940.0,
600.0,950.0,
600.0,960.0,
600.0,970.0,
600.0,980.0,
600.0,990.0,
600.0,1000.0,
610.0,-1000.0,
610.0,-990.0,
610.0,-980.0,
610.0,-970.0,
610.0,-960.0,
610.0,-950.0,
610.0,-940.0,
610.0,-930.0,
610.0,-920.0,
610.0,-910.0,
610.0,-900.0,
610.0,-890.0,
610.0,-880.0,
610.0,-870.0,
610.0,-860.0,
610.0,-850.0,
610.0,-840.0,
610.0,-830.0,
610.0,-820.0,
610.0,-810.0,
610.0,-800.0,
610.0,-790.0,122.217
610.0,-780.0,122.816
610.0,-770.0,123.438
610.0,-760.0,124.082
610.0,-750.0,124.751
610.0,-740.0,125.444
610.0,-730.0,126.164
610.0,-720.0,126.911
610.0,-710.0,127.686
610.0,-700.0,128.49
610.0,-690.0,129.325
610.0,-680.0,130.191
610.0,-670.0,131.091
610.0,-660.0,132.025
610.0,-650.0,132.995
610.0,-640.0,134.003
610.0,-630.0,135.05
610.0,-620.0,136.138
610.0,-610.0,137.269
610.0,-600.0,138.445
610.0,-590.0,139.668
610.0,-580.0,140.94
610.0,-570.0,142.264
610.0,-560.0,143.642
610.0,-550.0,145.076
610.0,-540.0,146.571
610.0,-530.0,148.128
610.0,-520.0,149.751
610.0,-510.0,151.444
610.0,-500.0,153.21
610.0,-490.0,155.054
610.0,-480.0,156.979
610.0,-470.0,158.99
610.0,-460.0,161.092
610.0,-450.0,163.291
610.0,-440.0,165.592
610.0,-430.0,168.002
610.0,-420.0,170.527
610.0,-410.0,173.175
610.0,-400.0,175.952
610.0,-390.0,178.869
610.0,-380.0,181.935
610.0,-370.0,185.159
610.0,-360.0,188.552
610.0,-350.0,192.128
610.0,-340.0,195.898
610.0,-330.0,199.879
610.0,-320.0,204.086
610.0,-310.0,208.537
610.0,-300.0,213.252
610.0,-290.0,218.253
610.0,-280.0,223.564
610.0,-270.0,229.213
610.0,-260.0,235.23
610.0,-250.0,241.65
610.0,-240.0,248.511
610.0,-230.0,255.858
610.0,-220.0,263.74
610.0,-210.0,272.215
610.0,-200.0,281.347
610.0,-190.0,291.212
610.0,-180.0,301.898
610.0,-170.0,313.505
610.0,-160.0,326.153
610.0,-150.0,339.982
610.0,-140.0,355.159
610.0,-130.0,371.883
610.0,-120.0,390.396
610.0,-110.0,410.99
610.0,-100.0,434.028
610.0,-90.0,459.961
610.0,-80.0,489.356
610.0,-70.0,522.941
610.0,-60.0,561.664
610.0,-50.0,606.778
610.0,-40.0,659.984
610.0,-30.0,723.645
610.0,-20.0,801.138
610.0,-10.0,890.507
610.0,0.0,890.157
610.0,10.0,890.507
610.0,20.0,801.138
610.0,30.0,723.645
610.0,40.0,659.984
610.0,50.0,606.778
610.0,60.0,561.664
610.0,70.0,522.941
610.0,80.0,489.356
610.0,90.0,459.961
610.0,100.0,434.028
610.0,110.0,410.99
610.0,120.0,390.396
610.0,130.0,371.883
610.0,140.0,355.159
610.0,150.0,339.982
610.0,160.0,326.153
610.0,170.0,313.505
610.0,180.0,301.898
610.0,190.0,291.212
610.0,200.0,281.347
610.0,210.0,272.215
610.0,220.0,263.74
610.0,230.0,255.858
610.0,240.0,248.511
610.0,250.0,241.65
610.0,260.0,235.23
610.0,270.0,229.213
610.0,280.0,223.564
610.0,290.0,218.253
610.0,300.0,213.252
610.0,310.0,208.537
610.0,320.0,204.086
610.0,330.0,199.879
610.0,340.0,195.898
610.0,350.0,192.128
610.0,360.0,188.552
610.0,370.0,185.159
610.0,380.0,181.935
610.0,390.0,178.869
610.0,400.0,175.952
610.0,410.0,173.175
610.0,420.0,170.527
610.0,430.0,168.002
610.0,440.0,165.592
610.0,450.0,163.291
610.0,460.0,161.092
610.0,470.0,158.99
610.0,480.0,156.979
610.0,490.0,155.054
610.0,500.0,153.21
610.0,510.0,151.444
610.0,520.0,149.751
610.0,530.0,148.128
610.0,540.0,146.571
610.0,550.0,145.076
610.0,560.0,143.642
610.0,570.0,142.264
610.0,580.0,140.94
610.0,590.0,139.668
610.0,600.0,138.445
610.0,610.0,137.269
610.0,620.0,136.138
610.0,630.0,135.05
610.0,640.0,134.003
610.0,650.0,132.995
610.0,660.0,132.025
610.0,670.0,131.091
610.0,680.0,130.191
610.0,690.0,129.325
610.0,700.0,128.49
610.0,710.0,127.686
610.0,720.0,126.911
610.0,730.0,126.164
610.0,740.0,125.444
610.0,750.0,124.751
610.0,760.0,124.082
610.0,770.0,123.438
610.0,780.0,122.816
610.0,790.0,122.217
610.0,800.0,
610.0,810.0,
610.0,820.0,
610.0,830.0,
610.0,840.0,
610.0,850.0,
610.0,860.0,
610.0,870.0,
610.0,880.0,
610.0,890.0,
610.0,900.0,
610.0,910.0,
610.0,920.0,
610.0,930.0,
610.0,940.0,
610.0,950.0,
610.0,960.0,
610.0,970.0,
610.0,980.0,
610.0,990.0,
610.0,1000.0,
620.0,-1000.0,
620.0,-990.0,
620.0,-980.0,
620.0,-970.0,
620.0,-960.0,
620.0,-950.0,
620.0,-940.0,
620.0,-930.0,
620.0,-920.0,
620.0,-910.0,
620.0,-900.0,
620.0,-890.0,
620.0,-880.0,
620.0,-870.0,
620.0,-860.0,
620.0,-850.0,
620.0,-840.0,
620.0,-830.0,
620.0,-820.0,
620.0,-810.0,
620.0,-800.0,
620.0,-790.0,
620.0,-780.0,121.667
620.0,-770.0,122.274
620.0,-760.0,122.904
620.0,-750.0,123.557
620.0,-740.0,124.235
620.0,-730.0,124.938
620.0,-720.0,125.669
620.0,-710.0,126.427
620.0,-700.0,127.214
620.0,-690.0,128.03
620.0,-680.0,128.879
620.0,-670.0,129.759
620.0,-660.0,130.674
620.0,-650.0,131.625
620.0,-640.0,132.612
620.0,-630.0,133.638
620.0,-620.0,134.705
620.0,-610.0,135.813
620.0,-600.0,136.966
620.0,-590.0,138.166
620.0,-580.0,139.414
620.0,-570.0,140.712
620.0,-560.0,142.065
620.0,-550.0,143.473
620.0,-540.0,144.94
620.0,-530.0,146.469
620.0,-520.0,148.063
620.0,-510.0,149.725
620.0,-500.0,151.46
620.0,-490.0,153.272
620.0,-480.0,155.163
620.0,-470.0,157.14
620.0,-460.0,159.207
620.0,-450.0,161.369
620.0,-440.0,163.631
620.0,-430.0,166.001
620.0,-420.0,168.485
620.0,-410.0,171.09
620.0,-400.0,173.823
620.0,-390.0,176.694
620.0,-380.0,179.711
620.0,-370.0,182.885
620.0,-360.0,186.227
620.0,-350.0,189.748
620.0,-340.0,193.462
620.0,-330.0,197.383
620.0,-320.0,201.529
620.0,-310.0,205.915
620.0,-300.0,210.562
620.0,-290.0,215.492
620.0,-280.0,220.728
620.0,-270.0,226.298
620.0,-260.0,232.233
620.0,-250.0,238.566
620.0,-240.0,245.336
620.0,-230.0,252.586
620.0,-220.0,260.366
620.0,-210.0,268.732
620.0,-200.0,277.75
620.0,-190.0,287.493
620.0,-180.0,298.049
620.0,-170.0,309.518
620.0,-160.0,322.018
620.0,-150.0,335.689
620.0,-140.0,350.697
620.0,-130.0,367.239
620.0,-120.0,385.556
620.0,-110.0,405.94
620.0,-100.0,428.75
620.0,-90.0,454.437
620.0,-80.0,483.566
620.0,-70.0,516.863
620.0,-60.0,555.275
620.0,-50.0,600.056
620.0,-40.0,652.908
620.0,-30.0,716.198
620.0,-20.0,793.321
620.0,-10.0,880.515
620.0,0.0,880.161
620.0,10.0,880.515
620.0,20.0,793.321
620.0,30.0,716.198
620.0,40.0,652.908
620.0,50.0,600.056
620.0,60.0,555.275
620.0,70.0,516.863
620.0,80.0,483.566
620.0,90.0,454.437
620.0,100.0,428.75
620.0,110.0,405.94
620.0,120.0,385.556
620.0,130.0,367.239
620.0,140.0,350.697
620.0,150.0,335.689
620.0,160.0,322.018
620.0,170.0,309.518
620.0,180.0,298.049
620.0,190.0,287.493
620.0,200.0,277.75
620.0,210.0,268.732
620.0,220.0,260.366
620.0,230.0,252.586
620.0,240.0,245.336
620.0,250.0,238.566
620.0,260.0,232.233
620.0,270.0,226.298
620.0,280.0,220.728
620.0,290.0,215.492
620.0,300.0,210.562
620.0,310.0,205.915
620.0,320.0,201.529
620.0,330.0,197.383
620.0,340.0,193.462
620.0,350.0,189.748
620.0,360.0,186.227
620.0,370.0,182.885
620.0,380.0,179.711
620.0,390.0,176.694
620.0,400.0,173.823
620.0,410.0,171.09
620.0,420.0,168.485
620.0,430.0,166.001
620.0,440.0,163.631
620.0,450.0,161.369
620.0,460.0,159.207
620.0,470.0,157.14
620.0,480.0,155.163
620.0,490.0,153.272
620.0,500.0,151.46
620.0,510.0,149.725
620.0,520.0,148.063
620.0,530.0,146.469
620.0,540.0,144.94
620.0,550.0,143.473
620.0,560.0,142.065
620.0,570.0,140.712
620.0,580.0,139.414
620.0,590.0,138.166
620.0,600.0,136.966
620.0,610.0,135.813
620.0,620.0,134.705
620.0,630.0,133.638
620.0,640.0,132.612
620.0,650.0,131.625
620.0,660.0,130.674
620.0,670.0,129.759
620.0,680.0,128.879
620.0,690.0,128.03
620.0,700.0,127.214
620.0,710.0,126.427
620.0,720.0,125.669
620.0,730.0,124.938
620.0,740.0,124.235
620.0,750.0,123.557
620.0,760.0,122.904
620.0,770.0,122.274
620.0,780.0,121.667
620.0,790.0,
620.0,800.0,
620.0,810.0,
620.0,820.0,
620.0,830.0,
620.0,840.0,
620.0,850.0,
620.0,860.0,
620.0,870.0,
620.0,880.0,
620.0,890.0,
620.0,900.0,
620.0,910.0,
620.0,920.0,
620.0,930.0,
620.0,940.0,
620.0,950.0,
620.0,960.0,
620.0,970.0,
620.0,980.0,
620.0,990.0,
620.0,1000.0,
630.0,-1000.0,
630.0,-990.0,
630.0,-980.0,
630.0,-970.0,
630.0,-960.0,
630.0,-950.0,
630.0,-940.0,
630.0,-930.0,
630.0,-920.0,
630.0,-910.0,
630.0,-900.0,
630.0,-890.0,
630.0,-880.0,
630.0,-870.0,
630.0,-860.0,
630.0,-850.0,
630.0,-840.0,
630.0,-830.0,
630.0,-820.0,
630.0,-810.0,
630.0,-800.0,
630.0,-790.0,
630.0,-780.0,120.527
630.0,-770.0,121.119
630.0,-760.0,121.734
630.0,-750.0,122.372
630.0,-740.0,123.034
630.0,-730.0,123.722
630.0,-720.0,124.436
630.0,-710.0,125.177
630.0,-700.0,125.946
630.0,-690.0,126.745
630.0,-680.0,127.575
630.0,-670.0,128.438
630.0,-660.0,129.333
630.0,-650.0,130.264
630.0,-640.0,131.231
630.0,-630.0,132.236
630.0,-620.0,133.281
630.0,-610.0,134.368
630.0,-600.0,135.498
630.0,-590.0,136.674
630.0,-580.0,137.897
630.0,-570.0,139.171
630.0,-560.0,140.498
630.0,-550.0,141.879
630.0,-540.0,143.319
630.0,-530.0,144.82
630.0,-520.0,146.385
630.0,-510.0,148.018
630.0,-500.0,149.721
630.0,-490.0,151.501
630.0,-480.0,153.359
630.0,-470.0,155.301
630.0,-460.0,157.332
630.0,-450.0,159.457
630.0,-440.0,161.682
630.0,-430.0,164.012
630.0,-420.0,166.455
630.0,-410.0,169.017
630.0,-400.0,171.706
630.0,-390.0,174.531
630.0,-380.0,177.5
630.0,-370.0,180.624
630.0,-360.0,183.913
630.0,-350.0,187.38
630.0,-340.0,191.038
630.0,-330.0,194.9
630.0,-320.0,198.984
630.0,-310.0,203.305
630.0,-300.0,207.885
630.0,-290.0,212.743
630.0,-280.0,217.905
630.0,-270.0,223.397
630.0,-260.0,229.25
630.0,-250.0,235.496
630.0,-240.0,242.174
630.0,-230.0,249.328
630.0,-220.0,257.005
630.0,-210.0,265.263
630.0,-200.0,274.166
630.0,-190.0,283.787
630.0,-180.0,294.213
630.0,-170.0,305.544
630.0,-160.0,317.896
630.0,-150.0,331.409
630.0,-140.0,346.247
630.0,-130.0,362.607
630.0,-120.0,380.727
630.0,-110.0,400.9
630.0,-100.0,423.482
630.0,-90.0,448.921
630.0,-80.0,477.782
630.0,-70.0,510.79
630.0,-60.0,548.89
630.0,-50.0,593.334
630.0,-40.0,645.828
630.0,-30.0,708.745
630.0,-20.0,785.491
630.0,-10.0,870.524
630.0,0.0,870.165
630.0,10.0,870.524
630.0,20.0,785.491
630.0,30.0,708.745
630.0,40.0,645.828
630.0,50.0,593.334
630.0,60.0,548.89
630.0,70.0,510.79
630.0,80.0,477.782
630.0,90.0,448.921
630.0,100.0,423.482
630.0,110.0,400.9
630.0,120.0,380.727
630.0,130.0,362.607
630.0,140.0,346.247
630.0,150.0,331.409
630.0,160.0,317.896
630.0,170.0,305.544
630.0,180.0,294.213
630.0,190.0,283.787
630.0,200.0,274.166
630.0,210.0,265.263
630.0,220.0,257.005
630.0,230.0,249.328
630.0,240.0,242.174
630.0,250.0,235.496
630.0,260.0,229.25
630.0,270.0,223.397
630.0,280.0,217.905
630.0,290.0,212.743
630.0,300.0,207.885
630.0,310.0,203.305
630.0,320.0,198.984
630.0,330.0,194.9
630.0,340.0,191.038
630.0,350.0,187.38
630.0,360.0,183.913
630.0,370.0,180.624
630.0,380.0,177.5
630.0,390.0,174.531
630.0,400.0,171.706
630.0,410.0,169.017
630.0,420.0,166.455
630.0,430.0,164.012
630.0,440.0,161.682
630.0,450.0,159.457
630.0,460.0,157.332
630.0,470.0,155.301
630.0,480.0,153.359
630.0,490.0,151.501
630.0,500.0,149.721
630.0,510.0,148.018
630.0,520.0,146.385
630.0,530.0,144.82
630.0,540.0,143.319
630.0,550.0,141.879
630.0,560.0,140.498
630.0,570.0,139.171
630.0,580.0,137.897
630.0,590.0,136.674
630.0,600.0,135.498
630.0,610.0,134.368
630.0,620.0,133.281
630.0,630.0,132.236
630.0,640.0,131.231
630.0,650.0,130.264
630.0,660.0,129.333
630.0,670.0,128.438
630.0,680.0,127.575
630.0,690.0,126.745
630.0,700.0,125.946
630.0,710.0,125.177
630.0,720.0,124.436
630.0,730.0,123.722
630.0,740.0,123.034
630.0,750.0,122.372
630.0,760.0,121.734
630.0,770.0,121.119
630.0,780.0,120.527
630.0,790.0,
630.0,800.0,
630.0,810.0,
630.0,820.0,
630.0,830.0,
630.0,840.0,
630.0,850.0,
630.0,860.0,
630.0,870.0,
630.0,880.0,
630.0,890.0,
630.0,900.0,
630.0,910.0,
630.0,920.0,
630.0,930.0,
630.0,940.0,
630.0,950.0,
630.0,960.0,
630.0,970.0,
630.0,980.0,
630.0,990.0,
630.0,1000.0,
640.0,-1000.0,
640.0,-990.0,
640.0,-980.0,
640.0,-970.0,
640.0,-960.0,
640.0,-950.0,
640.0,-940.0,
640.0,-930.0,
640.0,-920.0,
640.0,-910.0,
640.0,-900.0,
640.0,-890.0,
640.0,-880.0,
640.0,-870.0,
640.0,-860.0,
640.0,-850.0,
640.0,-840.0,
640.0,-830.0,
640.0,-820.0,
640.0,-810.0,
640.0,-800.0,
640.0,-790.0,
640.0,-780.0,
640.0,-770.0,119.972
640.0,-760.0,120.572
640.0,-750.0,121.195
640.0,-740.0,121.842
640.0,-730.0,122.514
640.0,-720.0,123.212
640.0,-710.0,123.936
640.0,-700.0,124.688
640.0,-690.0,125.47
640.0,-680.0,126.282
640.0,-670.0,127.125
640.0,-660.0,128.002
640.0,-650.0,128.912
640.0,-640.0,129.859
640.0,-630.0,130.844
640.0,-620.0,131.867
640.0,-610.0,132.932
640.0,-600.0,134.039
640.0,-590.0,135.192
640.0,-580.0,136.391
640.0,-570.0,137.641
640.0,-560.0,138.941
640.0,-550.0,140.297
640.0,-540.0,141.709
640.0,-530.0,143.182
640.0,-520.0,144.718
640.0,-510.0,146.321
640.0,-500.0,147.994
640.0,-490.0,149.741
640.0,-480.0,151.566
640.0,-470.0,153.474
640.0,-460.0,155.47
640.0,-450.0,157.558
640.0,-440.0,159.744
640.0,-430.0,162.035
640.0,-420.0,164.437
640.0,-410.0,166.956
640.0,-400.0,169.601
640.0,-390.0,172.38
640.0,-380.0,175.301
640.0,-370.0,178.375
640.0,-360.0,181.613
640.0,-350.0,185.026
640.0,-340.0,188.627
640.0,-330.0,192.43
640.0,-320.0,196.451
640.0,-310.0,200.709
640.0,-300.0,205.22
640.0,-290.0,210.008
640.0,-280.0,215.095
640.0,-270.0,220.509
640.0,-260.0,226.279
640.0,-250.0,232.439
640.0,-240.0,239.025
640.0,-230.0,246.082
640.0,-220.0,253.658
640.0,-210.0,261.808
640.0,-200.0,270.595
640.0,-190.0,280.095
640.0,-180.0,290.391
640.0,-170.0,301.582
640.0,-160.0,313.787
640.0,-150.0,327.141
640.0,-140.0,341.809
640.0,-130.0,357.986
640.0,-120.0,375.91
640.0,-110.0,395.869
640.0,-100.0,418.222
640.0,-90.0,443.413
640.0,-80.0,472.005
640.0,-70.0,504.722
640.0,-60.0,542.507
640.0,-50.0,586.612
640.0,-40.0,638.745
640.0,-30.0,701.283
640.0,-20.0,777.648
640.0,-10.0,860.532
640.0,0.0,860.17
640.0,10.0,860.532
640.0,20.0,777.648
640.0,30.0,701.283
640.0,40.0,638.745
640.0,50.0,586.612
640.0,60.0,542.507
640.0,70.0,504.722
640.0,80.0,472.005
640.0,90.0,443.413
640.0,100.0,418.222
640.0,110.0,395.869
640.0,120.0,375.91
640.0,130.0,357.986
640.0,140.0,341.809
640.0,150.0,327.141
640.0,160.0,313.787
640.0,170.0,301.582
640.0,180.0,290.391
640.0,190.0,280.095
640.0,200.0,270.595
640.0,210.0,261.808
640.0,220.0,253.658
640.0,230.0,246.082
640.0,240.0,239.025
640.0,250.0,232.439
640.0,260.0,226.279
640.0,270.0,220.509
640.0,280.0,215.095
640.0,290.0,210.008
640.0,300.0,205.22
640.0,310.0,200.709
640.0,320.0,196.451
640.0,330.0,192.43
640.0,340.0,188.627
640.0,350.0,185.026
640.0,360.0,181.613
640.0,370.0,178.375
640.0,380.0,175.301
640.0,390.0,172.38
640.0,400.0,169.601
640.0,410.0,166.956
640.0,420.0,164.437
640.0,430.0,162.035
640.0,440.0,159.744
640.0,450.0,157.558
640.0,460.0,155.47
640.0,470.0,153.474
640.0,480.0,151.566
640.0,490.0,149.741
640.0,500.0,147.994
640.0,510.0,146.321
640.0,520.0,144.718
640.0,530.0,143.182
640.0,540.0,141.709
640.0,550.0,140.297
640.0,560.0,138.941
640.0,570.0,137.641
640.0,580.0,136.391
640.0,590.0,135.192
640.0,600.0,134.039
640.0,610.0,132.932
640.0,620.0,131.867
640.0,630.0,130.844
640.0,640.0,129.859
640.0,650.0,128.912
640.0,660.0,128.002
640.0,670.0,127.125
640.0,680.0,126.282
640.0,690.0,125.47
640.0,700.0,124.688
640.0,710.0,123.936
640.0,720.0,123.212
640.0,730.0,122.514
640.0,740.0,121.842
640.0,750.0,121.195
640.0,760.0,120.572
640.0,770.0,119.972
640.0,780.0,
640.0,790.0,
640.0,800.0,
640.0,810.0,
640.0,820.0,
640.0,830.0,
640.0,840.0,
640.0,850.0,
640.0,860.0,
640.0,870.0,
640.0,880.0,
640.0,890.0,
640.0,900.0,
640.0,910.0,
640.0,920.0,
640.0,930.0,
640.0,940.0,
640.0,950.0,
640.0,960.0,
640.0,970.0,
640.0,980.0,
640.0,990.0,
640.0,1000.0,
650.0,-1000.0,
650.0,-990.0,
650.0,-980.0,
650.0,-970.0,
650.0,-960.0,
650.0,-950.0,
650.0,-940.0,
650.0,-930.0,
650.0,-920.0,
650.0,-910.0,
650.0,-900.0,
650.0,-890.0,
650.0,-880.0,
650.0,-870.0,
650.0,-860.0,
650.0,-850.0,
650.0,-840.0,
650.0,-830.0,
650.0,-820.0,
650.0,-810.0,
650.0,-800.0,
650.0,-790.0,
650.0,-780.0,
650.0,-770.0,
650.0,-760.0,119.42
650.0,-750.0,120.028
650.0,-740.0,120.659
650.0,-730.0,121.315
650.0,-720.0,121.996
650.0,-710.0,122.704
650.0,-700.0,123.439
650.0,-690.0,124.203
650.0,-680.0,124.997
650.0,-670.0,125.822
650.0,-660.0,126.68
650.0,-650.0,127.571
650.0,-640.0,128.497
650.0,-630.0,129.461
650.0,-620.0,130.463
650.0,-610.0,131.506
650.0,-600.0,132.591
650.0,-590.0,133.72
650.0,-580.0,134.896
650.0,-570.0,136.12
650.0,-560.0,137.396
650.0,-550.0,138.725
650.0,-540.0,140.11
650.0,-530.0,141.555
650.0,-520.0,143.062
650.0,-510.0,144.635
650.0,-500.0,146.277
650.0,-490.0,147.992
650.0,-480.0,149.784
650.0,-470.0,151.658
650.0,-460.0,153.618
650.0,-450.0,155.67
650.0,-440.0,157.819
650.0,-430.0,160.07
650.0,-420.0,162.431
650.0,-410.0,164.908
650.0,-400.0,167.508
650.0,-390.0,170.241
650.0,-380.0,173.115
650.0,-370.0,176.139
650.0,-360.0,179.325
650.0,-350.0,182.683
650.0,-340.0,186.228
650.0,-330.0,189.972
650.0,-320.0,193.932
650.0,-310.0,198.125
650.0,-300.0,202.569
650.0,-290.0,207.286
650.0,-280.0,212.299
650.0,-270.0,217.635
650.0,-260.0,223.322
650.0,-250.0,229.395
650.0,-240.0,235.89
650.0,-230.0,242.851
650.0,-220.0,250.324
650.0,-210.0,258.365
650.0,-200.0,267.038
650.0,-190.0,276.415
650.0,-180.0,286.581
650.0,-170.0,297.634
650.0,-160.0,309.69
650.0,-150.0,322.885
650.0,-140.0,337.383
650.0,-130.0,353.377
650.0,-120.0,371.103
650.0,-110.0,390.85
650.0,-100.0,412.972
650.0,-90.0,437.913
650.0,-80.0,466.235
650.0,-70.0,498.659
650.0,-60.0,536.126
650.0,-50.0,579.89
650.0,-40.0,631.658
650.0,-30.0,693.813
650.0,-20.0,769.792
650.0,-10.0,850.541
650.0,0.0,850.175
650.0,10.0,850.541
650.0,20.0,769.792
650.0,30.0,693.813
650.0,40.0,631.658
650.0,50.0,579.89
650.0,60.0,536.126
650.0,70.0,498.659
650.0,80.0,466.235
650.0,90.0,437.913
650.0,100.0,412.972
650.0,110.0,390.85
650.0,120.0,371.103
650.0,130.0,353.377
650.0,140.0,337.383
650.0,150.0,322.885
650.0,160.0,309.69
650.0,170.0,297.634
650.0,180.0,286.581
650.0,190.0,276.415
650.0,200.0,267.038
650.0,210.0,258.365
650.0,220.0,250.324
650.0,230.0,242.851
650.0,240.0,235.89
650.0,250.0,229.395
650.0,260.0,223.322
650.0,270.0,217.635
650.0,280.0,212.299
650.0,290.0,207.286
650.0,300.0,202.569
650.0,310.0,198.125
650.0,320.0,193.932
650.0,330.0,189.972
650.0,340.0,186.228
650.0,350.0,182.683
650.0,360.0,179.325
650.0,370.0,176.139
650.0,380.0,173.115
650.0,390.0,170.241
650.0,400.0,167.508
650.0,410.0,164.908
650.0,420.0,162.431
650.0,430.0,160.07
650.0,440.0,157.819
650.0,450.0,155.67
650.0,460.0,153.618
650.0,470.0,151.658
650.0,480.0,149.784
650.0,490.0,147.992
650.0,500.0,146.277
650.0,510.0,144.635
650.0,520.0,143.062
650.0,530.0,141.555
650.0,540.0,140.11
650.0,550.0,138.725
650.0,560.0,137.396
650.0,570.0,136.12
650.0,580.0,134.896
650.0,590.0,133.72
650.0,600.0,132.591
650.0,610.0,131.506
650.0,620.0,130.463
650.0,630.0,129.461
650.0,640.0,128.497
650.0,650.0,127.571
650.0,660.0,126.68
650.0,670.0,125.822
650.0,680.0,124.997
650.0,690.0,124.203
650.0,700.0,123.439
650.0,710.0,122.704
650.0,720.0,121.996
650.0,730.0,121.315
650.0,740.0,120.659
650.0,750.0,120.028
650.0,760.0,119.42
650.0,770.0,
650.0,780.0,
650.0,790.0,
650.0,800.0,
650.0,810.0,
650.0,820.0,
650.0,830.0,
650.0,840.0,
650.0,850.0,
650.0,860.0,
650.0,870.0,
650.0,880.0,
650.0,890.0,
650.0,900.0,
650.0,910.0,
650.0,920.0,
650.0,930.0,
650.0,940.0,
650.0,950.0,
650.0,960.0,
650.0,970.0,
650.0,980.0,
650.0,990.0,
650.0,1000.0,
660.0,-1000.0,
660.0,-990.0,
660.0,-980.0,
660.0,-970.0,
660.0,-960.0,
660.0,-950.0,
660.0,-940.0,
660.0,-930.0,
660.0,-920.0,
660.0,-910.0,
660.0,-900.0,
660.0,-890.0,
660.0,-880.0,
660.0,-870.0,
660.0,-860.0,
660.0,-850.0,
660.0,-840.0,
660.0,-830.0,
660.0,-820.0,
660.0,-810.0,
660.0,-800.0,
660.0,-790.0,
660.0,-780.0,
660.0,-770.0,
660.0,-760.0,
660.0,-750.0,118.869
660.0,-740.0,119.485
660.0,-730.0,120.125
660.0,-720.0,120.791
660.0,-710.0,121.482
660.0,-700.0,122.2
660.0,-690.0,122.946
660.0,-680.0,123.722
660.0,-670.0,124.529
660.0,-660.0,125.367
660.0,-650.0,126.239
660.0,-640.0,127.146
660.0,-630.0,128.089
660.0,-620.0,129.07
660.0,-610.0,130.09
660.0,-600.0,131.153
660.0,-590.0,132.259
660.0,-580.0,133.411
660.0,-570.0,134.61
660.0,-560.0,135.86
660.0,-550.0,137.163
660.0,-540.0,138.522
660.0,-530.0,139.939
660.0,-520.0,141.417
660.0,-510.0,142.96
660.0,-500.0,144.571
660.0,-490.0,146.255
660.0,-480.0,148.014
660.0,-470.0,149.854
660.0,-460.0,151.779
660.0,-450.0,153.794
660.0,-440.0,155.905
660.0,-430.0,158.117
660.0,-420.0,160.437
660.0,-410.0,162.871
660.0,-400.0,165.428
660.0,-390.0,168.115
660.0,-380.0,170.941
660.0,-370.0,173.915
660.0,-360.0,177.049
660.0,-350.0,180.354
660.0,-340.0,183.842
660.0,-330.0,187.528
660.0,-320.0,191.426
660.0,-310.0,195.554
660.0,-300.0,199.931
660.0,-290.0,204.577
660.0,-280.0,209.516
660.0,-270.0,214.773
660.0,-260.0,220.379
660.0,-250.0,226.365
660.0,-240.0,232.769
660.0,-230.0,239.632
660.0,-220.0,247.003
660.0,-210.0,254.937
660.0,-200.0,263.494
660.0,-190.0,272.749
660.0,-180.0,282.785
660.0,-170.0,293.699
660.0,-160.0,305.606
660.0,-150.0,318.642
660.0,-140.0,332.969
660.0,-130.0,348.779
660.0,-120.0,366.307
660.0,-110.0,385.84
660.0,-100.0,407.731
660.0,-90.0,432.422
660.0,-80.0,460.472
660.0,-70.0,492.601
660.0,-60.0,529.749
660.0,-50.0,573.168
660.0,-40.0,624.567
660.0,-30.0,686.335
660.0,-20.0,761.922
660.0,-10.0,840.55
660.0,0.0,840.179
660.0,10.0,840.55
660.0,20.0,761.922
660.0,30.0,686.335
660.0,40.0,624.567
660.0,50.0,573.168
660.0,60.0,529.749
660.0,70.0,492.601
660.0,80.0,460.472
660.0,90.0,432.422
660.0,100.0,407.731
660.0,110.0,385.84
660.0,120.0,366.307
660.0,130.0,348.779
660.0,140.0,332.969
660.0,150.0,318.642
660.0,160.0,305.606
660.0,170.0,293.699
660.0,180.0,282.785
660.0,190.0,272.749
660.0,200.0,263.494
660.0,210.0,254.937
660.0,220.0,247.003
660.0,230.0,239.632
660.0,240.0,232.769
660.0,250.0,226.365
660.0,260.0,220.379
660.0,270.0,214.773
660.0,280.0,209.516
660.0,290.0,204.577
660.0,300.0,199.931
660.0,310.0,195.554
660.0,320.0,191.426
660.0,330.0,187.528
660.0,340.0,183.842
660.0,350.0,180.354
660.0,360.0,177.049
660.0,370.0,173.915
660.0,380.0,170.941
660.0,390.0,168.115
660.0,400.0,165.428
660.0,410.0,162.871
660.0,420.0,160.437
660.0,430.0,158.117
660.0,440.0,155.905
660.0,450.0,153.794
660.0,460.0,151.779
660.0,470.0,149.854
660.0,480.0,148.014
660.0,490.0,146.255
660.0,500.0,144.571
660.0,510.0,142.96
660.0,520.0,141.417
660.0,530.0,139.939
660.0,540.0,138.522
660.0,550.0,137.163
660.0,560.0,135.86
660.0,570.0,134.61
660.0,580.0,133.411
660.0,590.0,132.259
660.0,600.0,131.153
660.0,610.0,130.09
660.0,620.0,129.07
660.0,630.0,128.089
660.0,640.0,127.146
660.0,650.0,126.239
660.0,660.0,125.367
660.0,670.0,124.529
660.0,680.0,123.722
660.0,690.0,122.946
660.0,700.0,122.2
660.0,710.0,121.482
660.0,720.0,120.791
660.0,730.0,120.125
660.0,740.0,119.485
660.0,750.0,118.869
660.0,760.0,
660.0,770.0,
660.0,780.0,
660.0,790.0,
660.0,800.0,
660.0,810.0,
660.0,820.0,
660.0,830.0,
660.0,840.0,
660.0,850.0,
660.0,860.0,
660.0,870.0,
660.0,880.0,
660.0,890.0,
660.0,900.0,
660.0,910.0,
660.0,920.0,
660.0,930.0,
660.0,940.0,
660.0,950.0,
660.0,960.0,
660.0,970.0,
660.0,980.0,
660.0,990.0,
660.0,1000.0,
670.0,-1000.0,
670.0,-990.0,
670.0,-980.0,
670.0,-970.0,
670.0,-960.0,
670.0,-950.0,
670.0,-940.0,
670.0,-930.0,
670.0,-920.0,
670.0,-910.0,
670.0,-900.0,
670.0,-890.0,
670.0,-880.0,
670.0,-870.0,
670.0,-860.0,
670.0,-850.0,
670.0,-840.0,
670.0,-830.0,
670.0,-820.0,
670.0,-810.0,
670.0,-800.0,
670.0,-790.0,
670.0,-780.0,
670.0,-770.0,
670.0,-760.0,
670.0,-750.0,
670.0,-740.0,118.32
670.0,-730.0,118.945
670.0,-720.0,119.594
670.0,-710.0,120.268
670.0,-700.0,120.97
670.0,-690.0,121.699
670.0,-680.0,122.457
670.0,-670.0,123.245
670.0,-660.0,124.064
670.0,-650.0,124.917
670.0,-640.0,125.803
670.0,-630.0,126.726
670.0,-620.0,127.686
670.0,-610.0,128.685
670.0,-600.0,129.725
670.0,-590.0,130.808
670.0,-580.0,131.936
670.0,-570.0,133.111
670.0,-560.0,134.336
670.0,-550.0,135.613
670.0,-540.0,136.944
670.0,-530.0,138.333
670.0,-520.0,139.783
670.0,-510.0,141.296
670.0,-500.0,142.877
670.0,-490.0,144.529
670.0,-480.0,146.255
670.0,-470.0,148.061
670.0,-460.0,149.951
670.0,-450.0,151.93
670.0,-440.0,154.002
670.0,-430.0,156.175
670.0,-420.0,158.455
670.0,-410.0,160.847
670.0,-400.0,163.36
670.0,-390.0,166.001
670.0,-380.0,168.779
670.0,-370.0,171.704
670.0,-360.0,174.787
670.0,-350.0,178.038
670.0,-340.0,181.47
670.0,-330.0,185.096
670.0,-320.0,188.933
670.0,-310.0,192.997
670.0,-300.0,197.306
670.0,-290.0,201.882
670.0,-280.0,206.746
670.0,-270.0,211.925
670.0,-260.0,217.449
670.0,-250.0,223.348
670.0,-240.0,229.661
670.0,-230.0,236.428
670.0,-220.0,243.697
670.0,-210.0,251.521
670.0,-200.0,259.964
670.0,-190.0,269.097
670.0,-180.0,279.002
670.0,-170.0,289.777
670.0,-160.0,301.535
670.0,-150.0,314.412
670.0,-140.0,328.567
670.0,-130.0,344.193
670.0,-120.0,361.523
670.0,-110.0,380.841
670.0,-100.0,402.5
670.0,-90.0,426.939
670.0,-80.0,454.716
670.0,-70.0,486.548
670.0,-60.0,523.374
670.0,-50.0,566.446
670.0,-40.0,617.473
670.0,-30.0,678.849
670.0,-20.0,754.038
670.0,-10.0,830.56
670.0,0.0,830.184
670.0,10.0,830.56
670.0,20.0,754.038
670.0,30.0,678.849
670.0,40.0,617.473
670.0,50.0,566.446
670.0,60.0,523.374
670.0,70.0,486.548
670.0,80.0,454.716
670.0,90.0,426.939
670.0,100.0,402.5
670.0,110.0,380.841
670.0,120.0,361.523
670.0,130.0,344.193
670.0,140.0,328.567
670.0,150.0,314.412
670.0,160.0,301.535
670.0,170.0,289.777
670.0,180.0,279.002
670.0,190.0,269.097
670.0,200.0,259.964
670.0,210.0,251.521
670.0,220.0,243.697
670.0,230.0,236.428
670.0,240.0,229.661
670.0,250.0,223.348
670.0,260.0,217.449
670.0,270.0,211.925
670.0,280.0,206.746
670.0,290.0,201.882
670.0,300.0,197.306
670.0,310.0,192.997
670.0,320.0,188.933
670.0,330.0,185.096
670.0,340.0,181.47
670.0,350.0,178.038
670.0,360.0,174.787
670.0,370.0,171.704
670.0,380.0,168.779
670.0,390.0,166.001
670.0,400.0,163.36
670.0,410.0,160.847
670.0,420.0,158.455
670.0,430.0,156.175
670.0,440.0,154.002
670.0,450.0,151.93
670.0,460.0,149.951
670.0,470.0,148.061
670.0,480.0,146.255
670.0,490.0,144.529
670.0,500.0,142.877
670.0,510.0,141.296
670.0,520.0,139.783
670.0,530.0,138.333
670.0,540.0,136.944
670.0,550.0,135.613
670.0,560.0,134.336
670.0,570.0,133.111
670.0,580.0,131.936
670.0,590.0,130.808
670.0,600.0,129.725
670.0,610.0,128.685
670.0,620.0,127.686
670.0,630.0,126.726
670.0,640.0,125.803
670.0,650.0,124.917
670.0,660.0,124.064
670.0,670.0,123.245
670.0,680.0,122.457
670.0,690.0,121.699
670.0,700.0,120.97
670.0,710.0,120.268
670.0,720.0,119.594
670.0,730.0,118.945
670.0,740.0,118.32
670.0,750.0,
670.0,760.0,
670.0,770.0,
670.0,780.0,
670.0,790.0,
670.0,800.0,
670.0,810.0,
670.0,820.0,
670.0,830.0,
670.0,840.0,
670.0,850.0,
670.0,860.0,
670.0,870.0,
670.0,880.0,
670.0,890.0,
670.0,900.0,
670.0,910.0,
670.0,920.0,
670.0,930.0,
670.0,940.0,
670.0,950.0,
670.0,960.0,
670.0,970.0,
670.0,980.0,
670.0,990.0,
670.0,1000.0,
680.0,-1000.0,
680.0,-990.0,
680.0,-980.0,
680.0,-970.0,
680.0,-960.0,
680.0,-950.0,
680.0,-940.0,
680.0,-930.0,
680.0,-920.0,
680.0,-910.0,
680.0,-900.0,
680.0,-890.0,
680.0,-880.0,
680.0,-870.0,
680.0,-860.0,
680.0,-850.0,
680.0,-840.0,
680.0,-830.0,
680.0,-820.0,
680.0,-810.0,
680.0,-800.0,
680.0,-790.0,
680.0,-780.0,
680.0,-770.0,
680.0,-760.0,
680.0,-750.0,
680.0,-740.0,
680.0,-730.0,117.773
680.0,-720.0,118.406
680.0,-710.0,119.064
680.0,-700.0,119.749
680.0,-690.0,120.461
680.0,-680.0,121.201
680.0,-670.0,121.971
680.0,-660.0,122.772
680.0,-650.0,123.605
680.0,-640.0,124.471
680.0,-630.0,125.373
680.0,-620.0,126.312
680.0,-610.0,127.29
680.0,-600.0,128.308
680.0,-590.0,129.368
680.0,-580.0,130.472
680.0,-570.0,131.623
680.0,-560.0,132.822
680.0,-550.0,134.073
680.0,-540.0,135.378
680.0,-530.0,136.739
680.0,-520.0,138.16
680.0,-510.0,139.644
680.0,-500.0,141.194
680.0,-490.0,142.814
680.0,-480.0,144.508
680.0,-470.0,146.28
680.0,-460.0,148.135
680.0,-450.0,150.077
680.0,-440.0,152.112
680.0,-430.0,154.246
680.0,-420.0,156.485
680.0,-410.0,158.835
680.0,-400.0,161.304
680.0,-390.0,163.899
680.0,-380.0,166.63
680.0,-370.0,169.506
680.0,-360.0,172.537
680.0,-350.0,175.734
680.0,-340.0,179.11
680.0,-330.0,182.678
680.0,-320.0,186.454
680.0,-310.0,190.453
680.0,-300.0,194.695
680.0,-290.0,199.2
680.0,-280.0,203.99
680.0,-270.0,209.091
680.0,-260.0,214.532
680.0,-250.0,220.345
680.0,-240.0,226.567
680.0,-230.0,233.237
680.0,-220.0,240.404
680.0,-210.0,248.12
680.0,-200.0,256.448
680.0,-190.0,265.458
680.0,-180.0,275.232
680.0,-170.0,285.868
680.0,-160.0,297.477
680.0,-150.0,310.195
680.0,-140.0,324.178
680.0,-130.0,339.62
680.0,-120.0,356.75
680.0,-110.0,375.853
680.0,-100.0,397.279
680.0,-90.0,421.465
680.0,-80.0,448.967
680.0,-70.0,480.501
680.0,-60.0,517.002
680.0,-50.0,559.724
680.0,-40.0,610.375
680.0,-30.0,671.355
680.0,-20.0,746.14
680.0,-10.0,820.569
680.0,0.0,820.189
680.0,10.0,820.569
680.0,20.0,746.14
680.0,30.0,671.355
680.0,40.0,610.375
680.0,50.0,559.724
680.0,60.0,517.002
680.0,70.0,480.501
680.0,80.0,448.967
680.0,90.0,421.465
680.0,100.0,397.279
680.0,110.0,375.853
680.0,120.0,356.75
680.0,130.0,339.62
680.0,140.0,324.178
680.0,150.0,310.195
680.0,160.0,297.477
680.0,170.0,285.868
680.0,180.0,275.232
680.0,190.0,265.458
680.0,200.0,256.448
680.0,210.0,248.12
680.0,220.0,240.404
680.0,230.0,233.237
680.0,240.0,226.567
680.0,250.0,220.345
680.0,260.0,214.532
680.0,270.0,209.091
680.0,280.0,203.99
680.0,290.0,199.2
680.0,300.0,194.695
680.0,310.0,190.453
680.0,320.0,186.454
680.0,330.0,182.678
680.0,340.0,179.11
680.0,350.0,175.734
680.0,360.0,172.537
680.0,370.0,169.506
680.0,380.0,166.63
680.0,390.0,163.899
680.0,400.0,161.304
680.0,410.0,158.835
680.0,420.0,156.485
680.0,430.0,154.246
680.0,440.0,152.112
680.0,450.0,150.077
680.0,460.0,148.135
680.0,470.0,146.28
680.0,480.0,144.508
680.0,490.0,142.814
680.0,500.0,141.194
680.0,510.0,139.644
680.0,520.0,138.16
680.0,530.0,136.739
680.0,540.0,135.378
680.0,550.0,134.073
680.0,560.0,132.822
680.0,570.0,131.623
680.0,580.0,130.472
680.0,590.0,129.368
680.0,600.0,128.308
680.0,610.0,127.29
680.0,620.0,126.312
680.0,630.0,125.373
680.0,640.0,124.471
680.0,650.0,123.605
680.0,660.0,122.772
680.0,670.0,121.971
680.0,680.0,121.201
680.0,690.0,120.461
680.0,700.0,119.749
680.0,710.0,119.064
680.0,720.0,118.406
680.0,730.0,117.773
680.0,740.0,
680.0,750.0,
680.0,760.0,
680.0,770.0,
680.0,780.0,
680.0,790.0,
680.0,800.0,
680.0,810.0,
680.0,820.0,
680.0,830.0,
680.0,840.0,
680.0,850.0,
680.0,860.0,
680.0,870.0,
680.0,880.0,
680.0,890.0,
680.0,900.0,
680.0,910.0,
680.0,920.0,
680.0,930.0,
680.0,940.0,
680.0,950.0,
680.0,960.0,
680.0,970.0,
680.0,980.0,
680.0,990.0,
680.0,1000.0,
690.0,-1000.0,
690.0,-990.0,
690.0,-980.0,
690.0,-970.0,
690.0,-960.0,
690.0,-950.0,
690.0,-940.0,
690.0,-930.0,
690.0,-920.0,
690.0,-910.0,
690.0,-900.0,
690.0,-890.0,
690.0,-880.0,
690.0,-870.0,
690.0,-860.0,
690.0,-850.0,
690.0,-840.0,
690.0,-830.0,
690.0,-820.0,
690.0,-810.0,
690.0,-800.0,
690.0,-790.0,
690.0,-780.0,
690.0,-770.0,
690.0,-760.0,
690.0,-750.0,
690.0,-740.0,
690.0,-730.0,
690.0,-720.0,117.228
690.0,-710.0,117.87
690.0,-700.0,118.537
690.0,-690.0,119.232
690.0,-680.0,119.955
690.0,-670.0,120.706
690.0,-660.0,121.488
690.0,-650.0,122.302
690.0,-640.0,123.149
690.0,-630.0,124.031
690.0,-620.0,124.949
690.0,-610.0,125.905
690.0,-600.0,126.9
690.0,-590.0,127.938
690.0,-580.0,129.018
690.0,-570.0,130.145
690.0,-560.0,131.32
690.0,-550.0,132.544
690.0,-540.0,133.822
690.0,-530.0,135.156
690.0,-520.0,136.549
690.0,-510.0,138.003
690.0,-500.0,139.523
690.0,-490.0,141.111
690.0,-480.0,142.773
690.0,-470.0,144.511
690.0,-460.0,146.331
690.0,-450.0,148.237
690.0,-440.0,150.234
690.0,-430.0,152.329
690.0,-420.0,154.527
690.0,-410.0,156.835
690.0,-400.0,159.261
690.0,-390.0,161.811
690.0,-380.0,164.494
690.0,-370.0,167.321
690.0,-360.0,170.3
690.0,-350.0,173.444
690.0,-340.0,176.763
690.0,-330.0,180.273
690.0,-320.0,183.987
690.0,-310.0,187.923
690.0,-300.0,192.097
690.0,-290.0,196.531
690.0,-280.0,201.248
690.0,-270.0,206.271
690.0,-260.0,211.63
690.0,-250.0,217.356
690.0,-240.0,223.486
690.0,-230.0,230.06
690.0,-220.0,237.124
690.0,-210.0,244.732
690.0,-200.0,252.945
690.0,-190.0,261.832
690.0,-180.0,271.477
690.0,-170.0,281.973
690.0,-160.0,293.433
690.0,-150.0,305.99
690.0,-140.0,319.802
690.0,-130.0,335.058
690.0,-120.0,351.989
690.0,-110.0,370.876
690.0,-100.0,392.067
690.0,-90.0,415.999
690.0,-80.0,443.225
690.0,-70.0,474.458
690.0,-60.0,510.634
690.0,-50.0,553.002
690.0,-40.0,603.273
690.0,-30.0,663.852
690.0,-20.0,738.228
690.0,-10.0,810.579
690.0,0.0,810.195
690.0,10.0,810.579
690.0,20.0,738.228
690.0,30.0,663.852
690.0,40.0,603.273
690.0,50.0,553.002
690.0,60.0,510.634
690.0,70.0,474.458
690.0,80.0,443.225
690.0,90.0,415.999
690.0,100.0,392.067
690.0,110.0,370.876
690.0,120.0,351.989
690.0,130.0,335.058
690.0,140.0,319.802
690.0,150.0,305.99
690.0,160.0,293.433
690.0,170.0,281.973
690.0,180.0,271.477
690.0,190.0,261.832
690.0,200.0,252.945
690.0,210.0,244.732
690.0,220.0,237.124
690.0,230.0,230.06
690.0,240.0,223.486
690.0,250.0,217.356
690.0,260.0,211.63
690.0,270.0,206.271
690.0,280.0,201.248
690.0,290.0,196.531
690.0,300.0,192.097
690.0,310.0,187.923
690.0,320.0,183.987
690.0,330.0,180.273
690.0,340.0,176.763
690.0,350.0,173.444
690.0,360.0,170.3
690.0,370.0,167.321
690.0,380.0,164.494
690.0,390.0,161.811
690.0,400.0,159.261
690.0,410.0,156.835
690.0,420.0,154.527
690.0,430.0,152.329
690.0,440.0,150.234
690.0,450.0,148.237
690.0,460.0,146.331
690.0,470.0,144.511
690.0,480.0,142.773
690.0,490.0,141.111
690.0,500.0,139.523
690.0,510.0,138.003
690.0,520.0,136.549
690.0,530.0,135.156
690.0,540.0,133.822
690.0,550.0,132.544
690.0,560.0,131.32
690.0,570.0,130.145
690.0,580.0,129.018
690.0,590.0,127.938
690.0,600.0,126.9
690.0,610.0,125.905
690.0,620.0,124.949
690.0,630.0,124.031
690.0,640.0,123.149
690.0,650.0,122.302
690.0,660.0,121.488
690.0,670.0,120.706
690.0,680.0,119.955
690.0,690.0,119.232
690.0,700.0,118.537
690.0,710.0,117.87
690.0,720.0,117.228
690.0,730.0,
690.0,740.0,
690.0,750.0,
690.0,760.0,
690.0,770.0,
690.0,780.0,
690.0,790.0,
690.0,800.0,
690.0,810.0,
690.0,820.0,
690.0,830.0,
690.0,840.0,
690.0,850.0,
690.0,860.0,
690.0,870.0,
690.0,880.0,
690.0,890.0,
690.0,900.0,
690.0,910.0,
690.0,920.0,
690.0,930.0,
690.0,940.0,
690.0,950.0,
690.0,960.0,
690.0,970.0,
690.0,980.0,
690.0,990.0,
690.0,1000.0,
700.0,-1000.0,
700.0,-990.0,
700.0,-980.0,
700.0,-970.0,
700.0,-960.0,
700.0,-950.0,
700.0,-940.0,
700.0,-930.0,
700.0,-920.0,
700.0,-910.0,
700.0,-900.0,
700.0,-890.0,
700.0,-880.0,
700.0,-870.0,
700.0,-860.0,
700.0,-850.0,
700.0,-840.0,
700.0,-830.0,
700.0,-820.0,
700.0,-810.0,
700.0,-800.0,
700.0,-790.0,
700.0,-780.0,
700.0,-770.0,
700.0,-760.0,
700.0,-750.0,
700.0,-740.0,
700.0,-730.0,
700.0,-720.0,
700.0,-710.0,116.684
700.0,-700.0,117.336
700.0,-690.0,118.013
700.0,-680.0,118.718
700.0,-670.0,119.452
700.0,-660.0,120.215
700.0,-650.0,121.01
700.0,-640.0,121.837
700.0,-630.0,122.699
700.0,-620.0,123.596
700.0,-610.0,124.53
700.0,-600.0,125.504
700.0,-590.0,126.518
700.0,-580.0,127.576
700.0,-570.0,128.678
700.0,-560.0,129.828
700.0,-550.0,131.027
700.0,-540.0,132.278
700.0,-530.0,133.585
700.0,-520.0,134.949
700.0,-510.0,136.374
700.0,-500.0,137.863
700.0,-490.0,139.42
700.0,-480.0,141.049
700.0,-470.0,142.754
700.0,-460.0,144.539
700.0,-450.0,146.409
700.0,-440.0,148.369
700.0,-430.0,150.425
700.0,-420.0,152.582
700.0,-410.0,154.849
700.0,-400.0,157.23
700.0,-390.0,159.735
700.0,-380.0,162.371
700.0,-370.0,165.148
700.0,-360.0,168.076
700.0,-350.0,171.166
700.0,-340.0,174.43
700.0,-330.0,177.881
700.0,-320.0,181.534
700.0,-310.0,185.406
700.0,-300.0,189.513
700.0,-290.0,193.877
700.0,-280.0,198.519
700.0,-270.0,203.465
700.0,-260.0,208.742
700.0,-250.0,214.382
700.0,-240.0,220.42
700.0,-230.0,226.897
700.0,-220.0,233.859
700.0,-210.0,241.359
700.0,-200.0,249.456
700.0,-190.0,258.221
700.0,-180.0,267.734
700.0,-170.0,278.091
700.0,-160.0,289.402
700.0,-150.0,301.799
700.0,-140.0,315.438
700.0,-130.0,330.509
700.0,-120.0,347.239
700.0,-110.0,365.909
700.0,-100.0,386.866
700.0,-90.0,410.542
700.0,-80.0,437.49
700.0,-70.0,468.421
700.0,-60.0,504.268
700.0,-50.0,546.279
700.0,-40.0,596.167
700.0,-30.0,656.34
700.0,-20.0,730.301
700.0,-10.0,800.589
700.0,0.0,800.2
700.0,10.0,800.589
700.0,20.0,730.301
700.0,30.0,656.34
700.0,40.0,596.167
700.0,50.0,546.279
700.0,60.0,504.268
700.0,70.0,468.421
700.0,80.0,437.49
700.0,90.0,410.542
700.0,100.0,386.866
700.0,110.0,365.909
700.0,120.0,347.239
700.0,130.0,330.509
700.0,140.0,315.438
700.0,150.0,301.799
700.0,160.0,289.402
700.0,170.0,278.091
700.0,180.0,267.734
700.0,190.0,258.221
700.0,200.0,249.456
700.0,210.0,241.359
700.0,220.0,233.859
700.0,230.0,226.897
700.0,240.0,220.42
700.0,250.0,214.382
700.0,260.0,208.742
700.0,270.0,203.465
700.0,280.0,198.519
700.0,290.0,193.877
700.0,300.0,189.513
700.0,310.0,185.406
700.0,320.0,181.534
700.0,330.0,177.881
700.0,340.0,174.43
700.0,350.0,171.166
700.0,360.0,168.076
700.0,370.0,165.148
700.0,380.0,162.371
700.0,390.0,159.735
700.0,400.0,157.23
700.0,410.0,154.849
700.0,420.0,152.582
700.0,430.0,150.425
700.0,440.0,148.369
700.0,450.0,146.409
700.0,460.0,144.539
700.0,470.0,142.754
700.0,480.0,141.049
700.0,490.0,139.42
700.0,500.0,137.863
700.0,510.0,136.374
700.0,520.0,134.949
700.0,530.0,133.585
700.0,540.0,132.278
700.0,550.0,131.027
700.0,560.0,129.828
700.0,570.0,128.678
700.0,580.0,127.576
700.0,590.0,126.518
700.0,600.0,125.504
700.0,610.0,124.53
700.0,620.0,123.596
700.0,630.0,122.699
700.0,640.0,121.837
700.0,650.0,121.01
700.0,660.0,120.215
700.0,670.0,119.452
700.0,680.0,118.718
700.0,690.0,118.013
700.0,700.0,117.336
700.0,710.0,116.684
700.0,720.0,
700.0,730.0,
700.0,740.0,
700.0,750.0,
700.0,760.0,
700.0,770.0,
700.0,780.0,
700.0,790.0,
700.0,800.0,
700.0,810.0,
700.0,820.0,
700.0,830.0,
700.0,840.0,
700.0,850.0,
700.0,860.0,
700.0,870.0,
700.0,880.0,
700.0,890.0,
700.0,900.0,
700.0,910.0,
700.0,920.0,
700.0,930.0,
700.0,940.0,
700.0,950.0,
700.0,960.0,
700.0,970.0,
700.0,980.0,
700.0,990.0,
700.0,1000.0,
710.0,-1000.0,
710.0,-990.0,
710.0,-980.0,
710.0,-970.0,
710.0,-960.0,
710.0,-950.0,
710.0,-940.0,
710.0,-930.0,
710.0,-920.0,
710.0,-910.0,
710.0,-900.0,
710.0,-890.0,
710.0,-880.0,
710.0,-870.0,
710.0,-860.0,
710.0,-850.0,
710.0,-840.0,
710.0,-830.0,
710.0,-820.0,
710.0,-810.0,
710.0,-800.0,
710.0,-790.0,
710.0,-780.0,
710.0,-770.0,
710.0,-760.0,
710.0,-750.0,
710.0,-740.0,
710.0,-730.0,
710.0,-720.0,
710.0,-710.0,
710.0,-700.0,116.143
710.0,-690.0,116.804
710.0,-680.0,117.491
710.0,-670.0,118.207
710.0,-660.0,118.952
710.0,-650.0,119.728
710.0,-640.0,120.536
710.0,-630.0,121.377
710.0,-620.0,122.253
710.0,-610.0,123.166
710.0,-600.0,124.118
710.0,-590.0,125.11
710.0,-580.0,126.144
710.0,-570.0,127.222
710.0,-560.0,128.347
710.0,-550.0,129.52
710.0,-540.0,130.745
710.0,-530.0,132.024
710.0,-520.0,133.36
710.0,-510.0,134.756
710.0,-500.0,136.215
710.0,-490.0,137.741
710.0,-480.0,139.337
710.0,-470.0,141.009
710.0,-460.0,142.759
710.0,-450.0,144.593
710.0,-440.0,146.516
710.0,-430.0,148.533
710.0,-420.0,150.65
710.0,-410.0,152.874
710.0,-400.0,155.212
710.0,-390.0,157.672
710.0,-380.0,160.261
710.0,-370.0,162.989
710.0,-360.0,165.866
710.0,-350.0,168.902
710.0,-340.0,172.111
710.0,-330.0,175.503
710.0,-320.0,179.095
710.0,-310.0,182.903
710.0,-300.0,186.943
710.0,-290.0,191.236
710.0,-280.0,195.804
710.0,-270.0,200.672
710.0,-260.0,205.867
710.0,-250.0,211.421
710.0,-240.0,217.368
710.0,-230.0,223.749
710.0,-220.0,230.609
710.0,-210.0,238.0
710.0,-200.0,245.982
710.0,-190.0,254.624
710.0,-180.0,264.006
710.0,-170.0,274.223
710.0,-160.0,285.384
710.0,-150.0,297.62
710.0,-140.0,311.087
710.0,-130.0,325.972
710.0,-120.0,342.501
710.0,-110.0,360.954
710.0,-100.0,381.674
710.0,-90.0,405.094
710.0,-80.0,431.763
710.0,-70.0,462.39
710.0,-60.0,497.905
710.0,-50.0,539.557
710.0,-40.0,589.058
710.0,-30.0,648.82
710.0,-20.0,722.36
710.0,-10.0,790.6
710.0,0.0,790.205
710.0,10.0,790.6
710.0,20.0,722.36
710.0,30.0,648.82
710.0,40.0,589.058
710.0,50.0,539.557
710.0,60.0,497.905
710.0,70.0,462.39
710.0,80.0,431.763
710.0,90.0,405.094
710.0,100.0,381.674
710.0,110.0,360.954
710.0,120.0,342.501
710.0,130.0,325.972
710.0,140.0,311.087
710.0,150.0,297.62
710.0,160.0,285.384
710.0,170.0,274.223
710.0,180.0,264.006
710.0,190.0,254.624
710.0,200.0,245.982
710.0,210.0,238.0
710.0,220.0,230.609
710.0,230.0,223.749
710.0,240.0,217.368
710.0,250.0,211.421
710.0,260.0,205.867
710.0,270.0,200.672
710.0,280.0,195.804
710.0,290.0,191.236
710.0,300.0,186.943
710.0,310.0,182.903
710.0,320.0,179.095
710.0,330.0,175.503
710.0,340.0,172.111
710.0,350.0,168.902
710.0,360.0,165.866
710.0,370.0,162.989
710.0,380.0,160.261
710.0,390.0,157.672
710.0,400.0,155.212
710.0,410.0,152.874
710.0,420.0,150.65
710.0,430.0,148.533
710.0,440.0,146.516
710.0,450.0,144.593
710.0,460.0,142.759
710.0,470.0,141.009
710.0,480.0,139.337
710.0,490.0,137.741
710.0,500.0,136.215
710.0,510.0,134.756
710.0,520.0,133.36
710.0,530.0,132.024
710.0,540.0,130.745
710.0,550.0,129.52
710.0,560.0,128.347
710.0,570.0,127.222
710.0,580.0,126.144
710.0,590.0,125.11
710.0,600.0,124.118
710.0,610.0,123.166
710.0,620.0,122.253
710.0,630.0,121.377
710.0,640.0,120.536
710.0,650.0,119.728
710.0,660.0,118.952
710.0,670.0,118.207
710.0,680.0,117.491
710.0,690.0,116.804
710.0,700.0,116.143
710.0,710.0,
710.0,720.0,
710.0,730.0,
710.0,740.0,
710.0,750.0,
710.0,760.0,
710.0,770.0,
710.0,780.0,
710.0,790.0,
710.0,800.0,
710.0,810.0,
710.0,820.0,
710.0,830.0,
710.0,840.0,
710.0,850.0,
710.0,860.0,
710.0,870.0,
710.0,880.0,
710.0,890.0,
710.0,900.0,
710.0,910.0,
710.0,920.0,
710.0,930.0,
710.0,940.0,
710.0,950.0,
710.0,960.0,
710.0,970.0,
710.0,980.0,
710.0,990.0,
710.0,1000.0,
720.0,-1000.0,
720.0,-990.0,
720.0,-980.0,
720.0,-970.0,
720.0,-960.0,
720.0,-950.0,
720.0,-940.0,
720.0,-930.0,
720.0,-920.0,
720.0,-910.0,
720.0,-900.0,
720.0,-890.0,
720.0,-880.0,
720.0,-870.0,
720.0,-860.0,
720.0,-850.0,
720.0,-840.0,
720.0,-830.0,
720.0,-820.0,
720.0,-810.0,
720.0,-800.0,
720.0,-790.0,
720.0,-780.0,
720.0,-770.0,
720.0,-760.0,
720.0,-750.0,
720.0,-740.0,
720.0,-730.0,
720.0,-720.0,
720.0,-710.0,
720.0,-700.0,
720.0,-690.0,115.604
720.0,-680.0,116.274
720.0,-670.0,116.972
720.0,-660.0,117.699
720.0,-650.0,118.456
720.0,-640.0,119.244
720.0,-630.0,120.065
720.0,-620.0,120.921
720.0,-610.0,121.813
720.0,-600.0,122.743
720.0,-590.0,123.712
720.0,-580.0,124.723
720.0,-570.0,125.777
720.0,-560.0,126.877
720.0,-550.0,128.025
720.0,-540.0,129.223
720.0,-530.0,130.475
720.0,-520.0,131.783
720.0,-510.0,133.15
720.0,-500.0,134.579
720.0,-490.0,136.074
720.0,-480.0,137.638
720.0,-470.0,139.276
720.0,-460.0,140.991
720.0,-450.0,142.789
720.0,-440.0,144.675
720.0,-430.0,146.653
720.0,-420.0,148.731
720.0,-410.0,150.913
720.0,-400.0,153.208
720.0,-390.0,155.622
720.0,-380.0,158.164
720.0,-370.0,160.843
720.0,-360.0,163.669
720.0,-350.0,166.652
720.0,-340.0,169.804
720.0,-330.0,173.139
720.0,-320.0,176.67
720.0,-310.0,180.413
720.0,-300.0,184.387
720.0,-290.0,188.61
720.0,-280.0,193.104
720.0,-270.0,197.894
720.0,-260.0,203.007
720.0,-250.0,208.474
720.0,-240.0,214.33
720.0,-230.0,220.614
720.0,-220.0,227.372
720.0,-210.0,234.655
720.0,-200.0,242.521
720.0,-190.0,251.041
720.0,-180.0,260.292
720.0,-170.0,270.369
720.0,-160.0,281.38
720.0,-150.0,293.456
720.0,-140.0,306.749
720.0,-130.0,321.447
720.0,-120.0,337.775
720.0,-110.0,356.01
720.0,-100.0,376.493
720.0,-90.0,399.655
720.0,-80.0,426.043
720.0,-70.0,456.364
720.0,-60.0,491.546
720.0,-50.0,532.835
720.0,-40.0,581.944
720.0,-30.0,641.291
720.0,-20.0,714.403
720.0,-10.0,780.61
720.0,0.0,780.211
720.0,10.0,780.61
720.0,20.0,714.403
720.0,30.0,641.291
720.0,40.0,581.944
720.0,50.0,532.835
720.0,60.0,491.546
720.0,70.0,456.364
720.0,80.0,426.043
720.0,90.0,399.655
720.0,100.0,376.493
720.0,110.0,356.01
720.0,120.0,337.775
720.0,130.0,321.447
720.0,140.0,306.749
720.0,150.0,293.456
720.0,160.0,281.38
720.0,170.0,270.369
720.0,180.0,260.292
720.0,190.0,251.041
720.0,200.0,242.521
720.0,210.0,234.655
720.0,220.0,227.372
720.0,230.0,220.614
720.0,240.0,214.33
720.0,250.0,208.474
720.0,260.0,203.007
720.0,270.0,197.894
720.0,280.0,193.104
720.0,290.0,188.61
720.0,300.0,184.387
720.0,310.0,180.413
720.0,320.0,176.67
720.0,330.0,173.139
720.0,340.0,169.804
720.0,350.0,166.652
720.0,360.0,163.669
720.0,370.0,160.843
720.0,380.0,158.164
720.0,390.0,155.622
720.0,400.0,153.208
720.0,410.0,150.913
720.0,420.0,148.731
720.0,430.0,146.653
720.0,440.0,144.675
720.0,450.0,142.789
720.0,460.0,140.991
720.0,470.0,139.276
720.0,480.0,137.638
720.0,490.0,136.074
720.0,500.0,134.579
720.0,510.0,133.15
720.0,520.0,131.783
720.0,530.0,130.475
720.0,540.0,129.223
720.0,550.0,128.025
720.0,560.0,126.877
720.0,570.0,125.777
720.0,580.0,124.723
720.0,590.0,123.712
720.0,600.0,122.743
720.0,610.0,121.813
720.0,620.0,120.921
720.0,630.0,120.065
720.0,640.0,119.244
720.0,650.0,118.456
720.0,660.0,117.699
720.0,670.0,116.972
720.0,680.0,116.274
720.0,690.0,115.604
720.0,700.0,
720.0,710.0,
720.0,720.0,
720.0,730.0,
720.0,740.0,
720.0,750.0,
720.0,760.0,
720.0,770.0,
720.0,780.0,
720.0,790.0,
720.0,800.0,
720.0,810.0,
720.0,820.0,
720.0,830.0,
720.0,840.0,
720.0,850.0,
720.0,860.0,
720.0,870.0,
720.0,880.0,
720.0,890.0,
720.0,900.0,
720.0,910.0,
720.0,920.0,
720.0,930.0,
720.0,940.0,
720.0,950.0,
720.0,960.0,
720.0,970.0,
720.0,980.0,
720.0,990.0,
720.0,1000.0,
730.0,-1000.0,
730.0,-990.0,
730.0,-980.0,
730.0,-970.0,
730.0,-960.0,
730.0,-950.0,
730.0,-940.0,
730.0,-930.0,
730.0,-920.0,
730.0,-910.0,
730.0,-900.0,
730.0,-890.0,
730.0,-880.0,
730.0,-870.0,
730.0,-860.0,
730.0,-850.0,
730.0,-840.0,
730.0,-830.0,
730.0,-820.0,
730.0,-810.0,
730.0,-800.0,
730.0,-790.0,
730.0,-780.0,
730.0,-770.0,
730.0,-760.0,
730.0,-750.0,
730.0,-740.0,
730.0,-730.0,
730.0,-720.0,
730.0,-710.0,
730.0,-700.0,
730.0,-690.0,
730.0,-680.0,115.067
730.0,-670.0,115.747
730.0,-660.0,116.455
730.0,-650.0,117.194
730.0,-640.0,117.963
730.0,-630.0,118.764
730.0,-620.0,119.599
730.0,-610.0,120.47
730.0,-600.0,121.378
730.0,-590.0,122.325
730.0,-580.0,123.312
730.0,-570.0,124.343
730.0,-560.0,125.418
730.0,-550.0,126.541
730.0,-540.0,127.713
730.0,-530.0,128.938
730.0,-520.0,130.217
730.0,-510.0,131.555
730.0,-500.0,132.954
730.0,-490.0,134.418
730.0,-480.0,135.95
730.0,-470.0,137.555
730.0,-460.0,139.236
730.0,-450.0,140.998
730.0,-440.0,142.846
730.0,-430.0,144.786
730.0,-420.0,146.824
730.0,-410.0,148.965
730.0,-400.0,151.216
730.0,-390.0,153.585
730.0,-380.0,156.081
730.0,-370.0,158.711
730.0,-360.0,161.485
730.0,-350.0,164.415
730.0,-340.0,167.512
730.0,-330.0,170.788
730.0,-320.0,174.258
730.0,-310.0,177.938
730.0,-300.0,181.844
730.0,-290.0,185.997
730.0,-280.0,190.418
730.0,-270.0,195.13
730.0,-260.0,200.161
730.0,-250.0,205.542
730.0,-240.0,211.307
730.0,-230.0,217.495
730.0,-220.0,224.15
730.0,-210.0,231.324
730.0,-200.0,239.075
730.0,-190.0,247.472
730.0,-180.0,256.593
730.0,-170.0,266.529
730.0,-160.0,277.39
730.0,-150.0,289.304
730.0,-140.0,302.425
730.0,-130.0,316.936
730.0,-120.0,333.062
730.0,-110.0,351.077
730.0,-100.0,371.322
730.0,-90.0,394.225
730.0,-80.0,420.331
730.0,-70.0,450.343
730.0,-60.0,485.189
730.0,-50.0,526.113
730.0,-40.0,574.827
730.0,-30.0,633.752
730.0,-20.0,706.431
730.0,-10.0,770.621
730.0,0.0,770.217
730.0,10.0,770.621
730.0,20.0,706.431
730.0,30.0,633.752
730.0,40.0,574.827
730.0,50.0,526.113
730.0,60.0,485.189
730.0,70.0,450.343
730.0,80.0,420.331
730.0,90.0,394.225
730.0,100.0,371.322
730.0,110.0,351.077
730.0,120.0,333.062
730.0,130.0,316.936
730.0,140.0,302.425
730.0,150.0,289.304
730.0,160.0,277.39
730.0,170.0,266.529
730.0,180.0,256.593
730.0,190.0,247.472
730.0,200.0,239.075
730.0,210.0,231.324
730.0,220.0,224.15
730.0,230.0,217.495
730.0,240.0,211.307
730.0,250.0,205.542
730.0,260.0,200.161
730.0,270.0,195.13
730.0,280.0,190.418
730.0,290.0,185.997
730.0,300.0,181.844
730.0,310.0,177.938
730.0,320.0,174.258
730.0,330.0,170.788
730.0,340.0,167.512
730.0,350.0,164.415
730.0,360.0,161.485
730.0,370.0,158.711
730.0,380.0,156.081
730.0,390.0,153.585
730.0,400.0,151.216
730.0,410.0,148.965
730.0,420.0,146.824
730.0,430.0,144.786
730.0,440.0,142.846
730.0,450.0,140.998
730.0,460.0,139.236
730.0,470.0,137.555
730.0,480.0,135.95
730.0,490.0,134.418
730.0,500.0,132.954
730.0,510.0,131.555
730.0,520.0,130.217
730.0,530.0,128.938
730.0,540.0,127.713
730.0,550.0,126.541
730.0,560.0,125.418
730.0,570.0,124.343
730.0,580.0,123.312
730.0,590.0,122.325
730.0,600.0,121.378
730.0,610.0,120.47
730.0,620.0,119.599
730.0,630.0,118.764
730.0,640.0,117.963
730.0,650.0,117.194
730.0,660.0,116.455
730.0,670.0,115.747
730.0,680.0,115.067
730.0,690.0,
730.0,700.0,
730.0,710.0,
730.0,720.0,
730.0,730.0,
730.0,740.0,
730.0,750.0,
730.0,760.0,
730.0,770.0,
730.0,780.0,
730.0,790.0,
730.0,800.0,
730.0,810.0,
730.0,820.0,
730.0,830.0,
730.0,840.0,
730.0,850.0,
730.0,860.0,
730.0,870.0,
730.0,880.0,
730.0,890.0,
730.0,900.0,
730.0,910.0,
730.0,920.0,
730.0,930.0,
730.0,940.0,
730.0,950.0,
730.0,960.0,
730.0,970.0,
730.0,980.0,
730.0,990.0,
730.0,1000.0,
740.0,-1000.0,
740.0,-990.0,
740.0,-980.0,
740.0,-970.0,
740.0,-960.0,
740.0,-950.0,
740.0,-940.0,
740.0,-930.0,
740.0,-920.0,
740.0,-910.0,
740.0,-900.0,
740.0,-890.0,
740.0,-880.0,
740.0,-870.0,
740.0,-860.0,
740.0,-850.0,
740.0,-840.0,
740.0,-830.0,
740.0,-820.0,
740.0,-810.0,
740.0,-800.0,
740.0,-790.0,
740.0,-780.0,
740.0,-770.0,
740.0,-760.0,
740.0,-750.0,
740.0,-740.0,
740.0,-730.0,
740.0,-720.0,
740.0,-710.0,
740.0,-700.0,
740.0,-690.0,
740.0,-680.0,
740.0,-670.0,114.532
740.0,-660.0,115.222
740.0,-650.0,115.942
740.0,-640.0,116.692
740.0,-630.0,117.473
740.0,-620.0,118.288
740.0,-610.0,119.138
740.0,-600.0,120.024
740.0,-590.0,120.949
740.0,-580.0,121.913
740.0,-570.0,122.92
740.0,-560.0,123.971
740.0,-550.0,125.068
740.0,-540.0,126.214
740.0,-530.0,127.412
740.0,-520.0,128.664
740.0,-510.0,129.973
740.0,-500.0,131.342
740.0,-490.0,132.775
740.0,-480.0,134.275
740.0,-470.0,135.846
740.0,-460.0,137.493
740.0,-450.0,139.219
740.0,-440.0,141.031
740.0,-430.0,142.932
740.0,-420.0,144.93
740.0,-410.0,147.029
740.0,-400.0,149.237
740.0,-390.0,151.562
740.0,-380.0,154.01
740.0,-370.0,156.592
740.0,-360.0,159.315
740.0,-350.0,162.192
740.0,-340.0,165.233
740.0,-330.0,168.451
740.0,-320.0,171.861
740.0,-310.0,175.477
740.0,-300.0,179.316
740.0,-290.0,183.399
740.0,-280.0,187.746
740.0,-270.0,192.38
740.0,-260.0,197.33
740.0,-250.0,202.624
740.0,-240.0,208.298
740.0,-230.0,214.389
740.0,-220.0,220.942
740.0,-210.0,228.008
740.0,-200.0,235.644
740.0,-190.0,243.918
740.0,-180.0,252.907
740.0,-170.0,262.703
740.0,-160.0,273.414
740.0,-150.0,285.167
740.0,-140.0,298.114
740.0,-130.0,312.437
740.0,-120.0,328.36
740.0,-110.0,346.155
740.0,-100.0,366.162
740.0,-90.0,388.805
740.0,-80.0,414.627
740.0,-70.0,444.329
740.0,-60.0,478.836
740.0,-50.0,519.391
740.0,-40.0,567.705
740.0,-30.0,626.205
740.0,-20.0,698.443
740.0,-10.0,760.632
740.0,0.0,760.222
740.0,10.0,760.632
740.0,20.0,698.443
740.0,30.0,626.205
740.0,40.0,567.705
740.0,50.0,519.391
740.0,60.0,478.836
740.0,70.0,444.329
740.0,80.0,414.627
740.0,90.0,388.805
740.0,100.0,366.162
740.0,110.0,346.155
740.0,120.0,328.36
740.0,130.0,312.437
740.0,140.0,298.114
740.0,150.0,285.167
740.0,160.0,273.414
740.0,170.0,262.703
740.0,180.0,252.907
740.0,190.0,243.918
740.0,200.0,235.644
740.0,210.0,228.008
740.0,220.0,220.942
740.0,230.0,214.389
740.0,240.0,208.298
740.0,250.0,202.624
740.0,260.0,197.33
740.0,270.0,192.38
740.0,280.0,187.746
740.0,290.0,183.399
740.0,300.0,179.316
740.0,310.0,175.477
740.0,320.0,171.861
740.0,330.0,168.451
740.0,340.0,165.233
740.0,350.0,162.192
740.0,360.0,159.315
740.0,370.0,156.592
740.0,380.0,154.01
740.0,390.0,151.562
740.0,400.0,149.237
740.0,410.0,147.029
740.0,420.0,144.93
740.0,430.0,142.932
740.0,440.0,141.031
740.0,450.0,139.219
740.0,460.0,137.493
740.0,470.0,135.846
740.0,480.0,134.275
740.0,490.0,132.775
740.0,500.0,131.342
740.0,510.0,129.973
740.0,520.0,128.664
740.0,530.0,127.412
740.0,540.0,126.214
740.0,550.0,125.068
740.0,560.0,123.971
740.0,570.0,122.92
740.0,580.0,121.913
740.0,590.0,120.949
740.0,600.0,120.024
740.0,610.0,119.138
740.0,620.0,118.288
740.0,630.0,117.473
740.0,640.0,116.692
740.0,650.0,115.942
740.0,660.0,115.222
740.0,670.0,114.532
740.0,680.0,
740.0,690.0,
740.0,700.0,
740.0,710.0,
740.0,720.0,
740.0,730.0,
740.0,740.0,
740.0,750.0,
740.0,760.0,
740.0,770.0,
740.0,780.0,
740.0,790.0,
740.0,800.0,
740.0,810.0,
740.0,820.0,
740.0,830.0,
740.0,840.0,
740.0,850.0,
740.0,860.0,
740.0,870.0,
740.0,880.0,
740.0,890.0,
740.0,900.0,
740.0,910.0,
740.0,920.0,
740.0,930.0,
740.0,940.0,
740.0,950.0,
740.0,960.0,
740.0,970.0,
740.0,980.0,
740.0,990.0,
740.0,1000.0,
750.0,-1000.0,
750.0,-990.0,
750.0,-980.0,
750.0,-970.0,
750.0,-960.0,
750.0,-950.0,
750.0,-940.0,
750.0,-930.0,
750.0,-920.0,
750.0,-910.0,
750.0,-900.0,
750.0,-890.0,
750.0,-880.0,
750.0,-870.0,
750.0,-860.0,
750.0,-850.0,
750.0,-840.0,
750.0,-830.0,
750.0,-820.0,
750.0,-810.0,
750.0,-800.0,
750.0,-790.0,
750.0,-780.0,
750.0,-770.0,
750.0,-760.0,
750.0,-750.0,
750.0,-740.0,
750.0,-730.0,
750.0,-720.0,
750.0,-710.0,
750.0,-700.0,
750.0,-690.0,
750.0,-680.0,
750.0,-670.0,
750.0,-660.0,114.0
750.0,-650.0,114.7
750.0,-640.0,115.431
750.0,-630.0,116.193
750.0,-620.0,116.988
750.0,-610.0,117.817
750.0,-600.0,118.681
750.0,-590.0,119.584
750.0,-580.0,120.525
750.0,-570.0,121.508
750.0,-560.0,122.535
750.0,-550.0,123.607
750.0,-540.0,124.727
750.0,-530.0,125.898
750.0,-520.0,127.122
750.0,-510.0,128.402
750.0,-500.0,129.741
750.0,-490.0,131.143
750.0,-480.0,132.612
750.0,-470.0,134.15
750.0,-460.0,135.762
750.0,-450.0,137.453
750.0,-440.0,139.228
750.0,-430.0,141.091
750.0,-420.0,143.049
750.0,-410.0,145.107
750.0,-400.0,147.272
750.0,-390.0,149.552
750.0,-380.0,151.953
750.0,-370.0,154.486
750.0,-360.0,157.159
750.0,-350.0,159.983
750.0,-340.0,162.969
750.0,-330.0,166.129
750.0,-320.0,169.477
750.0,-310.0,173.03
750.0,-300.0,176.803
750.0,-290.0,180.815
750.0,-280.0,185.088
750.0,-270.0,189.646
750.0,-260.0,194.513
750.0,-250.0,199.722
750.0,-240.0,205.304
750.0,-230.0,211.299
750.0,-220.0,217.75
750.0,-210.0,224.707
750.0,-200.0,232.227
750.0,-190.0,240.378
750.0,-180.0,249.236
750.0,-170.0,258.892
750.0,-160.0,269.452
750.0,-150.0,281.043
750.0,-140.0,293.816
750.0,-130.0,307.951
750.0,-120.0,323.671
750.0,-110.0,341.245
750.0,-100.0,361.012
750.0,-90.0,383.393
750.0,-80.0,408.93
750.0,-70.0,438.32
750.0,-60.0,472.486
750.0,-50.0,512.669
750.0,-40.0,560.58
750.0,-30.0,618.649
750.0,-20.0,690.44
750.0,-10.0,750.644
750.0,0.0,750.228
750.0,10.0,750.644
750.0,20.0,690.44
750.0,30.0,618.649
750.0,40.0,560.58
750.0,50.0,512.669
750.0,60.0,472.486
750.0,70.0,438.32
750.0,80.0,408.93
750.0,90.0,383.393
750.0,100.0,361.012
750.0,110.0,341.245
750.0,120.0,323.671
750.0,130.0,307.951
750.0,140.0,293.816
750.0,150.0,281.043
750.0,160.0,269.452
750.0,170.0,258.892
750.0,180.0,249.236
750.0,190.0,240.378
750.0,200.0,232.227
750.0,210.0,224.707
750.0,220.0,217.75
750.0,230.0,211.299
750.0,240.0,205.304
750.0,250.0,199.722
750.0,260.0,194.513
750.0,270.0,189.646
750.0,280.0,185.088
750.0,290.0,180.815
750.0,300.0,176.803
750.0,310.0,173.03
750.0,320.0,169.477
750.0,330.0,166.129
750.0,340.0,162.969
750.0,350.0,159.983
750.0,360.0,157.159
750.0,370.0,154.486
750.0,380.0,151.953
750.0,390.0,149.552
750.0,400.0,147.272
750.0,410.0,145.107
750.0,420.0,143.049
750.0,430.0,141.091
750.0,440.0,139.228
750.0,450.0,137.453
750.0,460.0,135.762
750.0,470.0,134.15
750.0,480.0,132.612
750.0,490.0,131.143
750.0,500.0,129.741
750.0,510.0,128.402
750.0,520.0,127.122
750.0,530.0,125.898
750.0,540.0,124.727
750.0,550.0,123.607
750.0,560.0,122.535
750.0,570.0,121.508
750.0,580.0,120.525
750.0,590.0,119.584
750.0,600.0,118.681
750.0,610.0,117.817
750.0,620.0,116.988
750.0,630.0,116.193
750.0,640.0,115.431
750.0,650.0,114.7
750.0,660.0,114.0
750.0,670.0,
750.0,680.0,
750.0,690.0,
750.0,700.0,
750.0,710.0,
750.0,720.0,
750.0,730.0,
750.0,740.0,
750.0,750.0,
750.0,760.0,
750.0,770.0,
750.0,780.0,
750.0,790.0,
750.0,800.0,
750.0,810.0,
750.0,820.0,
750.0,830.0,
750.0,840.0,
750.0,850.0,
750.0,860.0,
750.0,870.0,
750.0,880.0,
750.0,890.0,
750.0,900.0,
750.0,910.0,
750.0,920.0,
750.0,930.0,
750.0,940.0,
750.0,950.0,
750.0,960.0,
750.0,970.0,
750.0,980.0,
750.0,990.0,
750.0,1000.0,
760.0,-1000.0,
760.0,-990.0,
760.0,-980.0,
760.0,-970.0,
760.0,-960.0,
760.0,-950.0,
760.0,-940.0,
760.0,-930.0,
760.0,-920.0,
760.0,-910.0,
760.0,-900.0,
760.0,-890.0,
760.0,-880.0,
760.0,-870.0,
760.0,-860.0,
760.0,-850.0,
760.0,-840.0,
760.0,-830.0,
760.0,-820.0,
760.0,-810.0,
760.0,-800.0,
760.0,-790.0,
760.0,-780.0,
760.0,-770.0,
760.0,-760.0,
760.0,-750.0,
760.0,-740.0,
760.0,-730.0,
760.0,-720.0,
760.0,-710.0,
760.0,-700.0,
760.0,-690.0,
760.0,-680.0,
760.0,-670.0,
760.0,-660.0,
760.0,-650.0,113.469
760.0,-640.0,114.181
760.0,-630.0,114.924
760.0,-620.0,115.698
760.0,-610.0,116.506
760.0,-600.0,117.349
760.0,-590.0,118.23
760.0,-580.0,119.148
760.0,-570.0,120.108
760.0,-560.0,121.11
760.0,-550.0,122.157
760.0,-540.0,123.252
760.0,-530.0,124.395
760.0,-520.0,125.592
760.0,-510.0,126.843
760.0,-500.0,128.153
760.0,-490.0,129.525
760.0,-480.0,130.961
760.0,-470.0,132.466
760.0,-460.0,134.045
760.0,-450.0,135.7
760.0,-440.0,137.438
760.0,-430.0,139.263
760.0,-420.0,141.181
760.0,-410.0,143.198
760.0,-400.0,145.32
760.0,-390.0,147.555
760.0,-380.0,149.91
760.0,-370.0,152.394
760.0,-360.0,155.017
760.0,-350.0,157.787
760.0,-340.0,160.718
760.0,-330.0,163.82
760.0,-320.0,167.108
760.0,-310.0,170.597
760.0,-300.0,174.304
760.0,-290.0,178.246
760.0,-280.0,182.446
760.0,-270.0,186.925
760.0,-260.0,191.712
760.0,-250.0,196.834
760.0,-240.0,202.325
760.0,-230.0,208.223
760.0,-220.0,214.572
760.0,-210.0,221.421
760.0,-200.0,228.826
760.0,-190.0,236.853
760.0,-180.0,245.58
760.0,-170.0,255.095
760.0,-160.0,265.505
760.0,-150.0,276.934
760.0,-140.0,289.532
760.0,-130.0,303.479
760.0,-120.0,318.994
760.0,-110.0,336.347
760.0,-100.0,355.873
760.0,-90.0,377.992
760.0,-80.0,403.241
760.0,-70.0,432.318
760.0,-60.0,466.14
760.0,-50.0,505.947
760.0,-40.0,553.451
760.0,-30.0,611.083
760.0,-20.0,682.42
760.0,-10.0,755.068
760.0,0.0,755.001
760.0,10.0,755.068
760.0,20.0,682.42
760.0,30.0,611.083
760.0,40.0,553.451
760.0,50.0,505.947
760.0,60.0,466.14
760.0,70.0,432.318
760.0,80.0,403.241
760.0,90.0,377.992
760.0,100.0,355.873
760.0,110.0,336.347
760.0,120.0,318.994
760.0,130.0,303.479
760.0,140.0,289.532
760.0,150.0,276.934
760.0,160.0,265.505
760.0,170.0,255.095
760.0,180.0,245.58
760.0,190.0,236.853
760.0,200.0,228.826
760.0,210.0,221.421
760.0,220.0,214.572
760.0,230.0,208.223
760.0,240.0,202.325
760.0,250.0,196.834
760.0,260.0,191.712
760.0,270.0,186.925
760.0,280.0,182.446
760.0,290.0,178.246
760.0,300.0,174.304
760.0,310.0,170.597
760.0,320.0,167.108
760.0,330.0,163.82
760.0,340.0,160.718
760.0,350.0,157.787
760.0,360.0,155.017
760.0,370.0,152.394
760.0,380.0,149.91
760.0,390.0,147.555
760.0,400.0,145.32
760.0,410.0,143.198
760.0,420.0,141.181
760.0,430.0,139.263
760.0,440.0,137.438
760.0,450.0,135.7
760.0,460.0,134.045
760.0,470.0,132.466
760.0,480.0,130.961
760.0,490.0,129.525
760.0,500.0,128.153
760.0,510.0,126.843
760.0,520.0,125.592
760.0,530.0,124.395
760.0,540.0,123.252
760.0,550.0,122.157
760.0,560.0,121.11
760.0,570.0,120.108
760.0,580.0,119.148
760.0,590.0,118.23
760.0,600.0,117.349
760.0,610.0,116.506
760.0,620.0,115.698
760.0,630.0,114.924
760.0,640.0,114.181
760.0,650.0,113.469
760.0,660.0,
760.0,670.0,
760.0,680.0,
760.0,690.0,
760.0,700.0,
760.0,710.0,
760.0,720.0,
760.0,730.0,
760.0,740.0,
760.0,750.0,
760.0,760.0,
760.0,770.0,
760.0,780.0,
760.0,790.0,
760.0,800.0,
760.0,810.0,
760.0,820.0,
760.0,830.0,
760.0,840.0,
760.0,850.0,
760.0,860.0,
760.0,870.0,
760.0,880.0,
760.0,890.0,
760.0,900.0,
760.0,910.0,
760.0,920.0,
760.0,930.0,
760.0,940.0,
760.0,950.0,
760.0,960.0,
760.0,970.0,
760.0,980.0,
760.0,990.0,
760.0,1000.0,
770.0,-1000.0,
770.0,-990.0,
770.0,-980.0,
770.0,-970.0,
770.0,-960.0,
770.0,-950.0,
770.0,-940.0,
770.0,-930.0,
770.0,-920.0,
770.0,-910.0,
770.0,-900.0,
770.0,-890.0,
770.0,-880.0,
770.0,-870.0,
770.0,-860.0,
770.0,-850.0,
770.0,-840.0,
770.0,-830.0,
770.0,-820.0,
770.0,-810.0,
770.0,-800.0,
770.0,-790.0,
770.0,-780.0,
770.0,-770.0,
770.0,-760.0,
770.0,-750.0,
770.0,-740.0,
770.0,-730.0,
770.0,-720.0,
770.0,-710.0,
770.0,-700.0,
770.0,-690.0,
770.0,-680.0,
770.0,-670.0,
770.0,-660.0,
770.0,-650.0,
770.0,-640.0,112.942
770.0,-630.0,113.665
770.0,-620.0,114.419
770.0,-610.0,115.206
770.0,-600.0,116.028
770.0,-590.0,116.887
770.0,-580.0,117.783
770.0,-570.0,118.719
770.0,-560.0,119.697
770.0,-550.0,120.719
770.0,-540.0,121.788
770.0,-530.0,122.905
770.0,-520.0,124.074
770.0,-510.0,125.297
770.0,-500.0,126.577
770.0,-490.0,127.918
770.0,-480.0,129.323
770.0,-470.0,130.795
770.0,-460.0,132.34
770.0,-450.0,133.96
770.0,-440.0,135.661
770.0,-430.0,137.448
770.0,-420.0,139.327
770.0,-410.0,141.302
770.0,-400.0,143.382
770.0,-390.0,145.572
770.0,-380.0,147.881
770.0,-370.0,150.316
770.0,-360.0,152.888
770.0,-350.0,155.606
770.0,-340.0,158.481
770.0,-330.0,161.526
770.0,-320.0,164.754
770.0,-310.0,168.179
770.0,-300.0,171.819
770.0,-290.0,175.692
770.0,-280.0,179.818
770.0,-270.0,184.22
770.0,-260.0,188.925
770.0,-250.0,193.961
770.0,-240.0,199.361
770.0,-230.0,205.163
770.0,-220.0,211.409
770.0,-210.0,218.149
770.0,-200.0,225.439
770.0,-190.0,233.343
770.0,-180.0,241.938
770.0,-170.0,251.313
770.0,-160.0,261.572
770.0,-150.0,272.838
770.0,-140.0,285.261
770.0,-130.0,299.019
770.0,-120.0,314.33
770.0,-110.0,331.461
770.0,-100.0,350.745
770.0,-90.0,372.6
770.0,-80.0,397.561
770.0,-70.0,426.321
770.0,-60.0,459.797
770.0,-50.0,499.226
770.0,-40.0,546.317
770.0,-30.0,603.507
770.0,-20.0,674.384
770.0,-10.0,765.067
770.0,0.0,765.001
770.0,10.0,765.067
770.0,20.0,674.384
770.0,30.0,603.507
770.0,40.0,546.317
770.0,50.0,499.226
770.0,60.0,459.797
770.0,70.0,426.321
770.0,80.0,397.561
770.0,90.0,372.6
770.0,100.0,350.745
770.0,110.0,331.461
770.0,120.0,314.33
770.0,130.0,299.019
770.0,140.0,285.261
770.0,150.0,272.838
770.0,160.0,261.572
770.0,170.0,251.313
770.0,180.0,241.938
770.0,190.0,233.343
770.0,200.0,225.439
770.0,210.0,218.149
770.0,220.0,211.409
770.0,230.0,205.163
770.0,240.0,199.361
770.0,250.0,193.961
770.0,260.0,188.925
770.0,270.0,184.22
770.0,280.0,179.818
770.0,290.0,175.692
770.0,300.0,171.819
770.0,310.0,168.179
770.0,320.0,164.754
770.0,330.0,161.526
770.0,340.0,158.481
770.0,350.0,155.606
770.0,360.0,152.888
770.0,370.0,150.316
770.0,380.0,147.881
770.0,390.0,145.572
770.0,400.0,143.382
770.0,410.0,141.302
770.0,420.0,139.327
770.0,430.0,137.448
770.0,440.0,135.661
770.0,450.0,133.96
770.0,460.0,132.34
770.0,470.0,130.795
770.0,480.0,129.323
770.0,490.0,127.918
770.0,500.0,126.577
770.0,510.0,125.297
770.0,520.0,124.074
770.0,530.0,122.905
770.0,540.0,121.788
770.0,550.0,120.719
770.0,560.0,119.697
770.0,570.0,118.719
770.0,580.0,117.783
770.0,590.0,116.887
770.0,600.0,116.028
770.0,610.0,115.206
770.0,620.0,114.419
770.0,630.0,113.665
770.0,640.0,112.942
770.0,650.0,
770.0,660.0,
770.0,670.0,
770.0,680.0,
770.0,690.0,
770.0,700.0,
770.0,710.0,
770.0,720.0,
770.0,730.0,
770.0,740.0,
770.0,750.0,
770.0,760.0,
770.0,770.0,
770.0,780.0,
770.0,790.0,
770.0,800.0,
770.0,810.0,
770.0,820.0,
770.0,830.0,
770.0,840.0,
770.0,850.0,
770.0,860.0,
770.0,870.0,
770.0,880.0,
770.0,890.0,
770.0,900.0,
770.0,910.0,
770.0,920.0,
770.0,930.0,
770.0,940.0,
770.0,950.0,
770.0,960.0,
770.0,970.0,
770.0,980.0,
770.0,990.0,
770.0,1000.0,
780.0,-1000.0,
780.0,-990.0,
780.0,-980.0,
780.0,-970.0,
780.0,-960.0,
780.0,-950.0,
780.0,-940.0,
780.0,-930.0,
780.0,-920.0,
780.0,-910.0,
780.0,-900.0,
780.0,-890.0,
780.0,-880.0,
780.0,-870.0,
780.0,-860.0,
780.0,-850.0,
780.0,-840.0,
780.0,-830.0,
780.0,-820.0,
780.0,-810.0,
780.0,-800.0,
780.0,-790.0,
780.0,-780.0,
780.0,-770.0,
780.0,-760.0,
780.0,-750.0,
780.0,-740.0,
780.0,-730.0,
780.0,-720.0,
780.0,-710.0,
780.0,-700.0,
780.0,-690.0,
780.0,-680.0,
780.0,-670.0,
780.0,-660.0,
780.0,-650.0,
780.0,-640.0,
780.0,-630.0,112.416
780.0,-620.0,113.151
780.0,-610.0,113.918
780.0,-600.0,114.719
780.0,-590.0,115.555
780.0,-580.0,116.429
780.0,-570.0,117.342
780.0,-560.0,118.296
780.0,-550.0,119.293
780.0,-540.0,120.336
780.0,-530.0,121.427
780.0,-520.0,122.568
780.0,-510.0,123.763
780.0,-500.0,125.014
780.0,-490.0,126.324
780.0,-480.0,127.697
780.0,-470.0,129.137
780.0,-460.0,130.648
780.0,-450.0,132.233
780.0,-440.0,133.897
780.0,-430.0,135.647
780.0,-420.0,137.485
780.0,-410.0,139.42
780.0,-400.0,141.457
780.0,-390.0,143.603
780.0,-380.0,145.865
780.0,-370.0,148.253
780.0,-360.0,150.774
780.0,-350.0,153.439
780.0,-340.0,156.259
780.0,-330.0,159.247
780.0,-320.0,162.414
780.0,-310.0,165.776
780.0,-300.0,169.349
780.0,-290.0,173.152
780.0,-280.0,177.205
780.0,-270.0,181.53
780.0,-260.0,186.153
780.0,-250.0,191.103
780.0,-240.0,196.412
780.0,-230.0,202.118
780.0,-220.0,208.262
780.0,-210.0,214.893
780.0,-200.0,222.067
780.0,-190.0,229.849
780.0,-180.0,238.312
780.0,-170.0,247.546
780.0,-160.0,257.653
780.0,-150.0,268.757
780.0,-140.0,281.005
780.0,-130.0,294.573
780.0,-120.0,309.679
780.0,-110.0,326.587
780.0,-100.0,345.628
780.0,-90.0,367.218
780.0,-80.0,391.888
780.0,-70.0,420.33
780.0,-60.0,453.457
780.0,-50.0,492.504
780.0,-40.0,539.18
780.0,-30.0,595.922
780.0,-20.0,666.331
780.0,-10.0,775.066
780.0,0.0,775.001
780.0,10.0,775.066
780.0,20.0,666.331
780.0,30.0,595.922
780.0,40.0,539.18
780.0,50.0,492.504
780.0,60.0,453.457
780.0,70.0,420.33
780.0,80.0,391.888
780.0,90.0,367.218
780.0,100.0,345.628
780.0,110.0,326.587
780.0,120.0,309.679
780.0,130.0,294.573
780.0,140.0,281.005
780.0,150.0,268.757
780.0,160.0,257.653
780.0,170.0,247.546
780.0,180.0,238.312
780.0,190.0,229.849
780.0,200.0,222.067
780.0,210.0,214.893
780.0,220.0,208.262
780.0,230.0,202.118
780.0,240.0,196.412
780.0,250.0,191.103
780.0,260.0,186.153
780.0,270.0,181.53
780.0,280.0,177.205
780.0,290.0,173.152
780.0,300.0,169.349
780.0,310.0,165.776
780.0,320.0,162.414
780.0,330.0,159.247
780.0,340.0,156.259
780.0,350.0,153.439
780.0,360.0,150.774
780.0,370.0,148.253
780.0,380.0,145.865
780.0,390.0,143.603
780.0,400.0,141.457
780.0,410.0,139.42
780.0,420.0,137.485
780.0,430.0,135.647
780.0,440.0,133.897
780.0,450.0,132.233
780.0,460.0,130.648
780.0,470.0,129.137
780.0,480.0,127.697
780.0,490.0,126.324
780.0,500.0,125.014
780.0,510.0,123.763
780.0,520.0,122.568
780.0,530.0,121.427
780.0,540.0,120.336
780.0,550.0,119.293
780.0,560.0,118.296
780.0,570.0,117.342
780.0,580.0,116.429
780.0,590.0,115.555
780.0,600.0,114.719
780.0,610.0,113.918
780.0,620.0,113.151
780.0,630.0,112.416
780.0,640.0,
780.0,650.0,
780.0,660.0,
780.0,670.0,
780.0,680.0,
780.0,690.0,
780.0,700.0,
780.0,710.0,
780.0,720.0,
780.0,730.0,
780.0,740.0,
780.0,750.0,
780.0,760.0,
780.0,770.0,
780.0,780.0,
780.0,790.0,
780.0,800.0,
780.0,810.0,
780.0,820.0,
780.0,830.0,
780.0,840.0,
780.0,850.0,
780.0,860.0,
780.0,870.0,
780.0,880.0,
780.0,890.0,
780.0,900.0,
780.0,910.0,
780.0,920.0,
780.0,930.0,
780.0,940.0,
780.0,950.0,
780.0,960.0,
780.0,970.0,
780.0,980.0,
780.0,990.0,
780.0,1000.0,
790.0,-1000.0,
790.0,-990.0,
790.0,-980.0,
790.0,-970.0,
790.0,-960.0,
790.0,-950.0,
790.0,-940.0,
790.0,-930.0,
790.0,-920.0,
790.0,-910.0,
790.0,-900.0,
790.0,-890.0,
790.0,-880.0,
790.0,-870.0,
790.0,-860.0,
790.0,-850.0,
790.0,-840.0,
790.0,-830.0,
790.0,-820.0,
790.0,-810.0,
790.0,-800.0,
790.0,-790.0,
790.0,-780.0,
790.0,-770.0,
790.0,-760.0,
790.0,-750.0,
790.0,-740.0,
790.0,-730.0,
790.0,-720.0,
790.0,-710.0,
790.0,-700.0,
790.0,-690.0,
790.0,-680.0,
790.0,-670.0,
790.0,-660.0,
790.0,-650.0,
790.0,-640.0,
790.0,-630.0,
790.0,-620.0,
790.0,-610.0,112.64
790.0,-600.0,113.42
790.0,-590.0,114.235
790.0,-580.0,115.086
790.0,-570.0,115.976
790.0,-560.0,116.906
790.0,-550.0,117.879
790.0,-540.0,118.896
790.0,-530.0,119.96
790.0,-520.0,121.074
790.0,-510.0,122.241
790.0,-500.0,123.462
790.0,-490.0,124.743
790.0,-480.0,126.084
790.0,-470.0,127.492
790.0,-460.0,128.968
790.0,-450.0,130.519
790.0,-440.0,132.147
790.0,-430.0,133.858
790.0,-420.0,135.658
790.0,-410.0,137.552
790.0,-400.0,139.546
790.0,-390.0,141.647
790.0,-380.0,143.864
790.0,-370.0,146.203
790.0,-360.0,148.674
790.0,-350.0,151.287
790.0,-340.0,154.052
790.0,-330.0,156.982
790.0,-320.0,160.088
790.0,-310.0,163.387
790.0,-300.0,166.895
790.0,-290.0,170.628
790.0,-280.0,174.607
790.0,-270.0,178.855
790.0,-260.0,183.396
790.0,-250.0,188.26
790.0,-240.0,193.479
790.0,-230.0,199.088
790.0,-220.0,205.13
790.0,-210.0,211.653
790.0,-200.0,218.711
790.0,-190.0,226.369
790.0,-180.0,234.701
790.0,-170.0,243.793
790.0,-160.0,253.749
790.0,-150.0,264.69
790.0,-140.0,276.762
790.0,-130.0,290.141
790.0,-120.0,305.041
790.0,-110.0,321.725
790.0,-100.0,340.522
790.0,-90.0,361.846
790.0,-80.0,386.224
790.0,-70.0,414.346
790.0,-60.0,447.122
790.0,-50.0,485.783
790.0,-40.0,532.038
790.0,-30.0,588.327
790.0,-20.0,658.261
790.0,-10.0,785.066
790.0,0.0,785.001
790.0,10.0,785.066
790.0,20.0,658.261
790.0,30.0,588.327
790.0,40.0,532.038
790.0,50.0,485.783
790.0,60.0,447.122
790.0,70.0,414.346
790.0,80.0,386.224
790.0,90.0,361.846
790.0,100.0,340.522
790.0,110.0,321.725
790.0,120.0,305.041
790.0,130.0,290.141
790.0,140.0,276.762
790.0,150.0,264.69
790.0,160.0,253.749
790.0,170.0,243.793
790.0,180.0,234.701
790.0,190.0,226.369
790.0,200.0,218.711
790.0,210.0,211.653
790.0,220.0,205.13
790.0,230.0,199.088
790.0,240.0,193.479
790.0,250.0,188.26
790.0,260.0,183.396
790.0,270.0,178.855
790.0,280.0,174.607
790.0,290.0,170.628
790.0,300.0,166.895
790.0,310.0,163.387
790.0,320.0,160.088
790.0,330.0,156.982
790.0,340.0,154.052
790.0,350.0,151.287
790.0,360.0,148.674
790.0,370.0,146.203
790.0,380.0,143.864
790.0,390.0,141.647
790.0,400.0,139.546
790.0,410.0,137.552
790.0,420.0,135.658
790.0,430.0,133.858
790.0,440.0,132.147
790.0,450.0,130.519
790.0,460.0,128.968
790.0,470.0,127.492
790.0,480.0,126.084
790.0,490.0,124.743
790.0,500.0,123.462
790.0,510.0,122.241
790.0,520.0,121.074
790.0,530.0,119.96
790.0,540.0,118.896
790.0,550.0,117.879
790.0,560.0,116.906
790.0,570.0,115.976
790.0,580.0,115.086
790.0,590.0,114.235
790.0,600.0,113.42
790.0,610.0,112.64
790.0,620.0,
790.0,630.0,
790.0,640.0,
790.0,650.0,
790.0,660.0,
790.0,670.0,
790.0,680.0,
790.0,690.0,
790.0,700.0,
790.0,710.0,
790.0,720.0,
790.0,730.0,
790.0,740.0,
790.0,750.0,
790.0,760.0,
790.0,770.0,
790.0,780.0,
790.0,790.0,
790.0,800.0,
790.0,810.0,
790.0,820.0,
790.0,830.0,
790.0,840.0,
790.0,850.0,
790.0,860.0,
790.0,870.0,
790.0,880.0,
790.0,890.0,
790.0,900.0,
790.0,910.0,
790.0,920.0,
790.0,930.0,
790.0,940.0,
790.0,950.0,
790.0,960.0,
790.0,970.0,
790.0,980.0,
790.0,990.0,
790.0,1000.0,
800.0,-1000.0,
800.0,-990.0,
800.0,-980.0,
800.0,-970.0,
800.0,-960.0,
800.0,-950.0,
800.0,-940.0,
800.0,-930.0,
800.0,-920.0,
800.0,-910.0,
800.0,-900.0,
800.0,-890.0,
800.0,-880.0,
800.0,-870.0,
800.0,-860.0,
800.0,-850.0,
800.0,-840.0,
800.0,-830.0,
800.0,-820.0,
800.0,-810.0,
800.0,-800.0,
800.0,-790.0,
800.0,-780.0,
800.0,-770.0,
800.0,-760.0,
800.0,-750.0,
800.0,-740.0,
800.0,-730.0,
800.0,-720.0,
800.0,-710.0,
800.0,-700.0,
800.0,-690.0,
800.0,-680.0,
800.0,-670.0,
800.0,-660.0,
800.0,-650.0,
800.0,-640.0,
800.0,-630.0,
800.0,-620.0,
800.0,-610.0,
800.0,-600.0,112.133
800.0,-590.0,112.926
800.0,-580.0,113.755
800.0,-570.0,114.622
800.0,-560.0,115.528
800.0,-550.0,116.476
800.0,-540.0,117.468
800.0,-530.0,118.506
800.0,-520.0,119.593
800.0,-510.0,120.731
800.0,-500.0,121.924
800.0,-490.0,123.174
800.0,-480.0,124.485
800.0,-470.0,125.859
800.0,-460.0,127.303
800.0,-450.0,128.818
800.0,-440.0,130.41
800.0,-430.0,132.084
800.0,-420.0,133.844
800.0,-410.0,135.697
800.0,-400.0,137.649
800.0,-390.0,139.706
800.0,-380.0,141.876
800.0,-370.0,144.168
800.0,-360.0,146.588
800.0,-350.0,149.149
800.0,-340.0,151.859
800.0,-330.0,154.731
800.0,-320.0,157.778
800.0,-310.0,161.014
800.0,-300.0,164.455
800.0,-290.0,168.118
800.0,-280.0,172.024
800.0,-270.0,176.195
800.0,-260.0,180.655
800.0,-250.0,185.433
800.0,-240.0,190.561
800.0,-230.0,196.074
800.0,-220.0,202.014
800.0,-210.0,208.428
800.0,-200.0,215.371
800.0,-190.0,222.905
800.0,-180.0,231.105
800.0,-170.0,240.056
800.0,-160.0,249.861
800.0,-150.0,260.639
800.0,-140.0,272.535
800.0,-130.0,285.723
800.0,-120.0,300.416
800.0,-110.0,316.876
800.0,-100.0,335.428
800.0,-90.0,356.483
800.0,-80.0,380.569
800.0,-70.0,408.368
800.0,-60.0,440.79
800.0,-50.0,479.062
800.0,-40.0,524.892
800.0,-30.0,580.722
800.0,-20.0,654.03
800.0,-10.0,795.065
800.0,0.0,795.001
800.0,10.0,795.065
800.0,20.0,654.03
800.0,30.0,580.722
800.0,40.0,524.892
800.0,50.0,479.062
800.0,60.0,440.79
800.0,70.0,408.368
800.0,80.0,380.569
800.0,90.0,356.483
800.0,100.0,335.428
800.0,110.0,316.876
800.0,120.0,300.416
800.0,130.0,285.723
800.0,140.0,272.535
800.0,150.0,260.639
800.0,160.0,249.861
800.0,170.0,240.056
800.0,180.0,231.105
800.0,190.0,222.905
800.0,200.0,215.371
800.0,210.0,208.428
800.0,220.0,202.014
800.0,230.0,196.074
800.0,240.0,190.561
800.0,250.0,185.433
800.0,260.0,180.655
800.0,270.0,176.195
800.0,280.0,172.024
800.0,290.0,168.118
800.0,300.0,164.455
800.0,310.0,161.014
800.0,320.0,157.778
800.0,330.0,154.731
800.0,340.0,151.859
800.0,350.0,149.149
800.0,360.0,146.588
800.0,370.0,144.168
800.0,380.0,141.876
800.0,390.0,139.706
800.0,400.0,137.649
800.0,410.0,135.697
800.0,420.0,133.844
800.0,430.0,132.084
800.0,440.0,130.41
800.0,450.0,128.818
800.0,460.0,127.303
800.0,470.0,125.859
800.0,480.0,124.485
800.0,490.0,123.174
800.0,500.0,121.924
800.0,510.0,120.731
800.0,520.0,119.593
800.0,530.0,118.506
800.0,540.0,117.468
800.0,550.0,116.476
800.0,560.0,115.528
800.0,570.0,114.622
800.0,580.0,113.755
800.0,590.0,112.926
800.0,600.0,112.133
800.0,610.0,
800.0,620.0,
800.0,630.0,
800.0,640.0,
800.0,650.0,
800.0,660.0,
800.0,670.0,
800.0,680.0,
800.0,690.0,
800.0,700.0,
800.0,710.0,
800.0,720.0,
800.0,730.0,
800.0,740.0,
800.0,750.0,
800.0,760.0,
800.0,770.0,
800.0,780.0,
800.0,790.0,
800.0,800.0,
800.0,810.0,
800.0,820.0,
800.0,830.0,
800.0,840.0,
800.0,850.0,
800.0,860.0,
800.0,870.0,
800.0,880.0,
800.0,890.0,
800.0,900.0,
800.0,910.0,
800.0,920.0,
800.0,930.0,
800.0,940.0,
800.0,950.0,
800.0,960.0,
800.0,970.0,
800.0,980.0,
800.0,990.0,
800.0,1000.0,
810.0,-1000.0,
810.0,-990.0,
810.0,-980.0,
810.0,-970.0,
810.0,-960.0,
810.0,-950.0,
810.0,-940.0,
810.0,-930.0,
810.0,-920.0,
810.0,-910.0,
810.0,-900.0,
810.0,-890.0,
810.0,-880.0,
810.0,-870.0,
810.0,-860.0,
810.0,-850.0,
810.0,-840.0,
810.0,-830.0,
810.0,-820.0,
810.0,-810.0,
810.0,-800.0,
810.0,-790.0,
810.0,-780.0,
810.0,-770.0,
810.0,-760.0,
810.0,-750.0,
810.0,-740.0,
810.0,-730.0,
810.0,-720.0,
810.0,-710.0,
810.0,-700.0,
810.0,-690.0,
810.0,-680.0,
810.0,-670.0,
810.0,-660.0,
810.0,-650.0,
810.0,-640.0,
810.0,-630.0,
810.0,-620.0,
810.0,-610.0,
810.0,-600.0,
810.0,-590.0,111.629
810.0,-580.0,112.435
810.0,-570.0,113.279
810.0,-560.0,114.162
810.0,-550.0,115.086
810.0,-540.0,116.052
810.0,-530.0,117.064
810.0,-520.0,118.124
810.0,-510.0,119.234
810.0,-500.0,120.398
810.0,-490.0,121.618
810.0,-480.0,122.898
810.0,-470.0,124.24
810.0,-460.0,125.65
810.0,-450.0,127.13
810.0,-440.0,128.686
810.0,-430.0,130.322
810.0,-420.0,132.044
810.0,-410.0,133.856
810.0,-400.0,135.766
810.0,-390.0,137.779
810.0,-380.0,139.903
810.0,-370.0,142.147
810.0,-360.0,144.518
810.0,-350.0,147.026
810.0,-340.0,149.681
810.0,-330.0,152.496
810.0,-320.0,155.483
810.0,-310.0,158.656
810.0,-300.0,162.031
810.0,-290.0,165.625
810.0,-280.0,169.457
810.0,-270.0,173.551
810.0,-260.0,177.93
810.0,-250.0,182.622
810.0,-240.0,187.659
810.0,-230.0,193.075
810.0,-220.0,198.913
810.0,-210.0,205.219
810.0,-200.0,212.046
810.0,-190.0,219.457
810.0,-180.0,227.525
810.0,-170.0,236.335
810.0,-160.0,245.987
810.0,-150.0,256.602
810.0,-140.0,268.321
810.0,-130.0,281.319
810.0,-120.0,295.805
810.0,-110.0,312.039
810.0,-100.0,330.345
810.0,-90.0,351.132
810.0,-80.0,374.922
810.0,-70.0,402.397
810.0,-60.0,434.461
810.0,-50.0,472.341
810.0,-40.0,517.742
810.0,-30.0,573.107
810.0,-20.0,667.096
810.0,-10.0,805.064
810.0,0.0,805.001
810.0,10.0,805.064
810.0,20.0,667.096
810.0,30.0,573.107
810.0,40.0,517.742
810.0,50.0,472.341
810.0,60.0,434.461
810.0,70.0,402.397
810.0,80.0,374.922
810.0,90.0,351.132
810.0,100.0,330.345
810.0,110.0,312.039
810.0,120.0,295.805
810.0,130.0,281.319
810.0,140.0,268.321
810.0,150.0,256.602
810.0,160.0,245.987
810.0,170.0,236.335
810.0,180.0,227.525
810.0,190.0,219.457
810.0,200.0,212.046
810.0,210.0,205.219
810.0,220.0,198.913
810.0,230.0,193.075
810.0,240.0,187.659
810.0,250.0,182.622
810.0,260.0,177.93
810.0,270.0,173.551
810.0,280.0,169.457
810.0,290.0,165.625
810.0,300.0,162.031
810.0,310.0,158.656
810.0,320.0,155.483
810.0,330.0,152.496
810.0,340.0,149.681
810.0,350.0,147.026
810.0,360.0,144.518
810.0,370.0,142.147
810.0,380.0,139.903
810.0,390.0,137.779
810.0,400.0,135.766
810.0,410.0,133.856
810.0,420.0,132.044
810.0,430.0,130.322
810.0,440.0,128.686
810.0,450.0,127.13
810.0,460.0,125.65
810.0,470.0,124.24
810.0,480.0,122.898
810.0,490.0,121.618
810.0,500.0,120.398
810.0,510.0,119.234
810.0,520.0,118.124
810.0,530.0,117.064
810.0,540.0,116.052
810.0,550.0,115.086
810.0,560.0,114.162
810.0,570.0,113.279
810.0,580.0,112.435
810.0,590.0,111.629
810.0,600.0,
810.0,610.0,
810.0,620.0,
810.0,630.0,
810.0,640.0,
810.0,650.0,
810.0,660.0,
810.0,670.0,
810.0,680.0,
810.0,690.0,
810.0,700.0,
810.0,710.0,
810.0,720.0,
810.0,730.0,
810.0,740.0,
810.0,750.0,
810.0,760.0,
810.0,770.0,
810.0,780.0,
810.0,790.0,
810.0,800.0,
810.0,810.0,
810.0,820.0,
810.0,830.0,
810.0,840.0,
810.0,850.0,
810.0,860.0,
810.0,870.0,
810.0,880.0,
810.0,890.0,
810.0,900.0,
810.0,910.0,
810.0,920.0,
810.0,930.0,
810.0,940.0,
810.0,950.0,
810.0,960.0,
810.0,970.0,
810.0,980.0,
810.0,990.0,
810.0,1000.0,
820.0,-1000.0,
820.0,-990.0,
820.0,-980.0,
820.0,-970.0,
820.0,-960.0,
820.0,-950.0,
820.0,-940.0,
820.0,-930.0,
820.0,-920.0,
820.0,-910.0,
820.0,-900.0,
820.0,-890.0,
820.0,-880.0,
820.0,-870.0,
820.0,-860.0,
820.0,-850.0,
820.0,-840.0,
820.0,-830.0,
820.0,-820.0,
820.0,-810.0,
820.0,-800.0,
820.0,-790.0,
820.0,-780.0,
820.0,-770.0,
820.0,-760.0,
820.0,-750.0,
820.0,-740.0,
820.0,-730.0,
820.0,-720.0,
820.0,-710.0,
820.0,-700.0,
820.0,-690.0,
820.0,-680.0,
820.0,-670.0,
820.0,-660.0,
820.0,-650.0,
820.0,-640.0,
820.0,-630.0,
820.0,-620.0,
820.0,-610.0,
820.0,-600.0,
820.0,-590.0,
820.0,-580.0,
820.0,-570.0,111.949
820.0,-560.0,112.808
820.0,-550.0,113.707
820.0,-540.0,114.649
820.0,-530.0,115.635
820.0,-520.0,116.668
820.0,-510.0,117.75
820.0,-500.0,118.885
820.0,-490.0,120.075
820.0,-480.0,121.324
820.0,-470.0,122.634
820.0,-460.0,124.011
820.0,-450.0,125.456
820.0,-440.0,126.976
820.0,-430.0,128.575
820.0,-420.0,130.258
820.0,-410.0,132.03
820.0,-400.0,133.897
820.0,-390.0,135.867
820.0,-380.0,137.945
820.0,-370.0,140.14
820.0,-360.0,142.461
820.0,-350.0,144.917
820.0,-340.0,147.518
820.0,-330.0,150.276
820.0,-320.0,153.203
820.0,-310.0,156.313
820.0,-300.0,159.622
820.0,-290.0,163.146
820.0,-280.0,166.906
820.0,-270.0,170.923
820.0,-260.0,175.221
820.0,-250.0,179.827
820.0,-240.0,184.772
820.0,-230.0,190.093
820.0,-220.0,195.829
820.0,-210.0,202.025
820.0,-200.0,208.737
820.0,-190.0,216.024
820.0,-180.0,223.96
820.0,-170.0,232.629
820.0,-160.0,242.129
820.0,-150.0,252.58
820.0,-140.0,264.122
820.0,-130.0,276.928
820.0,-120.0,291.207
820.0,-110.0,307.215
820.0,-100.0,325.274
820.0,-90.0,345.79
820.0,-80.0,369.284
820.0,-70.0,396.432
820.0,-60.0,428.137
820.0,-50.0,465.621
820.0,-40.0,510.587
820.0,-30.0,565.482
820.0,-20.0,680.233
820.0,-10.0,815.063
820.0,0.0,815.001
820.0,10.0,815.063
820.0,20.0,680.233
820.0,30.0,565.482
820.0,40.0,510.587
820.0,50.0,465.621
820.0,60.0,428.137
820.0,70.0,396.432
820.0,80.0,369.284
820.0,90.0,345.79
820.0,100.0,325.274
820.0,110.0,307.215
820.0,120.0,291.207
820.0,130.0,276.928
820.0,140.0,264.122
820.0,150.0,252.58
820.0,160.0,242.129
820.0,170.0,232.629
820.0,180.0,223.96
820.0,190.0,216.024
820.0,200.0,208.737
820.0,210.0,202.025
820.0,220.0,195.829
820.0,230.0,190.093
820.0,240.0,184.772
820.0,250.0,179.827
820.0,260.0,175.221
820.0,270.0,170.923
820.0,280.0,166.906
820.0,290.0,163.146
820.0,300.0,159.622
820.0,310.0,156.313
820.0,320.0,153.203
820.0,330.0,150.276
820.0,340.0,147.518
820.0,350.0,144.917
820.0,360.0,142.461
820.0,370.0,140.14
820.0,380.0,137.945
820.0,390.0,135.867
820.0,400.0,133.897
820.0,410.0,132.03
820.0,420.0,130.258
820.0,430.0,128.575
820.0,440.0,126.976
820.0,450.0,125.456
820.0,460.0,124.011
820.0,470.0,122.634
820.0,480.0,121.324
820.0,490.0,120.075
820.0,500.0,118.885
820.0,510.0,117.75
820.0,520.0,116.668
820.0,530.0,115.635
820.0,540.0,114.649
820.0,550.0,113.707
820.0,560.0,112.808
820.0,570.0,111.949
820.0,580.0,
820.0,590.0,
820.0,600.0,
820.0,610.0,
820.0,620.0,
820.0,630.0,
820.0,640.0,
820.0,650.0,
820.0,660.0,
820.0,670.0,
820.0,680.0,
820.0,690.0,
820.0,700.0,
820.0,710.0,
820.0,720.0,
820.0,730.0,
820.0,740.0,
820.0,750.0,
820.0,760.0,
820.0,770.0,
820.0,780.0,
820.0,790.0,
820.0,800.0,
820.0,810.0,
820.0,820.0,
820.0,830.0,
820.0,840.0,
820.0,850.0,
820.0,860.0,
820.0,870.0,
820.0,880.0,
820.0,890.0,
820.0,900.0,
820.0,910.0,
820.0,920.0,
820.0,930.0,
820.0,940.0,
820.0,950.0,
820.0,960.0,
820.0,970.0,
820.0,980.0,
820.0,990.0,
820.0,1000.0,
830.0,-1000.0,
830.0,-990.0,
830.0,-980.0,
830.0,-970.0,
830.0,-960.0,
830.0,-950.0,
830.0,-940.0,
830.0,-930.0,
830.0,-920.0,
830.0,-910.0,
830.0,-900.0,
830.0,-890.0,
830.0,-880.0,
830.0,-870.0,
830.0,-860.0,
830.0,-850.0,
830.0,-840.0,
830.0,-830.0,
830.0,-820.0,
830.0,-810.0,
830.0,-800.0,
830.0,-790.0,
830.0,-780.0,
830.0,-770.0,
830.0,-760.0,
830.0,-750.0,
830.0,-740.0,
830.0,-730.0,
830.0,-720.0,
830.0,-710.0,
830.0,-700.0,
830.0,-690.0,
830.0,-680.0,
830.0,-670.0,
830.0,-660.0,
830.0,-650.0,
830.0,-640.0,
830.0,-630.0,
830.0,-620.0,
830.0,-610.0,
830.0,-600.0,
830.0,-590.0,
830.0,-580.0,
830.0,-570.0,
830.0,-560.0,111.466
830.0,-550.0,112.341
830.0,-540.0,113.258
830.0,-530.0,114.218
830.0,-520.0,115.224
830.0,-510.0,116.279
830.0,-500.0,117.385
830.0,-490.0,118.545
830.0,-480.0,119.763
830.0,-470.0,121.042
830.0,-460.0,122.385
830.0,-450.0,123.796
830.0,-440.0,125.28
830.0,-430.0,126.842
830.0,-420.0,128.486
830.0,-410.0,130.217
830.0,-400.0,132.043
830.0,-390.0,133.968
830.0,-380.0,136.001
830.0,-370.0,138.149
830.0,-360.0,140.42
830.0,-350.0,142.824
830.0,-340.0,145.37
830.0,-330.0,148.071
830.0,-320.0,150.938
830.0,-310.0,153.986
830.0,-300.0,157.228
830.0,-290.0,160.684
830.0,-280.0,164.371
830.0,-270.0,168.31
830.0,-260.0,172.527
830.0,-250.0,177.047
830.0,-240.0,181.902
830.0,-230.0,187.127
830.0,-220.0,192.76
830.0,-210.0,198.848
830.0,-200.0,205.444
830.0,-190.0,212.608
830.0,-180.0,220.412
830.0,-170.0,228.938
830.0,-160.0,238.286
830.0,-150.0,248.573
830.0,-140.0,259.939
830.0,-130.0,272.553
830.0,-120.0,286.623
830.0,-110.0,302.404
830.0,-100.0,320.215
830.0,-90.0,340.46
830.0,-80.0,363.654
830.0,-70.0,390.474
830.0,-60.0,421.816
830.0,-50.0,458.901
830.0,-40.0,503.428
830.0,-30.0,557.846
830.0,-20.0,693.439
830.0,-10.0,825.062
830.0,0.0,825.001
830.0,10.0,825.062
830.0,20.0,693.439
830.0,30.0,557.846
830.0,40.0,503.428
830.0,50.0,458.901
830.0,60.0,421.816
830.0,70.0,390.474
830.0,80.0,363.654
830.0,90.0,340.46
830.0,100.0,320.215
830.0,110.0,302.404
830.0,120.0,286.623
830.0,130.0,272.553
830.0,140.0,259.939
830.0,150.0,248.573
830.0,160.0,238.286
830.0,170.0,228.938
830.0,180.0,220.412
830.0,190.0,212.608
830.0,200.0,205.444
830.0,210.0,198.848
830.0,220.0,192.76
830.0,230.0,187.127
830.0,240.0,181.902
830.0,250.0,177.047
830.0,260.0,172.527
830.0,270.0,168.31
830.0,280.0,164.371
830.0,290.0,160.684
830.0,300.0,157.228
830.0,310.0,153.986
830.0,320.0,150.938
830.0,330.0,148.071
830.0,340.0,145.37
830.0,350.0,142.824
830.0,360.0,140.42
830.0,370.0,138.149
830.0,380.0,136.001
830.0,390.0,133.968
830.0,400.0,132.043
830.0,410.0,130.217
830.0,420.0,128.486
830.0,430.0,126.842
830.0,440.0,125.28
830.0,450.0,123.796
830.0,460.0,122.385
830.0,470.0,121.042
830.0,480.0,119.763
830.0,490.0,118.545
830.0,500.0,117.385
830.0,510.0,116.279
830.0,520.0,115.224
830.0,530.0,114.218
830.0,540.0,113.258
830.0,550.0,112.341
830.0,560.0,111.466
830.0,570.0,
830.0,580.0,
830.0,590.0,
830.0,600.0,
830.0,610.0,
830.0,620.0,
830.0,630.0,
830.0,640.0,
830.0,650.0,
830.0,660.0,
830.0,670.0,
830.0,680.0,
830.0,690.0,
830.0,700.0,
830.0,710.0,
830.0,720.0,
830.0,730.0,
830.0,740.0,
830.0,750.0,
830.0,760.0,
830.0,770.0,
830.0,780.0,
830.0,790.0,
830.0,800.0,
830.0,810.0,
830.0,820.0,
830.0,830.0,
830.0,840.0,
830.0,850.0,
830.0,860.0,
830.0,870.0,
830.0,880.0,
830.0,890.0,
830.0,900.0,
830.0,910.0,
830.0,920.0,
830.0,930.0,
830.0,940.0,
830.0,950.0,
830.0,960.0,
830.0,970.0,
830.0,980.0,
830.0,990.0,
830.0,1000.0,
840.0,-1000.0,
840.0,-990.0,
840.0,-980.0,
840.0,-970.0,
840.0,-960.0,
840.0,-950.0,
840.0,-940.0,
840.0,-930.0,
840.0,-920.0,
840.0,-910.0,
840.0,-900.0,
840.0,-890.0,
840.0,-880.0,
840.0,-870.0,
840.0,-860.0,
840.0,-850.0,
840.0,-840.0,
840.0,-830.0,
840.0,-820.0,
840.0,-810.0,
840.0,-800.0,
840.0,-790.0,
840.0,-780.0,
840.0,-770.0,
840.0,-760.0,
840.0,-750.0,
840.0,-740.0,
840.0,-730.0,
840.0,-720.0,
840.0,-710.0,
840.0,-700.0,
840.0,-690.0,
840.0,-680.0,
840.0,-670.0,
840.0,-660.0,
840.0,-650.0,
840.0,-640.0,
840.0,-630.0,
840.0,-620.0,
840.0,-610.0,
840.0,-600.0,
840.0,-590.0,
840.0,-580.0,
840.0,-570.0,
840.0,-560.0,
840.0,-550.0,110.987
840.0,-540.0,111.879
840.0,-530.0,112.814
840.0,-520.0,113.793
840.0,-510.0,114.821
840.0,-500.0,115.898
840.0,-490.0,117.029
840.0,-480.0,118.216
840.0,-470.0,119.463
840.0,-460.0,120.773
840.0,-450.0,122.15
840.0,-440.0,123.598
840.0,-430.0,125.123
840.0,-420.0,126.728
840.0,-410.0,128.419
840.0,-400.0,130.203
840.0,-390.0,132.085
840.0,-380.0,134.072
840.0,-370.0,136.172
840.0,-360.0,138.394
840.0,-350.0,140.746
840.0,-340.0,143.238
840.0,-330.0,145.882
840.0,-320.0,148.689
840.0,-310.0,151.674
840.0,-300.0,154.851
840.0,-290.0,158.237
840.0,-280.0,161.851
840.0,-270.0,165.714
840.0,-260.0,169.85
840.0,-250.0,174.284
840.0,-240.0,179.049
840.0,-230.0,184.177
840.0,-220.0,189.708
840.0,-210.0,195.688
840.0,-200.0,202.167
840.0,-190.0,209.208
840.0,-180.0,216.879
840.0,-170.0,225.264
840.0,-160.0,234.46
840.0,-150.0,244.582
840.0,-140.0,255.77
840.0,-130.0,268.192
840.0,-120.0,282.053
840.0,-110.0,297.606
840.0,-100.0,315.168
840.0,-90.0,335.14
840.0,-80.0,358.034
840.0,-70.0,384.523
840.0,-60.0,415.5
840.0,-50.0,452.181
840.0,-40.0,496.265
840.0,-30.0,550.2
840.0,-20.0,706.713
840.0,-10.0,835.062
840.0,0.0,835.001
840.0,10.0,835.062
840.0,20.0,706.713
840.0,30.0,550.2
840.0,40.0,496.265
840.0,50.0,452.181
840.0,60.0,415.5
840.0,70.0,384.523
840.0,80.0,358.034
840.0,90.0,335.14
840.0,100.0,315.168
840.0,110.0,297.606
840.0,120.0,282.053
840.0,130.0,268.192
840.0,140.0,255.77
840.0,150.0,244.582
840.0,160.0,234.46
840.0,170.0,225.264
840.0,180.0,216.879
840.0,190.0,209.208
840.0,200.0,202.167
840.0,210.0,195.688
840.0,220.0,189.708
840.0,230.0,184.177
840.0,240.0,179.049
840.0,250.0,174.284
840.0,260.0,169.85
840.0,270.0,165.714
840.0,280.0,161.851
840.0,290.0,158.237
840.0,300.0,154.851
840.0,310.0,151.674
840.0,320.0,148.689
840.0,330.0,145.882
840.0,340.0,143.238
840.0,350.0,140.746
840.0,360.0,138.394
840.0,370.0,136.172
840.0,380.0,134.072
840.0,390.0,132.085
840.0,400.0,130.203
840.0,410.0,128.419
840.0,420.0,126.728
840.0,430.0,125.123
840.0,440.0,123.598
840.0,450.0,122.15
840.0,460.0,120.773
840.0,470.0,119.463
840.0,480.0,118.216
840.0,490.0,117.029
840.0,500.0,115.898
840.0,510.0,114.821
840.0,520.0,113.793
840.0,530.0,112.814
840.0,540.0,111.879
840.0,550.0,110.987
840.0,560.0,
840.0,570.0,
840.0,580.0,
840.0,590.0,
840.0,600.0,
840.0,610.0,
840.0,620.0,
840.0,630.0,
840.0,640.0,
840.0,650.0,
840.0,660.0,
840.0,670.0,
840.0,680.0,
840.0,690.0,
840.0,700.0,
840.0,710.0,
840.0,720.0,
840.0,730.0,
840.0,740.0,
840.0,750.0,
840.0,760.0,
840.0,770.0,
840.0,780.0,
840.0,790.0,
840.0,800.0,
840.0,810.0,
840.0,820.0,
840.0,830.0,
840.0,840.0,
840.0,850.0,
840.0,860.0,
840.0,870.0,
840.0,880.0,
840.0,890.0,
840.0,900.0,
840.0,910.0,
840.0,920.0,
840.0,930.0,
840.0,940.0,
840.0,950.0,
840.0,960.0,
840.0,970.0,
840.0,980.0,
840.0,990.0,
840.0,1000.0,
850.0,-1000.0,
850.0,-990.0,
850.0,-980.0,
850.0,-970.0,
850.0,-960.0,
850.0,-950.0,
850.0,-940.0,
850.0,-930.0,
850.0,-920.0,
850.0,-910.0,
850.0,-900.0,
850.0,-890.0,
850.0,-880.0,
850.0,-870.0,
850.0,-860.0,
850.0,-850.0,
850.0,-840.0,
850.0,-830.0,
850.0,-820.0,
850.0,-810.0,
850.0,-800.0,
850.0,-790.0,
850.0,-780.0,
850.0,-770.0,
850.0,-760.0,
850.0,-750.0,
850.0,-740.0,
850.0,-730.0,
850.0,-720.0,
850.0,-710.0,
850.0,-700.0,
850.0,-690.0,
850.0,-680.0,
850.0,-670.0,
850.0,-660.0,
850.0,-650.0,
850.0,-640.0,
850.0,-630.0,
850.0,-620.0,
850.0,-610.0,
850.0,-600.0,
850.0,-590.0,
850.0,-580.0,
850.0,-570.0,
850.0,-560.0,
850.0,-550.0,
850.0,-540.0,
850.0,-530.0,111.422
850.0,-520.0,112.375
850.0,-510.0,113.375
850.0,-500.0,114.424
850.0,-490.0,115.526
850.0,-480.0,116.682
850.0,-470.0,117.897
850.0,-460.0,119.174
850.0,-450.0,120.517
850.0,-440.0,121.93
850.0,-430.0,123.418
850.0,-420.0,124.985
850.0,-410.0,126.636
850.0,-400.0,128.378
850.0,-390.0,130.216
850.0,-380.0,132.158
850.0,-370.0,134.211
850.0,-360.0,136.383
850.0,-350.0,138.683
850.0,-340.0,141.121
850.0,-330.0,143.708
850.0,-320.0,146.456
850.0,-310.0,149.378
850.0,-300.0,152.49
850.0,-290.0,155.807
850.0,-280.0,159.348
850.0,-270.0,163.134
850.0,-260.0,167.189
850.0,-250.0,171.538
850.0,-240.0,176.211
850.0,-230.0,181.243
850.0,-220.0,186.673
850.0,-210.0,192.544
850.0,-200.0,198.908
850.0,-190.0,205.824
850.0,-180.0,213.363
850.0,-170.0,221.606
850.0,-160.0,230.649
850.0,-150.0,240.606
850.0,-140.0,251.616
850.0,-130.0,263.845
850.0,-120.0,277.497
850.0,-110.0,292.821
850.0,-100.0,310.134
850.0,-90.0,329.831
850.0,-80.0,352.423
850.0,-70.0,378.579
850.0,-60.0,409.188
850.0,-50.0,445.462
850.0,-40.0,489.097
850.0,-30.0,559.851
850.0,-20.0,720.055
850.0,-10.0,845.061
850.0,0.0,845.001
850.0,10.0,845.061
850.0,20.0,720.055
850.0,30.0,559.851
850.0,40.0,489.097
850.0,50.0,445.462
850.0,60.0,409.188
850.0,70.0,378.579
850.0,80.0,352.423
850.0,90.0,329.831
850.0,100.0,310.134
850.0,110.0,292.821
850.0,120.0,277.497
850.0,130.0,263.845
850.0,140.0,251.616
850.0,150.0,240.606
850.0,160.0,230.649
850.0,170.0,221.606
850.0,180.0,213.363
850.0,190.0,205.824
850.0,200.0,198.908
850.0,210.0,192.544
850.0,220.0,186.673
850.0,230.0,181.243
850.0,240.0,176.211
850.0,250.0,171.538
850.0,260.0,167.189
850.0,270.0,163.134
850.0,280.0,159.348
850.0,290.0,155.807
850.0,300.0,152.49
850.0,310.0,149.378
850.0,320.0,146.456
850.0,330.0,143.708
850.0,340.0,141.121
850.0,350.0,138.683
850.0,360.0,136.383
850.0,370.0,134.211
850.0,380.0,132.158
850.0,390.0,130.216
850.0,400.0,128.378
850.0,410.0,126.636
850.0,420.0,124.985
850.0,430.0,123.418
850.0,440.0,121.93
850.0,450.0,120.517
850.0,460.0,119.174
850.0,470.0,117.897
850.0,480.0,116.682
850.0,490.0,115.526
850.0,500.0,114.424
850.0,510.0,113.375
850.0,520.0,112.375
850.0,530.0,111.422
850.0,540.0,
850.0,550.0,
850.0,560.0,
850.0,570.0,
850.0,580.0,
850.0,590.0,
850.0,600.0,
850.0,610.0,
850.0,620.0,
850.0,630.0,
850.0,640.0,
850.0,650.0,
850.0,660.0,
850.0,670.0,
850.0,680.0,
850.0,690.0,
850.0,700.0,
850.0,710.0,
850.0,720.0,
850.0,730.0,
850.0,740.0,
850.0,750.0,
850.0,760.0,
850.0,770.0,
850.0,780.0,
850.0,790.0,
850.0,800.0,
850.0,810.0,
850.0,820.0,
850.0,830.0,
850.0,840.0,
850.0,850.0,
850.0,860.0,
850.0,870.0,
850.0,880.0,
850.0,890.0,
850.0,900.0,
850.0,910.0,
850.0,920.0,
850.0,930.0,
850.0,940.0,
850.0,950.0,
850.0,960.0,
850.0,970.0,
850.0,980.0,
850.0,990.0,
850.0,1000.0,
860.0,-1000.0,
860.0,-990.0,
860.0,-980.0,
860.0,-970.0,
860.0,-960.0,
860.0,-950.0,
860.0,-940.0,
860.0,-930.0,
860.0,-920.0,
860.0,-910.0,
860.0,-900.0,
860.0,-890.0,
860.0,-880.0,
860.0,-870.0,
860.0,-860.0,
860.0,-850.0,
860.0,-840.0,
860.0,-830.0,
860.0,-820.0,
860.0,-810.0,
860.0,-800.0,
860.0,-790.0,
860.0,-780.0,
860.0,-770.0,
860.0,-760.0,
860.0,-750.0,
860.0,-740.0,
860.0,-730.0,
860.0,-720.0,
860.0,-710.0,
860.0,-700.0,
860.0,-690.0,
860.0,-680.0,
860.0,-670.0,
860.0,-660.0,
860.0,-650.0,
860.0,-640.0,
860.0,-630.0,
860.0,-620.0,
860.0,-610.0,
860.0,-600.0,
860.0,-590.0,
860.0,-580.0,
860.0,-570.0,
860.0,-560.0,
860.0,-550.0,
860.0,-540.0,
860.0,-530.0,
860.0,-520.0,
860.0,-510.0,111.943
860.0,-500.0,112.964
860.0,-490.0,114.036
860.0,-480.0,115.162
860.0,-470.0,116.346
860.0,-460.0,117.59
860.0,-450.0,118.899
860.0,-440.0,120.277
860.0,-430.0,121.727
860.0,-420.0,123.256
860.0,-410.0,124.867
860.0,-400.0,126.568
860.0,-390.0,128.363
860.0,-380.0,130.259
860.0,-370.0,132.265
860.0,-360.0,134.388
860.0,-350.0,136.636
860.0,-340.0,139.02
860.0,-330.0,141.55
860.0,-320.0,144.239
860.0,-310.0,147.099
860.0,-300.0,150.144
860.0,-290.0,153.393
860.0,-280.0,156.861
860.0,-270.0,160.571
860.0,-260.0,164.544
860.0,-250.0,168.808
860.0,-240.0,173.391
860.0,-230.0,178.327
860.0,-220.0,183.654
860.0,-210.0,189.416
860.0,-200.0,195.664
860.0,-190.0,202.457
860.0,-180.0,209.864
860.0,-170.0,217.964
860.0,-160.0,226.854
860.0,-150.0,236.647
860.0,-140.0,247.479
860.0,-130.0,259.514
860.0,-120.0,272.955
860.0,-110.0,288.05
860.0,-100.0,305.111
860.0,-90.0,324.533
860.0,-80.0,346.822
860.0,-70.0,372.642
860.0,-60.0,402.88
860.0,-50.0,438.743
860.0,-40.0,481.925
860.0,-30.0,570.901
860.0,-20.0,733.464
860.0,-10.0,855.06
860.0,0.0,855.001
860.0,10.0,855.06
860.0,20.0,733.464
860.0,30.0,570.901
860.0,40.0,481.925
860.0,50.0,438.743
860.0,60.0,402.88
860.0,70.0,372.642
860.0,80.0,346.822
860.0,90.0,324.533
860.0,100.0,305.111
860.0,110.0,288.05
860.0,120.0,272.955
860.0,130.0,259.514
860.0,140.0,247.479
860.0,150.0,236.647
860.0,160.0,226.854
860.0,170.0,217.964
860.0,180.0,209.864
860.0,190.0,202.457
860.0,200.0,195.664
860.0,210.0,189.416
860.0,220.0,183.654
860.0,230.0,178.327
860.0,240.0,173.391
860.0,250.0,168.808
860.0,260.0,164.544
860.0,270.0,160.571
860.0,280.0,156.861
860.0,290.0,153.393
860.0,300.0,150.144
860.0,310.0,147.099
860.0,320.0,144.239
860.0,330.0,141.55
860.0,340.0,139.02
860.0,350.0,136.636
860.0,360.0,134.388
860.0,370.0,132.265
860.0,380.0,130.259
860.0,390.0,128.363
860.0,400.0,126.568
860.0,410.0,124.867
860.0,420.0,123.256
860.0,430.0,121.727
860.0,440.0,120.277
860.0,450.0,118.899
860.0,460.0,117.59
860.0,470.0,116.346
860.0,480.0,115.162
860.0,490.0,114.036
860.0,500.0,112.964
860.0,510.0,111.943
860.0,520.0,
860.0,530.0,
860.0,540.0,
860.0,550.0,
860.0,560.0,
860.0,570.0,
860.0,580.0,
860.0,590.0,
860.0,600.0,
860.0,610.0,
860.0,620.0,
860.0,630.0,
860.0,640.0,
860.0,650.0,
860.0,660.0,
860.0,670.0,
860.0,680.0,
860.0,690.0,
860.0,700.0,
860.0,710.0,
860.0,720.0,
860.0,730.0,
860.0,740.0,
860.0,750.0,
860.0,760.0,
860.0,770.0,
860.0,780.0,
860.0,790.0,
860.0,800.0,
860.0,810.0,
860.0,820.0,
860.0,830.0,
860.0,840.0,
860.0,850.0,
860.0,860.0,
860.0,870.0,
860.0,880.0,
860.0,890.0,
860.0,900.0,
860.0,910.0,
860.0,920.0,
860.0,930.0,
860.0,940.0,
860.0,950.0,
860.0,960.0,
860.0,970.0,
860.0,980.0,
860.0,990.0,
860.0,1000.0,
870.0,-1000.0,
870.0,-990.0,
870.0,-980.0,
870.0,-970.0,
870.0,-960.0,
870.0,-950.0,
870.0,-940.0,
870.0,-930.0,
870.0,-920.0,
870.0,-910.0,
870.0,-900.0,
870.0,-890.0,
870.0,-880.0,
870.0,-870.0,
870.0,-860.0,
870.0,-850.0,
870.0,-840.0,
870.0,-830.0,
870.0,-820.0,
870.0,-810.0,
870.0,-800.0,
870.0,-790.0,
870.0,-780.0,
870.0,-770.0,
870.0,-760.0,
870.0,-750.0,
870.0,-740.0,
870.0,-730.0,
870.0,-720.0,
870.0,-710.0,
870.0,-700.0,
870.0,-690.0,
870.0,-680.0,
870.0,-670.0,
870.0,-660.0,
870.0,-650.0,
870.0,-640.0,
870.0,-630.0,
870.0,-620.0,
870.0,-610.0,
870.0,-600.0,
870.0,-590.0,
870.0,-580.0,
870.0,-570.0,
870.0,-560.0,
870.0,-550.0,
870.0,-540.0,
870.0,-530.0,
870.0,-520.0,
870.0,-510.0,
870.0,-500.0,111.517
870.0,-490.0,112.56
870.0,-480.0,113.656
870.0,-470.0,114.808
870.0,-460.0,116.02
870.0,-450.0,117.295
870.0,-440.0,118.637
870.0,-430.0,120.051
870.0,-420.0,121.542
870.0,-410.0,123.113
870.0,-400.0,124.772
870.0,-390.0,126.524
870.0,-380.0,128.376
870.0,-370.0,130.334
870.0,-360.0,132.408
870.0,-350.0,134.605
870.0,-340.0,136.935
870.0,-330.0,139.408
870.0,-320.0,142.038
870.0,-310.0,144.835
870.0,-300.0,147.816
870.0,-290.0,150.995
870.0,-280.0,154.391
870.0,-270.0,158.024
870.0,-260.0,161.917
870.0,-250.0,166.095
870.0,-240.0,170.588
870.0,-230.0,175.427
870.0,-220.0,180.652
870.0,-210.0,186.306
870.0,-200.0,192.438
870.0,-190.0,199.107
870.0,-180.0,206.381
870.0,-170.0,214.339
870.0,-160.0,223.076
870.0,-150.0,232.703
870.0,-140.0,243.356
870.0,-130.0,255.198
870.0,-120.0,268.428
870.0,-110.0,283.293
870.0,-100.0,300.102
870.0,-90.0,319.246
870.0,-80.0,341.23
870.0,-70.0,366.712
870.0,-60.0,396.576
870.0,-50.0,432.025
870.0,-40.0,476.999
870.0,-30.0,582.021
870.0,-20.0,746.937
870.0,-10.0,865.06
870.0,0.0,865.001
870.0,10.0,865.06
870.0,20.0,746.937
870.0,30.0,582.021
870.0,40.0,476.999
870.0,50.0,432.025
870.0,60.0,396.576
870.0,70.0,366.712
870.0,80.0,341.23
870.0,90.0,319.246
870.0,100.0,300.102
870.0,110.0,283.293
870.0,120.0,268.428
870.0,130.0,255.198
870.0,140.0,243.356
870.0,150.0,232.703
870.0,160.0,223.076
870.0,170.0,214.339
870.0,180.0,206.381
870.0,190.0,199.107
870.0,200.0,192.438
870.0,210.0,186.306
870.0,220.0,180.652
870.0,230.0,175.427
870.0,240.0,170.588
870.0,250.0,166.095
870.0,260.0,161.917
870.0,270.0,158.024
870.0,280.0,154.391
870.0,290.0,150.995
870.0,300.0,147.816
870.0,310.0,144.835
870.0,320.0,142.038
870.0,330.0,139.408
870.0,340.0,136.935
870.0,350.0,134.605
870.0,360.0,132.408
870.0,370.0,130.334
870.0,380.0,128.376
870.0,390.0,126.524
870.0,400.0,124.772
870.0,410.0,123.113
870.0,420.0,121.542
870.0,430.0,120.051
870.0,440.0,118.637
870.0,450.0,117.295
870.0,460.0,116.02
870.0,470.0,114.808
870.0,480.0,113.656
870.0,490.0,112.56
870.0,500.0,111.517
870.0,510.0,
870.0,520.0,
870.0,530.0,
870.0,540.0,
870.0,550.0,
870.0,560.0,
870.0,570.0,
870.0,580.0,
870.0,590.0,
870.0,600.0,
870.0,610.0,
870.0,620.0,
870.0,630.0,
870.0,640.0,
870.0,650.0,
870.0,660.0,
870.0,670.0,
870.0,680.0,
870.0,690.0,
870.0,700.0,
870.0,710.0,
870.0,720.0,
870.0,730.0,
870.0,740.0,
870.0,750.0,
870.0,760.0,
870.0,770.0,
870.0,780.0,
870.0,790.0,
870.0,800.0,
870.0,810.0,
870.0,820.0,
870.0,830.0,
870.0,840.0,
870.0,850.0,
870.0,860.0,
870.0,870.0,
870.0,880.0,
870.0,890.0,
870.0,900.0,
870.0,910.0,
870.0,920.0,
870.0,930.0,
870.0,940.0,
870.0,950.0,
870.0,960.0,
870.0,970.0,
870.0,980.0,
870.0,990.0,
870.0,1000.0,
880.0,-1000.0,
880.0,-990.0,
880.0,-980.0,
880.0,-970.0,
880.0,-960.0,
880.0,-950.0,
880.0,-940.0,
880.0,-930.0,
880.0,-920.0,
880.0,-910.0,
880.0,-900.0,
880.0,-890.0,
880.0,-880.0,
880.0,-870.0,
880.0,-860.0,
880.0,-850.0,
880.0,-840.0,
880.0,-830.0,
880.0,-820.0,
880.0,-810.0,
880.0,-800.0,
880.0,-790.0,
880.0,-780.0,
880.0,-770.0,
880.0,-760.0,
880.0,-750.0,
880.0,-740.0,
880.0,-730.0,
880.0,-720.0,
880.0,-710.0,
880.0,-700.0,
880.0,-690.0,
880.0,-680.0,
880.0,-670.0,
880.0,-660.0,
880.0,-650.0,
880.0,-640.0,
880.0,-630.0,
880.0,-620.0,
880.0,-610.0,
880.0,-600.0,
880.0,-590.0,
880.0,-580.0,
880.0,-570.0,
880.0,-560.0,
880.0,-550.0,
880.0,-540.0,
880.0,-530.0,
880.0,-520.0,
880.0,-510.0,
880.0,-500.0,
880.0,-490.0,
880.0,-480.0,112.164
880.0,-470.0,113.284
880.0,-460.0,114.464
880.0,-450.0,115.705
880.0,-440.0,117.012
880.0,-430.0,118.39
880.0,-420.0,119.842
880.0,-410.0,121.375
880.0,-400.0,122.992
880.0,-390.0,124.701
880.0,-380.0,126.508
880.0,-370.0,128.419
880.0,-360.0,130.444
880.0,-350.0,132.589
880.0,-340.0,134.866
880.0,-330.0,137.283
880.0,-320.0,139.853
880.0,-310.0,142.589
880.0,-300.0,145.504
880.0,-290.0,148.614
880.0,-280.0,151.938
880.0,-270.0,155.495
880.0,-260.0,159.307
880.0,-250.0,163.399
880.0,-240.0,167.801
880.0,-230.0,172.545
880.0,-220.0,177.668
880.0,-210.0,183.213
880.0,-200.0,189.229
880.0,-190.0,195.775
880.0,-180.0,202.916
880.0,-170.0,210.731
880.0,-160.0,219.315
880.0,-150.0,228.776
880.0,-140.0,239.25
880.0,-130.0,250.898
880.0,-120.0,263.916
880.0,-110.0,278.55
880.0,-100.0,295.105
880.0,-90.0,313.971
880.0,-80.0,335.647
880.0,-70.0,360.79
880.0,-60.0,390.277
880.0,-50.0,425.307
880.0,-40.0,486.497
880.0,-30.0,593.209
880.0,-20.0,760.475
880.0,-10.0,875.059
880.0,0.0,875.001
880.0,10.0,875.059
880.0,20.0,760.475
880.0,30.0,593.209
880.0,40.0,486.497
880.0,50.0,425.307
880.0,60.0,390.277
880.0,70.0,360.79
880.0,80.0,335.647
880.0,90.0,313.971
880.0,100.0,295.105
880.0,110.0,278.55
880.0,120.0,263.916
880.0,130.0,250.898
880.0,140.0,239.25
880.0,150.0,228.776
880.0,160.0,219.315
880.0,170.0,210.731
880.0,180.0,202.916
880.0,190.0,195.775
880.0,200.0,189.229
880.0,210.0,183.213
880.0,220.0,177.668
880.0,230.0,172.545
880.0,240.0,167.801
880.0,250.0,163.399
880.0,260.0,159.307
880.0,270.0,155.495
880.0,280.0,151.938
880.0,290.0,148.614
880.0,300.0,145.504
880.0,310.0,142.589
880.0,320.0,139.853
880.0,330.0,137.283
880.0,340.0,134.866
880.0,350.0,132.589
880.0,360.0,130.444
880.0,370.0,128.419
880.0,380.0,126.508
880.0,390.0,124.701
880.0,400.0,122.992
880.0,410.0,121.375
880.0,420.0,119.842
880.0,430.0,118.39
880.0,440.0,117.012
880.0,450.0,115.705
880.0,460.0,114.464
880.0,470.0,113.284
880.0,480.0,112.164
880.0,490.0,
880.0,500.0,
880.0,510.0,
880.0,520.0,
880.0,530.0,
880.0,540.0,
880.0,550.0,
880.0,560.0,
880.0,570.0,
880.0,580.0,
880.0,590.0,
880.0,600.0,
880.0,610.0,
880.0,620.0,
880.0,630.0,
880.0,640.0,
880.0,650.0,
880.0,660.0,
880.0,670.0,
880.0,680.0,
880.0,690.0,
880.0,700.0,
880.0,710.0,
880.0,720.0,
880.0,730.0,
880.0,740.0,
880.0,750.0,
880.0,760.0,
880.0,770.0,
880.0,780.0,
880.0,790.0,
880.0,800.0,
880.0,810.0,
880.0,820.0,
880.0,830.0,
880.0,840.0,
880.0,850.0,
880.0,860.0,
880.0,870.0,
880.0,880.0,
880.0,890.0,
880.0,900.0,
880.0,910.0,
880.0,920.0,
880.0,930.0,
880.0,940.0,
880.0,950.0,
880.0,960.0,
880.0,970.0,
880.0,980.0,
880.0,990.0,
880.0,1000.0,
890.0,-1000.0,
890.0,-990.0,
890.0,-980.0,
890.0,-970.0,
890.0,-960.0,
890.0,-950.0,
890.0,-940.0,
890.0,-930.0,
890.0,-920.0,
890.0,-910.0,
890.0,-900.0,
890.0,-890.0,
890.0,-880.0,
890.0,-870.0,
890.0,-860.0,
890.0,-850.0,
890.0,-840.0,
890.0,-830.0,
890.0,-820.0,
890.0,-810.0,
890.0,-800.0,
890.0,-790.0,
890.0,-780.0,
890.0,-770.0,
890.0,-760.0,
890.0,-750.0,
890.0,-740.0,
890.0,-730.0,
890.0,-720.0,
890.0,-710.0,
890.0,-700.0,
890.0,-690.0,
890.0,-680.0,
890.0,-670.0,
890.0,-660.0,
890.0,-650.0,
890.0,-640.0,
890.0,-630.0,
890.0,-620.0,
890.0,-610.0,
890.0,-600.0,
890.0,-590.0,
890.0,-580.0,
890.0,-570.0,
890.0,-560.0,
890.0,-550.0,
890.0,-540.0,
890.0,-530.0,
890.0,-520.0,
890.0,-510.0,
890.0,-500.0,
890.0,-490.0,
890.0,-480.0,
890.0,-470.0,
890.0,-460.0,112.922
890.0,-450.0,114.13
890.0,-440.0,115.402
890.0,-430.0,116.744
890.0,-420.0,118.158
890.0,-410.0,119.651
890.0,-400.0,121.228
890.0,-390.0,122.894
890.0,-380.0,124.656
890.0,-370.0,126.52
890.0,-360.0,128.496
890.0,-350.0,130.59
890.0,-340.0,132.813
890.0,-330.0,135.174
890.0,-320.0,137.685
890.0,-310.0,140.359
890.0,-300.0,143.208
890.0,-290.0,146.25
890.0,-280.0,149.502
890.0,-270.0,152.982
890.0,-260.0,156.714
890.0,-250.0,160.721
890.0,-240.0,165.032
890.0,-230.0,169.68
890.0,-220.0,174.701
890.0,-210.0,180.138
890.0,-200.0,186.038
890.0,-190.0,192.459
890.0,-180.0,199.467
890.0,-170.0,207.14
890.0,-160.0,215.57
890.0,-150.0,224.866
890.0,-140.0,235.16
890.0,-130.0,246.613
890.0,-120.0,259.419
890.0,-110.0,273.821
890.0,-100.0,290.122
890.0,-90.0,308.708
890.0,-80.0,330.075
890.0,-70.0,354.876
890.0,-60.0,383.982
890.0,-50.0,420.847
890.0,-40.0,496.061
890.0,-30.0,604.465
890.0,-20.0,774.077
890.0,-10.0,885.058
890.0,0.0,885.001
890.0,10.0,885.058
890.0,20.0,774.077
890.0,30.0,604.465
890.0,40.0,496.061
890.0,50.0,420.847
890.0,60.0,383.982
890.0,70.0,354.876
890.0,80.0,330.075
890.0,90.0,308.708
890.0,100.0,290.122
890.0,110.0,273.821
890.0,120.0,259.419
890.0,130.0,246.613
890.0,140.0,235.16
890.0,150.0,224.866
890.0,160.0,215.57
890.0,170.0,207.14
890.0,180.0,199.467
890.0,190.0,192.459
890.0,200.0,186.038
890.0,210.0,180.138
890.0,220.0,174.701
890.0,230.0,169.68
890.0,240.0,165.032
890.0,250.0,160.721
890.0,260.0,156.714
890.0,270.0,152.982
890.0,280.0,149.502
890.0,290.0,146.25
890.0,300.0,143.208
890.0,310.0,140.359
890.0,320.0,137.685
890.0,330.0,135.174
890.0,340.0,132.813
890.0,350.0,130.59
890.0,360.0,128.496
890.0,370.0,126.52
890.0,380.0,124.656
890.0,390.0,122.894
890.0,400.0,121.228
890.0,410.0,119.651
890.0,420.0,118.158
890.0,430.0,116.744
890.0,440.0,115.402
890.0,450.0,114.13
890.0,460.0,112.922
890.0,470.0,
890.0,480.0,
890.0,490.0,
890.0,500.0,
890.0,510.0,
890.0,520.0,
890.0,530.0,
890.0,540.0,
890.0,550.0,
890.0,560.0,
890.0,570.0,
890.0,580.0,
890.0,590.0,
890.0,600.0,
890.0,610.0,
890.0,620.0,
890.0,630.0,
890.0,640.0,
890.0,650.0,
890.0,660.0,
890.0,670.0,
890.0,680.0,
890.0,690.0,
890.0,700.0,
890.0,710.0,
890.0,720.0,
890.0,730.0,
890.0,740.0,
890.0,750.0,
890.0,760.0,
890.0,770.0,
890.0,780.0,
890.0,790.0,
890.0,800.0,
890.0,810.0,
890.0,820.0,
890.0,830.0,
890.0,840.0,
890.0,850.0,
890.0,860.0,
890.0,870.0,
890.0,880.0,
890.0,890.0,
890.0,900.0,
890.0,910.0,
890.0,920.0,
890.0,930.0,
890.0,940.0,
890.0,950.0,
890.0,960.0,
890.0,970.0,
890.0,980.0,
890.0,990.0,
890.0,1000.0,
900.0,-1000.0,
900.0,-990.0,
900.0,-980.0,
900.0,-970.0,
900.0,-960.0,
900.0,-950.0,
900.0,-940.0,
900.0,-930.0,
900.0,-920.0,
900.0,-910.0,
900.0,-900.0,
900.0,-890.0,
900.0,-880.0,
900.0,-870.0,
900.0,-860.0,
900.0,-850.0,
900.0,-840.0,
900.0,-830.0,
900.0,-820.0,
900.0,-810.0,
900.0,-800.0,
900.0,-790.0,
900.0,-780.0,
900.0,-770.0,
900.0,-760.0,
900.0,-750.0,
900.0,-740.0,
900.0,-730.0,
900.0,-720.0,
900.0,-710.0,
900.0,-700.0,
900.0,-690.0,
900.0,-680.0,
900.0,-670.0,
900.0,-660.0,
900.0,-650.0,
900.0,-640.0,
900.0,-630.0,
900.0,-620.0,
900.0,-610.0,
900.0,-600.0,
900.0,-590.0,
900.0,-580.0,
900.0,-570.0,
900.0,-560.0,
900.0,-550.0,
900.0,-540.0,
900.0,-530.0,
900.0,-520.0,
900.0,-510.0,
900.0,-500.0,
900.0,-490.0,
900.0,-480.0,
900.0,-470.0,
900.0,-460.0,
900.0,-450.0,
900.0,-440.0,113.807
900.0,-430.0,115.112
900.0,-420.0,116.489
900.0,-410.0,117.943
900.0,-400.0,119.479
900.0,-390.0,121.102
900.0,-380.0,122.819
900.0,-370.0,124.637
900.0,-360.0,126.564
900.0,-350.0,128.607
900.0,-340.0,130.776
900.0,-330.0,133.082
900.0,-320.0,135.534
900.0,-310.0,138.145
900.0,-300.0,140.93
900.0,-290.0,143.904
900.0,-280.0,147.083
900.0,-270.0,150.487
900.0,-260.0,154.138
900.0,-250.0,158.06
900.0,-240.0,162.281
900.0,-230.0,166.833
900.0,-220.0,171.752
900.0,-210.0,177.08
900.0,-200.0,182.864
900.0,-190.0,189.161
900.0,-180.0,196.037
900.0,-170.0,203.567
900.0,-160.0,211.843
900.0,-150.0,220.973
900.0,-140.0,231.087
900.0,-130.0,242.344
900.0,-120.0,254.937
900.0,-110.0,269.106
900.0,-100.0,285.152
900.0,-90.0,303.456
900.0,-80.0,324.513
900.0,-70.0,348.969
900.0,-60.0,377.693
900.0,-50.0,429.211
900.0,-40.0,505.691
900.0,-30.0,615.787
900.0,-20.0,787.741
900.0,-10.0,895.058
900.0,0.0,895.001
900.0,10.0,895.058
900.0,20.0,787.741
900.0,30.0,615.787
900.0,40.0,505.691
900.0,50.0,429.211
900.0,60.0,377.693
900.0,70.0,348.969
900.0,80.0,324.513
900.0,90.0,303.456
900.0,100.0,285.152
900.0,110.0,269.106
900.0,120.0,254.937
900.0,130.0,242.344
900.0,140.0,231.087
900.0,150.0,220.973
900.0,160.0,211.843
900.0,170.0,203.567
900.0,180.0,196.037
900.0,190.0,189.161
900.0,200.0,182.864
900.0,210.0,177.08
900.0,220.0,171.752
900.0,230.0,166.833
900.0,240.0,162.281
900.0,250.0,158.06
900.0,260.0,154.138
900.0,270.0,150.487
900.0,280.0,147.083
900.0,290.0,143.904
900.0,300.0,140.93
900.0,310.0,138.145
900.0,320.0,135.534
900.0,330.0,133.082
900.0,340.0,130.776
900.0,350.0,128.607
900.0,360.0,126.564
900.0,370.0,124.637
900.0,380.0,122.819
900.0,390.0,121.102
900.0,400.0,119.479
900.0,410.0,117.943
900.0,420.0,116.489
900.0,430.0,115.112
900.0,440.0,113.807
900.0,450.0,
900.0,460.0,
900.0,470.0,
900.0,480.0,
900.0,490.0,
900.0,500.0,
900.0,510.0,
900.0,520.0,
900.0,530.0,
900.0,540.0,
900.0,550.0,
900.0,560.0,
900.0,570.0,
900.0,580.0,
900.0,590.0,
900.0,600.0,
900.0,610.0,
900.0,620.0,
900.0,630.0,
900.0,640.0,
900.0,650.0,
900.0,660.0,
900.0,670.0,
900.0,680.0,
900.0,690.0,
900.0,700.0,
900.0,710.0,
900.0,720.0,
900.0,730.0,
900.0,740.0,
900.0,750.0,
900.0,760.0,
900.0,770.0,
900.0,780.0,
900.0,790.0,
900.0,800.0,
900.0,810.0,
900.0,820.0,
900.0,830.0,
900.0,840.0,
900.0,850.0,
900.0,860.0,
900.0,870.0,
900.0,880.0,
900.0,890.0,
900.0,900.0,
900.0,910.0,
900.0,920.0,
900.0,930.0,
900.0,940.0,
900.0,950.0,
900.0,960.0,
900.0,970.0,
900.0,980.0,
900.0,990.0,
900.0,1000.0,
910.0,-1000.0,
910.0,-990.0,
910.0,-980.0,
910.0,-970.0,
910.0,-960.0,
910.0,-950.0,
910.0,-940.0,
910.0,-930.0,
910.0,-920.0,
910.0,-910.0,
910.0,-900.0,
910.0,-890.0,
910.0,-880.0,
910.0,-870.0,
910.0,-860.0,
910.0,-850.0,
910.0,-840.0,
910.0,-830.0,
910.0,-820.0,
910.0,-810.0,
910.0,-800.0,
910.0,-790.0,
910.0,-780.0,
910.0,-770.0,
910.0,-760.0,
910.0,-750.0,
910.0,-740.0,
910.0,-730.0,
910.0,-720.0,
910.0,-710.0,
910.0,-700.0,
910.0,-690.0,
910.0,-680.0,
910.0,-670.0,
910.0,-660.0,
910.0,-650.0,
910.0,-640.0,
910.0,-630.0,
910.0,-620.0,
910.0,-610.0,
910.0,-600.0,
910.0,-590.0,
910.0,-580.0,
910.0,-570.0,
910.0,-560.0,
910.0,-550.0,
910.0,-540.0,
910.0,-530.0,
910.0,-520.0,
910.0,-510.0,
910.0,-500.0,
910.0,-490.0,
910.0,-480.0,
910.0,-470.0,
910.0,-460.0,
910.0,-450.0,
910.0,-440.0,
910.0,-430.0,
910.0,-420.0,114.836
910.0,-410.0,116.25
910.0,-400.0,117.745
910.0,-390.0,119.326
910.0,-380.0,120.999
910.0,-370.0,122.771
910.0,-360.0,124.649
910.0,-350.0,126.641
910.0,-340.0,128.757
910.0,-330.0,131.006
910.0,-320.0,133.4
910.0,-310.0,135.95
910.0,-300.0,138.67
910.0,-290.0,141.575
910.0,-280.0,144.682
910.0,-270.0,148.01
910.0,-260.0,151.58
910.0,-250.0,155.417
910.0,-240.0,159.548
910.0,-230.0,164.004
910.0,-220.0,168.821
910.0,-210.0,174.04
910.0,-200.0,179.709
910.0,-190.0,185.882
910.0,-180.0,192.624
910.0,-170.0,200.011
910.0,-160.0,208.133
910.0,-150.0,217.096
910.0,-140.0,227.03
910.0,-130.0,238.091
910.0,-120.0,250.471
910.0,-110.0,264.406
910.0,-100.0,280.195
910.0,-90.0,298.217
910.0,-80.0,318.961
910.0,-70.0,343.07
910.0,-60.0,380.471
910.0,-50.0,437.637
910.0,-40.0,515.385
910.0,-30.0,627.176
910.0,-20.0,801.466
910.0,-10.0,905.057
910.0,0.0,905.001
910.0,10.0,905.057
910.0,20.0,801.466
910.0,30.0,627.176
910.0,40.0,515.385
910.0,50.0,437.637
910.0,60.0,380.471
910.0,70.0,343.07
910.0,80.0,318.961
910.0,90.0,298.217
910.0,100.0,280.195
910.0,110.0,264.406
910.0,120.0,250.471
910.0,130.0,238.091
910.0,140.0,227.03
910.0,150.0,217.096
910.0,160.0,208.133
910.0,170.0,200.011
910.0,180.0,192.624
910.0,190.0,185.882
910.0,200.0,179.709
910.0,210.0,174.04
910.0,220.0,168.821
910.0,230.0,164.004
910.0,240.0,159.548
910.0,250.0,155.417
910.0,260.0,151.58
910.0,270.0,148.01
910.0,280.0,144.682
910.0,290.0,141.575
910.0,300.0,138.67
910.0,310.0,135.95
910.0,320.0,133.4
910.0,330.0,131.006
910.0,340.0,128.757
910.0,350.0,126.641
910.0,360.0,124.649
910.0,370.0,122.771
910.0,380.0,120.999
910.0,390.0,119.326
910.0,400.0,117.745
910.0,410.0,116.25
910.0,420.0,114.836
910.0,430.0,
910.0,440.0,
910.0,450.0,
910.0,460.0,
910.0,470.0,
910.0,480.0,
910.0,490.0,
910.0,500.0,
910.0,510.0,
910.0,520.0,
910.0,530.0,
910.0,540.0,
910.0,550.0,
910.0,560.0,
910.0,570.0,
910.0,580.0,
910.0,590.0,
910.0,600.0,
910.0,610.0,
910.0,620.0,
910.0,630.0,
910.0,640.0,
910.0,650.0,
910.0,660.0,
910.0,670.0,
910.0,680.0,
910.0,690.0,
910.0,700.0,
910.0,710.0,
910.0,720.0,
910.0,730.0,
910.0,740.0,
910.0,750.0,
910.0,760.0,
910.0,770.0,
910.0,780.0,
910.0,790.0,
910.0,800.0,
910.0,810.0,
910.0,820.0,
910.0,830.0,
910.0,840.0,
910.0,850.0,
910.0,860.0,
910.0,870.0,
910.0,880.0,
910.0,890.0,
910.0,900.0,
910.0,910.0,
910.0,920.0,
910.0,930.0,
910.0,940.0,
910.0,950.0,
910.0,960.0,
910.0,970.0,
910.0,980.0,
910.0,990.0,
910.0,1000.0,
920.0,-1000.0,
920.0,-990.0,
920.0,-980.0,
920.0,-970.0,
920.0,-960.0,
920.0,-950.0,
920.0,-940.0,
920.0,-930.0,
920.0,-920.0,
920.0,-910.0,
920.0,-900.0,
920.0,-890.0,
920.0,-880.0,
920.0,-870.0,
920.0,-860.0,
920.0,-850.0,
920.0,-840.0,
920.0,-830.0,
920.0,-820.0,
920.0,-810.0,
920.0,-800.0,
920.0,-790.0,
920.0,-780.0,
920.0,-770.0,
920.0,-760.0,
920.0,-750.0,
920.0,-740.0,
920.0,-730.0,
920.0,-720.0,
920.0,-710.0,
920.0,-700.0,
920.0,-690.0,
920.0,-680.0,
920.0,-670.0,
920.0,-660.0,
920.0,-650.0,
920.0,-640.0,
920.0,-630.0,
920.0,-620.0,
920.0,-610.0,
920.0,-600.0,
920.0,-590.0,
920.0,-580.0,
920.0,-570.0,
920.0,-560.0,
920.0,-550.0,
920.0,-540.0,
920.0,-530.0,
920.0,-520.0,
920.0,-510.0,
920.0,-500.0,
920.0,-490.0,
920.0,-480.0,
920.0,-470.0,
920.0,-460.0,
920.0,-450.0,
920.0,-440.0,
920.0,-430.0,
920.0,-420.0,
920.0,-410.0,
920.0,-400.0,116.028
920.0,-390.0,117.566
920.0,-380.0,119.195
920.0,-370.0,120.92
920.0,-360.0,122.75
920.0,-350.0,124.692
920.0,-340.0,126.754
920.0,-330.0,128.948
920.0,-320.0,131.283
920.0,-310.0,133.771
920.0,-300.0,136.426
920.0,-290.0,139.263
920.0,-280.0,142.298
920.0,-270.0,145.551
920.0,-260.0,149.041
920.0,-250.0,152.793
920.0,-240.0,156.833
920.0,-230.0,161.193
920.0,-220.0,165.909
920.0,-210.0,171.019
920.0,-200.0,176.571
920.0,-190.0,182.62
920.0,-180.0,189.229
920.0,-170.0,196.473
920.0,-160.0,204.441
920.0,-150.0,213.237
920.0,-140.0,222.991
920.0,-130.0,233.855
920.0,-120.0,246.02
920.0,-110.0,259.721
920.0,-100.0,275.253
920.0,-90.0,292.99
920.0,-80.0,313.42
920.0,-70.0,343.419
920.0,-60.0,387.973
920.0,-50.0,446.123
920.0,-40.0,525.144
920.0,-30.0,638.629
920.0,-20.0,815.253
920.0,-10.0,915.056
920.0,0.0,915.001
920.0,10.0,915.056
920.0,20.0,815.253
920.0,30.0,638.629
920.0,40.0,525.144
920.0,50.0,446.123
920.0,60.0,387.973
920.0,70.0,343.419
920.0,80.0,313.42
920.0,90.0,292.99
920.0,100.0,275.253
920.0,110.0,259.721
920.0,120.0,246.02
920.0,130.0,233.855
920.0,140.0,222.991
920.0,150.0,213.237
920.0,160.0,204.441
920.0,170.0,196.473
920.0,180.0,189.229
920.0,190.0,182.62
920.0,200.0,176.571
920.0,210.0,171.019
920.0,220.0,165.909
920.0,230.0,161.193
920.0,240.0,156.833
920.0,250.0,152.793
920.0,260.0,149.041
920.0,270.0,145.551
920.0,280.0,142.298
920.0,290.0,139.263
920.0,300.0,136.426
920.0,310.0,133.771
920.0,320.0,131.283
920.0,330.0,128.948
920.0,340.0,126.754
920.0,350.0,124.692
920.0,360.0,122.75
920.0,370.0,120.92
920.0,380.0,119.195
920.0,390.0,117.566
920.0,400.0,116.028
920.0,410.0,
920.0,420.0,
920.0,430.0,
920.0,440.0,
920.0,450.0,
920.0,460.0,
920.0,470.0,
920.0,480.0,
920.0,490.0,
920.0,500.0,
920.0,510.0,
920.0,520.0,
920.0,530.0,
920.0,540.0,
920.0,550.0,
920.0,560.0,
920.0,570.0,
920.0,580.0,
920.0,590.0,
920.0,600.0,
920.0,610.0,
920.0,620.0,
920.0,630.0,
920.0,640.0,
920.0,650.0,
920.0,660.0,
920.0,670.0,
920.0,680.0,
920.0,690.0,
920.0,700.0,
920.0,710.0,
920.0,720.0,
920.0,730.0,
920.0,740.0,
920.0,750.0,
920.0,760.0,
920.0,770.0,
920.0,780.0,
920.0,790.0,
920.0,800.0,
920.0,810.0,
920.0,820.0,
920.0,830.0,
920.0,840.0,
920.0,850.0,
920.0,860.0,
920.0,870.0,
920.0,880.0,
920.0,890.0,
920.0,900.0,
920.0,910.0,
920.0,920.0,
920.0,930.0,
920.0,940.0,
920.0,950.0,
920.0,960.0,
920.0,970.0,
920.0,980.0,
920.0,990.0,
920.0,1000.0,
930.0,-1000.0,
930.0,-990.0,
930.0,-980.0,
930.0,-970.0,
930.0,-960.0,
930.0,-950.0,
930.0,-940.0,
930.0,-930.0,
930.0,-920.0,
930.0,-910.0,
930.0,-900.0,
930.0,-890.0,
930.0,-880.0,
930.0,-870.0,
930.0,-860.0,
930.0,-850.0,
930.0,-840.0,
930.0,-830.0,
930.0,-820.0,
930.0,-810.0,
930.0,-800.0,
930.0,-790.0,
930.0,-780.0,
930.0,-770.0,
930.0,-760.0,
930.0,-750.0,
930.0,-740.0,
930.0,-730.0,
930.0,-720.0,
930.0,-710.0,
930.0,-700.0,
930.0,-690.0,
930.0,-680.0,
930.0,-670.0,
930.0,-660.0,
930.0,-650.0,
930.0,-640.0,
930.0,-630.0,
930.0,-620.0,
930.0,-610.0,
930.0,-600.0,
930.0,-590.0,
930.0,-580.0,
930.0,-570.0,
930.0,-560.0,
930.0,-550.0,
930.0,-540.0,
930.0,-530.0,
930.0,-520.0,
930.0,-510.0,
930.0,-500.0,
930.0,-490.0,
930.0,-480.0,
930.0,-470.0,
930.0,-460.0,
930.0,-450.0,
930.0,-440.0,
930.0,-430.0,
930.0,-420.0,
930.0,-410.0,
930.0,-400.0,
930.0,-390.0,
930.0,-380.0,
930.0,-370.0,119.087
930.0,-360.0,120.868
930.0,-350.0,122.759
930.0,-340.0,124.769
930.0,-330.0,126.907
930.0,-320.0,129.184
930.0,-310.0,131.611
930.0,-300.0,134.201
930.0,-290.0,136.97
930.0,-280.0,139.933
930.0,-270.0,143.109
930.0,-260.0,146.519
930.0,-250.0,150.186
930.0,-240.0,154.137
930.0,-230.0,158.401
930.0,-220.0,163.014
930.0,-210.0,168.016
930.0,-200.0,173.452
930.0,-190.0,179.377
930.0,-180.0,185.853
930.0,-170.0,192.954
930.0,-160.0,200.766
930.0,-150.0,209.396
930.0,-140.0,218.968
930.0,-130.0,229.636
930.0,-120.0,241.586
930.0,-110.0,255.051
930.0,-100.0,270.324
930.0,-90.0,287.776
930.0,-80.0,314.346
930.0,-70.0,350.192
930.0,-60.0,395.533
930.0,-50.0,454.671
930.0,-40.0,534.966
930.0,-30.0,650.147
930.0,-20.0,829.099
930.0,-10.0,925.056
930.0,0.0,925.001
930.0,10.0,925.056
930.0,20.0,829.099
930.0,30.0,650.147
930.0,40.0,534.966
930.0,50.0,454.671
930.0,60.0,395.533
930.0,70.0,350.192
930.0,80.0,314.346
930.0,90.0,287.776
930.0,100.0,270.324
930.0,110.0,255.051
930.0,120.0,241.586
930.0,130.0,229.636
930.0,140.0,218.968
930.0,150.0,209.396
930.0,160.0,200.766
930.0,170.0,192.954
930.0,180.0,185.853
930.0,190.0,179.377
930.0,200.0,173.452
930.0,210.0,168.016
930.0,220.0,163.014
930.0,230.0,158.401
930.0,240.0,154.137
930.0,250.0,150.186
930.0,260.0,146.519
930.0,270.0,143.109
930.0,280.0,139.933
930.0,290.0,136.97
930.0,300.0,134.201
930.0,310.0,131.611
930.0,320.0,129.184
930.0,330.0,126.907
930.0,340.0,124.769
930.0,350.0,122.759
930.0,360.0,120.868
930.0,370.0,119.087
930.0,380.0,
930.0,390.0,
930.0,400.0,
930.0,410.0,
930.0,420.0,
930.0,430.0,
930.0,440.0,
930.0,450.0,
930.0,460.0,
930.0,470.0,
930.0,480.0,
930.0,490.0,
930.0,500.0,
930.0,510.0,
930.0,520.0,
930.0,530.0,
930.0,540.0,
930.0,550.0,
930.0,560.0,
930.0,570.0,
930.0,580.0,
930.0,590.0,
930.0,600.0,
930.0,610.0,
930.0,620.0,
930.0,630.0,
930.0,640.0,
930.0,650.0,
930.0,660.0,
930.0,670.0,
930.0,680.0,
930.0,690.0,
930.0,700.0,
930.0,710.0,
930.0,720.0,
930.0,730.0,
930.0,740.0,
930.0,750.0,
930.0,760.0,
930.0,770.0,
930.0,780.0,
930.0,790.0,
930.0,800.0,
930.0,810.0,
930.0,820.0,
930.0,830.0,
930.0,840.0,
930.0,850.0,
930.0,860.0,
930.0,870.0,
930.0,880.0,
930.0,890.0,
930.0,900.0,
930.0,910.0,
930.0,920.0,
930.0,930.0,
930.0,940.0,
930.0,950.0,
930.0,960.0,
930.0,970.0,
930.0,980.0,
930.0,990.0,
930.0,1000.0,
940.0,-1000.0,
940.0,-990.0,
940.0,-980.0,
940.0,-970.0,
940.0,-960.0,
940.0,-950.0,
940.0,-940.0,
940.0,-930.0,
940.0,-920.0,
940.0,-910.0,
940.0,-900.0,
940.0,-890.0,
940.0,-880.0,
940.0,-870.0,
940.0,-860.0,
940.0,-850.0,
940.0,-840.0,
940.0,-830.0,
940.0,-820.0,
940.0,-810.0,
940.0,-800.0,
940.0,-790.0,
940.0,-780.0,
940.0,-770.0,
940.0,-760.0,
940.0,-750.0,
940.0,-740.0,
940.0,-730.0,
940.0,-720.0,
940.0,-710.0,
940.0,-700.0,
940.0,-690.0,
940.0,-680.0,
940.0,-670.0,
940.0,-660.0,
940.0,-650.0,
940.0,-640.0,
940.0,-630.0,
940.0,-620.0,
940.0,-610.0,
940.0,-600.0,
940.0,-590.0,
940.0,-580.0,
940.0,-570.0,
940.0,-560.0,
940.0,-550.0,
940.0,-540.0,
940.0,-530.0,
940.0,-520.0,
940.0,-510.0,
940.0,-500.0,
940.0,-490.0,
940.0,-480.0,
940.0,-470.0,
940.0,-460.0,
940.0,-450.0,
940.0,-440.0,
940.0,-430.0,
940.0,-420.0,
940.0,-410.0,
940.0,-400.0,
940.0,-390.0,
940.0,-380.0,
940.0,-370.0,
940.0,-360.0,
940.0,-350.0,120.845
940.0,-340.0,122.801
940.0,-330.0,124.884
940.0,-320.0,127.102
940.0,-310.0,129.468
940.0,-300.0,131.994
940.0,-290.0,134.695
940.0,-280.0,137.586
940.0,-270.0,140.687
940.0,-260.0,144.017
940.0,-250.0,147.599
940.0,-240.0,151.459
940.0,-230.0,155.628
940.0,-220.0,160.139
940.0,-210.0,165.032
940.0,-200.0,170.353
940.0,-190.0,176.153
940.0,-180.0,182.495
940.0,-170.0,189.452
940.0,-160.0,197.111
940.0,-150.0,205.573
940.0,-140.0,214.964
940.0,-130.0,225.434
940.0,-120.0,237.168
940.0,-110.0,250.397
940.0,-100.0,266.539
940.0,-90.0,290.964
940.0,-80.0,320.529
940.0,-70.0,357.018
940.0,-60.0,403.149
940.0,-50.0,463.278
940.0,-40.0,544.851
940.0,-30.0,661.729
940.0,-20.0,843.004
940.0,-10.0,935.055
940.0,0.0,935.001
940.0,10.0,935.055
940.0,20.0,843.004
940.0,30.0,661.729
940.0,40.0,544.851
940.0,50.0,463.278
940.0,60.0,403.149
940.0,70.0,357.018
940.0,80.0,320.529
940.0,90.0,290.964
940.0,100.0,266.539
940.0,110.0,250.397
940.0,120.0,237.168
940.0,130.0,225.434
940.0,140.0,214.964
940.0,150.0,205.573
940.0,160.0,197.111
940.0,170.0,189.452
940.0,180.0,182.495
940.0,190.0,176.153
940.0,200.0,170.353
940.0,210.0,165.032
940.0,220.0,160.139
940.0,230.0,155.628
940.0,240.0,151.459
940.0,250.0,147.599
940.0,260.0,144.017
940.0,270.0,140.687
940.0,280.0,137.586
940.0,290.0,134.695
940.0,300.0,131.994
940.0,310.0,129.468
940.0,320.0,127.102
940.0,330.0,124.884
940.0,340.0,122.801
940.0,350.0,120.845
940.0,360.0,
940.0,370.0,
940.0,380.0,
940.0,390.0,
940.0,400.0,
940.0,410.0,
940.0,420.0,
940.0,430.0,
940.0,440.0,
940.0,450.0,
940.0,460.0,
940.0,470.0,
940.0,480.0,
940.0,490.0,
940.0,500.0,
940.0,510.0,
940.0,520.0,
940.0,530.0,
940.0,540.0,
940.0,550.0,
940.0,560.0,
940.0,570.0,
940.0,580.0,
940.0,590.0,
940.0,600.0,
940.0,610.0,
940.0,620.0,
940.0,630.0,
940.0,640.0,
940.0,650.0,
940.0,660.0,
940.0,670.0,
940.0,680.0,
940.0,690.0,
940.0,700.0,
940.0,710.0,
940.0,720.0,
940.0,730.0,
940.0,740.0,
940.0,750.0,
940.0,760.0,
940.0,770.0,
940.0,780.0,
940.0,790.0,
940.0,800.0,
940.0,810.0,
940.0,820.0,
940.0,830.0,
940.0,840.0,
940.0,850.0,
940.0,860.0,
940.0,870.0,
940.0,880.0,
940.0,890.0,
940.0,900.0,
940.0,910.0,
940.0,920.0,
940.0,930.0,
940.0,940.0,
940.0,950.0,
940.0,960.0,
940.0,970.0,
940.0,980.0,
940.0,990.0,
940.0,1000.0,
950.0,-1000.0,
950.0,-990.0,
950.0,-980.0,
950.0,-970.0,
950.0,-960.0,
950.0,-950.0,
950.0,-940.0,
950.0,-930.0,
950.0,-920.0,
950.0,-910.0,
950.0,-900.0,
950.0,-890.0,
950.0,-880.0,
950.0,-870.0,
950.0,-860.0,
950.0,-850.0,
950.0,-840.0,
950.0,-830.0,
950.0,-820.0,
950.0,-810.0,
950.0,-800.0,
950.0,-790.0,
950.0,-780.0,
950.0,-770.0,
950.0,-760.0,
950.0,-750.0,
950.0,-740.0,
950.0,-730.0,
950.0,-720.0,
950.0,-710.0,
950.0,-700.0,
950.0,-690.0,
950.0,-680.0,
950.0,-670.0,
950.0,-660.0,
950.0,-650.0,
950.0,-640.0,
950.0,-630.0,
950.0,-620.0,
950.0,-610.0,
950.0,-600.0,
950.0,-590.0,
950.0,-580.0,
950.0,-570.0,
950.0,-560.0,
950.0,-550.0,
950.0,-540.0,
950.0,-530.0,
950.0,-520.0,
950.0,-510.0,
950.0,-500.0,
950.0,-490.0,
950.0,-480.0,
950.0,-470.0,
950.0,-460.0,
950.0,-450.0,
950.0,-440.0,
950.0,-430.0,
950.0,-420.0,
950.0,-410.0,
950.0,-400.0,
950.0,-390.0,
950.0,-380.0,
950.0,-370.0,
950.0,-360.0,
950.0,-350.0,
950.0,-340.0,
950.0,-330.0,
950.0,-320.0,125.039
950.0,-310.0,127.343
950.0,-300.0,129.805
950.0,-290.0,132.438
950.0,-280.0,135.258
950.0,-270.0,138.283
950.0,-260.0,141.533
950.0,-250.0,145.03
950.0,-240.0,148.801
950.0,-230.0,152.874
950.0,-220.0,157.283
950.0,-210.0,162.068
950.0,-200.0,167.272
950.0,-190.0,172.948
950.0,-180.0,179.157
950.0,-170.0,185.97
950.0,-160.0,193.474
950.0,-150.0,201.768
950.0,-140.0,210.977
950.0,-130.0,221.249
950.0,-120.0,233.111
950.0,-110.0,250.892
950.0,-100.0,271.784
950.0,-90.0,296.661
950.0,-80.0,326.762
950.0,-70.0,363.897
950.0,-60.0,410.822
950.0,-50.0,471.946
950.0,-40.0,554.799
950.0,-30.0,673.374
950.0,-20.0,856.967
950.0,-10.0,945.055
950.0,0.0,945.001
950.0,10.0,945.055
950.0,20.0,856.967
950.0,30.0,673.374
950.0,40.0,554.799
950.0,50.0,471.946
950.0,60.0,410.822
950.0,70.0,363.897
950.0,80.0,326.762
950.0,90.0,296.661
950.0,100.0,271.784
950.0,110.0,250.892
950.0,120.0,233.111
950.0,130.0,221.249
950.0,140.0,210.977
950.0,150.0,201.768
950.0,160.0,193.474
950.0,170.0,185.97
950.0,180.0,179.157
950.0,190.0,172.948
950.0,200.0,167.272
950.0,210.0,162.068
950.0,220.0,157.283
950.0,230.0,152.874
950.0,240.0,148.801
950.0,250.0,145.03
950.0,260.0,141.533
950.0,270.0,138.283
950.0,280.0,135.258
950.0,290.0,132.438
950.0,300.0,129.805
950.0,310.0,127.343
950.0,320.0,125.039
950.0,330.0,
950.0,340.0,
950.0,350.0,
950.0,360.0,
950.0,370.0,
950.0,380.0,
950.0,390.0,
950.0,400.0,
950.0,410.0,
950.0,420.0,
950.0,430.0,
950.0,440.0,
950.0,450.0,
950.0,460.0,
950.0,470.0,
950.0,480.0,
950.0,490.0,
950.0,500.0,
950.0,510.0,
950.0,520.0,
950.0,530.0,
950.0,540.0,
950.0,550.0,
950.0,560.0,
950.0,570.0,
950.0,580.0,
950.0,590.0,
950.0,600.0,
950.0,610.0,
950.0,620.0,
950.0,630.0,
950.0,640.0,
950.0,650.0,
950.0,660.0,
950.0,670.0,
950.0,680.0,
950.0,690.0,
950.0,700.0,
950.0,710.0,
950.0,720.0,
950.0,730.0,
950.0,740.0,
950.0,750.0,
950.0,760.0,
950.0,770.0,
950.0,780.0,
950.0,790.0,
950.0,800.0,
950.0,810.0,
950.0,820.0,
950.0,830.0,
950.0,840.0,
950.0,850.0,
950.0,860.0,
950.0,870.0,
950.0,880.0,
950.0,890.0,
950.0,900.0,
950.0,910.0,
950.0,920.0,
950.0,930.0,
950.0,940.0,
950.0,950.0,
950.0,960.0,
950.0,970.0,
950.0,980.0,
950.0,990.0,
950.0,1000.0,
960.0,-1000.0,
960.0,-990.0,
960.0,-980.0,
960.0,-970.0,
960.0,-960.0,
960.0,-950.0,
960.0,-940.0,
960.0,-930.0,
960.0,-920.0,
960.0,-910.0,
960.0,-900.0,
960.0,-890.0,
960.0,-880.0,
960.0,-870.0,
960.0,-860.0,
960.0,-850.0,
960.0,-840.0,
960.0,-830.0,
960.0,-820.0,
960.0,-810.0,
960.0,-800.0,
960.0,-790.0,
960.0,-780.0,
960.0,-770.0,
960.0,-760.0,
960.0,-750.0,
960.0,-740.0,
960.0,-730.0,
960.0,-720.0,
960.0,-710.0,
960.0,-700.0,
960.0,-690.0,
960.0,-680.0,
960.0,-670.0,
960.0,-660.0,
960.0,-650.0,
960.0,-640.0,
960.0,-630.0,
960.0,-620.0,
960.0,-610.0,
960.0,-600.0,
960.0,-590.0,
960.0,-580.0,
960.0,-570.0,
960.0,-560.0,
960.0,-550.0,
960.0,-540.0,
960.0,-530.0,
960.0,-520.0,
960.0,-510.0,
960.0,-500.0,
960.0,-490.0,
960.0,-480.0,
960.0,-470.0,
960.0,-460.0,
960.0,-450.0,
960.0,-440.0,
960.0,-430.0,
960.0,-420.0,
960.0,-410.0,
960.0,-400.0,
960.0,-390.0,
960.0,-380.0,
960.0,-370.0,
960.0,-360.0,
960.0,-350.0,
960.0,-340.0,
960.0,-330.0,
960.0,-320.0,
960.0,-310.0,
960.0,-300.0,
960.0,-290.0,130.2
960.0,-280.0,132.949
960.0,-270.0,135.898
960.0,-260.0,139.068
960.0,-250.0,142.481
960.0,-240.0,146.162
960.0,-230.0,150.139
960.0,-220.0,154.447
960.0,-210.0,159.123
960.0,-200.0,164.211
960.0,-190.0,169.762
960.0,-180.0,175.838
960.0,-170.0,182.507
960.0,-160.0,189.855
960.0,-150.0,197.982
960.0,-140.0,208.51
960.0,-130.0,222.075
960.0,-120.0,237.676
960.0,-110.0,255.792
960.0,-100.0,277.073
960.0,-90.0,302.405
960.0,-80.0,333.045
960.0,-70.0,370.83
960.0,-60.0,418.55
960.0,-50.0,480.672
960.0,-40.0,564.808
960.0,-30.0,685.082
960.0,-20.0,870.988
960.0,-10.0,955.054
960.0,0.0,955.001
960.0,10.0,955.054
960.0,20.0,870.988
960.0,30.0,685.082
960.0,40.0,564.808
960.0,50.0,480.672
960.0,60.0,418.55
960.0,70.0,370.83
960.0,80.0,333.045
960.0,90.0,302.405
960.0,100.0,277.073
960.0,110.0,255.792
960.0,120.0,237.676
960.0,130.0,222.075
960.0,140.0,208.51
960.0,150.0,197.982
960.0,160.0,189.855
960.0,170.0,182.507
960.0,180.0,175.838
960.0,190.0,169.762
960.0,200.0,164.211
960.0,210.0,159.123
960.0,220.0,154.447
960.0,230.0,150.139
960.0,240.0,146.162
960.0,250.0,142.481
960.0,260.0,139.068
960.0,270.0,135.898
960.0,280.0,132.949
960.0,290.0,130.2
960.0,300.0,
960.0,310.0,
960.0,320.0,
960.0,330.0,
960.0,340.0,
960.0,350.0,
960.0,360.0,
960.0,370.0,
960.0,380.0,
960.0,390.0,
960.0,400.0,
960.0,410.0,
960.0,420.0,
960.0,430.0,
960.0,440.0,
960.0,450.0,
960.0,460.0,
960.0,470.0,
960.0,480.0,
960.0,490.0,
960.0,500.0,
960.0,510.0,
960.0,520.0,
960.0,530.0,
960.0,540.0,
960.0,550.0,
960.0,560.0,
960.0,570.0,
960.0,580.0,
960.0,590.0,
960.0,600.0,
960.0,610.0,
960.0,620.0,
960.0,630.0,
960.0,640.0,
960.0,650.0,
960.0,660.0,
960.0,670.0,
960.0,680.0,
960.0,690.0,
960.0,700.0,
960.0,710.0,
960.0,720.0,
960.0,730.0,
960.0,740.0,
960.0,750.0,
960.0,760.0,
960.0,770.0,
960.0,780.0,
960.0,790.0,
960.0,800.0,
960.0,810.0,
960.0,820.0,
960.0,830.0,
960.0,840.0,
960.0,850.0,
960.0,860.0,
960.0,870.0,
960.0,880.0,
960.0,890.0,
960.0,900.0,
960.0,910.0,
960.0,920.0,
960.0,930.0,
960.0,940.0,
960.0,950.0,
960.0,960.0,
960.0,970.0,
960.0,980.0,
960.0,990.0,
960.0,1000.0,
970.0,-1000.0,
970.0,-990.0,
970.0,-980.0,
970.0,-970.0,
970.0,-960.0,
970.0,-950.0,
970.0,-940.0,
970.0,-930.0,
970.0,-920.0,
970.0,-910.0,
970.0,-900.0,
970.0,-890.0,
970.0,-880.0,
970.0,-870.0,
970.0,-860.0,
970.0,-850.0,
970.0,-840.0,
970.0,-830.0,
970.0,-820.0,
970.0,-810.0,
970.0,-800.0,
970.0,-790.0,
970.0,-780.0,
970.0,-770.0,
970.0,-760.0,
970.0,-750.0,
970.0,-740.0,
970.0,-730.0,
970.0,-720.0,
970.0,-710.0,
970.0,-700.0,
970.0,-690.0,
970.0,-680.0,
970.0,-670.0,
970.0,-660.0,
970.0,-650.0,
970.0,-640.0,
970.0,-630.0,
970.0,-620.0,
970.0,-610.0,
970.0,-600.0,
970.0,-590.0,
970.0,-580.0,
970.0,-570.0,
970.0,-560.0,
970.0,-550.0,
970.0,-540.0,
970.0,-530.0,
970.0,-520.0,
970.0,-510.0,
970.0,-500.0,
970.0,-490.0,
970.0,-480.0,
970.0,-470.0,
970.0,-460.0,
970.0,-450.0,
970.0,-440.0,
970.0,-430.0,
970.0,-420.0,
970.0,-410.0,
970.0,-400.0,
970.0,-390.0,
970.0,-380.0,
970.0,-370.0,
970.0,-360.0,
970.0,-350.0,
970.0,-340.0,
970.0,-330.0,
970.0,-320.0,
970.0,-310.0,
970.0,-300.0,
970.0,-290.0,
970.0,-280.0,
970.0,-270.0,
970.0,-260.0,136.623
970.0,-250.0,139.951
970.0,-240.0,143.542
970.0,-230.0,147.424
970.0,-220.0,151.63
970.0,-210.0,156.197
970.0,-200.0,161.169
970.0,-190.0,166.597
970.0,-180.0,172.538
970.0,-170.0,180.184
970.0,-160.0,189.716
970.0,-150.0,200.433
970.0,-140.0,212.559
970.0,-130.0,226.384
970.0,-120.0,242.28
970.0,-110.0,260.734
970.0,-100.0,282.405
970.0,-90.0,308.195
970.0,-80.0,339.377
970.0,-70.0,377.814
970.0,-60.0,426.335
970.0,-50.0,489.458
970.0,-40.0,574.879
970.0,-30.0,696.851
970.0,-20.0,885.065
970.0,-10.0,965.053
970.0,0.0,965.001
970.0,10.0,965.053
970.0,20.0,885.065
970.0,30.0,696.851
970.0,40.0,574.879
970.0,50.0,489.458
970.0,60.0,426.335
970.0,70.0,377.814
970.0,80.0,339.377
970.0,90.0,308.195
970.0,100.0,282.405
970.0,110.0,260.734
970.0,120.0,242.28
970.0,130.0,226.384
970.0,140.0,212.559
970.0,150.0,200.433
970.0,160.0,189.716
970.0,170.0,180.184
970.0,180.0,172.538
970.0,190.0,166.597
970.0,200.0,161.169
970.0,210.0,156.197
970.0,220.0,151.63
970.0,230.0,147.424
970.0,240.0,143.542
970.0,250.0,139.951
970.0,260.0,136.623
970.0,270.0,
970.0,280.0,
970.0,290.0,
970.0,300.0,
970.0,310.0,
970.0,320.0,
970.0,330.0,
970.0,340.0,
970.0,350.0,
970.0,360.0,
970.0,370.0,
970.0,380.0,
970.0,390.0,
970.0,400.0,
970.0,410.0,
970.0,420.0,
970.0,430.0,
970.0,440.0,
970.0,450.0,
970.0,460.0,
970.0,470.0,
970.0,480.0,
970.0,490.0,
970.0,500.0,
970.0,510.0,
970.0,520.0,
970.0,530.0,
970.0,540.0,
970.0,550.0,
970.0,560.0,
970.0,570.0,
970.0,580.0,
970.0,590.0,
970.0,600.0,
970.0,610.0,
970.0,620.0,
970.0,630.0,
970.0,640.0,
970.0,650.0,
970.0,660.0,
970.0,670.0,
970.0,680.0,
970.0,690.0,
970.0,700.0,
970.0,710.0,
970.0,720.0,
970.0,730.0,
970.0,740.0,
970.0,750.0,
970.0,760.0,
970.0,770.0,
970.0,780.0,
970.0,790.0,
970.0,800.0,
970.0,810.0,
970.0,820.0,
970.0,830.0,
970.0,840.0,
970.0,850.0,
970.0,860.0,
970.0,870.0,
970.0,880.0,
970.0,890.0,
970.0,900.0,
970.0,910.0,
970.0,920.0,
970.0,930.0,
970.0,940.0,
970.0,950.0,
970.0,960.0,
970.0,970.0,
970.0,980.0,
970.0,990.0,
970.0,1000.0,
980.0,-1000.0,
980.0,-990.0,
980.0,-980.0,
980.0,-970.0,
980.0,-960.0,
980.0,-950.0,
980.0,-940.0,
980.0,-930.0,
980.0,-920.0,
980.0,-910.0,
980.0,-900.0,
980.0,-890.0,
980.0,-880.0,
980.0,-870.0,
980.0,-860.0,
980.0,-850.0,
980.0,-840.0,
980.0,-830.0,
980.0,-820.0,
980.0,-810.0,
980.0,-800.0,
980.0,-790.0,
980.0,-780.0,
980.0,-770.0,
980.0,-760.0,
980.0,-750.0,
980.0,-740.0,
980.0,-730.0,
980.0,-720.0,
980.0,-710.0,
980.0,-700.0,
980.0,-690.0,
980.0,-680.0,
980.0,-670.0,
980.0,-660.0,
980.0,-650.0,
980.0,-640.0,
980.0,-630.0,
980.0,-620.0,
980.0,-610.0,
980.0,-600.0,
980.0,-590.0,
980.0,-580.0,
980.0,-570.0,
980.0,-560.0,
980.0,-550.0,
980.0,-540.0,
980.0,-530.0,
980.0,-520.0,
980.0,-510.0,
980.0,-500.0,
980.0,-490.0,
980.0,-480.0,
980.0,-470.0,
980.0,-460.0,
980.0,-450.0,
980.0,-440.0,
980.0,-430.0,
980.0,-420.0,
980.0,-410.0,
980.0,-400.0,
980.0,-390.0,
980.0,-380.0,
980.0,-370.0,
980.0,-360.0,
980.0,-350.0,
980.0,-340.0,
980.0,-330.0,
980.0,-320.0,
980.0,-310.0,
980.0,-300.0,
980.0,-290.0,
980.0,-280.0,
980.0,-270.0,
980.0,-260.0,
980.0,-250.0,
980.0,-240.0,
980.0,-230.0,
980.0,-220.0,148.834
980.0,-210.0,153.636
980.0,-200.0,160.053
980.0,-190.0,167.123
980.0,-180.0,174.947
980.0,-170.0,183.644
980.0,-160.0,193.362
980.0,-150.0,204.286
980.0,-140.0,216.645
980.0,-130.0,230.731
980.0,-120.0,246.923
980.0,-110.0,265.717
980.0,-100.0,287.782
980.0,-90.0,314.031
980.0,-80.0,345.759
980.0,-70.0,384.851
980.0,-60.0,434.174
980.0,-50.0,498.301
980.0,-40.0,585.01
980.0,-30.0,708.681
980.0,-20.0,899.198
980.0,-10.0,975.053
980.0,0.0,975.001
980.0,10.0,975.053
980.0,20.0,899.198
980.0,30.0,708.681
980.0,40.0,585.01
980.0,50.0,498.301
980.0,60.0,434.174
980.0,70.0,384.851
980.0,80.0,345.759
980.0,90.0,314.031
980.0,100.0,287.782
980.0,110.0,265.717
980.0,120.0,246.923
980.0,130.0,230.731
980.0,140.0,216.645
980.0,150.0,204.286
980.0,160.0,193.362
980.0,170.0,183.644
980.0,180.0,174.947
980.0,190.0,167.123
980.0,200.0,160.053
980.0,210.0,153.636
980.0,220.0,148.834
980.0,230.0,
980.0,240.0,
980.0,250.0,
980.0,260.0,
980.0,270.0,
980.0,280.0,
980.0,290.0,
980.0,300.0,
980.0,310.0,
980.0,320.0,
980.0,330.0,
980.0,340.0,
980.0,350.0,
980.0,360.0,
980.0,370.0,
980.0,380.0,
980.0,390.0,
980.0,400.0,
980.0,410.0,
980.0,420.0,
980.0,430.0,
980.0,440.0,
980.0,450.0,
980.0,460.0,
980.0,470.0,
980.0,480.0,
980.0,490.0,
980.0,500.0,
980.0,510.0,
980.0,520.0,
980.0,530.0,
980.0,540.0,
980.0,550.0,
980.0,560.0,
980.0,570.0,
980.0,580.0,
980.0,590.0,
980.0,600.0,
980.0,610.0,
980.0,620.0,
980.0,630.0,
980.0,640.0,
980.0,650.0,
980.0,660.0,
980.0,670.0,
980.0,680.0,
980.0,690.0,
980.0,700.0,
980.0,710.0,
980.0,720.0,
980.0,730.0,
980.0,740.0,
980.0,750.0,
980.0,760.0,
980.0,770.0,
980.0,780.0,
980.0,790.0,
980.0,800.0,
980.0,810.0,
980.0,820.0,
980.0,830.0,
980.0,840.0,
980.0,850.0,
980.0,860.0,
980.0,870.0,
980.0,880.0,
980.0,890.0,
980.0,900.0,
980.0,910.0,
980.0,920.0,
980.0,930.0,
980.0,940.0,
980.0,950.0,
980.0,960.0,
980.0,970.0,
980.0,980.0,
980.0,990.0,
980.0,1000.0,
990.0,-1000.0,
990.0,-990.0,
990.0,-980.0,
990.0,-970.0,
990.0,-960.0,
990.0,-950.0,
990.0,-940.0,
990.0,-930.0,
990.0,-920.0,
990.0,-910.0,
990.0,-900.0,
990.0,-890.0,
990.0,-880.0,
990.0,-870.0,
990.0,-860.0,
990.0,-850.0,
990.0,-840.0,
990.0,-830.0,
990.0,-820.0,
990.0,-810.0,
990.0,-800.0,
990.0,-790.0,
990.0,-780.0,
990.0,-770.0,
990.0,-760.0,
990.0,-750.0,
990.0,-740.0,
990.0,-730.0,
990.0,-720.0,
990.0,-710.0,
990.0,-700.0,
990.0,-690.0,
990.0,-680.0,
990.0,-670.0,
990.0,-660.0,
990.0,-650.0,
990.0,-640.0,
990.0,-630.0,
990.0,-620.0,
990.0,-610.0,
990.0,-600.0,
990.0,-590.0,
990.0,-580.0,
990.0,-570.0,
990.0,-560.0,
990.0,-550.0,
990.0,-540.0,
990.0,-530.0,
990.0,-520.0,
990.0,-510.0,
990.0,-500.0,
990.0,-490.0,
990.0,-480.0,
990.0,-470.0,
990.0,-460.0,
990.0,-450.0,
990.0,-440.0,
990.0,-430.0,
990.0,-420.0,
990.0,-410.0,
990.0,-400.0,
990.0,-390.0,
990.0,-380.0,
990.0,-370.0,
990.0,-360.0,
990.0,-350.0,
990.0,-340.0,
990.0,-330.0,
990.0,-320.0,
990.0,-310.0,
990.0,-300.0,
990.0,-290.0,
990.0,-280.0,
990.0,-270.0,
990.0,-260.0,
990.0,-250.0,
990.0,-240.0,
990.0,-230.0,
990.0,-220.0,
990.0,-210.0,
990.0,-200.0,
990.0,-190.0,
990.0,-180.0,
990.0,-170.0,187.135
990.0,-160.0,197.041
990.0,-150.0,208.173
990.0,-140.0,220.765
990.0,-130.0,235.114
990.0,-120.0,251.605
990.0,-110.0,270.742
990.0,-100.0,293.201
990.0,-90.0,319.913
990.0,-80.0,352.189
990.0,-70.0,391.94
990.0,-60.0,442.069
990.0,-50.0,507.203
990.0,-40.0,595.201
990.0,-30.0,720.571
990.0,-20.0,913.385
990.0,-10.0,985.052
990.0,0.0,985.001
990.0,10.0,985.052
990.0,20.0,913.385
990.0,30.0,720.571
990.0,40.0,595.201
990.0,50.0,507.203
990.0,60.0,442.069
990.0,70.0,391.94
990.0,80.0,352.189
990.0,90.0,319.913
990.0,100.0,293.201
990.0,110.0,270.742
990.0,120.0,251.605
990.0,130.0,235.114
990.0,140.0,220.765
990.0,150.0,208.173
990.0,160.0,197.041
990.0,170.0,187.135
990.0,180.0,
990.0,190.0,
990.0,200.0,
990.0,210.0,
990.0,220.0,
990.0,230.0,
990.0,240.0,
990.0,250.0,
990.0,260.0,
990.0,270.0,
990.0,280.0,
990.0,290.0,
990.0,300.0,
990.0,310.0,
990.0,320.0,
990.0,330.0,
990.0,340.0,
990.0,350.0,
990.0,360.0,
990.0,370.0,
990.0,380.0,
990.0,390.0,
990.0,400.0,
990.0,410.0,
990.0,420.0,
990.0,430.0,
990.0,440.0,
990.0,450.0,
990.0,460.0,
990.0,470.0,
990.0,480.0,
990.0,490.0,
990.0,500.0,
990.0,510.0,
990.0,520.0,
990.0,530.0,
990.0,540.0,
990.0,550.0,
990.0,560.0,
990.0,570.0,
990.0,580.0,
990.0,590.0,
990.0,600.0,
990.0,610.0,
990.0,620.0,
990.0,630.0,
990.0,640.0,
990.0,650.0,
990.0,660.0,
990.0,670.0,
990.0,680.0,
990.0,690.0,
990.0,700.0,
990.0,710.0,
990.0,720.0,
990.0,730.0,
990.0,740.0,
990.0,750.0,
990.0,760.0,
990.0,770.0,
990.0,780.0,
990.0,790.0,
990.0,800.0,
990.0,810.0,
990.0,820.0,
990.0,830.0,
990.0,840.0,
990.0,850.0,
990.0,860.0,
990.0,870.0,
990.0,880.0,
990.0,890.0,
990.0,900.0,
990.0,910.0,
990.0,920.0,
990.0,930.0,
990.0,940.0,
990.0,950.0,
990.0,960.0,
990.0,970.0,
990.0,980.0,
990.0,990.0,
990.0,1000.0,
1000.0,-1000.0,
1000.0,-990.0,
1000.0,-980.0,
1000.0,-970.0,
1000.0,-960.0,
1000.0,-950.0,
1000.0,-940.0,
1000.0,-930.0,
1000.0,-920.0,
1000.0,-910.0,
1000.0,-900.0,
1000.0,-890.0,
1000.0,-880.0,
1000.0,-870.0,
1000.0,-860.0,
1000.0,-850.0,
1000.0,-840.0,
1000.0,-830.0,
1000.0,-820.0,
1000.0,-810.0,
1000.0,-800.0,
1000.0,-790.0,
1000.0,-780.0,
1000.0,-770.0,
1000.0,-760.0,
1000.0,-750.0,
1000.0,-740.0,
1000.0,-730.0,
1000.0,-720.0,
1000.0,-710.0,
1000.0,-700.0,
1000.0,-690.0,
1000.0,-680.0,
1000.0,-670.0,
1000.0,-660.0,
1000.0,-650.0,
1000.0,-640.0,
1000.0,-630.0,
1000.0,-620.0,
1000.0,-610.0,
1000.0,-600.0,
1000.0,-590.0,
1000.0,-580.0,
1000.0,-570.0,
1000.0,-560.0,
1000.0,-550.0,
1000.0,-540.0,
1000.0,-530.0,
1000.0,-520.0,
1000.0,-510.0,
1000.0,-500.0,
1000.0,-490.0,
1000.0,-480.0,
1000.0,-470.0,
1000.0,-460.0,
1000.0,-450.0,
1000.0,-440.0,
1000.0,-430.0,
1000.0,-420.0,
1000.0,-410.0,
1000.0,-400.0,
1000.0,-390.0,
1000.0,-380.0,
1000.0,-370.0,
1000.0,-360.0,
1000.0,-350.0,
1000.0,-340.0,
1000.0,-330.0,
1000.0,-320.0,
1000.0,-310.0,
1000.0,-300.0,
1000.0,-290.0,
1000.0,-280.0,
1000.0,-270.0,
1000.0,-260.0,
1000.0,-250.0,
1000.0,-240.0,
1000.0,-230.0,
1000.0,-220.0,
1000.0,-210.0,
1000.0,-200.0,
1000.0,-190.0,
1000.0,-180.0,
1000.0,-170.0,
1000.0,-160.0,
1000.0,-150.0,
1000.0,-140.0,
1000.0,-130.0,
1000.0,-120.0,
1000.0,-110.0,
1000.0,-100.0,
1000.0,-90.0,325.842
1000.0,-80.0,358.667
1000.0,-70.0,399.08
1000.0,-60.0,450.018
1000.0,-50.0,516.162
1000.0,-40.0,605.452
1000.0,-30.0,732.521
1000.0,-20.0,927.627
1000.0,-10.0,995.052
1000.0,0.0,995.001
1000.0,10.0,995.052
1000.0,20.0,927.627
1000.0,30.0,732.521
1000.0,40.0,605.452
1000.0,50.0,516.162
1000.0,60.0,450.018
1000.0,70.0,399.08
1000.0,80.0,358.667
1000.0,90.0,325.842
1000.0,100.0,
1000.0,110.0,
1000.0,120.0,
1000.0,130.0,
1000.0,140.0,
1000.0,150.0,
1000.0,160.0,
1000.0,170.0,
1000.0,180.0,
1000.0,190.0,
1000.0,200.0,
1000.0,210.0,
1000.0,220.0,
1000.0,230.0,
1000.0,240.0,
1000.0,250.0,
1000.0,260.0,
1000.0,270.0,
1000.0,280.0,
1000.0,290.0,
1000.0,300.0,
1000.0,310.0,
1000.0,320.0,
1000.0,330.0,
1000.0,340.0,
1000.0,350.0,
1000.0,360.0,
1000.0,370.0,
1000.0,380.0,
1000.0,390.0,
1000.0,400.0,
1000.0,410.0,
1000.0,420.0,
1000.0,430.0,
1000.0,440.0,
1000.0,450.0,
1000.0,460.0,
1000.0,470.0,
1000.0,480.0,
1000.0,490.0,
1000.0,500.0,
1000.0,510.0,
1000.0,520.0,
1000.0,530.0,
1000.0,540.0,
1000.0,550.0,
1000.0,560.0,
1000.0,570.0,
1000.0,580.0,
1000.0,590.0,
1000.0,600.0,
1000.0,610.0,
1000.0,620.0,
1000.0,630.0,
1000.0,640.0,
1000.0,650.0,
1000.0,660.0,
1000.0,670.0,
1000.0,680.0,
1000.0,690.0,
1000.0,700.0,
1000.0,710.0,
1000.0,720.0,
1000.0,730.0,
1000.0,740.0,
1000.0,750.0,
1000.0,760.0,
1000.0,770.0,
1000.0,780.0,
1000.0,790.0,
1000.0,800.0,
1000.0,810.0,
1000.0,820.0,
1000.0,830.0,
1000.0,840.0,
1000.0,850.0,
1000.0,860.0,
1000.0,870.0,
1000.0,880.0,
1000.0,890.0,
1000.0,900.0,
1000.0,910.0,
1000.0,920.0,
1000.0,930.0,
1000.0,940.0,
1000.0,950.0,
1000.0,960.0,
1000.0,970.0,
1000.0,980.0,
1000.0,990.0,
1000.0,1000.0,
1010.0,-1000.0,
1010.0,-990.0,
1010.0,-980.0,
1010.0,-970.0,
1010.0,-960.0,
1010.0,-950.0,
1010.0,-940.0,
1010.0,-930.0,
1010.0,-920.0,
1010.0,-910.0,
1010.0,-900.0,
1010.0,-890.0,
1010.0,-880.0,
1010.0,-870.0,
1010.0,-860.0,
1010.0,-850.0,
1010.0,-840.0,
1010.0,-830.0,
1010.0,-820.0,
1010.0,-810.0,
1010.0,-800.0,
1010.0,-790.0,
1010.0,-780.0,
1010.0,-770.0,
1010.0,-760.0,
1010.0,-750.0,
1010.0,-740.0,
1010.0,-730.0,
1010.0,-720.0,
1010.0,-710.0,
1010.0,-700.0,
1010.0,-690.0,
1010.0,-680.0,
1010.0,-670.0,
1010.0,-660.0,
1010.0,-650.0,
1010.0,-640.0,
1010.0,-630.0,
1010.0,-620.0,
1010.0,-610.0,
1010.0,-600.0,
1010.0,-590.0,
1010.0,-580.0,
1010.0,-570.0,
1010.0,-560.0,
1010.0,-550.0,
1010.0,-540.0,
1010.0,-530.0,
1010.0,-520.0,
1010.0,-510.0,
1010.0,-500.0,
1010.0,-490.0,
1010.0,-480.0,
1010.0,-470.0,
1010.0,-460.0,
1010.0,-450.0,
1010.0,-440.0,
1010.0,-430.0,
1010.0,-420.0,
1010.0,-410.0,
1010.0,-400.0,
1010.0,-390.0,
1010.0,-380.0,
1010.0,-370.0,
1010.0,-360.0,
1010.0,-350.0,
1010.0,-340.0,
1010.0,-330.0,
1010.0,-320.0,
1010.0,-310.0,
1010.0,-300.0,
1010.0,-290.0,
1010.0,-280.0,
1010.0,-270.0,
1010.0,-260.0,
1010.0,-250.0,
1010.0,-240.0,
1010.0,-230.0,
1010.0,-220.0,
1010.0,-210.0,
1010.0,-200.0,
1010.0,-190.0,
1010.0,-180.0,
1010.0,-170.0,
1010.0,-160.0,
1010.0,-150.0,
1010.0,-140.0,
1010.0,-130.0,
1010.0,-120.0,
1010.0,-110.0,
1010.0,-100.0,
1010.0,-90.0,
1010.0,-80.0,
1010.0,-70.0,
1010.0,-60.0,
1010.0,-50.0,
1010.0,-40.0,
1010.0,-30.0,
1010.0,-20.0,
1010.0,-10.0,
1010.0,0.0,
1010.0,10.0,
1010.0,20.0,
1010.0,30.0,
1010.0,40.0,
1010.0,50.0,
1010.0,60.0,
1010.0,70.0,
1010.0,80.0,
1010.0,90.0,
1010.0,100.0,
1010.0,110.0,
1010.0,120.0,
1010.0,130.0,
1010.0,140.0,
1010.0,150.0,
1010.0,160.0,
1010.0,170.0,
1010.0,180.0,
1010.0,190.0,
1010.0,200.0,
1010.0,210.0,
1010.0,220.0,
1010.0,230.0,
1010.0,240.0,
1010.0,250.0,
1010.0,260.0,
1010.0,270.0,
1010.0,280.0,
1010.0,290.0,
1010.0,300.0,
1010.0,310.0,
1010.0,320.0,
1010.0,330.0,
1010.0,340.0,
1010.0,350.0,
1010.0,360.0,
1010.0,370.0,
1010.0,380.0,
1010.0,390.0,
1010.0,400.0,
1010.0,410.0,
1010.0,420.0,
1010.0,430.0,
1010.0,440.0,
1010.0,450.0,
1010.0,460.0,
1010.0,470.0,
1010.0,480.0,
1010.0,490.0,
1010.0,500.0,
1010.0,510.0,
1010.0,520.0,
1010.0,530.0,
1010.0,540.0,
1010.0,550.0,
1010.0,560.0,
1010.0,570.0,
1010.0,580.0,
1010.0,590.0,
1010.0,600.0,
1010.0,610.0,
1010.0,620.0,
1010.0,630.0,
1010.0,640.0,
1010.0,650.0,
1010.0,660.0,
1010.0,670.0,
1010.0,680.0,
1010.0,690.0,
1010.0,700.0,
1010.0,710.0,
1010.0,720.0,
1010.0,730.0,
1010.0,740.0,
1010.0,750.0,
1010.0,760.0,
1010.0,770.0,
1010.0,780.0,
1010.0,790.0,
1010.0,800.0,
1010.0,810.0,
1010.0,820.0,
1010.0,830.0,
1010.0,840.0,
1010.0,850.0,
1010.0,860.0,
1010.0,870.0,
1010.0,880.0,
1010.0,890.0,
1010.0,900.0,
1010.0,910.0,
1010.0,920.0,
1010.0,930.0,
1010.0,940.0,
1010.0,950.0,
1010.0,960.0,
1010.0,970.0,
1010.0,980.0,
1010.0,990.0,
1010.0,1000.0,
1020.0,-1000.0,
1020.0,-990.0,
1020.0,-980.0,
1020.0,-970.0,
1020.0,-960.0,
1020.0,-950.0,
1020.0,-940.0,
1020.0,-930.0,
1020.0,-920.0,
1020.0,-910.0,
1020.0,-900.0,
1020.0,-890.0,
1020.0,-880.0,
1020.0,-870.0,
1020.0,-860.0,
1020.0,-850.0,
1020.0,-840.0,
1020.0,-830.0,
1020.0,-820.0,
1020.0,-810.0,
1020.0,-800.0,
1020.0,-790.0,
1020.0,-780.0,
1020.0,-770.0,
1020.0,-760.0,
1020.0,-750.0,
1020.0,-740.0,
1020.0,-730.0,
1020.0,-720.0,
1020.0,-710.0,
1020.0,-700.0,
1020.0,-690.0,
1020.0,-680.0,
1020.0,-670.0,
1020.0,-660.0,
1020.0,-650.0,
1020.0,-640.0,
1020.0,-630.0,
1020.0,-620.0,
1020.0,-610.0,
1020.0,-600.0,
1020.0,-590.0,
1020.0,-580.0,
1020.0,-570.0,
1020.0,-560.0,
1020.0,-550.0,
1020.0,-540.0,
1020.0,-530.0,
1020.0,-520.0,
1020.0,-510.0,
1020.0,-500.0,
1020.0,-490.0,
1020.0,-480.0,
1020.0,-470.0,
1020.0,-460.0,
1020.0,-450.0,
1020.0,-440.0,
1020.0,-430.0,
1020.0,-420.0,
1020.0,-410.0,
1020.0,-400.0,
1020.0,-390.0,
1020.0,-380.0,
1020.0,-370.0,
1020.0,-360.0,
1020.0,-350.0,
1020.0,-340.0,
1020.0,-330.0,
1020.0,-320.0,
1020.0,-310.0,
1020.0,-300.0,
1020.0,-290.0,
1020.0,-280.0,
1020.0,-270.0,
1020.0,-260.0,
1020.0,-250.0,
1020.0,-240.0,
1020.0,-230.0,
1020.0,-220.0,
1020.0,-210.0,
1020.0,-200.0,
1020.0,-190.0,
1020.0,-180.0,
1020.0,-170.0,
1020.0,-160.0,
1020.0,-150.0,
1020.0,-140.0,
1020.0,-130.0,
1020.0,-120.0,
1020.0,-110.0,
1020.0,-100.0,
1020.0,-90.0,
1020.0,-80.0,
1020.0,-70.0,
1020.0,-60.0,
1020.0,-50.0,
1020.0,-40.0,
1020.0,-30.0,
1020.0,-20.0,
1020.0,-10.0,
1020.0,0.0,
1020.0,10.0,
1020.0,20.0,
1020.0,30.0,
1020.0,40.0,
1020.0,50.0,
1020.0,60.0,
1020.0,70.0,
1020.0,80.0,
1020.0,90.0,
1020.0,100.0,
1020.0,110.0,
1020.0,120.0,
1020.0,130.0,
1020.0,140.0,
1020.0,150.0,
1020.0,160.0,
1020.0,170.0,
1020.0,180.0,
1020.0,190.0,
1020.0,200.0,
1020.0,210.0,
1020.0,220.0,
1020.0,230.0,
1020.0,240.0,
1020.0,250.0,
1020.0,260.0,
1020.0,270.0,
1020.0,280.0,
1020.0,290.0,
1020.0,300.0,
1020.0,310.0,
1020.0,320.0,
1020.0,330.0,
1020.0,340.0,
1020.0,350.0,
1020.0,360.0,
1020.0,370.0,
1020.0,380.0,
1020.0,390.0,
1020.0,400.0,
1020.0,410.0,
1020.0,420.0,
1020.0,430.0,
1020.0,440.0,
1020.0,450.0,
1020.0,460.0,
1020.0,470.0,
1020.0,480.0,
1020.0,490.0,
1020.0,500.0,
1020.0,510.0,
1020.0,520.0,
1020.0,530.0,
1020.0,540.0,
1020.0,550.0,
1020.0,560.0,
1020.0,570.0,
1020.0,580.0,
1020.0,590.0,
1020.0,600.0,
1020.0,610.0,
1020.0,620.0,
1020.0,630.0,
1020.0,640.0,
1020.0,650.0,
1020.0,660.0,
1020.0,670.0,
1020.0,680.0,
1020.0,690.0,
1020.0,700.0,
1020.0,710.0,
1020.0,720.0,
1020.0,730.0,
1020.0,740.0,
1020.0,750.0,
1020.0,760.0,
1020.0,770.0,
1020.0,780.0,
1020.0,790.0,
1020.0,800.0,
1020.0,810.0,
1020.0,820.0,
1020.0,830.0,
1020.0,840.0,
1020.0,850.0,
1020.0,860.0,
1020.0,870.0,
1020.0,880.0,
1020.0,890.0,
1020.0,900.0,
1020.0,910.0,
1020.0,920.0,
1020.0,930.0,
1020.0,940.0,
1020.0,950.0,
1020.0,960.0,
1020.0,970.0,
1020.0,980.0,
1020.0,990.0,
1020.0,1000.0,
1030.0,-1000.0,
1030.0,-990.0,
1030.0,-980.0,
1030.0,-970.0,
1030.0,-960.0,
1030.0,-950.0,
1030.0,-940.0,
1030.0,-930.0,
1030.0,-920.0,
1030.0,-910.0,
1030.0,-900.0,
1030.0,-890.0,
1030.0,-880.0,
1030.0,-870.0,
1030.0,-860.0,
1030.0,-850.0,
1030.0,-840.0,
1030.0,-830.0,
1030.0,-820.0,
1030.0,-810.0,
1030.0,-800.0,
1030.0,-790.0,
1030.0,-780.0,
1030.0,-770.0,
1030.0,-760.0,
1030.0,-750.0,
1030.0,-740.0,
1030.0,-730.0,
1030.0,-720.0,
1030.0,-710.0,
1030.0,-700.0,
1030.0,-690.0,
1030.0,-680.0,
1030.0,-670.0,
1030.0,-660.0,
1030.0,-650.0,
1030.0,-640.0,
1030.0,-630.0,
1030.0,-620.0,
1030.0,-610.0,
1030.0,-600.0,
1030.0,-590.0,
1030.0,-580.0,
1030.0,-570.0,
1030.0,-560.0,
1030.0,-550.0,
1030.0,-540.0,
1030.0,-530.0,
1030.0,-520.0,
1030.0,-510.0,
1030.0,-500.0,
1030.0,-490.0,
1030.0,-480.0,
1030.0,-470.0,
1030.0,-460.0,
1030.0,-450.0,
1030.0,-440.0,
1030.0,-430.0,
1030.0,-420.0,
1030.0,-410.0,
1030.0,-400.0,
1030.0,-390.0,
1030.0,-380.0,
1030.0,-370.0,
1030.0,-360.0,
1030.0,-350.0,
1030.0,-340.0,
1030.0,-330.0,
1030.0,-320.0,
1030.0,-310.0,
1030.0,-300.0,
1030.0,-290.0,
1030.0,-280.0,
1030.0,-270.0,
1030.0,-260.0,
1030.0,-250.0,
1030.0,-240.0,
1030.0,-230.0,
1030.0,-220.0,
1030.0,-210.0,
1030.0,-200.0,
1030.0,-190.0,
1030.0,-180.0,
1030.0,-170.0,
1030.0,-160.0,
1030.0,-150.0,
1030.0,-140.0,
1030.0,-130.0,
1030.0,-120.0,
1030.0,-110.0,
1030.0,-100.0,
1030.0,-90.0,
1030.0,-80.0,
1030.0,-70.0,
1030.0,-60.0,
1030.0,-50.0,
1030.0,-40.0,
1030.0,-30.0,
1030.0,-20.0,
1030.0,-10.0,
1030.0,0.0,
1030.0,10.0,
1030.0,20.0,
1030.0,30.0,
1030.0,40.0,
1030.0,50.0,
1030.0,60.0,
1030.0,70.0,
1030.0,80.0,
1030.0,90.0,
1030.0,100.0,
1030.0,110.0,
1030.0,120.0,
1030.0,130.0,
1030.0,140.0,
1030.0,150.0,
1030.0,160.0,
1030.0,170.0,
1030.0,180.0,
1030.0,190.0,
1030.0,200.0,
1030.0,210.0,
1030.0,220.0,
1030.0,230.0,
1030.0,240.0,
1030.0,250.0,
1030.0,260.0,
1030.0,270.0,
1030.0,280.0,
1030.0,290.0,
1030.0,300.0,
1030.0,310.0,
1030.0,320.0,
1030.0,330.0,
1030.0,340.0,
1030.0,350.0,
1030.0,360.0,
1030.0,370.0,
1030.0,380.0,
1030.0,390.0,
1030.0,400.0,
1030.0,410.0,
1030.0,420.0,
1030.0,430.0,
1030.0,440.0,
1030.0,450.0,
1030.0,460.0,
1030.0,470.0,
1030.0,480.0,
1030.0,490.0,
1030.0,500.0,
1030.0,510.0,
1030.0,520.0,
1030.0,530.0,
1030.0,540.0,
1030.0,550.0,
1030.0,560.0,
1030.0,570.0,
1030.0,580.0,
1030.0,590.0,
1030.0,600.0,
1030.0,610.0,
1030.0,620.0,
1030.0,630.0,
1030.0,640.0,
1030.0,650.0,
1030.0,660.0,
1030.0,670.0,
1030.0,680.0,
1030.0,690.0,
1030.0,700.0,
1030.0,710.0,
1030.0,720.0,
1030.0,730.0,
1030.0,740.0,
1030.0,750.0,
1030.0,760.0,
1030.0,770.0,
1030.0,780.0,
1030.0,790.0,
1030.0,800.0,
1030.0,810.0,
1030.0,820.0,
1030.0,830.0,
1030.0,840.0,
1030.0,850.0,
1030.0,860.0,
1030.0,870.0,
1030.0,880.0,
1030.0,890.0,
1030.0,900.0,
1030.0,910.0,
1030.0,920.0,
1030.0,930.0,
1030.0,940.0,
1030.0,950.0,
1030.0,960.0,
1030.0,970.0,
1030.0,980.0,
1030.0,990.0,
1030.0,1000.0,
1040.0,-1000.0,
1040.0,-990.0,
1040.0,-980.0,
1040.0,-970.0,
1040.0,-960.0,
1040.0,-950.0,
1040.0,-940.0,
1040.0,-930.0,
1040.0,-920.0,
1040.0,-910.0,
1040.0,-900.0,
1040.0,-890.0,
1040.0,-880.0,
1040.0,-870.0,
1040.0,-860.0,
1040.0,-850.0,
1040.0,-840.0,
1040.0,-830.0,
1040.0,-820.0,
1040.0,-810.0,
1040.0,-800.0,
1040.0,-790.0,
1040.0,-780.0,
1040.0,-770.0,
1040.0,-760.0,
1040.0,-750.0,
1040.0,-740.0,
1040.0,-730.0,
1040.0,-720.0,
1040.0,-710.0,
1040.0,-700.0,
1040.0,-690.0,
1040.0,-680.0,
1040.0,-670.0,
1040.0,-660.0,
1040.0,-650.0,
1040.0,-640.0,
1040.0,-630.0,
1040.0,-620.0,
1040.0,-610.0,
1040.0,-600.0,
1040.0,-590.0,
1040.0,-580.0,
1040.0,-570.0,
1040.0,-560.0,
1040.0,-550.0,
1040.0,-540.0,
1040.0,-530.0,
1040.0,-520.0,
1040.0,-510.0,
1040.0,-500.0,
1040.0,-490.0,
1040.0,-480.0,
1040.0,-470.0,
1040.0,-460.0,
1040.0,-450.0,
1040.0,-440.0,
1040.0,-430.0,
1040.0,-420.0,
1040.0,-410.0,
1040.0,-400.0,
1040.0,-390.0,
1040.0,-380.0,
1040.0,-370.0,
1040.0,-360.0,
1040.0,-350.0,
1040.0,-340.0,
1040.0,-330.0,
1040.0,-320.0,
1040.0,-310.0,
1040.0,-300.0,
1040.0,-290.0,
1040.0,-280.0,
1040.0,-270.0,
1040.0,-260.0,
1040.0,-250.0,
1040.0,-240.0,
1040.0,-230.0,
1040.0,-220.0,
1040.0,-210.0,
1040.0,-200.0,
1040.0,-190.0,
1040.0,-180.0,
1040.0,-170.0,
1040.0,-160.0,
1040.0,-150.0,
1040.0,-140.0,
1040.0,-130.0,
1040.0,-120.0,
1040.0,-110.0,
1040.0,-100.0,
1040.0,-90.0,
1040.0,-80.0,
1040.0,-70.0,
1040.0,-60.0,
1040.0,-50.0,
1040.0,-40.0,
1040.0,-30.0,
1040.0,-20.0,
1040.0,-10.0,
1040.0,0.0,
1040.0,10.0,
1040.0,20.0,
1040.0,30.0,
1040.0,40.0,
1040.0,50.0,
1040.0,60.0,
1040.0,70.0,
1040.0,80.0,
1040.0,90.0,
1040.0,100.0,
1040.0,110.0,
1040.0,120.0,
1040.0,130.0,
1040.0,140.0,
1040.0,150.0,
1040.0,160.0,
1040.0,170.0,
1040.0,180.0,
1040.0,190.0,
1040.0,200.0,
1040.0,210.0,
1040.0,220.0,
1040.0,230.0,
1040.0,240.0,
1040.0,250.0,
1040.0,260.0,
1040.0,270.0,
1040.0,280.0,
1040.0,290.0,
1040.0,300.0,
1040.0,310.0,
1040.0,320.0,
1040.0,330.0,
1040.0,340.0,
1040.0,350.0,
1040.0,360.0,
1040.0,370.0,
1040.0,380.0,
1040.0,390.0,
1040.0,400.0,
1040.0,410.0,
1040.0,420.0,
1040.0,430.0,
1040.0,440.0,
1040.0,450.0,
1040.0,460.0,
1040.0,470.0,
1040.0,480.0,
1040.0,490.0,
1040.0,500.0,
1040.0,510.0,
1040.0,520.0,
1040.0,530.0,
1040.0,540.0,
1040.0,550.0,
1040.0,560.0,
1040.0,570.0,
1040.0,580.0,
1040.0,590.0,
1040.0,600.0,
1040.0,610.0,
1040.0,620.0,
1040.0,630.0,
1040.0,640.0,
1040.0,650.0,
1040.0,660.0,
1040.0,670.0,
1040.0,680.0,
1040.0,690.0,
1040.0,700.0,
1040.0,710.0,
1040.0,720.0,
1040.0,730.0,
1040.0,740.0,
1040.0,750.0,
1040.0,760.0,
1040.0,770.0,
1040.0,780.0,
1040.0,790.0,
1040.0,800.0,
1040.0,810.0,
1040.0,820.0,
1040.0,830.0,
1040.0,840.0,
1040.0,850.0,
1040.0,860.0,
1040.0,870.0,
1040.0,880.0,
1040.0,890.0,
1040.0,900.0,
1040.0,910.0,
1040.0,920.0,
1040.0,930.0,
1040.0,940.0,
1040.0,950.0,
1040.0,960.0,
1040.0,970.0,
1040.0,980.0,
1040.0,990.0,
1040.0,1000.0,
1050.0,-1000.0,
1050.0,-990.0,
1050.0,-980.0,
1050.0,-970.0,
1050.0,-960.0,
1050.0,-950.0,
1050.0,-940.0,
1050.0,-930.0,
1050.0,-920.0,
1050.0,-910.0,
1050.0,-900.0,
1050.0,-890.0,
1050.0,-880.0,
1050.0,-870.0,
1050.0,-860.0,
1050.0,-850.0,
1050.0,-840.0,
1050.0,-830.0,
1050.0,-820.0,
1050.0,-810.0,
1050.0,-800.0,
1050.0,-790.0,
1050.0,-780.0,
1050.0,-770.0,
1050.0,-760.0,
1050.0,-750.0,
1050.0,-740.0,
1050.0,-730.0,
1050.0,-720.0,
1050.0,-710.0,
1050.0,-700.0,
1050.0,-690.0,
1050.0,-680.0,
1050.0,-670.0,
1050.0,-660.0,
1050.0,-650.0,
1050.0,-640.0,
1050.0,-630.0,
1050.0,-620.0,
1050.0,-610.0,
1050.0,-600.0,
1050.0,-590.0,
1050.0,-580.0,
1050.0,-570.0,
1050.0,-560.0,
1050.0,-550.0,
1050.0,-540.0,
1050.0,-530.0,
1050.0,-520.0,
1050.0,-510.0,
1050.0,-500.0,
1050.0,-490.0,
1050.0,-480.0,
1050.0,-470.0,
1050.0,-460.0,
1050.0,-450.0,
1050.0,-440.0,
1050.0,-430.0,
1050.0,-420.0,
1050.0,-410.0,
1050.0,-400.0,
1050.0,-390.0,
1050.0,-380.0,
1050.0,-370.0,
1050.0,-360.0,
1050.0,-350.0,
1050.0,-340.0,
1050.0,-330.0,
1050.0,-320.0,
1050.0,-310.0,
1050.0,-300.0,
1050.0,-290.0,
1050.0,-280.0,
1050.0,-270.0,
1050.0,-260.0,
1050.0,-250.0,
1050.0,-240.0,
1050.0,-230.0,
1050.0,-220.0,
1050.0,-210.0,
1050.0,-200.0,
1050.0,-190.0,
1050.0,-180.0,
1050.0,-170.0,
1050.0,-160.0,
1050.0,-150.0,
1050.0,-140.0,
1050.0,-130.0,
1050.0,-120.0,
1050.0,-110.0,
1050.0,-100.0,
1050.0,-90.0,
1050.0,-80.0,
1050.0,-70.0,
1050.0,-60.0,
1050.0,-50.0,
1050.0,-40.0,
1050.0,-30.0,
1050.0,-20.0,
1050.0,-10.0,
1050.0,0.0,
1050.0,10.0,
1050.0,20.0,
1050.0,30.0,
1050.0,40.0,
1050.0,50.0,
1050.0,60.0,
1050.0,70.0,
1050.0,80.0,
1050.0,90.0,
1050.0,100.0,
1050.0,110.0,
1050.0,120.0,
1050.0,130.0,
1050.0,140.0,
1050.0,150.0,
1050.0,160.0,
1050.0,170.0,
1050.0,180.0,
1050.0,190.0,
1050.0,200.0,
1050.0,210.0,
1050.0,220.0,
1050.0,230.0,
1050.0,240.0,
1050.0,250.0,
1050.0,260.0,
1050.0,270.0,
1050.0,280.0,
1050.0,290.0,
1050.0,300.0,
1050.0,310.0,
1050.0,320.0,
1050.0,330.0,
1050.0,340.0,
1050.0,350.0,
1050.0,360.0,
1050.0,370.0,
1050.0,380.0,
1050.0,390.0,
1050.0,400.0,
1050.0,410.0,
1050.0,420.0,
1050.0,430.0,
1050.0,440.0,
1050.0,450.0,
1050.0,460.0,
1050.0,470.0,
1050.0,480.0,
1050.0,490.0,
1050.0,500.0,
1050.0,510.0,
1050.0,520.0,
1050.0,530.0,
1050.0,540.0,
1050.0,550.0,
1050.0,560.0,
1050.0,570.0,
1050.0,580.0,
1050.0,590.0,
1050.0,600.0,
1050.0,610.0,
1050.0,620.0,
1050.0,630.0,
1050.0,640.0,
1050.0,650.0,
1050.0,660.0,
1050.0,670.0,
1050.0,680.0,
1050.0,690.0,
1050.0,700.0,
1050.0,710.0,
1050.0,720.0,
1050.0,730.0,
1050.0,740.0,
1050.0,750.0,
1050.0,760.0,
1050.0,770.0,
1050.0,780.0,
1050.0,790.0,
1050.0,800.0,
1050.0,810.0,
1050.0,820.0,
1050.0,830.0,
1050.0,840.0,
1050.0,850.0,
1050.0,860.0,
1050.0,870.0,
1050.0,880.0,
1050.0,890.0,
1050.0,900.0,
1050.0,910.0,
1050.0,920.0,
1050.0,930.0,
1050.0,940.0,
1050.0,950.0,
1050.0,960.0,
1050.0,970.0,
1050.0,980.0,
1050.0,990.0,
1050.0,1000.0,
